Date,Observed Outflow,
20110101,0,
20110102,0,
20110103,0,
20110104,0,
20110105,0,
20110106,0,
20110107,0,
20110108,0,
20110109,0,
20110110,0,
20110111,0,
20110112,0,
20110113,0,
20110114,0,
20110115,0,
20110116,0,
20110117,0,
20110118,0,
20110119,0,
20110120,0,
20110121,0,
20110122,0,
20110123,0,
20110124,0,
20110125,0,
20110126,0,
20110127,0,
20110128,0,
20110129,0,
20110130,0,
20110131,0,
20110201,0,
20110202,0,
20110203,0,
20110204,0,
20110205,0,
20110206,0,
20110207,0,
20110208,0,
20110209,0,
20110210,0,
20110211,0,
20110212,0,
20110213,0,
20110214,0,
20110215,0,
20110216,0,
20110217,0,
20110218,0,
20110219,0,
20110220,0,
20110221,0,
20110222,0,
20110223,0,
20110224,0,
20110225,0,
20110226,0,
20110227,0,
20110228,0,
20110301,0,
20110302,0,
20110303,0,
20110304,0,
20110305,0,
20110306,0,
20110307,0,
20110308,0,
20110309,0,
20110310,0,
20110311,0,
20110312,0,
20110313,0,
20110314,0,
20110315,0,
20110316,0,
20110317,1.416,
20110318,1.1328,
20110319,1.1328,
20110320,1.1328,
20110321,1.1328,
20110322,1.1328,
20110323,1.1328,
20110324,1.1328,
20110325,1.1328,
20110326,1.1328,
20110327,1.1328,
20110328,1.1328,
20110329,1.1328,
20110330,1.416,
20110331,1.1328,
20110401,0.8496,
20110402,3.54,
20110403,5.664,
20110404,5.664,
20110405,5.664,
20110406,8.496,
20110407,7.08,
20110408,8.496,
20110409,8.496,
20110410,5.664,
20110411,9.912,
20110412,4.248,
20110413,11.328,
20110414,9.204,
20110415,8.496,
20110416,9.912,
20110417,8.496,
20110418,4.248,
20110419,0,
20110420,0,
20110421,0,
20110422,0,
20110423,0,
20110424,0,
20110425,0,
20110426,0,
20110427,0,
20110428,0,
20110429,0,
20110430,0,
20110501,0,
20110502,0,
20110503,0,
20110504,0,
20110505,0,
20110506,0,
20110507,0,
20110508,0,
20110509,1.21776,
20110510,1.21776,
20110511,1.21776,
20110512,1.21776,
20110513,1.21776,
20110514,2.124,
20110515,2.124,
20110516,4.956,
20110517,4.956,
20110518,4.248,
20110519,2.832,
20110520,1.416,
20110521,0.2832,
20110522,0.2832,
20110523,0,
20110524,0,
20110525,0,
20110526,0,
20110527,0,
20110528,0,
20110529,0,
20110530,0,
20110531,0,
20110601,0,
20110602,0,
20110603,0,
20110604,0,
20110605,0,
20110606,0,
20110607,0,
20110608,0,
20110609,0,
20110610,0,
20110611,0,
20110612,0,
20110613,0,
20110614,0,
20110615,0,
20110616,0,
20110617,0,
20110618,0,
20110619,0,
20110620,0,
20110621,0,
20110622,0,
20110623,0,
20110624,0,
20110625,0,
20110626,0,
20110627,0,
20110628,0,
20110629,0,
20110630,0,
20110701,0,
20110702,0,
20110703,33.984,
20110704,50.976,
20110705,42.48,
20110706,42.48,
20110707,67.968,
20110708,67.1184,
20110709,56.64,
20110710,53.808,
20110711,33.984,
20110712,33.984,
20110713,35.4,
20110714,44.8872,
20110715,118.0944,
20110716,188.80944,
20110717,194.7,
20110718,237.4632,
20110719,144.432,
20110720,260.77056,
20110721,152.53152,
20110722,181.248,
20110723,184.08,
20110724,178.416,
20110725,237.888,
20110726,193.992,
20110727,118.944,
20110728,34.4088,
20110729,59.472,
20110730,59.472,
20110731,52.392,
20110801,151.0872,
20110802,67.968,
20110803,104.18928,
20110804,218.064,
20110805,218.064,
20110806,220.896,
20110807,371.61504,
20110808,320.724,
20110809,301.23984,
20110810,123.9,
20110811,87.56544,
20110812,90.624,
20110813,86.71584,
20110814,150.5208,
20110815,138.93792,
20110816,48.144,
20110817,43.896,
20110818,46.728,
20110819,46.728,
20110820,46.728,
20110821,46.728,
20110822,46.728,
20110823,43.55616,
20110824,66.07056,
20110825,58.22592,
20110826,56.97984,
20110827,53.9496,
20110828,77.65344,
20110829,75.048,
20110830,108.29568,
20110831,105.26544,
20110901,153.57936,
20110902,238.0296,
20110903,158.592,
20110904,235.056,
20110905,168.504,
20110906,168.16416,
20110907,98.18544,
20110908,90.28416,
20110909,84.96,
20110910,57.6312,
20110911,67.03344,
20110912,73.80192,
20110913,66.92016,
20110914,66.92016,
20110915,63.91824,
20110916,92.09664,
20110917,136.87056,
20110918,82.35456,
20110919,74.00016,
20110920,68.19456,
20110921,54.17616,
20110922,50.976,
20110923,48.144,
20110924,48.144,
20110925,45.312,
20110926,45.312,
20110927,42.48,
20110928,42.48,
20110929,42.1968,
20110930,44.43408,
20111001,45.312,
20111002,45.312,
20111003,45.312,
20111004,42.48,
20111005,42.48,
20111006,42.48,
20111007,42.48,
20111008,42.48,
20111009,42.48,
20111010,42.48,
20111011,42.48,
20111012,40.4976,
20111013,22.17456,
20111014,14.16,
20111015,14.16,
20111016,14.16,
20111017,16.5672,
20111018,16.992,
20111019,20.07888,
20111020,26.84736,
20111021,31.69008,
20111022,27.612,
20111023,27.612,
20111024,24.41184,
20111025,15.12288,
20111026,14.16,
20111027,15.2928,
20111028,16.992,
20111029,16.992,
20111030,20.75856,
20111031,22.656,
20111101,25.488,
20111102,29.736,
20111103,26.79072,
20111104,13.93344,
20111105,6.0888,
20111106,9.68544,
20111107,15.20784,
20111108,18.18144,
20111109,23.70384,
20111110,28.32,
20111111,31.152,
20111112,33.984,
20111113,36.816,
20111114,36.816,
20111115,38.232,
20111116,38.232,
20111117,43.896,
20111118,38.232,
20111119,38.232,
20111120,43.896,
20111121,43.896,
20111122,25.2048,
20111123,25.7712,
20111124,26.22432,
20111125,26.4792,
20111126,27.58368,
20111127,27.1872,
20111128,27.95184,
20111129,36.816,
20111130,36.816,
20111201,36.816,
20111202,36.816,
20111203,37.8072,
20111204,36.3912,
20111205,36.3912,
20111206,25.488,
20111207,26.79072,
20111208,26.904,
20111209,26.904,
20111210,26.904,
20111211,25.488,
20111212,25.488,
20111213,25.0632,
20111214,25.0632,
20111215,31.152,
20111216,42.48,
20111217,42.48,
20111218,40.356,
20111219,32.568,
20111220,32.568,
20111221,34.8336,
20111222,25.2048,
20111223,32.2848,
20111224,22.656,
20111225,16.992,
20111226,13.452,
20111227,16.7088,
20111228,16.284,
20111229,16.992,
20111230,127.55328,
20111231,127.44,
20120101,17.8416,
20120102,,
20120103,,
20120104,,
20120105,,
20120106,,
20120107,,
20120108,,
20120109,,
20120110,,
20120111,,
20120112,,
20120113,,
20120114,,
20120115,,
20120116,,
20120117,,
20120118,,
20120119,,
20120120,,
20120121,,
20120122,,
20120123,,
20120124,,
20120125,,
20120126,,
20120127,,
20120128,,
20120129,,
20120130,,
20120131,,
20120201,,
20120202,,
20120203,,
20120204,,
20120205,,
20120206,,
20120207,,
20120208,,
20120209,,
20120210,,
20120211,,
20120212,,
20120213,,
20120214,,
20120215,,
20120216,,
20120217,,
20120218,,
20120219,,
20120220,,
20120221,,
20120222,,
20120223,,
20120224,,
20120225,,
20120226,,
20120227,,
20120228,,
20120229,,
20120301,,
20120302,,
20120303,,
20120304,,
20120305,,
20120306,,
20120307,,
20120308,,
20120309,,
20120310,,
20120311,,
20120312,,
20120313,,
20120314,,
20120315,,
20120316,,
20120317,,
20120318,,
20120319,,
20120320,,
20120321,,
20120322,,
20120323,,
20120324,,
20120325,,
20120326,,
20120327,,
20120328,,
20120329,,
20120330,,
20120331,,
20120401,,
20120402,,
20120403,,
20120404,,
20120405,,
20120406,,
20120407,,
20120408,,
20120409,,
20120410,,
20120411,,
20120412,,
20120413,,
20120414,,
20120415,,
20120416,,
20120417,,
20120418,,
20120419,,
20120420,,
20120421,,
20120422,,
20120423,,
20120424,,
20120425,,
20120426,,
20120427,,
20120428,,
20120429,,
20120430,,
20120501,,
20120502,,
20120503,,
20120504,,
20120505,,
20120506,,
20120507,,
20120508,,
20120509,,
20120510,,
20120511,,
20120512,,
20120513,,
20120514,,
20120515,,
20120516,,
20120517,,
20120518,,
20120519,,
20120520,,
20120521,,
20120522,,
20120523,,
20120524,,
20120525,,
20120526,,
20120527,,
20120528,,
20120529,,
20120530,,
20120531,16.36896,
20120601,15.8592,
20120602,13.8768,
20120603,13.452,
20120604,13.8768,
20120605,13.7352,
20120606,13.3104,
20120607,12.6024,
20120608,12.6024,
20120609,10.4784,
20120610,7.6464,
20120611,7.08,
20120612,7.08,
20120613,7.08,
20120614,0,
20120615,7.08,
20120616,3.54,
20120617,0,
20120618,0,
20120619,0,
20120620,0,
20120621,0,
20120622,0,
20120623,0,
20120624,0,
20120625,0,
20120626,0,
20120627,0,
20120628,0,
20120629,0,
20120630,0,
20120701,0,
20120702,0,
20120703,0,
20120704,0,
20120705,0,
20120706,0,
20120707,0,
20120708,0,
20120709,0,
20120710,0,
20120711,0,
20120712,0,
20120713,0,
20120714,0,
20120715,0,
20120716,0,
20120717,0,
20120718,0,
20120719,0,
20120720,0,
20120721,0,
20120722,0,
20120723,0,
20120724,0,
20120725,0,
20120726,0,
20120727,0,
20120728,0,
20120729,0,
20120730,0,
20120731,1.24608,
20120801,6.20208,
20120802,8.7792,
20120803,11.328,
20120804,18.408,
20120805,24.55344,
20120806,0,
20120807,0,
20120808,0,
20120809,0,
20120810,0,
20120811,0,
20120812,0,
20120813,121.776,
20120814,93.22944,
20120815,61.90752,
20120816,56.41344,
20120817,46.47312,
20120818,43.896,
20120819,43.896,
20120820,43.896,
20120821,43.896,
20120822,43.896,
20120823,45.0288,
20120824,45.312,
20120825,45.312,
20120826,45.312,
20120827,45.312,
20120828,41.65872,
20120829,40.7808,
20120830,110.33472,
20120831,174.168,
20120901,174.168,
20120902,139.13616,
20120903,117.528,
20120904,159.07344,
20120905,223.95456,
20120906,140.43888,
20120907,104.30256,
20120908,89.68944,
20120909,82.49616,
20120910,72.3576,
20120911,50.32464,
20120912,55.45056,
20120913,56.64,
20120914,59.472,
20120915,60.888,
20120916,60.888,
20120917,0,
20120918,0,
20120919,0,
20120920,0,
20120921,0,
20120922,0,
20120923,0,
20120924,46.728,
20120925,44.37744,
20120926,46.728,
20120927,46.728,
20120928,46.728,
20120929,46.728,
20120930,46.728,
20121001,43.64112,
20121002,40.83744,
20121003,42.14016,
20121004,42.48,
20121005,189.91392,
20121006,66.60864,
20121007,43.896,
20121008,0,
20121009,23.02416,
20121010,28.32,
20121011,33.984,
20121012,45.312,
20121013,39.648,
20121014,28.32,
20121015,24.072,
20121016,33.984,
20121017,25.488,
20121018,25.488,
20121019,25.488,
20121020,22.656,
20121021,19.824,
20121022,0,
20121023,0,
20121024,0,
20121025,0,
20121026,0,
20121027,0,
20121028,0,
20121029,0,
20121030,23.59056,
20121031,42.14016,
20121101,42.96144,
20121102,35.4,
20121103,33.984,
20121104,43.30128,
20121105,38.60016,
20121106,43.188,
20121107,45.312,
20121108,30.18912,
20121109,39.16656,
20121110,45.312,
20121111,45.312,
20121112,45.312,
20121113,37.18416,
20121114,41.29056,
20121115,28.09344,
20121116,4.956,
20121117,39.648,
20121118,28.32,
20121119,31.152,
20121120,31.152,
20121121,42.48,
20121122,31.152,
20121123,41.064,
20121124,45.312,
20121125,45.312,
20121126,45.312,
20121127,45.312,
20121128,39.648,
20121129,13.48032,
20121130,9.912,
20121201,0,
20121202,9.912,
20121203,9.912,
20121204,9.912,
20121205,8.496,
20121206,32.34144,
20121207,42.48,
20121208,43.896,
20121209,46.728,
20121210,46.728,
20121211,46.728,
20121212,43.896,
20121213,42.48,
20121214,42.48,
20121215,36.816,
20121216,39.648,
20121217,42.48,
20121218,41.064,
20121219,36.816,
20121220,36.816,
20121221,35.4,
20121222,35.4,
20121223,33.984,
20121224,25.488,
20121225,31.152,
20121226,31.152,
20121227,26.904,
20121228,26.904,
20121229,14.16,
20121230,11.328,
20121231,8.496,
20130101,0,
20130102,0,
20130103,0,
20130104,0,
20130105,0,
20130106,0,
20130107,0,
20130108,0,
20130109,0,
20130110,0,
20130111,0,
20130112,0,
20130113,0,
20130114,0,
20130115,0,
20130116,0,
20130117,0,
20130118,0,
20130119,0,
20130120,0,
20130121,0,
20130122,0,
20130123,0,
20130124,0,
20130125,0,
20130126,0,
20130127,0,
20130128,0,
20130129,0,
20130130,0,
20130131,0,
20130201,0,
20130202,0,
20130203,0,
20130204,0,
20130205,0,
20130206,0,
20130207,0,
20130208,0,
20130209,0,
20130210,0,
20130211,0,
20130212,0,
20130213,0,
20130214,0,
20130215,0,
20130216,0,
20130217,0,
20130218,0,
20130219,0,
20130220,0,
20130221,0,
20130222,0,
20130223,0,
20130224,0,
20130225,0,
20130226,0,
20130227,0,
20130228,0,
20130301,0,
20130302,0,
20130303,0,
20130304,0,
20130305,0,
20130306,0,
20130307,0,
20130308,0,
20130309,0,
20130310,0,
20130311,0,
20130312,0,
20130313,0,
20130314,0,
20130315,0,
20130316,0,
20130317,0,
20130318,0,
20130319,0,
20130320,0,
20130321,0,
20130322,0,
20130323,0,
20130324,0,
20130325,0,
20130326,0,
20130327,0,
20130328,0,
20130329,0,
20130330,0,
20130331,0,
20130401,0,
20130402,0,
20130403,0,
20130404,0,
20130405,0,
20130406,0,
20130407,0,
20130408,0,
20130409,0,
20130410,0,
20130411,0,
20130412,0,
20130413,0,
20130414,0,
20130415,0,
20130416,0,
20130417,0,
20130418,0,
20130419,0,
20130420,0,
20130421,0,
20130422,0,
20130423,0,
20130424,0,
20130425,0,
20130426,0,
20130427,0,
20130428,0,
20130429,0,
20130430,0,
20130501,0,
20130502,0,
20130503,0,
20130504,0,
20130505,0,
20130506,0,
20130507,0,
20130508,0,
20130509,0,
20130510,0,
20130511,0,
20130512,0,
20130513,0,
20130514,0,
20130515,0,
20130516,0,
20130517,0,
20130518,0,
20130519,0,
20130520,0,
20130521,0,
20130522,0,
20130523,0,
20130524,0,
20130525,0,
20130526,0,
20130527,0,
20130528,0,
20130529,0,
20130530,0,
20130531,0,
20130601,0,
20130602,0,
20130603,0,
20130604,0,
20130605,0,
20130606,0,
20130607,0,
20130608,0,
20130609,0,
20130610,0,
20130611,0,
20130612,0,
20130613,0,
20130614,0,
20130615,0,
20130616,0,
20130617,0,
20130618,0,
20130619,0,
20130620,0,
20130621,0,
20130622,0,
20130623,0,
20130624,0,
20130625,0,
20130626,0,
20130627,0,
20130628,0,
20130629,0,
20130630,0,
20130701,0,
20130702,33.50256,
20130703,152.70144,
20130704,175.584,
20130705,443.208,
20130706,328.512,
20130707,328.512,
20130708,227.63616,
20130709,111.864,
20130710,92.40816,
20130711,188.44128,
20130712,212.17344,
20130713,270.39936,
20130714,342.07728,
20130715,172.78032,
20130716,120.38832,
20130717,167.42784,
20130718,179.832,
20130719,253.464,
20130720,640.74,
20130721,492.59808,
20130722,679.79328,
20130723,433.296,
20130724,312.228,
20130725,280.368,
20130726,280.368,
20130727,280.368,
20130728,280.368,
20130729,280.368,
20130730,280.368,
20130731,279.17856,
20130801,128.148,
20130802,124.608,
20130803,245.50608,
20130804,269.04,
20130805,303.024,
20130806,337.48944,
20130807,175.584,
20130808,160.008,
20130809,167.99424,
20130810,132.28272,
20130811,99.12,
20130812,122.71056,
20130813,102.2352,
20130814,105.15216,
20130815,129.25248,
20130816,94.95696,
20130817,93.456,
20130818,97.47744,
20130819,99.12,
20130820,97.93056,
20130821,84.62016,
20130822,126.13728,
20130823,117.92448,
20130824,135.228,
20130825,107.13456,
20130826,123.41856,
20130827,95.38176,
20130828,73.17888,
20130829,52.61856,
20130830,63.1536,
20130831,69.41232,
20130901,54.516,
20130902,44.4624,
20130903,45.312,
20130904,45.312,
20130905,43.896,
20130906,42.48,
20130907,44.83056,
20130908,51.79728,
20130909,52.84512,
20130910,72.27264,
20130911,42.48,
20130912,42.48,
20130913,46.1616,
20130914,48.144,
20130915,40.72416,
20130916,39.648,
20130917,39.648,
20130918,39.648,
20130919,83.17584,
20130920,96.288,
20130921,279.00864,
20130922,128.148,
20130923,85.29984,
20130924,58.53744,
20130925,41.064,
20130926,55.224,
20130927,57.00816,
20130928,46.728,
20130929,46.728,
20130930,44.83056,
20131001,46.5864,
20131002,40.58256,
20131003,44.23584,
20131004,45.312,
20131005,39.648,
20131006,41.064,
20131007,41.064,
20131008,41.064,
20131009,41.064,
20131010,43.30128,
20131011,43.896,
20131012,43.896,
20131013,43.896,
20131014,43.896,
20131015,43.896,
20131016,43.896,
20131017,43.896,
20131018,43.896,
20131019,41.064,
20131020,41.064,
20131021,37.18416,
20131022,36.816,
20131023,36.816,
20131024,36.816,
20131025,38.232,
20131026,38.232,
20131027,0,
20131028,38.232,
20131029,38.232,
20131030,40.46928,
20131031,0,
20131101,41.064,
20131102,42.48,
20131103,43.896,
20131104,43.896,
20131105,43.896,
20131106,43.896,
20131107,43.896,
20131108,46.728,
20131109,46.728,
20131110,46.728,
20131111,46.728,
20131112,46.728,
20131113,48.144,
20131114,25.488,
20131115,25.488,
20131116,25.488,
20131117,26.904,
20131118,28.32,
20131119,28.32,
20131120,48.144,
20131121,48.144,
20131122,48.144,
20131123,28.32,
20131124,48.144,
20131125,48.144,
20131126,48.144,
20131127,48.144,
20131128,48.144,
20131129,48.144,
20131130,48.144,
20131201,16.992,
20131202,48.144,
20131203,48.144,
20131204,18.408,
20131205,48.144,
20131206,22.656,
20131207,48.144,
20131208,48.144,
20131209,48.144,
20131210,34.5504,
20131211,48.144,
20131212,48.144,
20131213,45.312,
20131214,31.7184,
20131215,42.48,
20131216,42.48,
20131217,39.648,
20131218,39.648,
20131219,39.648,
20131220,23.364,
20131221,24.3552,
20131222,31.152,
20131223,17.2752,
20131224,31.152,
20131225,31.152,
20131226,28.32,
20131227,28.32,
20131228,24.072,
20131229,21.24,
20131230,7.08,
20131231,7.08,
20140101,1.1328,
20140102,0,
20140103,0,
20140104,0,
20140105,0,
20140106,0,
20140107,0,
20140108,0,
20140109,0,
20140110,0,
20140111,0,
20140112,0,
20140113,0,
20140114,0,
20140115,0,
20140116,0,
20140117,0,
20140118,0,
20140119,0,
20140120,0,
20140121,0,
20140122,0,
20140123,0,
20140124,0,
20140125,0,
20140126,0,
20140127,0,
20140128,0,
20140129,0,
20140130,0,
20140131,0,
20140201,0,
20140202,0,
20140203,0,
20140204,0,
20140205,0,
20140206,0,
20140207,0,
20140208,0,
20140209,0,
20140210,0,
20140211,0,
20140212,0,
20140213,0,
20140214,0,
20140215,0,
20140216,0,
20140217,0,
20140218,0,
20140219,0,
20140220,0,
20140221,0,
20140222,0,
20140223,0,
20140224,0,
20140225,0,
20140226,0,
20140227,0,
20140228,0,
20140301,0,
20140302,0,
20140303,0,
20140304,0,
20140305,0,
20140306,0,
20140307,0,
20140308,0,
20140309,0,
20140310,0,
20140311,0,
20140312,0,
20140313,0,
20140314,0,
20140315,0,
20140316,0,
20140317,0,
20140318,0,
20140319,0,
20140320,,
20140321,0,
20140322,0,
20140323,0,
20140324,0,
20140325,0,
20140326,0,
20140327,0,
20140328,0,
20140329,0,
20140330,0,
20140331,0,
20140401,0,
20140402,0,
20140403,0,
20140404,0,
20140405,0,
20140406,0,
20140407,0,
20140408,0,
20140409,0,
20140410,0,
20140411,0,
20140412,46.728,
20140413,0,
20140414,0,
20140415,0,
20140416,0,
20140417,0,
20140418,0,
20140419,0,
20140420,0,
20140421,0,
20140422,0,
20140423,0,
20140424,0,
20140425,0,
20140426,0,
20140427,0,
20140428,0,
20140429,0,
20140430,0,
20140501,0,
20140502,0,
20140503,0,
20140504,0,
20140505,0,
20140506,0,
20140507,0,
20140508,0,
20140509,0,
20140510,0,
20140511,0,
20140512,0,
20140513,0,
20140514,0,
20140515,0,
20140516,0,
20140517,0,
20140518,0,
20140519,0,
20140520,0,
20140521,0,
20140522,0,
20140523,0,
20140524,0,
20140525,0,
20140526,0,
20140527,0,
20140528,0,
20140529,0,
20140530,0,
20140531,0,
20140601,0,
20140602,0,
20140603,0,
20140604,0,
20140605,0,
20140606,0,
20140607,0,
20140608,0,
20140609,0,
20140610,0,
20140611,0,
20140612,0,
20140613,0,
20140614,0,
20140615,0,
20140616,0,
20140617,0,
20140618,0,
20140619,0,
20140620,0,
20140621,0,
20140622,0,
20140623,0,
20140624,0,
20140625,0,
20140626,0,
20140627,0,
20140628,0,
20140629,0,
20140630,0,
20140701,0,
20140702,0,
20140703,0,
20140704,0,
20140705,0,
20140706,0,
20140707,0,
20140708,0,
20140709,0,
20140710,0,
20140711,0,
20140712,0,
20140713,0,
20140714,0,
20140715,0,
20140716,51.91056,
20140717,127.44,
20140718,127.44,
20140719,62.304,
20140720,127.44,
20140721,155.76,
20140722,424.8,
20140723,15.576,
20140724,16.992,
20140725,14.16,
20140726,5.664,
20140727,11.328,
20140728,5.664,
20140729,11.328,
20140730,99.12,
20140731,110.448,
20140801,203.59248,
20140802,471.61296,
20140803,343.46496,
20140804,291.1296,
20140805,291.1296,
20140806,474.61488,
20140807,271.36224,
20140808,273.48624,
20140809,275.61024,
20140810,84.96,
20140811,38.232,
20140812,70.68672,
20140813,130.272,
20140814,133.104,
20140815,118.944,
20140816,79.296,
20140817,51.45744,
20140818,48.144,
20140819,48.144,
20140820,48.144,
20140821,49.78656,
20140822,50.976,
20140823,50.976,
20140824,47.26608,
20140825,47.436,
20140826,48.852,
20140827,48.852,
20140828,48.852,
20140829,48.852,
20140830,48.852,
20140831,69.41232,
20140901,215.88336,
20140902,246.18576,
20140903,205.99968,
20140904,129.08256,
20140905,103.73616,
20140906,106.908,
20140907,126.10896,
20140908,217.61088,
20140909,124.35312,
20140910,97.16592,
20140911,82.72272,
20140912,67.37328,
20140913,87.73536,
20140914,52.44864,
20140915,92.63472,
20140916,80.23056,
20140917,75.52944,
20140918,57.23472,
20140919,49.95648,
20140920,49.61664,
20140921,50.01312,
20140922,42.48,
20140923,47.32272,
20140924,61.48272,
20140925,50.04144,
20140926,45.00048,
20140927,27.69696,
20140928,28.80144,
20140929,34.09728,
20140930,38.232,
20141001,41.064,
20141002,0,
20141003,25.71456,
20141004,39.648,
20141005,39.648,
20141006,50.63616,
20141007,50.63616,
20141008,39.648,
20141009,39.648,
20141010,36.58944,
20141011,31.37856,
20141012,28.32,
20141013,27.612,
20141014,31.152,
20141015,43.35792,
20141016,46.55808,
20141017,45.312,
20141018,45.312,
20141019,46.728,
20141020,42.48,
20141021,44.49072,
20141022,45.85008,
20141023,46.02,
20141024,46.02,
20141025,42.6216,
20141026,44.23584,
20141027,43.896,
20141028,44.49072,
20141029,43.896,
20141030,43.896,
20141031,45.312,
20141101,46.728,
20141102,46.728,
20141103,42.48,
20141104,38.94,
20141105,38.94,
20141106,39.648,
20141107,39.648,
20141108,39.648,
20141109,39.648,
20141110,36.816,
20141111,36.816,
20141112,36.816,
20141113,36.816,
20141114,39.98784,
20141115,39.648,
20141116,14.868,
20141117,39.42144,
20141118,40.69584,
20141119,41.82864,
20141120,42.48,
20141121,42.48,
20141122,44.12256,
20141123,45.312,
20141124,45.312,
20141125,45.312,
20141126,45.312,
20141127,45.312,
20141128,45.312,
20141129,45.312,
20141130,45.312,
20141201,45.312,
20141202,45.312,
20141203,45.312,
20141204,45.312,
20141205,45.312,
20141206,45.312,
20141207,45.312,
20141208,45.312,
20141209,45.312,
20141210,45.312,
20141211,28.09344,
20141212,38.00544,
20141213,42.48,
20141214,42.48,
20141215,42.48,
20141216,40.46928,
20141217,22.42944,
20141218,36.816,
20141219,24.72336,
20141220,36.108,
20141221,30.10416,
20141222,28.32,
20141223,28.32,
20141224,28.32,
20141225,28.32,
20141226,21.24,
20141227,21.24,
20141228,19.824,
20141229,14.16,
20141230,14.16,
20141231,14.16,
20150101,45.312,
20150102,0,
20150103,0,
20150104,0,
20150105,0,
20150106,0,
20150107,0,
20150108,0,
20150109,0,
20150110,0,
20150111,0,
20150112,0,
20150113,0,
20150114,0,
20150115,0,
20150116,0,
20150117,#VALUE!,
20150118,0,
20150119,0,
20150120,0,
20150121,0,
20150122,0,
20150123,0,
20150124,0,
20150125,0,
20150126,0,
20150127,0,
20150128,0,
20150129,0,
20150130,0,
20150131,0,
20150201,0,
20150202,0,
20150203,0,
20150204,0,
20150205,0,
20150206,0,
20150207,0,
20150208,0,
20150209,0,
20150210,0,
20150211,0,
20150212,0,
20150213,0,
20150214,0,
20150215,0,
20150216,0,
20150217,0,
20150218,0,
20150219,0,
20150220,0,
20150221,0,
20150222,0,
20150223,0,
20150224,0,
20150225,0,
20150226,0,
20150227,0,
20150228,0,
20150301,0,
20150302,0,
20150303,0,
20150304,0,
20150305,0,
20150306,0,
20150307,0,
20150308,0,
20150309,0,
20150310,0,
20150311,0,
20150312,0,
20150313,0,
20150314,0,
20150315,0,
20150316,0,
20150317,0,
20150318,0,
20150319,0,
20150320,0,
20150321,0,
20150322,0,
20150323,0,
20150324,0,
20150325,0,
20150326,0,
20150327,0,
20150328,0,
20150329,0,
20150330,0,
20150331,0,
20150401,0,
20150402,0,
20150403,0,
20150404,0,
20150405,0,
20150406,0,
20150407,0,
20150408,0,
20150409,0,
20150410,0,
20150411,0,
20150412,0,
20150413,0,
20150414,0,
20150415,0,
20150416,0,
20150417,0,
20150418,0,
20150419,0,
20150420,0,
20150421,0,
20150422,0,
20150423,0,
20150424,0,
20150425,0,
20150426,0,
20150427,0,
20150428,0,
20150429,0,
20150430,0,
20150501,0,
20150502,0,
20150503,0,
20150504,0,
20150505,0,
20150506,0,
20150507,0,
20150508,0,
20150509,0,
20150510,0,
20150511,0,
20150512,0,
20150513,0,
20150514,0,
20150515,0,
20150516,0,
20150517,0,
20150518,0,
20150519,0,
20150520,0,
20150521,0,
20150522,0,
20150523,0,
20150524,0,
20150525,0,
20150526,0,
20150527,0,
20150528,0,
20150529,0,
20150530,0,
20150531,0,
20150601,0,
20150602,0,
20150603,0,
20150604,0,
20150605,0,
20150606,0,
20150607,0,
20150608,0,
20150609,0,
20150610,0,
20150611,0,
20150612,0,
20150613,0,
20150614,0,
20150615,0,
20150616,0,
20150617,0,
20150618,0,
20150619,0,
20150620,0,
20150621,0,
20150622,0,
20150623,0,
20150624,0,
20150625,0,
20150626,0,
20150627,0,
20150628,0,
20150629,0,
20150630,0,
20150701,0,
20150702,0,
20150703,0,
20150704,0,
20150705,0,
20150706,0,
20150707,0,
20150708,0,
20150709,0,
20150710,0,
20150711,0,
20150712,0,
20150713,0,
20150714,0,
20150715,0,
20150716,0,
20150717,0,
20150718,0,
20150719,126.10896,
20150720,299.65392,
20150721,206.028,
20150722,107.616,
20150723,116.112,
20150724,89.208,
20150725,78.1632,
20150726,32.568,
20150727,45.312,
20150728,53.808,
20150729,56.30016,
20150730,42.59328,
20150731,30.18912,
20150801,28.8864,
20150802,40.83744,
20150803,42.48,
20150804,42.48,
20150805,46.728,
20150806,46.728,
20150807,48.144,
20150808,82.35456,
20150809,152.928,
20150810,120.47328,
20150811,76.464,
20150812,62.304,
20150813,126.67536,
20150814,118.944,
20150815,143.016,
20150816,125.82576,
20150817,103.368,
20150818,92.83296,
20150819,99.12,
20150820,91.8984,
20150821,86.376,
20150822,87.5088,
20150823,89.68944,
20150824,91.7568,
20150825,85.668,
20150826,54.62928,
20150827,57.94272,
20150828,79.1544,
20150829,58.08432,
20150830,76.464,
20150831,78.04992,
20150901,82.128,
20150902,79.296,
20150903,76.8888,
20150904,61.62432,
20150905,64.90944,
20150906,68.56272,
20150907,85.32816,
20150908,76.464,
20150909,88.61328,
20150910,53.808,
20150911,56.55504,
20150912,49.07856,
20150913,46.81296,
20150914,57.23472,
20150915,53.808,
20150916,50.976,
20150917,48.144,
20150918,48.144,
20150919,48.144,
20150920,97.61904,
20150921,73.43376,
20150922,69.07248,
20150923,64.2864,
20150924,75.84096,
20150925,101.07408,
20150926,141.51504,
20150927,111.864,
20150928,110.448,
20150929,63.63504,
20150930,52.8168,
20151001,53.29824,
20151002,49.8432,
20151003,55.224,
20151004,60.888,
20151005,62.5872,
20151006,57.9144,
20151007,57.9144,
20151008,60.54816,
20151009,57.37632,
20151010,53.5248,
20151011,54.17616,
20151012,54.516,
20151013,54.9408,
20151014,54.9408,
20151015,53.2416,
20151016,53.21328,
20151017,52.1088,
20151018,52.78848,
20151019,52.56192,
20151020,48.144,
20151021,42.48,
20151022,48.144,
20151023,48.144,
20151024,48.144,
20151025,48.144,
20151026,48.144,
20151027,45.312,
20151028,45.312,
20151029,45.312,
20151030,45.312,
20151031,45.312,
20151101,48.144,
20151102,45.312,
20151103,33.984,
20151104,28.32,
20151105,16.992,
20151106,19.824,
20151107,21.24,
20151108,36.816,
20151109,36.816,
20151110,36.816,
20151111,39.648,
20151112,28.32,
20151113,22.656,
20151114,28.32,
20151115,22.656,
20151116,22.656,
20151117,28.32,
20151118,28.32,
20151119,28.32,
20151120,28.32,
20151121,28.32,
20151122,28.32,
20151123,19.824,
20151124,19.824,
20151125,28.23504,
20151126,8.496,
20151127,8.496,
20151128,8.496,
20151129,14.16,
20151130,14.16,
20151201,14.16,
20151202,11.328,
20151203,11.328,
20151204,11.328,
20151205,11.328,
20151206,11.328,
20151207,11.328,
20151208,11.328,
20151209,8.496,
20151210,8.496,
20151211,8.496,
20151212,8.496,
20151213,8.496,
20151214,8.496,
20151215,8.496,
20151216,8.496,
20151217,8.496,
20151218,8.496,
20151219,8.496,
20151220,8.496,
20151221,8.496,
20151222,0,
20151223,0,
20151224,0.196574118,
20151225,0.201238588,
20151226,0.205569882,
20151227,0.209568,
20151228,0.214232471,
20151229,0.217564235,
20151230,0.221229177,
20151231,0,
20160101,0,
20160102,0,
20160103,0,
20160104,0,
20160105,0,
20160106,0,
20160107,0,
20160108,0,
20160109,0,
20160110,0,
20160111,0,
20160112,0,
20160113,0,
20160114,0,
20160115,0,
20160116,0,
20160117,0,
20160118,0,
20160119,0,
20160120,0,
20160121,0,
20160122,0,
20160123,0,
20160124,0,
20160125,0,
20160126,0,
20160127,0,
20160128,0,
20160129,0,
20160130,0,
20160131,0,
20160201,0,
20160202,0,
20160203,0,
20160204,0,
20160205,0,
20160206,0,
20160207,0,
20160208,0,
20160209,0,
20160210,0,
20160211,0,
20160212,0,
20160213,0,
20160214,0,
20160215,0,
20160216,0,
20160217,0,
20160218,0,
20160219,0,
20160220,0,
20160221,0,
20160222,0,
20160223,0,
20160224,0,
20160225,0,
20160226,0,
20160227,0,
20160228,0,
20160229,0,
20160301,0,
20160302,0,
20160303,0,
20160304,0,
20160305,0,
20160306,0,
20160307,0,
20160308,0,
20160309,0,
20160310,0,
20160311,0,
20160312,0,
20160313,0,
20160314,0,
20160315,0,
20160316,0,
20160317,0,
20160318,0,
20160319,0,
20160320,0,
20160321,0,
20160322,0,
20160323,0,
20160324,0,
20160325,0,
20160326,0,
20160327,0,
20160328,0,
20160329,0,
20160330,0,
20160331,0,
20160401,0,
20160402,0,
20160403,0,
20160404,0,
20160405,0,
20160406,0,
20160407,0,
20160408,0,
20160409,0,
20160410,0,
20160411,0,
20160412,0,
20160413,0,
20160414,0,
20160415,0,
20160416,0,
20160417,0,
20160418,0,
20160419,0,
20160420,0,
20160421,0,
20160422,0,
20160423,0,
20160424,0,
20160425,0,
20160426,0,
20160427,0,
20160428,0,
20160429,0,
20160430,0,
20160501,0,
20160502,0,
20160503,0,
20160504,0,
20160505,0,
20160506,0,
20160507,0,
20160508,0,
20160509,0,
20160510,0,
20160511,0,
20160512,0,
20160513,0,
20160514,0,
20160515,0,
20160516,0,
20160517,0,
20160518,0,
20160519,0,
20160520,0,
20160521,0,
20160522,0,
20160523,0,
20160524,0,
20160525,0,
20160526,0,
20160527,0,
20160528,0,
20160529,0,
20160530,0,
20160531,0,
20160601,0,
20160602,0,
20160603,0,
20160604,0,
20160605,0,
20160606,0,
20160607,0,
20160608,0,
20160609,0,
20160610,0,
20160611,0,
20160612,0,
20160613,0,
20160614,0,
20160615,0,
20160616,0,
20160617,0,
20160618,0,
20160619,0,
20160620,0,
20160621,0,
20160622,0,
20160623,0,
20160624,0,
20160625,0,
20160626,0,
20160627,0,
20160628,0,
20160629,0,
20160630,0,
20160701,0,
20160702,0,
20160703,0,
20160704,0,
20160705,0,
20160706,0,
20160707,0,
20160708,0,
20160709,45.99168,
20160710,42.48,
20160711,143.63904,
20160712,125.5992,
20160713,131.2632,
20160714,96.8544,
20160715,62.304,
20160716,62.304,
20160717,66.552,
20160718,82.60944,
20160719,84.96,
20160720,84.36528,
20160721,77.88,
20160722,89.68944,
20160723,171.53424,
20160724,134.43504,
20160725,134.43504,
20160726,134.43504,
20160727,102.06528,
20160728,75.52944,
20160729,47.20944,
20160730,70.8,
20160731,70.8,
20160801,70.8,
20160802,70.8,
20160803,70.8,
20160804,62.304,
20160805,143.016,
20160806,173.8848,
20160807,76.464,
20160808,111.5808,
20160809,126.4488,
20160810,147.264,
20160811,113.93136,
20160812,105.69024,
20160813,130.5552,
20160814,157.00608,
20160815,157.00608,
20160816,174.11136,
20160817,255.33312,
20160818,255.75792,
20160819,198.97632,
20160820,159.10176,
20160821,124.608,
20160822,124.608,
20160823,76.57728,
20160824,60.29328,
20160825,86.9424,
20160826,87.792,
20160827,79.296,
20160828,73.85856,
20160829,73.37712,
20160830,70.8,
20160831,70.8,
20160901,70.8,
20160902,70.8,
20160903,70.8,
20160904,64.428,
20160905,55.56384,
20160906,53.808,
20160907,73.57536,
20160908,110.448,
20160909,110.448,
20160910,110.448,
20160911,110.448,
20160912,110.448,
20160913,110.448,
20160914,110.448,
20160915,110.448,
20160916,110.448,
20160917,110.448,
20160918,67.968,
20160919,67.968,
20160920,67.968,
20160921,40.0728,
20160922,14.16,
20160923,24.78,
20160924,0,
20160925,0,
20160926,0,
20160927,0,
20160928,0,
20160929,0,
20160930,0,
20161001,0,
20161002,0,
20161003,0,
20161004,64.90944,
20161005,155.76,
20161006,155.76,
20161007,155.76,
20161008,155.76,
20161009,155.76,
20161010,155.76,
20161011,47.2944,
20161012,15.91584,
20161013,0,
20161014,0,
20161015,0,
20161016,0,
20161017,0,
20161018,0,
20161019,0,
20161020,0,
20161021,0,
20161022,0,
20161023,0,
20161024,0,
20161025,56.64,
20161026,56.64,
20161027,56.64,
20161028,56.64,
20161029,84.96,
20161030,184.08,
20161031,141.6,
20161101,141.6,
20161102,141.6,
20161103,53.1,
20161104,0,
20161105,0,
20161106,0,
20161107,0,
20161108,0,
20161109,0,
20161110,0,
20161111,103.11312,
20161112,141.6,
20161113,127.44,
20161114,99.12,
20161115,67.968,
20161116,0,
20161117,0,
20161118,0,
20161119,0,
20161120,0,
20161121,0,
20161122,0,
20161123,0,
20161124,0,
20161125,0,
20161126,0,
20161127,0,
20161128,0,
20161129,0,
20161130,0,
20161201,0,
20161202,0,
20161203,0,
20161204,0,
20161205,0,
20161206,0,
20161207,0,
20161208,0,
20161209,0,
20161210,0,
20161211,0,
20161212,0,
20161213,0,
20161214,0,
20161215,0,
20161216,0,
20161217,0,
20161218,0,
20161219,0,
20161220,0,
20161221,0,
20161222,0,
20161223,0,
20161224,0,
20161225,0,
20161226,0,
20161227,0,
20161228,0,
20161229,0,
20161230,0,
20161231,0,
20170101,0,
20170102,0,
20170103,0,
20170104,0,
20170105,0,
20170106,0,
20170107,0,
20170108,0,
20170109,0,
20170110,0,
20170111,0,
20170112,0,
20170113,0,
20170114,0,
20170115,0,
20170116,0,
20170117,0,
20170118,0,
20170119,0,
20170120,0,
20170121,0,
20170122,0,
20170123,0,
20170124,0,
20170125,0,
20170126,0,
20170127,0,
20170128,0,
20170129,0,
20170130,0,
20170131,0,
20170201,0,
20170202,0,
20170203,0,
20170204,0,
20170205,0,
20170206,0,
20170207,0,
20170208,0,
20170209,0,
20170210,0,
20170211,0,
20170212,0,
20170213,0,
20170214,0,
20170215,0,
20170216,0,
20170217,0,
20170218,0,
20170219,0,
20170220,0,
20170221,0,
20170222,0,
20170223,0,
20170224,59.24544,
20170225,71.0832,
20170226,112.54368,
20170227,61.22784,
20170228,36.27792,
20170301,0.8496,
20170302,0.2832,
20170303,0.5664,
20170304,0.1416,
20170305,0.1416,
20170306,0.1416,
20170307,0.1416,
20170308,0.1416,
20170309,0.1416,
20170310,0.1416,
20170311,0.1416,
20170312,0.1416,
20170313,0.1416,
20170314,0.1416,
20170315,0.22656,
20170316,0.22656,
20170317,0.22656,
20170318,0.22656,
20170319,0.22656,
20170320,0.22656,
20170321,0.22656,
20170322,0.22656,
20170323,0.22656,
20170324,0.22656,
20170325,0.22656,
20170326,0.22656,
20170327,0.22656,
20170328,0.25488,
20170329,0.25488,
20170330,0.25488,
20170331,0.25488,
20170401,0.25488,
20170402,0.25488,
20170403,0.25488,
20170404,0.25488,
20170405,0.25488,
20170406,0.25488,
20170407,0.25488,
20170408,0.25488,
20170409,0.25488,
20170410,0.25488,
20170411,0.25488,
20170412,0.25488,
20170413,0.25488,
20170414,0.25488,
20170415,0.25488,
20170416,0.25488,
20170417,0.25488,
20170418,0.25488,
20170419,0.36816,
20170420,0.31152,
20170421,0.31152,
20170422,0.31152,
20170423,0.31152,
20170424,0.31152,
20170425,0.31152,
20170426,0.31152,
20170427,0.31152,
20170428,0.31152,
20170429,0.31152,
20170430,0.31152,
20170501,0.31152,
20170502,0.31152,
20170503,0.31152,
20170504,0.31152,
20170505,0.31152,
20170506,0.31152,
20170507,0.31152,
20170508,0.31152,
20170509,0.31152,
20170510,0.31152,
20170511,0.31152,
20170512,0.31152,
20170513,0.31152,
20170514,0.31152,
20170515,0.31152,
20170516,0.31152,
20170517,0.31152,
20170518,0.31152,
20170519,0.31152,
20170520,0.31152,
20170521,0.31152,
20170522,0.31152,
20170523,0.31152,
20170524,0.31152,
20170525,0.31152,
20170526,0.31152,
20170527,0.31152,
20170528,0.31152,
20170529,0.31152,
20170530,0.31152,
20170531,0.31152,
20170601,0.31152,
20170602,0.31152,
20170603,0.31152,
20170604,0.31152,
20170605,0.31152,
20170606,0.31152,
20170607,0.31152,
20170608,0.31152,
20170609,0.31152,
20170610,0.31152,
20170611,0.31152,
20170612,0.31152,
20170613,0.31152,
20170614,0.31152,
20170615,0.31152,
20170616,0.31152,
20170617,0.31152,
20170618,0.31152,
20170619,0.31152,
20170620,0.31152,
20170621,0.31152,
20170622,0.31152,
20170623,0.31152,
20170624,0.31152,
20170625,0.31152,
20170626,0.31152,
20170627,0.31152,
20170628,0.31152,
20170629,0.31152,
20170630,0.31152,
20170701,0.31152,
20170702,0.31152,
20170703,0.31152,
20170704,0.31152,
20170705,0.31152,
20170706,0.31152,
20170707,0.31152,
20170708,0.31152,
20170709,0.31152,
20170710,0.31152,
20170711,0.31152,
20170712,0.31152,
20170713,0.31152,
20170714,0.31152,
20170715,0.31152,
20170716,0.31152,
20170717,0.31152,
20170718,0.31152,
20170719,0.31152,
20170720,0.31152,
20170721,0.31152,
20170722,0.31152,
20170723,0.31152,
20170724,36.02304,
20170725,58.056,
20170726,65.136,
20170727,109.032,
20170728,109.032,
20170729,145.848,
20170730,127.7232,
20170731,109.74,
20170801,45.65184,
20170802,43.896,
20170803,80.712,
20170804,86.376,
20170805,219.48,
20170806,288.35424,
20170807,158.33712,
20170808,148.68,
20170809,148.68,
20170810,148.68,
20170811,107.616,
20170812,99.12,
20170813,92.04,
20170814,92.04,
20170815,76.464,
20170816,42.48,
20170817,45.312,
20170818,46.728,
20170819,46.728,
20170820,45.312,
20170821,99.12,
20170822,181.248,
20170823,158.8752,
20170824,70.8,
20170825,56.64,
20170826,155.76,
20170827,155.76,
20170828,226.56,
20170829,330.2112,
20170830,370.02912,
20170831,153.94752,
20170901,107.616,
20170902,107.616,
20170903,107.616,
20170904,107.616,
20170905,107.616,
20170906,45.312,
20170907,62.304,
20170908,45.312,
20170909,45.312,
20170910,42.48,
20170911,42.48,
20170912,42.48,
20170913,39.648,
20170914,39.648,
20170915,39.648,
20170916,39.648,
20170917,39.648,
20170918,39.648,
20170919,39.648,
20170920,76.464,
20170921,133.104,
20170922,72.04608,
20170923,59.472,
20170924,12.744,
20170925,33.984,
20170926,76.464,
20170927,76.464,
20170928,28.32,
20170929,28.32,
20170930,28.32,
20171001,5.664,
20171002,24.072,
20171003,51.20256,
20171004,31.152,
20171005,31.152,
20171006,25.23312,
20171007,16.992,
20171008,21.24,
20171009,21.24,
20171010,6.17376,
20171011,2.832,
20171012,5.664,
20171013,16.284,
20171014,33.984,
20171015,33.984,
20171016,31.152,
20171017,28.32,
20171018,28.32,
20171019,9.912,
20171020,11.328,
20171021,16.992,
20171022,2.832,
20171023,4.5312,
20171024,7.3632,
20171025,22.656,
20171026,67.968,
20171027,67.968,
20171028,67.968,
20171029,65.136,
20171030,65.136,
20171031,67.968,
20171101,67.968,
20171102,67.968,
20171103,67.968,
20171104,70.8,
20171105,72.216,
20171106,73.632,
20171107,73.632,
20171108,73.632,
20171109,62.304,
20171110,73.632,
20171111,79.296,
20171112,79.296,
20171113,79.296,
20171114,79.296,
20171115,79.296,
20171116,79.296,
20171117,48.144,
20171118,48.144,
20171119,48.144,
20171120,48.144,
20171121,19.824,
20171122,0,
20171123,0,
20171124,2.832,
20171125,2.832,
20171126,5.664,
20171127,5.664,
20171128,16.992,
20171129,22.656,
20171130,19.824,
20171201,19.824,
20171202,19.824,
20171203,19.824,
20171204,22.656,
20171205,22.656,
20171206,24.072,
20171207,12.744,
20171208,16.992,
20171209,16.992,
20171210,15.576,
20171211,14.16,
20171212,14.16,
20171213,14.16,
20171214,5.664,
20171215,2.832,
20171216,2.832,
20171217,2.832,
20171218,2.2656,
20171219,1.416,
20171220,1.416,
20171221,0.8496,
20171222,1.416,
20171223,2.2656,
20171224,2.2656,
20171225,2.2656,
20171226,2.2656,
20171227,2.2656,
20171228,2.2656,
20171229,2.2656,
20171230,2.2656,
20171231,1.9824,
20180101,2.2656,
20180102,2.2656,
20180103,2.2656,
20180104,1.9824,
20180105,1.9824,
20180106,1.9824,
20180107,1.9824,
20180108,1.9824,
20180109,1.9824,
20180110,1.9824,
20180111,1.9824,
20180112,1.9824,
20180113,1.9824,
20180114,1.9824,
20180115,1.9824,
20180116,1.9824,
20180117,1.9824,
20180118,1.9824,
20180119,1.9824,
20180120,1.9824,
20180121,1.9824,
20180122,1.9824,
20180123,1.9824,
20180124,1.9824,
20180125,1.9824,
20180126,1.9824,
20180127,1.9824,
20180128,1.9824,
20180129,1.9824,
20180130,1.9824,
20180131,1.9824,
20180201,1.9824,
20180202,1.9824,
20180203,1.9824,
20180204,1.9824,
20180205,1.9824,
20180206,1.9824,
20180207,1.9824,
20180208,1.9824,
20180209,1.9824,
20180210,1.9824,
20180211,1.9824,
20180212,1.9824,
20180213,5.664,
20180214,10.7616,
20180215,13.1688,
20180216,13.8768,
20180217,13.8768,
20180218,14.5848,
20180219,28.7448,
20180220,31.2936,
20180221,8.24112,
20180222,1.9824,
20180223,1.9824,
20180224,2.5488,
20180225,2.5488,
20180226,1.1328,
20180227,1.1328,
20180228,1.2744,
20180301,1.2744,
20180302,1.2744,
20180303,1.2744,
20180304,1.2744,
20180305,1.2744,
20180306,1.2744,
20180307,1.2744,
20180308,1.2744,
20180309,1.2744,
20180310,1.2744,
20180311,1.2744,
20180312,1.2744,
20180313,1.2744,
20180314,1.2744,
20180315,1.2744,
20180316,1.2744,
20180317,1.2744,
20180318,1.2744,
20180319,1.2744,
20180320,1.2744,
20180321,1.2744,
20180322,4.3896,
20180323,10.9032,
20180324,8.58096,
20180325,8.3544,
20180326,8.9208,
20180327,9.912,
20180328,9.912,
20180329,12.1776,
20180330,12.4608,
20180331,12.4608,
20180401,15.0096,
20180402,2.2656,
20180403,1.9824,
20180404,1.9824,
20180405,1.9824,
20180406,1.9824,
20180407,1.9824,
20180408,1.9824,
20180409,1.9824,
20180410,1.9824,
20180411,1.9824,
20180412,1.9824,
20180413,1.9824,
20180414,1.9824,
20180415,1.9824,
20180416,1.9824,
20180417,1.9824,
20180418,1.9824,
20180419,1.9824,
20180420,1.9824,
20180421,1.9824,
20180422,1.9824,
20180423,1.9824,
20180424,1.9824,
20180425,1.9824,
20180426,1.9824,
20180427,1.9824,
20180428,1.9824,
20180429,1.9824,
20180430,1.9824,
20180501,1.9824,
20180502,1.9824,
20180503,1.9824,
20180504,1.9824,
20180505,1.9824,
20180506,1.9824,
20180507,1.9824,
20180508,1.9824,
20180509,1.9824,
20180510,1.9824,
20180511,1.9824,
20180512,1.9824,
20180513,1.9824,
20180514,1.9824,
20180515,11.55456,
20180516,29.4528,
20180517,43.49952,
20180518,26.6208,
20180519,84.96,
20180520,84.96,
20180521,79.296,
20180522,59.472,
20180523,51.9672,
20180524,32.568,
20180525,30.0192,
20180526,24.072,
20180527,13.8768,
20180528,2.832,
20180529,2.832,
20180530,2.832,
20180531,2.2656,
20180601,2.2656,
20180602,0.8496,
20180603,0.8496,
20180604,0.8496,
20180605,0.8496,
20180606,0.8496,
20180607,0.8496,
20180608,0.8496,
20180609,0.8496,
20180610,0.8496,
20180611,0.8496,
20180612,0.8496,
20180613,0.8496,
20180614,0.8496,
20180615,0.8496,
20180616,0.8496,
20180617,0.8496,
20180618,0.8496,
20180619,0.8496,
20180620,0.8496,
20180621,0.8496,
20180622,0.8496,
20180623,0.8496,
20180624,0.8496,
20180625,0.8496,
20180626,0.8496,
20180627,0.8496,
20180628,0.8496,
20180629,0.8496,
20180630,0.8496,
20180701,0.8496,
20180702,0.8496,
20180703,0.8496,
20180704,0.8496,
20180705,0.8496,
20180706,0.8496,
20180707,0.8496,
20180708,46.02,
20180709,253.01088,
20180710,392.40192,
20180711,350.82816,
20180712,531.96288,
20180713,358.55952,
20180714,427.2072,
20180715,427.2072,
20180716,418.7112,
20180717,619.44336,
20180718,428.7648,
20180719,257.712,
20180720,377.16576,
20180721,256.296,
20180722,268.13376,
20180723,354.05664,
20180724,354.5664,
20180725,400.35984,
20180726,445.332,
20180727,289.74192,
20180728,226.56,
20180729,249.6408,
20180730,96.79776,
20180731,96.79776,
20180801,96.79776,
20180802,102.0936,
20180803,118.6608,
20180804,117.8112,
20180805,109.51344,
20180806,120.84144,
20180807,120.84144,
20180808,214.83552,
20180809,370.96368,
20180810,628.22256,
20180811,257.004,
20180812,361.08,
20180813,566.45664,
20180814,661.98,
20180815,1064.52048,
20180816,950.10768,
20180817,2225.64048,
20180818,1334.1552,
20180819,660.22416,
20180820,664.64208,
20180821,254.08704,
20180822,93.456,
20180823,297.52992,
20180824,149.6712,
20180825,298.94592,
20180826,177.708,
20180827,107.616,
20180828,124.608,
20180829,158.592,
20180830,188.328,
20180831,198.24,
20180901,182.664,
20180902,117.528,
20180903,112.09056,
20180904,126.5904,
20180905,87.792,
20180906,89.916,
20180907,47.436,
20180908,47.436,
20180909,47.436,
20180910,33.984,
20180911,14.16,
20180912,38.232,
20180913,45.312,
20180914,46.38816,
20180915,47.436,
20180916,47.436,
20180917,45.312,
20180918,46.728,
20180919,19.116,
20180920,47.436,
20180921,47.436,
20180922,47.436,
20180923,48.852,
20180924,48.852,
20180925,40.356,
20180926,40.356,
20180927,22.656,
20180928,13.0272,
20180929,14.16,
20180930,16.992,
20181001,16.992,
20181002,22.656,
20181003,30.444,
20181004,32.568,
20181005,32.568,
20181006,30.444,
20181007,23.364,
20181008,19.824,
20181009,19.824,
20181010,19.824,
20181011,19.824,
20181012,19.824,
20181013,28.32,
20181014,16.992,
20181015,45.312,
20181016,45.312,
20181017,45.312,
20181018,45.312,
20181019,43.896,
20181020,38.232,
20181021,41.772,
20181022,39.648,
20181023,38.232,
20181024,36.816,
20181025,35.4,
20181026,35.4,
20181027,35.4,
20181028,36.5328,
20181029,37.524,
20181030,40.356,
20181031,43.188,
20181101,40.01616,
20181102,31.152,
20181103,43.896,
20181104,45.312,
20181105,45.312,
20181106,45.312,
20181107,48.65376,
20181108,49.56,
20181109,49.56,
20181110,43.896,
20181111,42.48,
20181112,46.3032,
20181113,48.144,
20181114,50.976,
20181115,48.144,
20181116,48.144,
20181117,48.144,
20181118,48.144,
20181119,48.144,
20181120,48.144,
20181121,48.144,
20181122,48.144,
20181123,48.144,
20181124,48.144,
20181125,48.144,
20181126,48.144,
20181127,48.144,
20181128,48.144,
20181129,45.312,
20181130,39.648,
20181201,39.648,
20181202,39.648,
20181203,39.648,
20181204,39.648,
20181205,39.648,
20181206,12.744,
20181207,39.648,
20181208,39.648,
20181209,39.648,
20181210,39.648,
20181211,33.984,
20181212,27.612,
20181213,12.036,
20181214,9.204,
20181215,16.992,
20181216,16.992,
20181217,18.408,
20181218,13.3104,
20181219,4.248,
20181220,1.416,
20181221,1.6992,
20181222,1.6992,
20181223,0.4248,
20181224,0.4248,
20181225,0.4248,
20181226,0.4248,
20181227,0.4248,
20181228,0.4248,
20181229,0.4248,
20181230,0.4248,
20181231,0.4248,
20190101,0.4248,
20190102,0.4248,
20190103,0.4248,
20190104,0.4248,
20190105,0.4248,
20190106,0.4248,
20190107,0.4248,
20190108,0.4248,
20190109,0.4248,
20190110,0.4248,
20190111,0.4248,
20190112,0.4248,
20190113,0.4248,
20190114,0.4248,
20190115,0.5664,
20190116,0.5664,
20190117,0.5664,
20190118,0.5664,
20190119,0.5664,
20190120,0.5664,
20190121,0.5664,
20190122,0.5664,
20190123,0.5664,
20190124,0.708,
20190125,0.708,
20190126,0.708,
20190127,0.708,
20190128,0.708,
20190129,0.708,
20190130,0.708,
20190131,0.708,
20190201,1.9824,
20190202,1.9824,
20190203,1.9824,
20190204,1.9824,
20190205,1.9824,
20190206,1.9824,
20190207,1.9824,
20190208,1.9824,
20190209,1.9824,
20190210,1.9824,
20190211,1.9824,
20190212,1.9824,
20190213,5.664,
20190214,10.7616,
20190215,13.1688,
20190216,13.8768,
20190217,13.8768,
20190218,14.5848,
20190219,28.7448,
20190220,31.2936,
20190221,8.24112,
20190222,1.9824,
20190223,1.9824,
20190224,2.5488,
20190225,2.5488,
20190226,1.1328,
20190227,1.1328,
20190228,1.2744,
20190301,0.708,
20190302,0.708,
20190303,0.708,
20190304,0.708,
20190305,0.708,
20190306,0.708,
20190307,0.708,
20190308,0.708,
20190309,0.708,
20190310,0.708,
20190311,0.5664,
20190312,1.2744,
20190313,1.2744,
20190314,1.5576,
20190315,3.8232,
20190316,4.5312,
20190317,3.54,
20190318,3.54,
20190319,3.54,
20190320,3.54,
20190321,3.3984,
20190322,3.3984,
20190323,3.8232,
20190324,3.8232,
20190325,4.8144,
20190326,4.8144,
20190327,4.5312,
20190328,4.6728,
20190329,4.5312,
20190330,4.5312,
20190331,4.5312,
20190401,4.5312,
20190402,4.248,
20190403,4.248,
20190404,3.2568,
20190405,2.2656,
20190406,2.2656,
20190407,2.5488,
20190408,2.5488,
20190409,2.5488,
20190410,2.5488,
20190411,1.1328,
20190412,1.416,
20190413,0.8496,
20190414,0.8496,
20190415,1.6992,
20190416,1.1328,
20190417,1.1328,
20190418,1.2744,
20190419,1.2744,
20190420,1.2744,
20190421,1.2744,
20190422,1.2744,
20190423,1.2744,
20190424,1.2744,
20190425,1.2744,
20190426,1.2744,
20190427,1.2744,
20190428,1.2744,
20190429,1.2744,
20190430,1.2744,
20190501,1.2744,
20190502,1.2744,
20190503,1.2744,
20190504,1.2744,
20190505,1.2744,
20190506,1.2744,
20190507,1.2744,
20190508,1.2744,
20190509,1.2744,
20190510,1.2744,
20190511,1.2744,
20190512,1.2744,
20190513,1.2744,
20190514,1.2744,
20190515,1.2744,
20190516,1.2744,
20190517,1.2744,
20190518,1.2744,
20190519,1.2744,
20190520,1.2744,
20190521,1.2744,
20190522,1.2744,
20190523,1.2744,
20190524,1.2744,
20190525,1.2744,
20190526,1.416,
20190527,2.9736,
20190528,2.9736,
20190529,2.9736,
20190530,2.9736,
20190531,2.2656,
20190601,1.9824,
20190602,1.9824,
20190603,1.9824,
20190604,1.9824,
20190605,3.1152,
20190606,3.1152,
20190607,3.1152,
20190608,3.1152,
20190609,3.1152,
20190610,3.1152,
20190611,3.1152,
20190612,1.9824,
20190613,1.9824,
20190614,1.9824,
20190615,1.9824,
20190616,1.9824,
20190617,1.9824,
20190618,1.9824,
20190619,1.9824,
20190620,1.9824,
20190621,1.416,
20190622,1.416,
20190623,1.416,
20190624,1.416,
20190625,1.416,
20190626,1.416,
20190627,1.416,
20190628,1.416,
20190629,1.416,
20190630,1.416,
20190701,1.416,
20190702,1.416,
20190703,1.416,
20190704,1.416,
20190705,1.416,
20190706,1.416,
20190707,1.416,
20190708,1.416,
20190709,1.416,
20190710,1.416,
20190711,1.416,
20190712,1.416,
20190713,1.416,
20190714,1.416,
20190715,1.416,
20190716,1.416,
20190717,1.416,
20190718,1.416,
20190719,1.416,
20190720,1.416,
20190721,1.416,
20190722,15.0096,
20190723,24.2136,
20190724,24.9216,
20190725,27.0456,
20190726,28.0368,
20190727,28.0368,
20190728,34.8336,
20190729,34.8336,
20190730,34.8336,
20190731,34.8336,
20190801,38.6568,
20190802,41.9136,
20190803,34.8336,
20190804,34.8336,
20190805,34.8336,
20190806,20.6736,
20190807,0.8496,
20190808,0.8496,
20190809,476.93712,
20190810,482.60112,
20190811,499.14,
20190812,143.63904,
20190813,97.95888,
20190814,90.624,
20190815,90.624,
20190816,172.41216,
20190817,113.28,
20190818,119.96352,
20190819,59.472,
20190820,48.144,
20190821,58.45248,
20190822,70.092,
20190823,94.164,
20190824,84.1104,
20190825,91.84176,
20190826,60.888,
20190827,51.20256,
20190828,60.888,
20190829,46.728,
20190830,48.144,
20190831,48.144,
20190901,53.43984,
20190902,65.136,
20190903,77.172,
20190904,113.47824,
20190905,213.02304,
20190906,424.5168,
20190907,217.01616,
20190908,207.81216,
20190909,194.67168,
20190910,240.2952,
20190911,109.85328,
20190912,78.8712,
20190913,138.6264,
20190914,75.6144,
20190915,62.8704,
20190916,56.64,
20190917,70.8,
20190918,81.42,
20190919,33.984,
20190920,28.32,
20190921,33.984,
20190922,36.2496,
20190923,41.9136,
20190924,41.9136,
20190925,46.1616,
20190926,47.5776,
20190927,50.4096,
20190928,41.9136,
20190929,41.9136,
20190930,41.9136,
20191001,41.9136,
20191002,41.9136,
20191003,41.9136,
20191004,41.9136,
20191005,41.9136,
20191006,41.9136,
20191007,0.8496,
20191008,0.8496,
20191009,0.8496,
20191010,0.8496,
20191011,0.8496,
20191012,11.4696,
20191013,38.5152,
20191014,20.6736,
20191015,22.0896,
20191016,22.0896,
20191017,24.9216,
20191018,16.4256,
20191019,15.0096,
20191020,15.0096,
20191021,19.824,
20191022,35.4,
20191023,46.728,
20191024,43.3296,
20191025,33.984,
20191026,58.056,
20191027,56.64,
20191028,56.64,
20191029,29.1696,
20191030,29.1696,
20191031,29.1696,
20191101,29.1696,
20191102,9.3456,
20191103,9.3456,
20191104,18.9744,
20191105,40.4976,
20191106,40.4976,
20191107,40.4976,
20191108,40.4976,
20191109,40.4976,
20191110,40.4976,
20191111,40.4976,
20191112,,
20191113,43.3296,
20191114,43.3296,
20191115,43.3296,
20191116,43.3296,
20191117,44.7456,
20191118,43.3296,
20191119,44.7456,
20191120,44.7456,
20191121,44.7456,
20191122,44.7456,
20191123,44.7456,
20191124,44.7456,
20191125,44.7456,
20191126,42.9048,
20191127,41.9136,
20191128,41.2056,
20191129,42.7632,
20191130,41.2056,
20191201,41.9136,
20191202,41.9136,
20191203,41.9136,
20191204,40.4976,
20191205,39.0816,
20191206,39.0816,
20191207,37.6656,
20191208,36.2496,
20191209,36.2496,
20191210,36.2496,
20191211,34.2672,
20191212,32.0016,
20191213,29.1696,
20191214,29.1696,
20191215,23.5056,
20191216,22.0896,
20191217,20.6736,
20191218,16.4256,
20191219,13.5936,
20191220,12.1776,
20191221,7.6464,
20191222,10.7616,
20191223,10.7616,
20191224,15.0096,
20191225,17.8416,
20191226,17.8416,
20191227,17.8416,
20191228,15.0096,
20191229,13.5936,
20191230,7.2216,
20191231,1.416,
20200101,1.416,
20200102,1.416,
20200103,1.416,
20200104,1.1328,
20200105,1.1328,
20200106,1.1328,
20200107,1.1328,
20200108,1.1328,
20200109,1.1328,
20200110,1.1328,
20200111,1.1328,
20200112,1.1328,
20200113,1.1328,
20200114,1.1328,
20200115,1.1328,
20200116,1.1328,
20200117,1.1328,
20200118,1.1328,
20200119,1.1328,
20200120,1.1328,
20200121,1.1328,
20200122,1.1328,
20200123,1.1328,
20200124,1.1328,
20200125,1.1328,
20200126,1.1328,
20200127,1.1328,
20200128,1.1328,
20200129,1.1328,
20200130,1.1328,
20200131,1.1328,
20200201,1.1328,
20200202,1.1328,
20200203,1.1328,
20200204,1.1328,
20200205,1.1328,
20200206,1.1328,
20200207,1.1328,
20200208,1.1328,
20200209,1.1328,
20200210,1.1328,
20200211,1.1328,
20200212,1.1328,
20200213,1.1328,
20200214,1.1328,
20200215,1.1328,
20200216,1.1328,
20200217,1.1328,
20200218,1.1328,
20200219,1.1328,
20200220,1.1328,
20200221,1.1328,
20200222,1.1328,
20200223,1.1328,
20200224,1.1328,
20200225,1.1328,
20200226,1.1328,
20200227,1.1328,
20200228,1.1328,
20200229,1.1328,
20200301,1.1328,
20200302,1.1328,
20200303,1.1328,
20200304,0.8496,
20200305,0.8496,
20200306,0.8496,
20200307,0.8496,
20200308,0.8496,
20200309,0.8496,
20200310,0.8496,
20200311,0.8496,
20200312,1.1328,
20200313,1.2744,
20200314,1.2744,
20200315,1.2744,
20200316,1.6992,
20200317,1.6992,
20200318,1.6992,
20200319,1.6992,
20200320,3.22848,
20200321,5.3808,
20200322,8.2128,
20200323,9.0624,
20200324,8.7792,
20200325,3.8232,
20200326,3.2568,
20200327,2.5488,
20200328,1.9824,
20200329,2.2656,
20200330,2.2656,
20200331,2.2656,
20200401,2.2656,
20200402,2.5488,
20200403,2.5488,
20200404,2.2656,
20200405,2.2656,
20200406,2.2656,
20200407,2.2656,
20200408,1.416,
20200409,1.416,
20200410,1.416,
20200411,1.416,
20200412,1.416,
20200413,1.416,
20200414,1.416,
20200415,1.416,
20200416,1.416,
20200417,1.416,
20200418,1.416,
20200419,1.416,
20200420,1.416,
20200421,1.416,
20200422,1.416,
20200423,1.416,
20200424,1.9824,
20200425,2.2656,
20200426,2.9736,
20200427,2.9736,
20200428,2.2656,
20200429,2.2656,
20200430,2.2656,
20200501,2.2656,
20200502,1.9824,
20200503,1.416,
20200504,1.416,
20200505,0.9912,
20200506,1.1328,
20200507,1.1328,
20200508,1.1328,
20200509,1.1328,
20200510,1.1328,
20200511,1.1328,
20200512,0.8496,
20200513,1.416,
20200514,1.9824,
20200515,1.9824,
20200516,1.9824,
20200517,1.9824,
20200518,1.9824,
20200519,1.9824,
20200520,1.9824,
20200521,1.9824,
20200522,1.9824,
20200523,1.9824,
20200524,1.9824,
20200525,1.9824,
20200526,1.9824,
20200527,1.9824,
20200528,1.9824,
20200529,1.9824,
20200530,1.9824,
20200531,1.9824,
20200601,1.9824,
20200602,1.9824,
20200603,1.9824,
20200604,1.9824,
20200605,1.9824,
20200606,1.9824,
20200607,1.9824,
20200608,1.9824,
20200609,1.9824,
20200610,0.8496,
20200611,0.8496,
20200612,0.8496,
20200613,0.8496,
20200614,0.8496,
20200615,0.8496,
20200616,0.8496,
20200617,0.8496,
20200618,0.8496,
20200619,0.8496,
20200620,0.8496,
20200621,0.8496,
20200622,0.8496,
20200623,0.8496,
20200624,0.8496,
20200625,0.8496,
20200626,0.8496,
20200627,0.8496,
20200628,0.8496,
20200629,0.8496,
20200630,0.8496,
20200701,0.8496,
20200702,0.8496,
20200703,0.8496,
20200704,0.8496,
20200705,0.8496,
20200706,0.8496,
20200707,0.8496,
20200708,0.8496,
20200709,,
20200710,,
20200711,,
20200712,,
20200713,,
20200714,,
20200715,,
20200716,,
20200717,,
20200718,,
20200719,,
20200720,,
20200721,,
20200722,,
20200723,9.0624,
20200724,1.416,
20200725,1.416,
20200726,1.416,
20200727,1.416,
20200728,1.416,
20200729,1.416,
20200730,20.90016,
20200731,44.604,
20200801,24.072,
20200802,32.568,
20200803,77.88,
20200804,155.25024,
20200805,283.7664,
20200806,,
20200807,,
20200808,,
20200809,,
20200810,,
20200811,,
20200812,,
20200813,68.47776,
20200814,46.50144,
20200815,36.816,
20200816,36.816,
20200817,36.816,
20200818,52.392,
20200819,70.8,
20200820,42.48,
20200821,46.35984,
20200822,57.9144,
20200823,36.816,
20200824,32.08656,
20200825,36.816,
20200826,46.02,
20200827,36.108,
20200828,41.6304,
20200829,45.8784,
20200830,50.268,
20200831,47.0112,
20200901,54.7992,
20200902,46.728,
20200903,48.144,
20200904,48.144,
20200905,22.656,
20200906,28.32,
20200907,28.32,
20200908,34.692,
20200909,31.152,
20200910,31.152,
20200911,45.312,
20200912,39.648,
20200913,33.984,
20200914,33.984,
20200915,33.984,
20200916,33.984,
20200917,33.984,
20200918,33.984,
20200919,42.48,
20200920,179.46384,
20200921,349.86528,
20200922,156.0432,
20200923,117.15984,
20200924,58.056,
20200925,36.816,
20200926,22.656,
20200927,38.232,
20200928,36.816,
20200929,36.816,
20200930,36.816,
20201001,36.816,
20201002,46.728,
20201003,36.6744,
20201004,42.48,
20201005,52.392,
20201006,49.56,
20201007,49.56,
20201008,49.56,
20201009,49.56,
20201010,49.56,
20201011,33.984,
20201012,43.896,
20201013,31.152,
20201014,22.656,
20201015,67.1184,
20201016,72.216,
20201017,41.064,
20201018,39.648,
20201019,39.648,
20201020,43.896,
20201021,43.896,
20201022,43.896,
20201023,43.896,
20201024,35.4,
20201025,28.32,
20201026,28.32,
20201027,36.816,
20201028,48.144,
20201029,21.24,
20201030,48.144,
20201031,55.224,
20201101,55.224,
20201102,52.392,
20201103,52.392,
20201104,53.808,
20201105,55.224,
20201106,52.392,
20201107,52.392,
20201108,43.896,
20201109,43.896,
20201110,45.312,
20201111,46.728,
20201112,48.144,
20201113,47.436,
20201114,48.144,
20201115,35.4,
20201116,48.144,
20201117,49.56,
20201118,50.976,
20201119,50.268,
20201120,5.664,
20201121,40.4976,
20201122,46.728,
20201123,47.436,
20201124,40.89408,
20201125,27.0456,
20201126,27.3288,
20201127,27.612,
20201128,28.32,
20201129,28.6032,
20201130,29.3112,
20201201,30.5856,
20201202,30.5856,
20201203,32.0016,
20201204,33.1344,
20201205,34.5504,
20201206,33.1344,
20201207,20.3904,
20201208,21.8064,
20201209,23.2224,
20201210,23.2224,
20201211,23.2224,
20201212,21.8064,
20201213,21.8064,
20201214,21.5232,
20201215,18.6912,
20201216,18.1248,
20201217,,
20201218,,
20201219,,
20201220,,
20201221,,
20201222,,
20201223,,
20201224,,
20201225,,
20201226,,
20201227,,
20201228,,
20201229,,
20201230,,
20201231,,
