Date,Observed Storage,
20110101,3.74,
20110102,3.76,
20110103,3.77,
20110104,3.78,
20110105,3.79,
20110106,3.81,
20110107,3.82,
20110108,3.83,
20110109,3.84,
20110110,3.85,
20110111,3.86,
20110112,3.88,
20110113,3.88,
20110114,3.89,
20110115,3.89,
20110116,3.9,
20110117,3.91,
20110118,3.92,
20110119,3.93,
20110120,3.93,
20110121,3.94,
20110122,3.95,
20110123,3.95,
20110124,3.96,
20110125,3.97,
20110126,3.98,
20110127,3.98,
20110128,3.98,
20110129,3.99,
20110130,3.99,
20110131,4,
20110201,4,
20110202,4,
20110203,4.01,
20110204,4.01,
20110205,4.02,
20110206,4.02,
20110207,4.02,
20110208,4.03,
20110209,4.03,
20110210,4.03,
20110211,4.04,
20110212,4.04,
20110213,4.04,
20110214,4.04,
20110215,4.05,
20110216,4.05,
20110217,4.05,
20110218,4.05,
20110219,4.06,
20110220,4.06,
20110221,4.06,
20110222,4.07,
20110223,4.07,
20110224,4.07,
20110225,4.08,
20110226,4.1,
20110227,4.1,
20110228,4.1,
20110301,4.1,
20110302,4.11,
20110303,4.11,
20110304,4.11,
20110305,4.11,
20110306,4.11,
20110307,4.11,
20110308,4.11,
20110309,4.11,
20110310,4.11,
20110311,4.11,
20110312,4.11,
20110313,4.11,
20110314,4.11,
20110315,4.11,
20110316,4.11,
20110317,4.11,
20110318,4.1,
20110319,4.1,
20110320,4.09,
20110321,4.09,
20110322,4.09,
20110323,4.09,
20110324,4.09,
20110325,4.09,
20110326,4.08,
20110327,4.08,
20110328,4.08,
20110329,4.08,
20110330,4.08,
20110331,4.08,
20110401,4.08,
20110402,4.07,
20110403,4.05,
20110404,4.04,
20110405,4.02,
20110406,4,
20110407,3.98,
20110408,3.95,
20110409,3.92,
20110410,3.91,
20110411,3.88,
20110412,3.86,
20110413,3.83,
20110414,3.81,
20110415,3.79,
20110416,3.76,
20110417,3.74,
20110418,3.73,
20110419,3.73,
20110420,3.74,
20110421,3.74,
20110422,3.76,
20110423,3.77,
20110424,3.77,
20110425,3.79,
20110426,3.79,
20110427,3.79,
20110428,3.79,
20110429,3.79,
20110430,3.79,
20110501,3.8,
20110502,3.81,
20110503,3.81,
20110504,3.81,
20110505,3.81,
20110506,3.81,
20110507,3.81,
20110508,3.81,
20110509,3.81,
20110510,3.81,
20110511,3.81,
20110512,3.8,
20110513,3.8,
20110514,3.81,
20110515,3.81,
20110516,3.79,
20110517,3.78,
20110518,3.78,
20110519,3.78,
20110520,3.78,
20110521,3.78,
20110522,3.78,
20110523,3.78,
20110524,3.78,
20110525,3.78,
20110526,3.78,
20110527,3.79,
20110528,3.79,
20110529,3.79,
20110530,3.79,
20110531,6.34,
20110601,3.8,
20110602,3.79,
20110603,3.8,
20110604,3.81,
20110605,3.82,
20110606,3.84,
20110607,3.85,
20110608,3.87,
20110609,3.89,
20110610,3.91,
20110611,3.93,
20110612,3.95,
20110613,4,
20110614,4.05,
20110615,4.13,
20110616,4.18,
20110617,4.23,
20110618,4.35,
20110619,4.47,
20110620,4.53,
20110621,4.56,
20110622,4.6,
20110623,4.65,
20110624,4.77,
20110625,4.95,
20110626,5.39,
20110627,5.73,
20110628,6.32,
20110629,6.68,
20110630,6.93,
20110701,7.16,
20110702,7.4,
20110703,7.5,
20110704,7.47,
20110705,7.47,
20110706,7.5,
20110707,7.52,
20110708,7.49,
20110709,7.5,
20110710,7.5,
20110711,7.54,
20110712,7.54,
20110713,7.57,
20110714,7.55,
20110715,7.57,
20110716,7.52,
20110717,7.62,
20110718,7.42,
20110719,7.67,
20110720,7.56,
20110721,7.67,
20110722,7.65,
20110723,7.61,
20110724,7.7,
20110725,7.68,
20110726,7.5,
20110727,7.43,
20110728,7.69,
20110729,7.74,
20110730,7.67,
20110731,7.81,
20110801,7.57,
20110802,7.66,
20110803,7.88,
20110804,7.82,
20110805,7.88,
20110806,7.98,
20110807,7.62,
20110808,7.55,
20110809,7.33,
20110810,7.41,
20110811,7.67,
20110812,7.87,
20110813,8.02,
20110814,7.93,
20110815,7.78,
20110816,7.87,
20110817,7.97,
20110818,8.04,
20110819,8.1,
20110820,8.16,
20110821,8.24,
20110822,8.39,
20110823,8.45,
20110824,8.44,
20110825,8.44,
20110826,8.42,
20110827,8.44,
20110828,8.42,
20110829,8.41,
20110830,8.37,
20110831,8.44,
20110901,8.33,
20110902,8.12,
20110903,8.29,
20110904,8.12,
20110905,8.23,
20110906,8.23,
20110907,8.26,
20110908,8.26,
20110909,8.25,
20110910,8.31,
20110911,8.36,
20110912,8.34,
20110913,8.35,
20110914,8.36,
20110915,8.36,
20110916,8.34,
20110917,8.34,
20110918,8.33,
20110919,8.33,
20110920,8.33,
20110921,8.34,
20110922,8.33,
20110923,8.32,
20110924,8.28,
20110925,8.22,
20110926,8.14,
20110927,8.06,
20110928,7.97,
20110929,7.88,
20110930,7.77,
20111001,7.65,
20111002,7.53,
20111003,7.4,
20111004,7.27,
20111005,7.13,
20111006,6.99,
20111007,6.83,
20111008,6.72,
20111009,6.64,
20111010,6.55,
20111011,6.48,
20111012,6.41,
20111013,6.45,
20111014,6.46,
20111015,6.47,
20111016,6.48,
20111017,6.48,
20111018,6.45,
20111019,6.42,
20111020,6.34,
20111021,6.26,
20111022,6.19,
20111023,6.11,
20111024,6.1,
20111025,6.1,
20111026,6.12,
20111027,6.11,
20111028,6.07,
20111029,6.04,
20111030,6,
20111031,5.93,
20111101,5.85,
20111102,5.75,
20111103,5.77,
20111104,5.89,
20111105,5.98,
20111106,6.01,
20111107,6.05,
20111108,6.07,
20111109,6.02,
20111110,5.94,
20111111,5.85,
20111112,5.75,
20111113,5.64,
20111114,5.52,
20111115,5.39,
20111116,5.26,
20111117,5.13,
20111118,4.99,
20111119,4.86,
20111120,4.7,
20111121,4.56,
20111122,4.48,
20111123,4.41,
20111124,4.33,
20111125,4.24,
20111126,4.16,
20111127,4.08,
20111128,3.99,
20111129,3.84,
20111130,3.92,
20111201,3.77,
20111202,3.69,
20111203,3.61,
20111204,3.53,
20111205,3.43,
20111206,3.44,
20111207,3.4,
20111208,3.35,
20111209,3.3,
20111210,3.25,
20111211,3.2,
20111212,3.16,
20111213,3.11,
20111214,3.07,
20111215,3.01,
20111216,2.9,
20111217,2.79,
20111218,2.68,
20111219,2.59,
20111220,2.5,
20111221,2.4,
20111222,4.48,
20111223,2.2,
20111224,2.14,
20111225,2.09,
20111226,2.05,
20111227,2,
20111228,1.96,
20111229,1.91,
20111230,1.82,
20111231,1.72,
20120101,1.76,
20120102,,
20120103,,
20120104,,
20120105,,
20120106,,
20120107,,
20120108,,
20120109,,
20120110,,
20120111,,
20120112,,
20120113,,
20120114,,
20120115,,
20120116,,
20120117,,
20120118,,
20120119,,
20120120,,
20120121,,
20120122,,
20120123,,
20120124,,
20120125,,
20120126,,
20120127,,
20120128,,
20120129,,
20120130,,
20120131,,
20120201,,
20120202,,
20120203,,
20120204,,
20120205,,
20120206,,
20120207,,
20120208,,
20120209,,
20120210,,
20120211,,
20120212,,
20120213,,
20120214,,
20120215,,
20120216,,
20120217,,
20120218,,
20120219,,
20120220,,
20120221,,
20120222,,
20120223,,
20120224,,
20120225,,
20120226,,
20120227,,
20120228,,
20120229,,
20120301,,
20120302,,
20120303,,
20120304,,
20120305,,
20120306,,
20120307,,
20120308,,
20120309,,
20120310,,
20120311,,
20120312,,
20120313,,
20120314,,
20120315,,
20120316,,
20120317,,
20120318,,
20120319,,
20120320,,
20120321,,
20120322,,
20120323,,
20120324,,
20120325,,
20120326,,
20120327,,
20120328,,
20120329,,
20120330,,
20120331,,
20120401,,
20120402,,
20120403,,
20120404,,
20120405,,
20120406,,
20120407,,
20120408,,
20120409,,
20120410,,
20120411,,
20120412,,
20120413,,
20120414,,
20120415,,
20120416,,
20120417,,
20120418,,
20120419,,
20120420,,
20120421,,
20120422,,
20120423,,
20120424,,
20120425,,
20120426,,
20120427,,
20120428,,
20120429,,
20120430,,
20120501,,
20120502,,
20120503,,
20120504,,
20120505,,
20120506,,
20120507,,
20120508,,
20120509,,
20120510,,
20120511,,
20120512,,
20120513,,
20120514,,
20120515,,
20120516,,
20120517,,
20120518,,
20120519,,
20120520,,
20120521,,
20120522,,
20120523,,
20120524,,
20120525,,
20120526,,
20120527,,
20120528,,
20120529,,
20120530,,
20120531,1.82,
20120601,1.77,
20120602,1.73,
20120603,1.69,
20120604,1.64,
20120605,1.6,
20120606,1.56,
20120607,1.52,
20120608,1.52,
20120609,1.45,
20120610,1.43,
20120611,1.42,
20120612,1.41,
20120613,1.39,
20120614,,
20120615,1.35,
20120616,1.35,
20120617,1.36,
20120618,1.36,
20120619,1.54,
20120620,1.66,
20120621,1.73,
20120622,1.78,
20120623,1.83,
20120624,1.87,
20120625,1.89,
20120626,1.91,
20120627,1.93,
20120628,1.95,
20120629,1.98,
20120630,2.03,
20120701,2.08,
20120702,2.14,
20120703,2.32,
20120704,2.43,
20120705,2.54,
20120706,2.62,
20120707,2.69,
20120708,2.73,
20120709,2.8,
20120710,2.86,
20120711,2.94,
20120712,3.01,
20120713,3.06,
20120714,3.09,
20120715,3.12,
20120716,3.17,
20120717,3.2,
20120718,3.27,
20120719,3.34,
20120720,3.39,
20120721,3.43,
20120722,3.49,
20120723,3.75,
20120724,3.98,
20120725,4.17,
20120726,4.37,
20120727,4.87,
20120728,5.62,
20120729,6.11,
20120730,6.45,
20120731,6.7,
20120801,6.9,
20120802,7.16,
20120803,7.35,
20120804,7.52,
20120805,7.71,
20120806,7.86,
20120807,7.78,
20120808,7.61,
20120809,7.83,
20120810,7.82,
20120811,7.65,
20120812,7.72,
20120813,7.7,
20120814,7.75,
20120815,7.8,
20120816,7.86,
20120817,7.89,
20120818,7.95,
20120819,8.03,
20120820,8.1,
20120821,8.09,
20120822,8.06,
20120823,7.99,
20120824,7.9,
20120825,7.8,
20120826,7.7,
20120827,7.7,
20120828,7.91,
20120829,8.03,
20120830,8.2,
20120831,8.11,
20120901,8.11,
20120902,8.11,
20120903,8.28,
20120904,8.3,
20120905,8.09,
20120906,8.05,
20120907,8.07,
20120908,8.08,
20120909,8.07,
20120910,8.04,
20120911,8.05,
20120912,8.01,
20120913,7.96,
20120914,7.88,
20120915,7.79,
20120916,7.69,
20120917,,
20120918,,
20120919,,
20120920,,
20120921,,
20120922,,
20120923,,
20120924,6.76,
20120925,6.68,
20120926,6.58,
20120927,6.48,
20120928,6.38,
20120929,6.28,
20120930,6.18,
20121001,6.12,
20121002,6.04,
20121003,5.97,
20121004,5.87,
20121005,5.32,
20121006,5.14,
20121007,5.03,
20121008,4.99,
20121009,4.95,
20121010,4.88,
20121011,4.79,
20121012,4.66,
20121013,4.55,
20121014,4.49,
20121015,4.43,
20121016,4.39,
20121017,4.33,
20121018,4.28,
20121019,4.22,
20121020,4.16,
20121021,4.12,
20121022,4.14,
20121023,4.16,
20121024,4.18,
20121025,4.2,
20121026,4.22,
20121027,4.24,
20121028,4.26,
20121029,4.27,
20121030,4.24,
20121031,4.17,
20121101,4.09,
20121102,4.11,
20121103,4.1,
20121104,4.04,
20121105,4.07,
20121106,4.03,
20121107,3.97,
20121108,3.93,
20121109,3.87,
20121110,3.79,
20121111,3.71,
20121112,3.63,
20121113,3.56,
20121114,3.51,
20121115,3.48,
20121116,3.49,
20121117,3.47,
20121118,3.45,
20121119,3.43,
20121120,3.4,
20121121,3.35,
20121122,3.31,
20121123,3.26,
20121124,3.21,
20121125,3.16,
20121126,3.1,
20121127,3.05,
20121128,2.96,
20121129,2.95,
20121130,2.92,
20121201,0,
20121202,2.88,
20121203,2.86,
20121204,2.84,
20121205,2.83,
20121206,2.75,
20121207,2.65,
20121208,2.54,
20121209,2.42,
20121210,2.29,
20121211,2.16,
20121212,2.04,
20121213,1.94,
20121214,1.82,
20121215,1.73,
20121216,1.63,
20121217,1.51,
20121218,1.39,
20121219,1.3,
20121220,1.2,
20121221,1.12,
20121222,1.03,
20121223,0.95,
20121224,0.89,
20121225,0.81,
20121226,0.73,
20121227,0.67,
20121228,0.62,
20121229,0.58,
20121230,0.56,
20121231,0.54,
20130101,,
20130102,,
20130103,,
20130104,,
20130105,,
20130106,,
20130107,,
20130108,,
20130109,,
20130110,,
20130111,,
20130112,,
20130113,,
20130114,,
20130115,,
20130116,,
20130117,,
20130118,,
20130119,,
20130120,,
20130121,,
20130122,0.77,
20130123,0.77,
20130124,0.78,
20130125,0.79,
20130126,0.79,
20130127,0.8,
20130128,0.8,
20130129,0.81,
20130130,0.82,
20130131,0.82,
20130201,0.83,
20130202,0.83,
20130203,0.84,
20130204,0.84,
20130205,0.85,
20130206,0.85,
20130207,0.85,
20130208,0.86,
20130209,0.86,
20130210,0.87,
20130211,0.88,
20130212,,
20130213,,
20130214,,
20130215,,
20130216,,
20130217,,
20130218,,
20130219,,
20130220,,
20130221,,
20130222,,
20130223,,
20130224,,
20130225,,
20130226,,
20130227,,
20130228,,
20130301,,
20130302,,
20130303,,
20130304,,
20130305,,
20130306,,
20130307,,
20130308,,
20130309,,
20130310,,
20130311,,
20130312,,
20130313,,
20130314,,
20130315,,
20130316,,
20130317,,
20130318,,
20130319,,
20130320,,
20130321,,
20130322,,
20130323,,
20130324,,
20130325,,
20130326,,
20130327,,
20130328,,
20130329,,
20130330,,
20130331,,
20130401,,
20130402,,
20130403,,
20130404,,
20130405,,
20130406,,
20130407,,
20130408,,
20130409,,
20130410,,
20130411,,
20130412,,
20130413,,
20130414,,
20130415,,
20130416,,
20130417,,
20130418,,
20130419,,
20130420,,
20130421,,
20130422,,
20130423,,
20130424,,
20130425,,
20130426,,
20130427,,
20130428,,
20130429,,
20130430,,
20130501,,
20130502,,
20130503,,
20130504,,
20130505,,
20130506,,
20130507,,
20130508,,
20130509,,
20130510,,
20130511,,
20130512,,
20130513,,
20130514,,
20130515,,
20130516,,
20130517,,
20130518,,
20130519,,
20130520,,
20130521,,
20130522,,
20130523,,
20130524,,
20130525,,
20130526,,
20130527,,
20130528,,
20130529,,
20130530,,
20130531,,
20130601,,
20130602,,
20130603,,
20130604,,
20130605,,
20130606,,
20130607,,
20130608,,
20130609,,
20130610,,
20130611,1.39,
20130612,1.52,
20130613,1.62,
20130614,1.74,
20130615,1.35,
20130616,2.11,
20130617,2.43,
20130618,1.38,
20130619,2.98,
20130620,3.1,
20130621,3.17,
20130622,3.24,
20130623,3.32,
20130624,3.41,
20130625,3.83,
20130626,1.91,
20130627,5.77,
20130628,6.55,
20130629,7.1,
20130630,7.56,
20130701,7.87,
20130702,7.97,
20130703,7.7,
20130704,8,
20130705,7.45,
20130706,7.47,
20130707,7.16,
20130708,7.24,
20130709,7.51,
20130710,7.82,
20130711,7.78,
20130712,7.74,
20130713,7.87,
20130714,7.33,
20130715,7.37,
20130716,7.57,
20130717,7.71,
20130718,7.7,
20130719,7.96,
20130720,7.61,
20130721,7.87,
20130722,7.1,
20130723,6.92,
20130724,6.81,
20130725,7.11,
20130726,7.14,
20130727,7.15,
20130728,7.17,
20130729,7.54,
20130730,7.55,
20130731,7.06,
20130801,7.22,
20130802,7.95,
20130803,8.09,
20130804,8.04,
20130805,8.02,
20130806,7.61,
20130807,7.86,
20130808,8.01,
20130809,7.97,
20130810,7.93,
20130811,8.05,
20130812,8.12,
20130813,8.17,
20130814,8.2,
20130815,8.16,
20130816,8.19,
20130817,8.2,
20130818,8.16,
20130819,8.17,
20130820,8.19,
20130821,8.28,
20130822,8.27,
20130823,8.26,
20130824,8.19,
20130825,8.29,
20130826,8.23,
20130827,8.19,
20130828,8.2,
20130829,8.29,
20130830,8.33,
20130831,8.28,
20130901,8.24,
20130902,8.3,
20130903,8.3,
20130904,8.32,
20130905,8.34,
20130906,8.35,
20130907,8.35,
20130908,8.33,
20130909,8.42,
20130910,8.34,
20130911,8.38,
20130912,8.39,
20130913,8.38,
20130914,8.34,
20130915,8.35,
20130916,8.35,
20130917,8.38,
20130918,8.4,
20130919,8.35,
20130920,8.4,
20130921,8.2,
20130922,8.24,
20130923,8.24,
20130924,8.29,
20130925,8.39,
20130926,8.37,
20130927,8.3,
20130928,8.27,
20130929,8.23,
20130930,8.18,
20131001,8.15,
20131002,8.25,
20131003,8.26,
20131004,8.2,
20131005,8.4,
20131006,8.11,
20131007,8.08,
20131008,8.03,
20131009,7.99,
20131010,7.88,
20131011,7.79,
20131012,7.68,
20131013,7.57,
20131014,7.46,
20131015,7.34,
20131016,7.23,
20131017,7.12,
20131018,7.01,
20131019,6.89,
20131020,6.87,
20131021,6.83,
20131022,6.76,
20131023,6.69,
20131024,6.65,
20131025,6.56,
20131026,6.48,
20131027,,
20131028,6.29,
20131029,6.19,
20131030,6.09,
20131031,,
20131101,5.87,
20131102,5.76,
20131103,5.64,
20131104,5.51,
20131105,5.39,
20131106,5.27,
20131107,5.14,
20131108,5,
20131109,8.5,
20131110,4.72,
20131111,4.58,
20131112,4.51,
20131113,4.44,
20131114,4.37,
20131115,4.3,
20131116,4.22,
20131117,4.14,
20131118,4.06,
20131119,3.98,
20131120,3.9,
20131121,3.82,
20131122,3.73,
20131123,3.64,
20131124,3.56,
20131125,3.51,
20131126,3.47,
20131127,0,
20131128,3.38,
20131129,3.33,
20131130,3.29,
20131201,3.24,
20131202,3.22,
20131203,3.17,
20131204,3.12,
20131205,3.07,
20131206,3,
20131207,2.9,
20131208,2.81,
20131209,2.71,
20131210,2.6,
20131211,2.49,
20131212,2.38,
20131213,2.27,
20131214,2.18,
20131215,2.1,
20131216,2.02,
20131217,1.94,
20131218,1.86,
20131219,1.8,
20131220,1.73,
20131221,1.65,
20131222,1.6,
20131223,1.55,
20131224,1.5,
20131225,1.44,
20131226,1.4,
20131227,1.37,
20131228,1.33,
20131229,1.31,
20131230,1.28,
20131231,1.26,
20140101,1.26,
20140102,1.26,
20140103,1.3,
20140104,1.3,
20140105,1.31,
20140106,1.32,
20140107,1.33,
20140108,1.34,
20140109,1.35,
20140110,1.36,
20140111,1.37,
20140112,1.38,
20140113,1.39,
20140114,1.4,
20140115,1.41,
20140116,1.42,
20140117,1.43,
20140118,1.44,
20140119,1.45,
20140120,1.46,
20140121,1.47,
20140122,1.48,
20140123,1.49,
20140124,1.5,
20140125,1.51,
20140126,1.52,
20140127,1.53,
20140128,1.54,
20140129,1.55,
20140130,1.55,
20140131,1.56,
20140201,1.57,
20140202,1.58,
20140203,1.59,
20140204,1.59,
20140205,1.6,
20140206,1.61,
20140207,1.61,
20140208,1.62,
20140209,1.63,
20140210,1.63,
20140211,1.64,
20140212,1.64,
20140213,1.65,
20140214,1.65,
20140215,1.65,
20140216,1.66,
20140217,1.65,
20140218,1.67,
20140219,1.67,
20140220,1.68,
20140221,1.68,
20140222,1.69,
20140223,1.69,
20140224,1.7,
20140225,1.7,
20140226,1.7,
20140227,1.71,
20140228,1.71,
20140301,1.71,
20140302,1.72,
20140303,1.72,
20140304,1.72,
20140305,1.72,
20140306,1.73,
20140307,1.73,
20140308,1.73,
20140309,1.73,
20140310,1.74,
20140311,1.74,
20140312,1.74,
20140313,1.75,
20140314,1.75,
20140315,1.75,
20140316,1.75,
20140317,1.75,
20140318,1.75,
20140319,1.75,
20140320,,
20140321,1.75,
20140322,1.76,
20140323,1.76,
20140324,1.76,
20140325,1.76,
20140326,1.76,
20140327,1.76,
20140328,1.76,
20140329,1.76,
20140330,1.76,
20140331,1.76,
20140401,1.76,
20140402,1.76,
20140403,1.76,
20140404,1.76,
20140405,1.76,
20140406,1.76,
20140407,1.76,
20140408,1.76,
20140409,1.76,
20140410,1.76,
20140411,1.76,
20140412,4.51,
20140413,1.76,
20140414,1.77,
20140415,1.77,
20140416,1.77,
20140417,1.77,
20140418,1.77,
20140419,1.78,
20140420,1.78,
20140421,1.78,
20140422,1.79,
20140423,1.79,
20140424,1.79,
20140425,1.79,
20140426,1.79,
20140427,1.79,
20140428,1.79,
20140429,1.79,
20140430,1.79,
20140501,1.79,
20140502,1.79,
20140503,1.8,
20140504,1.82,
20140505,1.84,
20140506,1.84,
20140507,1.84,
20140508,1.85,
20140509,1.89,
20140510,1.92,
20140511,1.93,
20140512,1.93,
20140513,1.94,
20140514,1.94,
20140515,0,
20140516,1.95,
20140517,1.95,
20140518,1.95,
20140519,1.95,
20140520,1.96,
20140521,1.96,
20140522,1.96,
20140523,1.96,
20140524,1.96,
20140525,1.96,
20140526,1.96,
20140527,1.96,
20140528,1.96,
20140529,1.97,
20140530,1.97,
20140531,1.97,
20140601,1.97,
20140602,1.97,
20140603,1.98,
20140604,1.98,
20140605,1.98,
20140606,1.99,
20140607,1.99,
20140608,1.99,
20140609,1.99,
20140610,1.99,
20140611,1.99,
20140612,2,
20140613,2,
20140614,2,
20140615,2.01,
20140616,2.02,
20140617,2.03,
20140618,2.04,
20140619,2.06,
20140620,2.13,
20140621,2.27,
20140622,2.47,
20140623,2.63,
20140624,2.72,
20140625,2.8,
20140626,2.85,
20140627,2.9,
20140628,2.93,
20140629,2.95,
20140630,2.99,
20140701,3.04,
20140702,3.06,
20140703,3.1,
20140704,3.12,
20140705,3.14,
20140706,3.16,
20140707,3.18,
20140708,3.2,
20140709,3.23,
20140710,3.27,
20140711,3.34,
20140712,3.43,
20140713,3.62,
20140714,4.34,
20140715,5.19,
20140716,6.09,
20140717,6.5,
20140718,7.17,
20140719,6.72,
20140720,7.2,
20140721,7.36,
20140722,7.72,
20140723,7.61,
20140724,7.77,
20140725,7.43,
20140726,7.27,
20140727,7.49,
20140728,7.61,
20140729,7.23,
20140730,7.62,
20140731,7.82,
20140801,8.06,
20140802,7.57,
20140803,7.35,
20140804,7.51,
20140805,7.65,
20140806,7.4,
20140807,7.63,
20140808,7.63,
20140809,7.08,
20140810,7.22,
20140811,7.64,
20140812,7.84,
20140813,7.84,
20140814,7.7,
20140815,7.57,
20140816,7.54,
20140817,7.61,
20140818,7.67,
20140819,7.71,
20140820,7.74,
20140821,7.71,
20140822,7.69,
20140823,7.66,
20140824,7.61,
20140825,7.55,
20140826,7.48,
20140827,7.39,
20140828,7.33,
20140829,7.37,
20140830,7.51,
20140831,8.08,
20140901,8.01,
20140902,8.07,
20140903,7.93,
20140904,7.93,
20140905,8.07,
20140906,8.1,
20140907,8.15,
20140908,8.11,
20140909,8.11,
20140910,8.14,
20140911,8.16,
20140912,8.21,
20140913,8.16,
20140914,8.23,
20140915,8.2,
20140916,8.19,
20140917,8.17,
20140918,8.16,
20140919,8.2,
20140920,8.22,
20140921,8.22,
20140922,8.22,
20140923,8.21,
20140924,8.18,
20140925,8.19,
20140926,8.17,
20140927,8.22,
20140928,8.22,
20140929,8.21,
20140930,8.19,
20141001,8.11,
20141002,8.26,
20141003,8.26,
20141004,8.17,
20141005,8.17,
20141006,8,
20141007,8.01,
20141008,7.83,
20141009,7.72,
20141010,7.62,
20141011,7.58,
20141012,7.62,
20141013,7.61,
20141014,7.55,
20141015,7.43,
20141016,7.29,
20141017,7.16,
20141018,7.02,
20141019,6.88,
20141020,6.77,
20141021,6.68,
20141022,6.57,
20141023,6.45,
20141024,6.33,
20141025,6.24,
20141026,6.16,
20141027,6.05,
20141028,6.68,
20141029,5.09,
20141030,4.97,
20141031,4.83,
20141101,4.69,
20141102,4.55,
20141103,4.43,
20141104,4.31,
20141105,4.96,
20141106,4.81,
20141107,4.68,
20141108,4.57,
20141109,4.51,
20141110,4.44,
20141111,4.38,
20141112,4.32,
20141113,4.25,
20141114,4.18,
20141115,4.12,
20141116,4.11,
20141117,4.04,
20141118,3.97,
20141119,3.88,
20141120,3.8,
20141121,3.71,
20141122,3.62,
20141123,3.53,
20141124,3.49,
20141125,3.44,
20141126,3.38,
20141127,3.3,
20141128,3.28,
20141129,3.22,
20141130,3.17,
20141201,3.11,
20141202,3.11,
20141203,2.96,
20141204,2.86,
20141205,2.75,
20141206,2.64,
20141207,2.52,
20141208,2.4,
20141209,2.28,
20141210,2.28,
20141211,2.09,
20141212,1.99,
20141213,1.89,
20141214,1.8,
20141215,1.7,
20141216,1.6,
20141217,1.55,
20141218,1.43,
20141219,1.38,
20141220,1.3,
20141221,1.23,
20141222,1.15,
20141223,1.08,
20141224,1.01,
20141225,0.94,
20141226,0.89,
20141227,0.85,
20141228,0.8,
20141229,0.76,
20141230,0.73,
20141231,0.73,
20150101,3.11,
20150102,0.72,
20150103,0.73,
20150104,0.75,
20150105,0.76,
20150106,0.77,
20150107,0.79,
20150108,0.79,
20150109,0.8,
20150110,0.81,
20150111,0.82,
20150112,0.83,
20150113,0.84,
20150114,0.85,
20150115,0.86,
20150116,0.86,
20150117,0.87,
20150118,0.88,
20150119,0.89,
20150120,0.89,
20150121,0.9,
20150122,0.91,
20150123,0.92,
20150124,0.92,
20150125,0.93,
20150126,0.93,
20150127,0.94,
20150128,0.95,
20150129,0.95,
20150130,0.96,
20150131,0.97,
20150201,0.97,
20150202,0.98,
20150203,0.99,
20150204,0.99,
20150205,1,
20150206,1,
20150207,1.01,
20150208,1.01,
20150209,1.02,
20150210,1.02,
20150211,1.03,
20150212,1.03,
20150213,1.04,
20150214,1.04,
20150215,1.04,
20150216,1.05,
20150217,1.05,
20150218,1.05,
20150219,1.05,
20150220,1.06,
20150221,1.06,
20150222,1.06,
20150223,1.07,
20150224,1.07,
20150225,1.07,
20150226,1.07,
20150227,1.07,
20150228,1.07,
20150301,1.08,
20150302,1.08,
20150303,1.08,
20150304,1.08,
20150305,1.08,
20150306,1.08,
20150307,1.08,
20150308,1.09,
20150309,1.09,
20150310,1.1,
20150311,1.1,
20150312,1.1,
20150313,1.11,
20150314,1.11,
20150315,1.11,
20150316,1.11,
20150317,1.12,
20150318,1.12,
20150319,1.12,
20150320,1.12,
20150321,1.12,
20150322,1.12,
20150323,1.12,
20150324,1.12,
20150325,1.12,
20150326,1.12,
20150327,1.12,
20150328,1.12,
20150329,1.12,
20150330,1.12,
20150331,1.12,
20150401,1.13,
20150402,1.13,
20150403,1.14,
20150404,1.14,
20150405,1.14,
20150406,1.14,
20150407,1.15,
20150408,1.15,
20150409,1.16,
20150410,1.16,
20150411,1.17,
20150412,1.17,
20150413,1.18,
20150414,1.19,
20150415,1.19,
20150416,1.2,
20150417,1.2,
20150418,1.2,
20150419,1.2,
20150420,1.2,
20150421,1.2,
20150422,1.21,
20150423,1.21,
20150424,1.22,
20150425,1.22,
20150426,1.23,
20150427,1.24,
20150428,1.24,
20150429,1.25,
20150430,1.25,
20150501,1.25,
20150502,1.26,
20150503,1.27,
20150504,1.27,
20150505,1.27,
20150506,1.28,
20150507,1.28,
20150508,1.29,
20150509,1.29,
20150510,1.3,
20150511,1.31,
20150512,1.31,
20150513,1.31,
20150514,1.32,
20150515,1.33,
20150516,1.35,
20150517,1.36,
20150518,1.38,
20150519,1.39,
20150520,1.41,
20150521,1.41,
20150522,1.42,
20150523,1.42,
20150524,1.42,
20150525,1.43,
20150526,1.43,
20150527,1.43,
20150528,1.43,
20150529,1.44,
20150530,1.44,
20150531,1.46,
20150601,1.47,
20150602,1.47,
20150603,1.48,
20150604,1.49,
20150605,1.5,
20150606,1.51,
20150607,1.52,
20150608,1.53,
20150609,1.53,
20150610,1.54,
20150611,1.55,
20150612,1.56,
20150613,1.56,
20150614,1.58,
20150615,1.6,
20150616,1.62,
20150617,1.63,
20150618,1.66,
20150619,1.7,
20150620,1.9,
20150621,2.11,
20150622,2.34,
20150623,2.56,
20150624,2.8,
20150625,3,
20150626,3.16,
20150627,3.49,
20150628,3.65,
20150629,3.76,
20150630,3.86,
20150701,3.94,
20150702,4,
20150703,4.06,
20150704,4.11,
20150705,4.17,
20150706,4.23,
20150707,4.28,
20150708,4.35,
20150709,4.45,
20150710,4.6,
20150711,5.05,
20150712,5.5,
20150713,5.84,
20150714,6.09,
20150715,6.28,
20150716,6.49,
20150717,6.72,
20150718,7.33,
20150719,7.83,
20150720,7.71,
20150721,7.54,
20150722,7.76,
20150723,7.77,
20150724,7.73,
20150725,7.78,
20150726,7.89,
20150727,7.95,
20150728,7.99,
20150729,7.9,
20150730,7.87,
20150731,7.87,
20150801,7.92,
20150802,7.94,
20150803,7.92,
20150804,7.95,
20150805,8.02,
20150806,8.02,
20150807,8.25,
20150808,8.5,
20150809,8.32,
20150810,8.17,
20150811,8.18,
20150812,8.31,
20150813,8.36,
20150814,8.13,
20150815,8.19,
20150816,8.22,
20150817,8.21,
20150818,8.13,
20150819,8.03,
20150820,7.96,
20150821,7.88,
20150822,7.76,
20150823,7.62,
20150824,7.45,
20150825,7.22,
20150826,7.1,
20150827,6.99,
20150828,6.93,
20150829,6.81,
20150830,6.77,
20150831,6.71,
20150901,6.67,
20150902,6.62,
20150903,6.56,
20150904,6.45,
20150905,6.35,
20150906,6.27,
20150907,6.23,
20150908,6.28,
20150909,6.29,
20150910,6.24,
20150911,6.17,
20150912,6.12,
20150913,6.05,
20150914,5.97,
20150915,5.87,
20150916,5.8,
20150917,5.74,
20150918,5.74,
20150919,5.6,
20150920,5.51,
20150921,5.35,
20150922,5.17,
20150923,4.98,
20150924,4.76,
20150925,4.56,
20150926,4.43,
20150927,4.28,
20150928,4.13,
20150929,4.03,
20150930,3.92,
20151001,3.83,
20151002,3.76,
20151003,3.73,
20151004,3.69,
20151005,3.66,
20151006,3.65,
20151007,3.65,
20151008,3.61,
20151009,3.55,
20151010,3.52,
20151011,3.5,
20151012,3.48,
20151013,3.47,
20151014,3.44,
20151015,3.4,
20151016,3.37,
20151017,3.33,
20151018,3.29,
20151019,3.25,
20151020,3.21,
20151021,3.17,
20151022,3.13,
20151023,3.09,
20151024,3.05,
20151025,2.98,
20151026,2.9,
20151027,2.8,
20151028,2.69,
20151029,2.59,
20151030,2.5,
20151031,2.4,
20151101,2.3,
20151102,2.22,
20151103,2.14,
20151104,2.07,
20151105,2.02,
20151106,1.97,
20151107,1.91,
20151108,1.84,
20151109,1.76,
20151110,1.69,
20151111,1.59,
20151112,1.53,
20151113,1.47,
20151114,1.4,
20151115,1.35,
20151116,1.3,
20151117,1.22,
20151118,1.15,
20151119,1.07,
20151120,1,
20151121,0.93,
20151122,0.89,
20151123,0.84,
20151124,0.8,
20151125,0.77,
20151126,0.76,
20151127,0.76,
20151128,0.75,
20151129,0.72,
20151130,0.69,
20151201,0.67,
20151202,0.66,
20151203,0.64,
20151204,0.63,
20151205,0.62,
20151206,0.61,
20151207,0.6,
20151208,0.59,
20151209,0.59,
20151210,0.57,
20151211,0.57,
20151212,0.58,
20151213,0.57,
20151214,0.57,
20151215,0.57,
20151216,0.57,
20151217,0.57,
20151218,0.56,
20151219,0.56,
20151220,0.56,
20151221,0.56,
20151222,0.57,
20151223,0.58,
20151224,0.59,
20151225,0.6,
20151226,0.62,
20151227,0.63,
20151228,0.64,
20151229,0.65,
20151230,0.66,
20151231,0.67,
20160101,0.68,
20160102,0.69,
20160103,0.7,
20160104,0.71,
20160105,0.71,
20160106,0.72,
20160107,0.73,
20160108,0.74,
20160109,0.75,
20160110,0.75,
20160111,0.76,
20160112,0.77,
20160113,0.77,
20160114,0.78,
20160115,0.79,
20160116,0.79,
20160117,0.8,
20160118,0.8,
20160119,0.81,
20160120,0.81,
20160121,0.82,
20160122,0.83,
20160123,0.83,
20160124,0.84,
20160125,0.85,
20160126,0.85,
20160127,0.86,
20160128,0.87,
20160129,0.87,
20160130,0.88,
20160131,0.88,
20160201,0.89,
20160202,0.89,
20160203,0.9,
20160204,0.9,
20160205,0.91,
20160206,0.91,
20160207,0.91,
20160208,0.92,
20160209,0.92,
20160210,0.93,
20160211,0.93,
20160212,0.93,
20160213,0.94,
20160214,0.94,
20160215,0.95,
20160216,0.95,
20160217,0.96,
20160218,0.96,
20160219,0.96,
20160220,0.97,
20160221,0.97,
20160222,0.97,
20160223,0.98,
20160224,0.98,
20160225,0.98,
20160226,0.99,
20160227,0.99,
20160228,0.99,
20160229,0.99,
20160301,0.99,
20160302,1,
20160303,1,
20160304,1,
20160305,1,
20160306,1,
20160307,1,
20160308,1,
20160309,1,
20160310,1,
20160311,1,
20160312,1,
20160313,1,
20160314,1,
20160315,1,
20160316,1,
20160317,1,
20160318,1,
20160319,1,
20160320,1,
20160321,1,
20160322,1,
20160323,1,
20160324,1,
20160325,1,
20160326,1,
20160327,1,
20160328,1,
20160329,1,
20160330,1,
20160331,1,
20160401,1,
20160402,1,
20160403,1,
20160404,1,
20160405,1,
20160406,1,
20160407,1,
20160408,1,
20160409,1,
20160410,1,
20160411,1,
20160412,1,
20160413,1,
20160414,1,
20160415,1,
20160416,1,
20160417,1,
20160418,1,
20160419,1,
20160420,1,
20160421,1,
20160422,1,
20160423,1,
20160424,1,
20160425,1,
20160426,1,
20160427,1,
20160428,1,
20160429,1,
20160430,1,
20160501,1,
20160502,1,
20160503,1,
20160504,1,
20160505,1,
20160506,1,
20160507,1,
20160508,1,
20160509,1,
20160510,1,
20160511,1,
20160512,1,
20160513,1.01,
20160514,1.01,
20160515,1.01,
20160516,1.01,
20160517,1.01,
20160518,1.01,
20160519,1.02,
20160520,1.02,
20160521,1.02,
20160522,1.02,
20160523,1.02,
20160524,1.02,
20160525,1.02,
20160526,1.02,
20160527,1.02,
20160528,1.02,
20160529,1.02,
20160530,1.03,
20160531,1.04,
20160601,1.05,
20160602,1.06,
20160603,1.07,
20160604,1.07,
20160605,1.07,
20160606,1.07,
20160607,1.08,
20160608,1.08,
20160609,1.1,
20160610,1.13,
20160611,1.15,
20160612,1.19,
20160613,1.21,
20160614,1.24,
20160615,1.27,
20160616,1.29,
20160617,1.3,
20160618,1.36,
20160619,1.43,
20160620,1.49,
20160621,1.54,
20160622,1.61,
20160623,1.68,
20160624,1.88,
20160625,2,
20160626,2.11,
20160627,2.24,
20160628,2.56,
20160629,3.06,
20160630,3.42,
20160701,3.82,
20160702,4.22,
20160703,4.41,
20160704,4.66,
20160705,5.25,
20160706,5.67,
20160707,6.06,
20160708,6.39,
20160709,6.68,
20160710,7.04,
20160711,7.92,
20160712,7.97,
20160713,8.07,
20160714,7.85,
20160715,7.93,
20160716,8.05,
20160717,8.11,
20160718,8.17,
20160719,8.13,
20160720,8.09,
20160721,8.16,
20160722,8.25,
20160723,8.16,
20160724,8.23,
20160725,8.24,
20160726,8.18,
20160727,8.14,
20160728,8.13,
20160729,8.13,
20160730,8.08,
20160731,8.06,
20160801,8.04,
20160802,8.03,
20160803,8.03,
20160804,8.1,
20160805,8.26,
20160806,8.08,
20160807,8.1,
20160808,8.16,
20160809,8.1,
20160810,7.91,
20160811,8.05,
20160812,8.08,
20160813,8.15,
20160814,8.07,
20160815,8.08,
20160816,8.21,
20160817,8.05,
20160818,7.88,
20160819,7.89,
20160820,7.91,
20160821,7.94,
20160822,7.85,
20160823,7.77,
20160824,7.85,
20160825,7.85,
20160826,7.78,
20160827,7.68,
20160828,7.58,
20160829,7.5,
20160830,7.4,
20160831,7.32,
20160901,7.24,
20160902,7.15,
20160903,6.99,
20160904,6.98,
20160905,6.77,
20160906,6.75,
20160907,6.7,
20160908,6.47,
20160909,6.23,
20160910,6,
20160911,5.76,
20160912,5.51,
20160913,5.21,
20160914,4.93,
20160915,4.67,
20160916,4.56,
20160917,4.5,
20160918,4.45,
20160919,4.38,
20160920,4.3,
20160921,4.3,
20160922,4.36,
20160923,4.43,
20160924,4.58,
20160925,5.13,
20160926,5.55,
20160927,5.94,
20160928,6.24,
20160929,6.48,
20160930,6.68,
20161001,6.87,
20161002,7.08,
20161003,7.27,
20161004,7.1,
20161005,6.44,
20161006,5.87,
20161007,5.49,
20161008,5.03,
20161009,4.56,
20161010,4.32,
20161011,4.25,
20161012,4.25,
20161013,4.29,
20161014,4.33,
20161015,4.38,
20161016,4.42,
20161017,4.46,
20161018,4.48,
20161019,4.51,
20161020,4.54,
20161021,4.56,
20161022,4.57,
20161023,4.58,
20161024,4.62,
20161025,4.47,
20161026,4.36,
20161027,4.24,
20161028,4.1,
20161029,3.88,
20161030,3.58,
20161031,3.42,
20161101,3.26,
20161102,3.14,
20161103,3.1,
20161104,3.11,
20161105,3.12,
20161106,3.13,
20161107,3.14,
20161108,3.15,
20161109,3.16,
20161110,3.16,
20161111,3.05,
20161112,2.78,
20161113,2.49,
20161114,2.21,
20161115,2.03,
20161116,2.04,
20161117,2.06,
20161118,2.07,
20161119,2.09,
20161120,2.1,
20161121,2.11,
20161122,2.13,
20161123,2.14,
20161124,2.16,
20161125,2.16,
20161126,2.17,
20161127,2.19,
20161128,2.2,
20161129,2.22,
20161130,2.23,
20161201,2.25,
20161202,2.26,
20161203,2.27,
20161204,2.29,
20161205,2.3,
20161206,2.32,
20161207,2.33,
20161208,2.34,
20161209,2.35,
20161210,2.36,
20161211,2.37,
20161212,2.38,
20161213,2.39,
20161214,2.42,
20161215,2.44,
20161216,2.46,
20161217,2.47,
20161218,2.48,
20161219,2.49,
20161220,2.5,
20161221,2.51,
20161222,2.52,
20161223,2.53,
20161224,2.53,
20161225,2.54,
20161226,2.54,
20161227,2.55,
20161228,2.56,
20161229,2.56,
20161230,2.57,
20161231,2.57,
20170101,2.58,
20170102,2.58,
20170103,2.59,
20170104,2.59,
20170105,2.59,
20170106,2.6,
20170107,2.6,
20170108,2.61,
20170109,2.61,
20170110,2.61,
20170111,2.62,
20170112,2.62,
20170113,2.62,
20170114,2.63,
20170115,2.63,
20170116,2.63,
20170117,2.63,
20170118,2.64,
20170119,2.64,
20170120,2.64,
20170121,2.64,
20170122,2.64,
20170123,2.64,
20170124,2.64,
20170125,2.64,
20170126,2.64,
20170127,2.65,
20170128,2.67,
20170129,2.69,
20170130,2.7,
20170131,2.7,
20170201,2.7,
20170202,2.71,
20170203,2.71,
20170204,2.71,
20170205,2.71,
20170206,2.71,
20170207,2.71,
20170208,2.71,
20170209,2.71,
20170210,2.71,
20170211,2.71,
20170212,2.71,
20170213,2.71,
20170214,2.71,
20170215,2.71,
20170216,2.71,
20170217,2.71,
20170218,2.71,
20170219,2.71,
20170220,2.7,
20170221,2.7,
20170222,2.7,
20170223,2.7,
20170224,2.62,
20170225,2.41,
20170226,2.05,
20170227,1.86,
20170228,1.75,
20170301,1.75,
20170302,1.75,
20170303,1.75,
20170304,1.74,
20170305,1.74,
20170306,1.74,
20170307,1.74,
20170308,1.74,
20170309,1.73,
20170310,1.73,
20170311,1.73,
20170312,1.72,
20170313,1.72,
20170314,1.72,
20170315,1.72,
20170316,1.72,
20170317,1.72,
20170318,1.71,
20170319,1.71,
20170320,1.71,
20170321,1.71,
20170322,1.7,
20170323,1.7,
20170324,1.7,
20170325,1.7,
20170326,1.67,
20170327,1.69,
20170328,1.69,
20170329,1.68,
20170330,1.68,
20170331,1.68,
20170401,1.67,
20170402,1.67,
20170403,1.67,
20170404,1.66,
20170405,1.66,
20170406,1.66,
20170407,1.66,
20170408,1.65,
20170409,1.66,
20170410,1.66,
20170411,1.65,
20170412,1.65,
20170413,1.65,
20170414,1.65,
20170415,1.65,
20170416,1.65,
20170417,1.64,
20170418,1.64,
20170419,1.64,
20170420,1.63,
20170421,1.63,
20170422,1.63,
20170423,1.63,
20170424,1.63,
20170425,1.62,
20170426,1.62,
20170427,1.62,
20170428,1.61,
20170429,1.61,
20170430,1.61,
20170501,1.6,
20170502,1.61,
20170503,1.62,
20170504,1.62,
20170505,1.62,
20170506,1.62,
20170507,1.62,
20170508,1.62,
20170509,1.62,
20170510,1.62,
20170511,1.62,
20170512,1.62,
20170513,1.62,
20170514,1.62,
20170515,1.62,
20170516,1.62,
20170517,1.62,
20170518,1.62,
20170519,1.63,
20170520,1.63,
20170521,1.64,
20170522,1.64,
20170523,1.64,
20170524,1.64,
20170525,1.64,
20170526,1.63,
20170527,1.64,
20170528,1.63,
20170529,1.63,
20170530,1.63,
20170531,1.64,
20170601,1.65,
20170602,1.65,
20170603,1.66,
20170604,1.66,
20170605,1.66,
20170606,1.67,
20170607,1.67,
20170608,1.68,
20170609,1.69,
20170610,1.69,
20170611,1.72,
20170612,1.84,
20170613,1.9,
20170614,1.96,
20170615,2.03,
20170616,2.13,
20170617,2.15,
20170618,2.15,
20170619,2.16,
20170620,2.17,
20170621,2.18,
20170622,2.21,
20170623,2.21,
20170624,2.28,
20170625,2.34,
20170626,2.42,
20170627,2.6,
20170628,2.73,
20170629,2.81,
20170630,2.87,
20170701,2.97,
20170702,3,
20170703,3,
20170704,3,
20170705,3,
20170706,3,
20170707,3,
20170708,3,
20170709,3.46,
20170710,3.49,
20170711,3.52,
20170712,3.54,
20170713,3.61,
20170714,3.72,
20170715,3.83,
20170716,3.95,
20170717,4.08,
20170718,4.19,
20170719,4.68,
20170720,5.86,
20170721,6.56,
20170722,7.15,
20170723,7.79,
20170724,8.04,
20170725,8.22,
20170726,8.26,
20170727,8.23,
20170728,8.23,
20170729,8.34,
20170730,8.3,
20170731,8.2,
20170801,8.22,
20170802,8.22,
20170803,8.17,
20170804,8.26,
20170805,8.3,
20170806,8.23,
20170807,8.35,
20170808,8.37,
20170809,8.26,
20170810,8.1,
20170811,7.9,
20170812,7.84,
20170813,7.71,
20170814,7.51,
20170815,7.3,
20170816,7.23,
20170817,7.18,
20170818,7.14,
20170819,7.22,
20170820,7.74,
20170821,8.2,
20170822,8.11,
20170823,7.94,
20170824,7.98,
20170825,8.15,
20170826,8.25,
20170827,8.31,
20170828,8.3,
20170829,8.22,
20170830,7.88,
20170831,8.08,
20170901,8.19,
20170902,8.16,
20170903,8.08,
20170904,7.98,
20170905,7.84,
20170906,7.89,
20170907,7.81,
20170908,7.86,
20170909,7.85,
20170910,7.88,
20170911,7.92,
20170912,7.92,
20170913,7.87,
20170914,7.84,
20170915,7.78,
20170916,7.7,
20170917,7.71,
20170918,7.89,
20170919,8.05,
20170920,8.33,
20170921,8.19,
20170922,8.18,
20170923,8.1,
20170924,8.2,
20170925,8.26,
20170926,8.17,
20170927,8.06,
20170928,8.07,
20170929,8,
20170930,7.91,
20171001,8.02,
20171002,8.15,
20171003,8.05,
20171004,8.06,
20171005,8.05,
20171006,8.04,
20171007,8.04,
20171008,8.01,
20171009,7.98,
20171010,8.03,
20171011,8.12,
20171012,8.21,
20171013,8.26,
20171014,8.21,
20171015,8.14,
20171016,8.09,
20171017,8.03,
20171018,8.03,
20171019,8.07,
20171020,8.07,
20171021,8.04,
20171022,8.05,
20171023,8.1,
20171024,8.09,
20171025,8,
20171026,7.77,
20171027,7.53,
20171028,7.26,
20171029,6.96,
20171030,6.73,
20171031,6.52,
20171101,6.32,
20171102,6.11,
20171103,5.9,
20171104,5.68,
20171105,5.45,
20171106,5.22,
20171107,4.99,
20171108,4.77,
20171109,4.57,
20171110,4.45,
20171111,4.32,
20171112,4.18,
20171113,4.03,
20171114,3.89,
20171115,3.74,
20171116,3.61,
20171117,3.52,
20171118,3.46,
20171119,3.4,
20171120,3.34,
20171121,3.3,
20171122,3.31,
20171123,3.32,
20171124,3.33,
20171125,3.33,
20171126,3.33,
20171127,3.32,
20171128,3.3,
20171129,3.25,
20171130,3.2,
20171201,3.15,
20171202,3.12,
20171203,3.05,
20171204,2.96,
20171205,2.88,
20171206,2.79,
20171207,2.75,
20171208,2.66,
20171209,2.61,
20171210,2.56,
20171211,2.52,
20171212,2.47,
20171213,2.43,
20171214,2.41,
20171215,2.42,
20171216,2.43,
20171217,2.45,
20171218,2.46,
20171219,2.47,
20171220,2.47,
20171221,2.48,
20171222,2.49,
20171223,2.5,
20171224,2.51,
20171225,2.52,
20171226,2.52,
20171227,2.53,
20171228,2.54,
20171229,2.54,
20171230,2.55,
20171231,2.56,
20180101,2.56,
20180102,2.57,
20180103,2.57,
20180104,2.58,
20180105,2.59,
20180106,2.59,
20180107,2.6,
20180108,2.6,
20180109,2.61,
20180110,2.61,
20180111,2.62,
20180112,2.62,
20180113,2.62,
20180114,2.63,
20180115,2.63,
20180116,2.63,
20180117,2.64,
20180118,2.64,
20180119,2.64,
20180120,2.65,
20180121,2.65,
20180122,2.65,
20180123,2.65,
20180124,2.66,
20180125,2.66,
20180126,2.66,
20180127,2.66,
20180128,2.67,
20180129,2.67,
20180130,2.67,
20180131,2.67,
20180201,2.67,
20180202,2.67,
20180203,2.68,
20180204,2.68,
20180205,2.68,
20180206,2.68,
20180207,2.68,
20180208,2.68,
20180209,2.68,
20180210,2.69,
20180211,2.69,
20180212,2.69,
20180213,2.67,
20180214,2.63,
20180215,2.58,
20180216,2.53,
20180217,2.47,
20180218,2.42,
20180219,2.32,
20180220,2.22,
20180221,2.19,
20180222,2.19,
20180223,2.19,
20180224,2.19,
20180225,2.19,
20180226,2.18,
20180227,2.18,
20180228,2.18,
20180301,2.18,
20180302,2.18,
20180303,2.17,
20180304,2.17,
20180305,2.17,
20180306,2.17,
20180307,2.17,
20180308,2.16,
20180309,2.16,
20180310,2.16,
20180311,2.16,
20180312,2.15,
20180313,2.15,
20180314,2.15,
20180315,2.16,
20180316,2.17,
20180317,2.18,
20180318,2.18,
20180319,2.18,
20180320,2.19,
20180321,2.2,
20180322,2.17,
20180323,2.12,
20180324,2.07,
20180325,2.02,
20180326,1.98,
20180327,1.93,
20180328,1.88,
20180329,1.83,
20180330,1.77,
20180331,1.72,
20180401,1.72,
20180402,1.72,
20180403,1.72,
20180404,1.73,
20180405,1.73,
20180406,1.73,
20180407,1.73,
20180408,1.73,
20180409,1.73,
20180410,1.73,
20180411,1.73,
20180412,1.73,
20180413,1.74,
20180414,1.75,
20180415,1.75,
20180416,1.75,
20180417,1.75,
20180418,1.76,
20180419,1.76,
20180420,1.76,
20180421,1.76,
20180422,1.77,
20180423,1.77,
20180424,1.77,
20180425,1.77,
20180426,1.77,
20180427,1.78,
20180428,1.78,
20180429,1.78,
20180430,1.78,
20180501,1.78,
20180502,1.78,
20180503,1.78,
20180504,1.78,
20180505,1.78,
20180506,1.78,
20180507,1.78,
20180508,1.78,
20180509,1.79,
20180510,1.81,
20180511,1.81,
20180512,1.83,
20180513,1.84,
20180514,1.85,
20180515,1.82,
20180516,1.74,
20180517,1.61,
20180518,1.61,
20180519,1.36,
20180520,1.16,
20180521,0.93,
20180522,0.75,
20180523,0.57,
20180524,0.48,
20180525,0.4,
20180526,0.34,
20180527,0.32,
20180528,0.34,
20180529,0.37,
20180530,0.45,
20180531,0.55,
20180601,0.58,
20180602,0.59,
20180603,0.61,
20180604,0.64,
20180605,0.67,
20180606,0.69,
20180607,0.71,
20180608,0.73,
20180609,0.88,
20180610,1.21,
20180611,1.62,
20180612,2.24,
20180613,2.68,
20180614,2.99,
20180615,3.19,
20180616,3.27,
20180617,3.33,
20180618,3.38,
20180619,3.42,
20180620,3.47,
20180621,3.52,
20180622,3.6,
20180623,3.7,
20180624,3.81,
20180625,3.91,
20180626,4.01,
20180627,4.16,
20180628,4.45,
20180629,4.92,
20180630,5.25,
20180701,5.48,
20180702,5.66,
20180703,5.82,
20180704,5.98,
20180705,6.13,
20180706,6.25,
20180707,6.47,
20180708,7.73,
20180709,8,
20180710,8,
20180711,8,
20180712,8,
20180713,8,
20180714,8,
20180715,8,
20180716,7.69,
20180717,7.53,
20180718,7.62,
20180719,8.09,
20180720,7.65,
20180721,7.83,
20180722,7.96,
20180723,7.7,
20180724,7.66,
20180725,7.94,
20180726,7.55,
20180727,7.59,
20180728,7.53,
20180729,7.71,
20180730,7.87,
20180731,7.98,
20180801,8.11,
20180802,7.92,
20180803,7.78,
20180804,7.91,
20180805,8.06,
20180806,8.12,
20180807,8.19,
20180808,8.12,
20180809,8.31,
20180810,7.37,
20180811,7.78,
20180812,7.5,
20180813,7.86,
20180814,7.79,
20180815,7.67,
20180816,7.7,
20180817,7.1,
20180818,6.61,
20180819,6.3,
20180820,6.17,
20180821,6.68,
20180822,7.74,
20180823,7.6,
20180824,8.02,
20180825,7.22,
20180826,7.11,
20180827,7.3,
20180828,7.47,
20180829,7.61,
20180830,7.61,
20180831,7.37,
20180901,7.2,
20180902,7.22,
20180903,7.28,
20180904,7.2,
20180905,7.13,
20180906,7.2,
20180907,7.3,
20180908,7.37,
20180909,7.43,
20180910,7.69,
20180911,7.63,
20180912,7.65,
20180913,7.61,
20180914,7.54,
20180915,7.47,
20180916,7.47,
20180917,7.34,
20180918,7.27,
20180919,7.2,
20180920,7.12,
20180921,7.07,
20180922,6.97,
20180923,6.87,
20180924,6.77,
20180925,6.72,
20180926,6.7,
20180927,6.75,
20180928,6.82,
20180929,6.82,
20180930,6.96,
20181001,6.99,
20181002,6.97,
20181003,6.91,
20181004,6.84,
20181005,6.79,
20181006,6.76,
20181007,6.73,
20181008,6.7,
20181009,6.7,
20181010,6.72,
20181011,6.71,
20181012,6.68,
20181013,6.63,
20181014,6.61,
20181015,6.53,
20181016,6.45,
20181017,6.37,
20181018,6.31,
20181019,6.23,
20181020,6.17,
20181021,6.09,
20181022,5.99,
20181023,5.89,
20181024,5.8,
20181025,5.7,
20181026,5.61,
20181027,5.5,
20181028,5.4,
20181029,5.28,
20181030,5.15,
20181031,5.01,
20181101,4.85,
20181102,4.76,
20181103,4.62,
20181104,4.53,
20181105,4.47,
20181106,4.41,
20181107,4.33,
20181108,4.26,
20181109,4.18,
20181110,4.11,
20181111,4.04,
20181112,3.96,
20181113,3.87,
20181114,3.78,
20181115,3.69,
20181116,3.69,
20181117,3.52,
20181118,3.48,
20181119,3.43,
20181120,3.38,
20181121,3.33,
20181122,3.28,
20181123,3.23,
20181124,3.18,
20181125,3.13,
20181126,3.08,
20181127,3.02,
20181128,2.93,
20181129,2.83,
20181130,2.74,
20181201,2.65,
20181202,2.56,
20181203,2,
20181204,2,
20181205,2,
20181206,2,
20181207,2,
20181208,2,
20181209,2,
20181210,1.86,
20181211,1.79,
20181212,1.73,
20181213,1.67,
20181214,1.64,
20181215,1.58,
20181216,1.55,
20181217,1.51,
20181218,1.47,
20181219,1.47,
20181220,1.48,
20181221,1.5,
20181222,1.51,
20181223,1.53,
20181224,1.54,
20181225,1.56,
20181226,1.57,
20181227,1.59,
20181228,1.6,
20181229,1.61,
20181230,1.62,
20181231,1.64,
20190101,1.65,
20190102,1.66,
20190103,1.67,
20190104,1.68,
20190105,1.69,
20190106,1.7,
20190107,1.7,
20190108,1.71,
20190109,1.72,
20190110,1.73,
20190111,1.74,
20190112,1.74,
20190113,1.75,
20190114,1.76,
20190115,1.77,
20190116,1.77,
20190117,1.78,
20190118,1.79,
20190119,1.79,
20190120,1.8,
20190121,1.8,
20190122,1.81,
20190123,1.81,
20190124,1.82,
20190125,1.82,
20190126,1.83,
20190127,1.83,
20190128,1.84,
20190129,1.85,
20190130,1.85,
20190131,1.86,
20190201,2.67,
20190202,2.67,
20190203,2.68,
20190204,2.68,
20190205,2.68,
20190206,2.68,
20190207,2.68,
20190208,2.68,
20190209,2.68,
20190210,2.69,
20190211,2.69,
20190212,2.69,
20190213,2.67,
20190214,2.63,
20190215,2.58,
20190216,2.53,
20190217,2.47,
20190218,2.42,
20190219,2.32,
20190220,2.22,
20190221,2.19,
20190222,2.19,
20190223,2.19,
20190224,2.19,
20190225,2.19,
20190226,2.18,
20190227,2.18,
20190228,2.18,
20190301,1.92,
20190302,1.92,
20190303,1.92,
20190304,1.92,
20190305,1.92,
20190306,1.92,
20190307,1.92,
20190308,1.92,
20190309,1.92,
20190310,1.91,
20190311,1.92,
20190312,1.91,
20190313,1.91,
20190314,1.91,
20190315,1.9,
20190316,1.89,
20190317,1.87,
20190318,1.86,
20190319,1.84,
20190320,1.82,
20190321,1.81,
20190322,1.8,
20190323,1.78,
20190324,1.77,
20190325,1.75,
20190326,1.73,
20190327,1.71,
20190328,1.71,
20190329,1.67,
20190330,1.65,
20190331,1.63,
20190401,1.61,
20190402,1.59,
20190403,1.57,
20190404,1.55,
20190405,1.54,
20190406,1.52,
20190407,1.5,
20190408,1.49,
20190409,1.48,
20190410,1.46,
20190411,1.47,
20190412,1.48,
20190413,1.48,
20190414,1.49,
20190415,1.48,
20190416,1.48,
20190417,1.48,
20190418,1.49,
20190419,1.49,
20190420,1.5,
20190421,1.5,
20190422,1.51,
20190423,1.51,
20190424,1.51,
20190425,1.51,
20190426,1.51,
20190427,1.51,
20190428,1.51,
20190429,1.51,
20190430,1.52,
20190501,1.52,
20190502,1.52,
20190503,1.52,
20190504,1.52,
20190505,1.52,
20190506,1.52,
20190507,1.52,
20190508,1.52,
20190509,1.53,
20190510,1.54,
20190511,1.54,
20190512,1.54,
20190513,1.54,
20190514,1.54,
20190515,1.54,
20190516,1.54,
20190517,1.54,
20190518,1.55,
20190519,1.55,
20190520,1.55,
20190521,1.55,
20190522,1.55,
20190523,1.56,
20190524,1.56,
20190525,1.56,
20190526,1.56,
20190527,1.56,
20190528,1.56,
20190529,1.56,
20190530,1.56,
20190531,1.56,
20190601,1.56,
20190602,1.55,
20190603,1.55,
20190604,1.55,
20190605,1.54,
20190606,1.53,
20190607,1.53,
20190608,1.52,
20190609,1.51,
20190610,1.5,
20190611,1.5,
20190612,1.51,
20190613,1.51,
20190614,1.52,
20190615,1.54,
20190616,1.54,
20190617,1.55,
20190618,1.55,
20190619,1.56,
20190620,1.56,
20190621,1.58,
20190622,1.6,
20190623,1.61,
20190624,1.62,
20190625,1.64,
20190626,1.65,
20190627,1.67,
20190628,1.68,
20190629,1.69,
20190630,1.7,
20190701,1.72,
20190702,1.75,
20190703,1.78,
20190704,1.81,
20190705,1.84,
20190706,1.89,
20190707,1.97,
20190708,2.01,
20190709,2.06,
20190710,2.17,
20190711,2.32,
20190712,2.41,
20190713,2.47,
20190714,2.52,
20190715,2.56,
20190716,2.6,
20190717,2.63,
20190718,2.68,
20190719,2.77,
20190720,2.96,
20190721,3.11,
20190722,3.21,
20190723,3.34,
20190724,3.43,
20190725,3.47,
20190726,3.5,
20190727,3.52,
20190728,3.53,
20190729,3.53,
20190730,3.55,
20190731,3.58,
20190801,3.58,
20190802,3.54,
20190803,3.51,
20190804,3.51,
20190805,3.51,
20190806,3.66,
20190807,4.43,
20190808,5.88,
20190809,6.21,
20190810,6.34,
20190811,6.22,
20190812,6.51,
20190813,7.4,
20190814,7.73,
20190815,8.12,
20190816,8.07,
20190817,8.14,
20190818,8.08,
20190819,8.14,
20190820,8.17,
20190821,8.19,
20190822,8.2,
20190823,8.16,
20190824,8.17,
20190825,8.15,
20190826,8.16,
20190827,8.19,
20190828,8.16,
20190829,8.17,
20190830,8.16,
20190831,8.22,
20190901,8.22,
20190902,8.24,
20190903,8.21,
20190904,8.17,
20190905,8.23,
20190906,7.96,
20190907,8.1,
20190908,8.04,
20190909,8.15,
20190910,8.1,
20190911,8.19,
20190912,8.25,
20190913,8.14,
20190914,8.18,
20190915,8.19,
20190916,8.25,
20190917,8.24,
20190918,8.16,
20190919,8.17,
20190920,8.21,
20190921,8.21,
20190922,8.19,
20190923,8.16,
20190924,8.12,
20190925,8.06,
20190926,8.03,
20190927,7.96,
20190928,7.88,
20190929,7.8,
20190930,7.7,
20191001,8.5,
20191002,7.53,
20191003,7.42,
20191004,7.25,
20191005,7.21,
20191006,7.21,
20191007,7.45,
20191008,7.6,
20191009,7.79,
20191010,7.9,
20191011,8,
20191012,8.07,
20191013,8.09,
20191014,8.09,
20191015,8.08,
20191016,8.1,
20191017,8.17,
20191018,8.21,
20191019,8.25,
20191020,8.24,
20191021,8.24,
20191022,8.24,
20191023,8.2,
20191024,8.18,
20191025,8.16,
20191026,8.14,
20191027,8.04,
20191028,8.04,
20191029,7.97,
20191030,7.93,
20191031,7.85,
20191101,7.78,
20191102,7.78,
20191103,7.79,
20191104,7.78,
20191105,7.67,
20191106,7.57,
20191107,7.5,
20191108,7.5,
20191109,7.35,
20191110,7.26,
20191111,7.14,
20191112,,
20191113,6.87,
20191114,6.75,
20191115,6.65,
20191116,6.55,
20191117,6.44,
20191118,6.34,
20191119,6.23,
20191120,6.11,
20191121,5.99,
20191122,5.87,
20191123,5.75,
20191124,5.62,
20191125,5.49,
20191126,5.36,
20191127,5.22,
20191128,5.08,
20191129,4.94,
20191130,4.8,
20191201,4.66,
20191202,4.57,
20191203,4.51,
20191204,4.45,
20191205,4.39,
20191206,4.33,
20191207,4.26,
20191208,4.2,
20191209,4.13,
20191210,4.06,
20191211,4,
20191212,3.94,
20191213,3.87,
20191214,3.8,
20191215,3.75,
20191216,3.71,
20191217,3.67,
20191218,3.63,
20191219,3.6,
20191220,3.58,
20191221,3.58,
20191222,3.13,
20191223,3.12,
20191224,3.53,
20191225,3.51,
20191226,3.49,
20191227,3.47,
20191228,3.44,
20191229,3.43,
20191230,3.42,
20191231,3.43,
20200101,3.43,
20200102,3.44,
20200103,3.44,
20200104,3.45,
20200105,3.45,
20200106,3.46,
20200107,3.46,
20200108,3.47,
20200109,3.47,
20200110,3.48,
20200111,3.48,
20200112,3.48,
20200113,3.49,
20200114,3.49,
20200115,3.49,
20200116,3.5,
20200117,3.5,
20200118,3.5,
20200119,3.51,
20200120,3.51,
20200121,3.51,
20200122,3.52,
20200123,3.52,
20200124,3.52,
20200125,3.52,
20200126,3.52,
20200127,3.52,
20200128,3.53,
20200129,3.53,
20200130,3.53,
20200131,3.53,
20200201,3.53,
20200202,3.54,
20200203,3.54,
20200204,3.54,
20200205,3.54,
20200206,3.54,
20200207,3.54,
20200208,3.55,
20200209,3.55,
20200210,3.55,
20200211,3.55,
20200212,3.55,
20200213,3.55,
20200214,3.55,
20200215,3.55,
20200216,3.55,
20200217,3.55,
20200218,3.55,
20200219,3.55,
20200220,3.55,
20200221,3.55,
20200222,3.55,
20200223,3.55,
20200224,3.55,
20200225,3.55,
20200226,3.55,
20200227,3.55,
20200228,3.55,
20200229,3.54,
20200301,3.54,
20200302,3.54,
20200303,3.54,
20200304,3.54,
20200305,3.54,
20200306,3.54,
20200307,3.54,
20200308,3.54,
20200309,3.54,
20200310,3.54,
20200311,3.54,
20200312,3.54,
20200313,3.53,
20200314,3.53,
20200315,3.53,
20200316,3.53,
20200317,3.53,
20200318,3.52,
20200319,3.52,
20200320,3.51,
20200321,3.5,
20200322,3.47,
20200323,3.45,
20200324,3.42,
20200325,3.41,
20200326,3.41,
20200327,3.41,
20200328,3.41,
20200329,3.4,
20200330,3.4,
20200331,3.4,
20200401,3.39,
20200402,3.39,
20200403,3.39,
20200404,3.38,
20200405,3.38,
20200406,3.38,
20200407,3.37,
20200408,3.38,
20200409,3.38,
20200410,3.37,
20200411,3.37,
20200412,3.37,
20200413,3.37,
20200414,3.37,
20200415,3.37,
20200416,3.37,
20200417,3.37,
20200418,3.36,
20200419,3.36,
20200420,3.36,
20200421,3.36,
20200422,3.36,
20200423,3.36,
20200424,3.35,
20200425,3.36,
20200426,3.36,
20200427,3.36,
20200428,3.36,
20200429,3.36,
20200430,3.36,
20200501,3.36,
20200502,3.36,
20200503,3.36,
20200504,3.36,
20200505,3.36,
20200506,3.35,
20200507,3.35,
20200508,3.35,
20200509,3.35,
20200510,3.35,
20200511,3.35,
20200512,3.35,
20200513,3.35,
20200514,3.35,
20200515,3.35,
20200516,3.35,
20200517,3.35,
20200518,3.35,
20200519,3.37,
20200520,3.38,
20200521,3.38,
20200522,3.38,
20200523,3.38,
20200524,3.38,
20200525,3.38,
20200526,3.38,
20200527,3.38,
20200528,3.38,
20200529,3.38,
20200530,3.38,
20200531,3.38,
20200601,3.38,
20200602,3.38,
20200603,3.38,
20200604,3.38,
20200605,3.39,
20200606,3.39,
20200607,3.4,
20200608,3.41,
20200609,3.41,
20200610,3.41,
20200611,3.42,
20200612,3.43,
20200613,3.45,
20200614,3.46,
20200615,3.49,
20200616,3.5,
20200617,3.52,
20200618,3.56,
20200619,3.63,
20200620,3.66,
20200621,3.7,
20200622,3.75,
20200623,3.81,
20200624,3.84,
20200625,3.87,
20200626,3.89,
20200627,3.9,
20200628,3.92,
20200629,3.95,
20200630,4.04,
20200701,4.11,
20200702,4.15,
20200703,4.24,
20200704,4.37,
20200705,4.51,
20200706,4.65,
20200707,4.98,
20200708,5.32,
20200709,,
20200710,,
20200711,,
20200712,,
20200713,,
20200714,,
20200715,,
20200716,,
20200717,,
20200718,,
20200719,,
20200720,,
20200721,,
20200722,,
20200723,7.31,
20200724,7.49,
20200725,7.61,
20200726,7.72,
20200727,7.81,
20200728,7.91,
20200729,8.01,
20200730,7.99,
20200731,7.87,
20200801,7.79,
20200802,7.75,
20200803,7.72,
20200804,7.71,
20200805,7.47,
20200806,,
20200807,,
20200808,,
20200809,,
20200810,,
20200811,,
20200812,,
20200813,7.9,
20200814,8.04,
20200815,8.15,
20200816,8.21,
20200817,8.22,
20200818,8.26,
20200819,8.15,
20200820,8.19,
20200821,8.29,
20200822,8.22,
20200823,8.25,
20200824,8.24,
20200825,8.22,
20200826,8.16,
20200827,8.14,
20200828,8.1,
20200829,8.04,
20200830,7.97,
20200831,7.91,
20200901,7.83,
20200902,7.82,
20200903,7.75,
20200904,7.67,
20200905,7.67,
20200906,7.65,
20200907,7.66,
20200908,7.63,
20200909,7.62,
20200910,7.64,
20200911,7.59,
20200912,7.56,
20200913,7.63,
20200914,7.8,
20200915,7.96,
20200916,8.05,
20200917,8.13,
20200918,8.26,
20200919,8.38,
20200920,8.33,
20200921,8.01,
20200922,8.14,
20200923,8.18,
20200924,8.3,
20200925,8.41,
20200926,8.45,
20200927,8.46,
20200928,8.46,
20200929,8.47,
20200930,8.46,
20201001,8.44,
20201002,8.38,
20201003,8.41,
20201004,8.38,
20201005,8.31,
20201006,8.22,
20201007,8.15,
20201008,8.16,
20201009,8.12,
20201010,8.05,
20201011,8.04,
20201012,7.97,
20201013,8.07,
20201014,8.25,
20201015,8.29,
20201016,8.27,
20201017,8.31,
20201018,8.32,
20201019,8.33,
20201020,8.32,
20201021,8.29,
20201022,8.3,
20201023,8.33,
20201024,8.31,
20201025,8.3,
20201026,8.3,
20201027,8.24,
20201028,8.13,
20201029,8.11,
20201030,8,
20201031,7.86,
20201101,7.72,
20201102,7.58,
20201103,7.44,
20201104,7.29,
20201105,7.12,
20201106,6.94,
20201107,6.78,
20201108,6.66,
20201109,6.53,
20201110,6.4,
20201111,6.27,
20201112,6.13,
20201113,5.99,
20201114,5.85,
20201115,5.73,
20201116,5.59,
20201117,5.44,
20201118,5.29,
20201119,5.15,
20201120,5.12,
20201121,5,
20201122,4.85,
20201123,4.69,
20201124,4.55,
20201125,4.48,
20201126,4.4,
20201127,4.32,
20201128,4.24,
20201129,4.16,
20201130,4.08,
20201201,3.99,
20201202,3.91,
20201203,3.81,
20201204,3.72,
20201205,3.63,
20201206,3.54,
20201207,3.49,
20201208,3.44,
20201209,3.39,
20201210,3.34,
20201211,3.29,
20201212,3.24,
20201213,3.19,
20201214,3.14,
20201215,3.1,
20201216,3.07,
20201217,,
20201218,,
20201219,,
20201220,,
20201221,,
20201222,,
20201223,,
20201224,,
20201225,,
20201226,,
20201227,,
20201228,,
20201229,,
20201230,,
20201231,,
