Date,observed Inflow,
20110101,4.02144,
20110102,6.76848,
20110103,4.70112,
20110104,3.34176,
20110105,3.6816,
20110106,4.72944,
20110107,3.34176,
20110108,3.70992,
20110109,3.17184,
20110110,4.5312,
20110111,4.87104,
20110112,2.832,
20110113,2.832,
20110114,2.832,
20110115,2.832,
20110116,3.17184,
20110117,2.832,
20110118,3.51168,
20110119,2.832,
20110120,3.17184,
20110121,2.832,
20110122,1.81248,
20110123,2.832,
20110124,2.832,
20110125,2.15232,
20110126,2.09568,
20110127,2.09568,
20110128,1.81248,
20110129,2.832,
20110130,2.15232,
20110131,1.81248,
20110201,1.81248,
20110202,1.81248,
20110203,1.81248,
20110204,1.47264,
20110205,1.81248,
20110206,1.47264,
20110207,1.47264,
20110208,1.81248,
20110209,1.81248,
20110210,1.47264,
20110211,1.1328,
20110212,1.47264,
20110213,1.10448,
20110214,1.16112,
20110215,1.1328,
20110216,1.47264,
20110217,1.81248,
20110218,0.79296,
20110219,1.47264,
20110220,1.47264,
20110221,1.1328,
20110222,1.47264,
20110223,1.1328,
20110224,1.1328,
20110225,2.832,
20110226,7.24992,
20110227,1.1328,
20110228,0.79296,
20110301,1.47264,
20110302,1.1328,
20110303,0.62304,
20110304,0.96288,
20110305,0.96288,
20110306,0.96288,
20110307,0.62304,
20110308,0.62304,
20110309,0.65136,
20110310,0.82128,
20110311,0.82128,
20110312,0.82128,
20110313,0.82128,
20110314,0.82128,
20110315,0.87792,
20110316,0.96288,
20110317,1.01952,
20110318,0.90624,
20110319,0.5664,
20110320,0.5664,
20110321,0.39648,
20110322,0.76464,
20110323,0.90624,
20110324,0.90624,
20110325,0.90624,
20110326,0.90624,
20110327,0.90624,
20110328,1.07616,
20110329,1.07616,
20110330,0.65136,
20110331,1.416,
20110401,0.96288,
20110402,1.61424,
20110403,1.35936,
20110404,0.67968,
20110405,0.67968,
20110406,0.79296,
20110407,1.07616,
20110408,0.4248,
20110409,0.76464,
20110410,0.48144,
20110411,0.2832,
20110412,0.76464,
20110413,0.67968,
20110414,2.49216,
20110415,1.78416,
20110416,1.24608,
20110417,1.92576,
20110418,1.07616,
20110419,1.24608,
20110420,1.44432,
20110421,2.124,
20110422,3.85152,
20110423,3.17184,
20110424,2.63376,
20110425,4.5312,
20110426,2.124,
20110427,1.10448,
20110428,0.76464,
20110429,0.76464,
20110430,0.5664,
20110501,3.31344,
20110502,1.78416,
20110503,1.10448,
20110504,0.76464,
20110505,0.76464,
20110506,0.76464,
20110507,0.76464,
20110508,0.5664,
20110509,0.76464,
20110510,0.76464,
20110511,0.76464,
20110512,0.76464,
20110513,0.76464,
20110514,6.11712,
20110515,2.03904,
20110516,1.416,
20110517,0.96288,
20110518,2.9736,
20110519,2.832,
20110520,2.18064,
20110521,1.04784,
20110522,1.04784,
20110523,0.76464,
20110524,0.5664,
20110525,0.93456,
20110526,2.124,
20110527,0.76464,
20110528,0.4248,
20110529,2.46384,
20110530,0.76464,
20110531,0.4248,
20110601,0.4248,
20110602,0.76464,
20110603,1.78416,
20110604,4.87104,
20110605,2.832,
20110606,6.2304,
20110607,5.89056,
20110608,5.55072,
20110609,8.94912,
20110610,5.21088,
20110611,6.2304,
20110612,7.9296,
20110613,15.77424,
20110614,16.79376,
20110615,27.69696,
20110616,18.15312,
20110617,15.77424,
20110618,38.94,
20110619,42.67824,
20110620,19.88064,
20110621,10.67664,
20110622,10.95984,
20110623,19.42752,
20110624,39.84624,
20110625,57.348,
20110626,144.91344,
20110627,113.39328,
20110628,191.47152,
20110629,118.49088,
20110630,68.87424,
20110701,77.14368,
20110702,78.24816,
20110703,66.75024,
20110704,41.60208,
20110705,42.87648,
20110706,53.97792,
20110707,75.01968,
20110708,56.44176,
20110709,62.5872,
20110710,53.29824,
20110711,46.78464,
20110712,35.99472,
20110713,48.20064,
20110714,37.72224,
20110715,126.4488,
20110716,171.67584,
20110717,227.46624,
20110718,173.7432,
20110719,282.0672,
20110720,224.77584,
20110721,188.63952,
20110722,176.32032,
20110723,170.25984,
20110724,207.8688,
20110725,231.85584,
20110726,134.52,
20110727,99.60144,
20110728,119.34048,
20110729,75.6144,
20110730,36.816,
20110731,98.49696,
20110801,72.95232,
20110802,99.65808,
20110803,175.81056,
20110804,198.72144,
20110805,240.8616,
20110806,251.4816,
20110807,255.75792,
20110808,296.9352,
20110809,230.89296,
20110810,152.24832,
20110811,173.6016,
20110812,155.59008,
20110813,135.02976,
20110814,123.41856,
20110815,89.66112,
20110816,91.7568,
20110817,77.79504,
20110818,69.5256,
20110819,68.42112,
20110820,64.0032,
20110821,73.97184,
20110822,96.1464,
20110823,66.35376,
20110824,39.7896,
20110825,56.64,
20110826,50.94768,
20110827,61.22784,
20110828,71.62128,
20110829,73.46208,
20110830,94.50384,
20110831,129.19584,
20110901,120.95472,
20110902,168.7872,
20110903,213.58944,
20110904,180.22848,
20110905,204.64032,
20110906,171.02448,
20110907,107.70096,
20110908,92.04,
20110909,81.16512,
20110910,78.24816,
20110911,83.20416,
20110912,70.00704,
20110913,69.8088,
20110914,70.2336,
20110915,64.5696,
20110916,119.39712,
20110917,104.24592,
20110918,81.90144,
20110919,74.65152,
20110920,68.84592,
20110921,55.96032,
20110922,50.52288,
20110923,44.37744,
20110924,34.38048,
20110925,26.22432,
20110926,20.6736,
20110927,16.73712,
20110928,14.49984,
20110929,13.11216,
20110930,9.79872,
20111001,7.3632,
20111002,6.2304,
20111003,4.02144,
20111004,2.91696,
20111005,2.43552,
20111006,2.09568,
20111007,0.79296,
20111008,7.788,
20111009,16.284,
20111010,13.36704,
20111011,20.6736,
20111012,16.51056,
20111013,36.84432,
20111014,18.60624,
20111015,18.60624,
20111016,17.89824,
20111017,20.30544,
20111018,9.7704,
20111019,8.496,
20111020,2.86032,
20111021,4.75776,
20111022,6.5136,
20111023,2.86032,
20111024,21.55152,
20111025,14.4432,
20111026,23.70384,
20111027,10.25184,
20111028,6.82512,
20111029,7.56144,
20111030,6.9384,
20111031,1.5576,
20111101,1.5576,
20111102,1.52928,
20111103,26.79072,
20111104,53.1,
20111105,35.85312,
20111106,20.47536,
20111107,28.91472,
20111108,26.0544,
20111109,6.03216,
20111110,3.34176,
20111111,2.35056,
20111112,1.52928,
20111113,0.708,
20111114,1.30272,
20111115,1.30272,
20111116,0.708,
20111117,0.65136,
20111118,1.33104,
20111119,0.65136,
20111120,0.45312,
20111121,0.31152,
20111122,0.50976,
20111123,0.39648,
20111124,0.48144,
20111125,0.39648,
20111126,0.48144,
20111127,0.39648,
20111128,0.48144,
20111129,13.08384,
20111130,12.744,
20111201,13.08384,
20111202,12.40416,
20111203,11.328,
20111204,11.29968,
20111205,11.328,
20111206,11.328,
20111207,11.29968,
20111208,11.24304,
20111209,10.9032,
20111210,10.9032,
20111211,10.81824,
20111212,10.98816,
20111213,10.87488,
20111214,10.87488,
20111215,10.73328,
20111216,8.9208,
20111217,6.82512,
20111218,3.22848,
20111219,3.14352,
20111220,2.832,
20111221,2.71872,
20111222,0.50976,
20111223,2.5488,
20111224,1.78416,
20111225,2.03904,
20111226,1.95408,
20111227,2.18064,
20111228,1.92576,
20111229,1.95408,
20111230,4.02144,
20111231,3.76656,
20120101,1.86912,
20120102,,
20120103,,
20120104,,
20120105,,
20120106,,
20120107,,
20120108,,
20120109,,
20120110,,
20120111,,
20120112,,
20120113,,
20120114,,
20120115,,
20120116,,
20120117,,
20120118,,
20120119,,
20120120,,
20120121,,
20120122,,
20120123,,
20120124,,
20120125,,
20120126,,
20120127,,
20120128,,
20120129,,
20120130,,
20120131,,
20120201,,
20120202,,
20120203,,
20120204,,
20120205,,
20120206,,
20120207,,
20120208,,
20120209,,
20120210,,
20120211,,
20120212,,
20120213,,
20120214,,
20120215,,
20120216,,
20120217,,
20120218,,
20120219,,
20120220,,
20120221,,
20120222,,
20120223,,
20120224,,
20120225,,
20120226,,
20120227,,
20120228,,
20120229,,
20120301,,
20120302,,
20120303,,
20120304,,
20120305,,
20120306,,
20120307,,
20120308,,
20120309,,
20120310,,
20120311,,
20120312,,
20120313,,
20120314,,
20120315,,
20120316,,
20120317,,
20120318,,
20120319,,
20120320,,
20120321,,
20120322,,
20120323,,
20120324,,
20120325,,
20120326,,
20120327,,
20120328,,
20120329,,
20120330,,
20120331,,
20120401,,
20120402,,
20120403,,
20120404,,
20120405,,
20120406,,
20120407,,
20120408,,
20120409,,
20120410,,
20120411,,
20120412,,
20120413,,
20120414,,
20120415,,
20120416,,
20120417,,
20120418,,
20120419,,
20120420,,
20120421,,
20120422,,
20120423,,
20120424,,
20120425,,
20120426,,
20120427,,
20120428,,
20120429,,
20120430,,
20120501,,
20120502,,
20120503,,
20120504,,
20120505,,
20120506,,
20120507,,
20120508,,
20120509,,
20120510,,
20120511,,
20120512,,
20120513,,
20120514,,
20120515,,
20120516,,
20120517,,
20120518,,
20120519,,
20120520,,
20120521,,
20120522,,
20120523,,
20120524,,
20120525,,
20120526,,
20120527,,
20120528,,
20120529,,
20120530,,
20120531,0.39648,
20120601,0.33984,
20120602,0.39648,
20120603,0.4248,
20120604,0.39648,
20120605,0.45312,
20120606,0.4248,
20120607,0.36816,
20120608,0.36816,
20120609,0.73632,
20120610,0.65136,
20120611,3.42672,
20120612,2.29392,
20120613,1.64256,
20120614,0,
20120615,1.9824,
20120616,2.9736,
20120617,3.14352,
20120618,3.14352,
20120619,51.14592,
20120620,41.14896,
20120621,22.31616,
20120622,17.07696,
20120623,17.10528,
20120624,10.98816,
20120625,7.56144,
20120626,6.91008,
20120627,6.2304,
20120628,8.2128,
20120629,10.53504,
20120630,15.54768,
20120701,16.68048,
20120702,19.93728,
20120703,59.92512,
20120704,37.69392,
20120705,35.93808,
20120706,25.88448,
20120707,18.77616,
20120708,18.77616,
20120709,21.74976,
20120710,21.74976,
20120711,26.50752,
20120712,22.34448,
20120713,16.22736,
20120714,10.53504,
20120715,10.87488,
20120716,15.23616,
20120717,11.58288,
20120718,22.96752,
20120719,22.96752,
20120720,15.63264,
20120721,16.284,
20120722,20.36208,
20120723,82.60944,
20120724,77.5968,
20120725,61.25616,
20120726,66.72192,
20120727,163.94448,
20120728,247.71504,
20120729,159.4416,
20120730,113.47824,
20120731,81.16512,
20120801,74.14176,
20120802,93.51264,
20120803,63.66336,
20120804,100.90416,
20120805,88.18848,
20120806,102.74496,
20120807,256.97568,
20120808,192.576,
20120809,210.58752,
20120810,212.42832,
20120811,151.45536,
20120812,181.50288,
20120813,137.09712,
20120814,112.51536,
20120815,78.92784,
20120816,76.80384,
20120817,54.6576,
20120818,63.1536,
20120819,70.9416,
20120820,74.28336,
20120821,43.21632,
20120822,32.11488,
20120823,24.38352,
20120824,14.66976,
20120825,13.56528,
20120826,13.56528,
20120827,13.56528,
20120828,66.46704,
20120829,82.24128,
20120830,164.19936,
20120831,147.972,
20120901,147.972,
20120902,150.63408,
20120903,174.50784,
20120904,166.15344,
20120905,155.59008,
20120906,124.91952,
20120907,109.14528,
20120908,95.66496,
20120909,76.26576,
20120910,61.68096,
20120911,52.9584,
20120912,44.77392,
20120913,40.41264,
20120914,33.24768,
20120915,30.24576,
20120916,29.14128,
20120917,0,
20120918,0,
20120919,0,
20120920,0,
20120921,0,
20120922,0,
20120923,0,
20120924,14.27328,
20120925,17.24688,
20120926,16.68048,
20120927,14.49984,
20120928,13.0272,
20120929,13.76352,
20120930,14.47152,
20121001,25.23312,
20121002,16.59552,
20121003,17.89824,
20121004,10.22352,
20121005,10.22352,
20121006,10.22352,
20121007,6.48528,
20121008,8.89248,
20121009,5.29584,
20121010,4.75776,
20121011,5.32416,
20121012,2.77536,
20121013,5.8056,
20121014,7.70304,
20121015,4.13472,
20121016,20.84352,
20121017,8.94912,
20121018,7.9296,
20121019,6.20208,
20121020,4.72944,
20121021,3.37008,
20121022,8.29776,
20121023,7.27824,
20121024,7.61808,
20121025,6.9384,
20121026,6.59856,
20121027,6.59856,
20121028,5.2392,
20121029,6.25872,
20121030,14.21664,
20121031,17.75664,
20121101,17.5584,
20121102,43.35792,
20121103,3.05856,
20121104,25.74288,
20121105,47.23776,
20121106,17.81328,
20121107,24.32688,
20121108,18.74784,
20121109,20.56032,
20121110,20.22048,
20121111,19.51248,
20121112,18.8328,
20121113,15.46272,
20121114,24.52512,
20121115,19.62576,
20121116,6.71184,
20121117,6.71184,
20121118,6.9384,
20121119,8.18448,
20121120,7.84464,
20121121,7.2216,
20121122,7.73136,
20121123,7.27824,
20121124,7.19328,
20121125,7.02336,
20121126,6.99504,
20121127,6.31536,
20121128,10.93152,
20121129,9.3456,
20121130,3.1152,
20121201,2.9736,
20121202,3.3984,
20121203,3.3984,
20121204,2.80368,
20121205,6.42864,
20121206,7.47648,
20121207,8.41104,
20121208,8.04288,
20121209,6.42864,
20121210,5.21088,
20121211,3.73824,
20121212,7.33488,
20121213,7.30656,
20121214,6.17376,
20121215,6.40032,
20121216,5.35248,
20121217,3.65328,
20121218,3.76656,
20121219,6.40032,
20121220,6.2304,
20121221,6.25872,
20121222,7.2216,
20121223,6.76848,
20121224,6.57024,
20121225,6.5136,
20121226,6.03216,
20121227,5.97552,
20121228,6.68352,
20121229,4.27632,
20121230,3.99312,
20121231,3.28512,
20130101,0,
20130102,0,
20130103,0,
20130104,0,
20130105,0,
20130106,0,
20130107,0,
20130108,0,
20130109,0,
20130110,0,
20130111,0,
20130112,0,
20130113,0,
20130114,0,
20130115,0,
20130116,0,
20130117,0,
20130118,0,
20130119,0,
20130120,0,
20130121,0,
20130122,2.57712,
20130123,2.46384,
20130124,2.23728,
20130125,1.9824,
20130126,2.23728,
20130127,1.86912,
20130128,1.9824,
20130129,1.86912,
20130130,1.86912,
20130131,2.124,
20130201,1.86912,
20130202,1.86912,
20130203,1.86912,
20130204,1.52928,
20130205,1.64256,
20130206,1.64256,
20130207,1.64256,
20130208,1.52928,
20130209,1.75584,
20130210,2.01072,
20130211,24.80832,
20130212,0,
20130213,0,
20130214,0,
20130215,0,
20130216,0,
20130217,0,
20130218,0,
20130219,0,
20130220,0,
20130221,0,
20130222,0,
20130223,0,
20130224,0,
20130225,0,
20130226,0,
20130227,0,
20130228,0,
20130301,0,
20130302,0,
20130303,0,
20130304,0,
20130305,0,
20130306,0,
20130307,0,
20130308,0,
20130309,0,
20130310,0,
20130311,0,
20130312,0,
20130313,0,
20130314,0,
20130315,0,
20130316,0,
20130317,0,
20130318,0,
20130319,0,
20130320,0,
20130321,0,
20130322,0,
20130323,0,
20130324,0,
20130325,0,
20130326,0,
20130327,0,
20130328,0,
20130329,0,
20130330,0,
20130331,0,
20130401,0,
20130402,0,
20130403,0,
20130404,0,
20130405,0,
20130406,0,
20130407,0,
20130408,0,
20130409,0,
20130410,0,
20130411,0,
20130412,0,
20130413,0,
20130414,0,
20130415,0,
20130416,0,
20130417,0,
20130418,0,
20130419,0,
20130420,0,
20130421,0,
20130422,0,
20130423,0,
20130424,0,
20130425,0,
20130426,0,
20130427,0,
20130428,0,
20130429,0,
20130430,0,
20130501,0,
20130502,0,
20130503,0,
20130504,0,
20130505,0,
20130506,0,
20130507,0,
20130508,0,
20130509,0,
20130510,0,
20130511,0,
20130512,0,
20130513,0,
20130514,0,
20130515,0,
20130516,0,
20130517,0,
20130518,0,
20130519,0,
20130520,0,
20130521,0,
20130522,0,
20130523,0,
20130524,0,
20130525,0,
20130526,0,
20130527,0,
20130528,0,
20130529,0,
20130530,0,
20130531,0,
20130601,0,
20130602,0,
20130603,0,
20130604,0,
20130605,0,
20130606,0,
20130607,0,
20130608,0,
20130609,0,
20130610,0,
20130611,10.1952,
20130612,45.1704,
20130613,32.19984,
20130614,38.34528,
20130615,51.99552,
20130616,70.82832,
20130617,103.70784,
20130618,111.0144,
20130619,70.74336,
20130620,37.3824,
20130621,26.02608,
20130622,22.00464,
20130623,26.53584,
20130624,30.89712,
20130625,136.644,
20130626,245.5344,
20130627,391.69392,
20130628,257.23056,
20130629,147.06576,
20130630,184.27824,
20130701,101.35728,
20130702,67.20336,
20130703,62.1624,
20130704,275.8368,
20130705,272.80656,
20130706,325.59504,
20130707,227.976,
20130708,254.65344,
20130709,198.8064,
20130710,202.71456,
20130711,176.66016,
20130712,196.45584,
20130713,314.09712,
20130714,162.78336,
20130715,186.51552,
20130716,186.26064,
20130717,213.33456,
20130718,179.15232,
20130719,339.30192,
20130720,526.92192,
20130721,578.436,
20130722,457.76448,
20130723,372.71952,
20130724,278.244,
20130725,377.27904,
20130726,292.9704,
20130727,284.10624,
20130728,285.21072,
20130729,401.69088,
20130730,284.10624,
20130731,120.95472,
20130801,179.57712,
20130802,363.51552,
20130803,293.62176,
20130804,253.94544,
20130805,295.68912,
20130806,203.70576,
20130807,258.08016,
20130808,209.25648,
20130809,155.10864,
20130810,120.5016,
20130811,137.4936,
20130812,148.87824,
20130813,117.30144,
20130814,116.90496,
20130815,116.59344,
20130816,103.33968,
20130817,97.44912,
20130818,87.02736,
20130819,85.32816,
20130820,106.3416,
20130821,115.23408,
20130822,122.3424,
20130823,114.15792,
20130824,113.7048,
20130825,139.95744,
20130826,104.10432,
20130827,84.93168,
20130828,74.9064,
20130829,85.5264,
20130830,76.01088,
20130831,54.57264,
20130901,41.85696,
20130902,62.95536,
20130903,45.93504,
20130904,52.59024,
20130905,51.17424,
20130906,46.47312,
20130907,47.7192,
20130908,44.68896,
20130909,80.91024,
20130910,47.40768,
20130911,56.44176,
20130912,47.60592,
20130913,41.26224,
20130914,37.72224,
20130915,44.71728,
20130916,40.29936,
20130917,48.05904,
20130918,46.95456,
20130919,70.5168,
20130920,110.24976,
20130921,215.31696,
20130922,143.21424,
20130923,85.9512,
20130924,74.70816,
20130925,74.99136,
20130926,44.68896,
20130927,35.48496,
20130928,39.61968,
20130929,31.86,
20130930,31.06704,
20131001,36.16464,
20131002,73.40544,
20131003,48.22896,
20131004,28.20672,
20131005,46.95456,
20131006,31.74672,
20131007,33.47424,
20131008,25.09152,
20131009,28.40496,
20131010,7.33488,
20131011,14.5848,
20131012,10.13856,
20131013,6.7968,
20131014,9.03408,
20131015,6.82512,
20131016,6.82512,
20131017,7.9296,
20131018,10.0536,
20131019,0.65136,
20131020,35.03184,
20131021,23.39232,
20131022,15.09456,
20131023,16.992,
20131024,23.53392,
20131025,9.85536,
20131026,14.21664,
20131027,0,
20131028,6.91008,
20131029,6.91008,
20131030,6.20208,
20131031,0,
20131101,6.06048,
20131102,4.55952,
20131103,5.2392,
20131104,4.50288,
20131105,5.9472,
20131106,3.03024,
20131107,1.5576,
20131108,2.20896,
20131109,2.18064,
20131110,0.73632,
20131111,1.52928,
20131112,1.44432,
20131113,6.5136,
20131114,2.66208,
20131115,2.49216,
20131116,1.61424,
20131117,0.9912,
20131118,2.06736,
20131119,2.37888,
20131120,1.64256,
20131121,1.6992,
20131122,1.6992,
20131123,0.62304,
20131124,3.79488,
20131125,5.89056,
20131126,3.48336,
20131127,2.77536,
20131128,2.94528,
20131129,2.2656,
20131130,2.2656,
20131201,1.75584,
20131202,2.03904,
20131203,1.72752,
20131204,1.78416,
20131205,1.44432,
20131206,1.07616,
20131207,0.76464,
20131208,0.67968,
20131209,0.59472,
20131210,0.67968,
20131211,0.48144,
20131212,0.4248,
20131213,0.4248,
20131214,0.45312,
20131215,0.48144,
20131216,0.708,
20131217,0.50976,
20131218,0.48144,
20131219,0.39648,
20131220,0.36816,
20131221,0.36816,
20131222,0.36816,
20131223,0.4248,
20131224,0.53808,
20131225,0.31152,
20131226,0.31152,
20131227,0.33984,
20131228,0.33984,
20131229,0.53808,
20131230,0.22656,
20131231,0.22656,
20140101,0.25488,
20140102,1.07616,
20140103,3.56832,
20140104,3.56832,
20140105,3.9648,
20140106,3.85152,
20140107,3.70992,
20140108,3.87984,
20140109,3.37008,
20140110,3.48336,
20140111,3.48336,
20140112,3.34176,
20140113,3.51168,
20140114,3.20016,
20140115,3.37008,
20140116,2.88864,
20140117,3.20016,
20140118,3.51168,
20140119,4.33296,
20140120,3.8232,
20140121,4.04976,
20140122,3.37008,
20140123,3.59664,
20140124,2.91696,
20140125,3.62496,
20140126,3.37008,
20140127,2.91696,
20140128,3.14352,
20140129,2.46384,
20140130,2.91696,
20140131,2.6904,
20140201,2.46384,
20140202,3.14352,
20140203,2.6904,
20140204,2.6904,
20140205,2.23728,
20140206,2.91696,
20140207,2.01072,
20140208,1.78416,
20140209,2.49216,
20140210,1.81248,
20140211,2.03904,
20140212,1.81248,
20140213,2.03904,
20140214,1.81248,
20140215,1.58592,
20140216,2.2656,
20140217,1.58592,
20140218,1.81248,
20140219,1.58592,
20140220,1.81248,
20140221,1.81248,
20140222,1.58592,
20140223,1.58592,
20140224,1.58592,
20140225,1.38768,
20140226,1.16112,
20140227,1.38768,
20140228,1.16112,
20140301,1.8408,
20140302,1.16112,
20140303,1.16112,
20140304,0.93456,
20140305,1.16112,
20140306,0.93456,
20140307,0.93456,
20140308,1.18944,
20140309,0.96288,
20140310,1.416,
20140311,1.89744,
20140312,1.18944,
20140313,1.18944,
20140314,0.76464,
20140315,0.73632,
20140316,0.76464,
20140317,0.50976,
20140318,0.50976,
20140319,0.50976,
20140320,,
20140321,0.50976,
20140322,0.79296,
20140323,0.5664,
20140324,0.79296,
20140325,0.5664,
20140326,0.5664,
20140327,0.5664,
20140328,0.33984,
20140329,0.33984,
20140330,0.33984,
20140331,0.33984,
20140401,0.33984,
20140402,0.11328,
20140403,0.5664,
20140404,0.5664,
20140405,0.79296,
20140406,0.33984,
20140407,0.33984,
20140408,0.33984,
20140409,0.59472,
20140410,0.1416,
20140411,0.59472,
20140412,1.44432,
20140413,0.36816,
20140414,1.04784,
20140415,1.04784,
20140416,0.82128,
20140417,1.52928,
20140418,1.2744,
20140419,1.95408,
20140420,1.2744,
20140421,1.04784,
20140422,0.59472,
20140423,0.59472,
20140424,0.59472,
20140425,0.59472,
20140426,0.59472,
20140427,1.04784,
20140428,0.59472,
20140429,0.59472,
20140430,0.36816,
20140501,1.04784,
20140502,0.36816,
20140503,2.80368,
20140504,6.42864,
20140505,5.5224,
20140506,2.32224,
20140507,1.21776,
20140508,1.44432,
20140509,13.3104,
20140510,9.31728,
20140511,3.65328,
20140512,2.80368,
20140513,2.124,
20140514,1.44432,
20140515,#VALUE!,
20140516,0.82128,
20140517,1.04784,
20140518,0.82128,
20140519,0.82128,
20140520,2.86032,
20140521,0.59472,
20140522,0.36816,
20140523,0.59472,
20140524,0.59472,
20140525,0.59472,
20140526,0.36816,
20140527,0.59472,
20140528,0.36816,
20140529,1.2744,
20140530,0.59472,
20140531,0.59472,
20140601,1.72752,
20140602,0.36816,
20140603,1.92576,
20140604,2.15232,
20140605,1.18944,
20140606,0.93456,
20140607,0.79296,
20140608,0.82128,
20140609,0.93456,
20140610,0.36816,
20140611,0.5664,
20140612,0.31152,
20140613,0.76464,
20140614,2.124,
20140615,2.80368,
20140616,2.35056,
20140617,2.35056,
20140618,3.93648,
20140619,8.04288,
20140620,21.24,
20140621,47.94576,
20140622,64.93776,
20140623,53.3832,
20140624,77.08704,
20140625,24.38352,
20140626,19.05936,
20140627,14.3016,
20140628,10.08192,
20140629,7.67472,
20140630,14.49984,
20140701,14.55648,
20140702,8.75088,
20140703,11.72448,
20140704,8.18448,
20140705,7.10832,
20140706,6.59856,
20140707,6.25872,
20140708,7.53312,
20140709,9.71376,
20140710,13.84848,
20140711,21.83472,
20140712,29.53776,
20140713,61.05792,
20140714,236.72688,
20140715,280.368,
20140716,346.72176,
20140717,260.28912,
20140718,161.11248,
20140719,100.28112,
20140720,285.01248,
20140721,207.98208,
20140722,542.35632,
20140723,209.87952,
20140724,504.804,
20140725,203.196,
20140726,123.81504,
20140727,250.37712,
20140728,423.07248,
20140729,177.16992,
20140730,226.78656,
20140731,176.0088,
20140801,282.43536,
20140802,308.57472,
20140803,272.52336,
20140804,342.19056,
20140805,339.9816,
20140806,392.60016,
20140807,346.75008,
20140808,271.3056,
20140809,95.97648,
20140810,130.49856,
20140811,175.83888,
20140812,135.53952,
20140813,130.32864,
20140814,87.73536,
20140815,78.0216,
20140816,67.20336,
20140817,77.54016,
20140818,68.30784,
20140819,59.44368,
20140820,59.44368,
20140821,43.7544,
20140822,42.31008,
20140823,42.31008,
20140824,31.94496,
20140825,26.59248,
20140826,27.98016,
20140827,17.78496,
20140828,27.13056,
20140829,63.35184,
20140830,93.3144,
20140831,54.57264,
20140901,193.73712,
20140902,267.56736,
20140903,153.66432,
20140904,129.19584,
20140905,148.08528,
20140906,130.35696,
20140907,145.45152,
20140908,204.49872,
20140909,124.38144,
20140910,107.38944,
20140911,87.31056,
20140912,83.1192,
20140913,73.54704,
20140914,73.74528,
20140915,85.12992,
20140916,76.09584,
20140917,69.07248,
20140918,55.25232,
20140919,61.28448,
20140920,57.68784,
20140921,50.32464,
20140922,43.896,
20140923,43.188,
20140924,51.684,
20140925,53.6664,
20140926,39.73296,
20140927,42.53664,
20140928,30.21744,
20140929,32.7096,
20140930,29.65104,
20141001,18.06816,
20141002,48.0024,
20141003,27.13056,
20141004,9.99696,
20141005,9.99696,
20141006,16.36896,
20141007,16.36896,
20141008,11.15808,
20141009,3.3984,
20141010,4.78608,
20141011,17.30352,
20141012,43.07472,
20141013,23.53392,
20141014,11.52624,
20141015,4.87104,
20141016,0.31152,
20141017,3.51168,
20141018,1.30272,
20141019,1.61424,
20141020,5.29584,
20141021,14.92464,
20141022,9.71376,
20141023,7.67472,
20141024,9.14736,
20141025,11.58288,
20141026,17.58672,
20141027,9.204,
20141028,14.92464,
20141029,11.35632,
20141030,4.04976,
20141031,1.1328,
20141101,1.04784,
20141102,1.04784,
20141103,1.89744,
20141104,1.2744,
20141105,4.19136,
20141106,2.4072,
20141107,1.78416,
20141108,3.76656,
20141109,2.01072,
20141110,16.284,
20141111,16.62384,
20141112,13.65024,
20141113,18.5496,
20141114,16.36896,
20141115,21.46656,
20141116,11.4696,
20141117,16.17072,
20141118,16.02912,
20141119,14.4432,
20141120,14.35824,
20141121,14.47152,
20141122,13.7352,
20141123,17.86992,
20141124,30.1608,
20141125,29.14128,
20141126,28.80144,
20141127,27.95184,
20141128,27.95184,
20141129,27.95184,
20141130,27.27216,
20141201,27.07392,
20141202,27.07392,
20141203,16.39728,
20141204,10.22352,
20141205,9.6288,
20141206,8.7792,
20141207,7.58976,
20141208,6.71184,
20141209,5.8056,
20141210,5.8056,
20141211,2.01072,
20141212,9.3456,
20141213,10.53504,
20141214,11.7528,
20141215,10.39344,
20141216,8.3544,
20141217,3.2568,
20141218,0.39648,
20141219,6.5136,
20141220,10.93152,
20141221,5.57904,
20141222,3.76656,
20141223,4.6728,
20141224,4.956,
20141225,6.40032,
20141226,5.8056,
20141227,6.25872,
20141228,5.664,
20141229,1.416,
20141230,2.03904,
20141231,2.03904,
20150101,27.07392,
20150102,4.75776,
20150103,4.5312,
20150104,4.19136,
20150105,4.30464,
20150106,3.85152,
20150107,5.01264,
20150108,2.57712,
20150109,3.3984,
20150110,3.51168,
20150111,3.28512,
20150112,2.91696,
20150113,2.832,
20150114,2.6904,
20150115,2.57712,
20150116,2.71872,
20150117,2.71872,
20150118,2.71872,
20150119,2.37888,
20150120,2.60544,
20150121,2.37888,
20150122,2.71872,
20150123,2.86032,
20150124,2.49216,
20150125,2.03904,
20150126,2.15232,
20150127,2.03904,
20150128,2.29392,
20150129,2.60544,
20150130,2.43552,
20150131,2.60544,
20150201,2.124,
20150202,2.43552,
20150203,2.124,
20150204,2.124,
20150205,1.64256,
20150206,1.81248,
20150207,1.81248,
20150208,1.64256,
20150209,2.124,
20150210,1.64256,
20150211,1.81248,
20150212,1.33104,
20150213,1.50096,
20150214,1.21776,
20150215,1.6992,
20150216,1.35936,
20150217,1.04784,
20150218,1.38768,
20150219,1.21776,
20150220,1.52928,
20150221,1.21776,
20150222,1.04784,
20150223,0.73632,
20150224,0.73632,
20150225,0.5664,
20150226,0.73632,
20150227,0.90624,
20150228,0.73632,
20150301,0.73632,
20150302,0.87792,
20150303,1.2744,
20150304,0.4248,
20150305,0.59472,
20150306,0.59472,
20150307,0.59472,
20150308,1.07616,
20150309,2.71872,
20150310,2.20896,
20150311,1.5576,
20150312,0.93456,
20150313,0.76464,
20150314,0.76464,
20150315,1.07616,
20150316,1.07616,
20150317,1.10448,
20150318,0.96288,
20150319,0.62304,
20150320,0.79296,
20150321,0.79296,
20150322,0.48144,
20150323,0.31152,
20150324,0.31152,
20150325,0.45312,
20150326,0.45312,
20150327,0.62304,
20150328,0.79296,
20150329,0.31152,
20150330,0.31152,
20150331,0.31152,
20150401,1.44432,
20150402,1.2744,
20150403,1.47264,
20150404,1.1328,
20150405,1.47264,
20150406,1.16112,
20150407,1.64256,
20150408,2.49216,
20150409,1.416,
20150410,1.58592,
20150411,2.4072,
20150412,2.09568,
20150413,2.09568,
20150414,2.57712,
20150415,2.2656,
20150416,1.61424,
20150417,0.9912,
20150418,1.16112,
20150419,0.67968,
20150420,0.8496,
20150421,0.9912,
20150422,0.9912,
20150423,1.18944,
20150424,2.2656,
20150425,2.15232,
20150426,2.15232,
20150427,2.77536,
20150428,2.32224,
20150429,2.01072,
20150430,1.35936,
20150501,1.6992,
20150502,2.01072,
20150503,2.35056,
20150504,1.1328,
20150505,1.35936,
20150506,3.79488,
20150507,1.35936,
20150508,1.86912,
20150509,2.18064,
20150510,1.6992,
20150511,2.35056,
20150512,2.35056,
20150513,2.35056,
20150514,3.2568,
20150515,4.64448,
20150516,4.98432,
20150517,5.2392,
20150518,23.2224,
20150519,4.36128,
20150520,3.59664,
20150521,2.35056,
20150522,1.86912,
20150523,1.44432,
20150524,1.44432,
20150525,1.21776,
20150526,1.01952,
20150527,1.01952,
20150528,1.18944,
20150529,1.38768,
20150530,2.9736,
20150531,6.88176,
20150601,2.832,
20150602,1.67088,
20150603,2.18064,
20150604,2.86032,
20150605,3.2568,
20150606,5.32416,
20150607,3.51168,
20150608,2.37888,
20150609,1.9824,
20150610,2.20896,
20150611,3.34176,
20150612,3.1152,
20150613,3.37008,
20150614,4.27632,
20150615,6.68352,
20150616,8.0712,
20150617,3.76656,
20150618,10.73328,
20150619,13.14048,
20150620,66.89184,
20150621,67.93968,
20150622,75.16128,
20150623,72.38592,
20150624,78.0216,
20150625,66.18384,
20150626,51.28752,
20150627,110.5896,
20150628,51.23088,
20150629,36.58944,
20150630,33.53088,
20150701,25.09152,
20150702,20.33376,
20150703,18.9744,
20150704,19.65408,
20150705,19.31424,
20150706,18.63456,
20150707,17.2752,
20150708,21.3816,
20150709,33.02112,
20150710,51.1176,
20150711,149.01984,
20150712,145.36656,
20150713,113.28,
20150714,81.19344,
20150715,61.48272,
20150716,68.78928,
20150717,75.35952,
20150718,200.56224,
20150719,290.36496,
20150720,262.04496,
20150721,149.55792,
20150722,178.72752,
20150723,121.776,
20150724,76.01088,
20150725,33.04944,
20150726,70.40352,
20150727,63.26688,
20150728,66.21216,
20150729,29.99088,
20150730,32.90784,
20150731,28.26336,
20150801,45.82176,
20150802,46.78464,
20150803,36.13632,
20150804,54.99744,
20150805,69.18576,
20150806,69.18576,
20150807,123.73008,
20150808,164.62416,
20150809,96.06144,
20150810,70.71504,
20150811,77.7384,
20150812,107.0496,
20150813,151.28544,
20150814,97.64736,
20150815,160.37616,
20150816,129.87552,
20150817,91.44528,
20150818,71.98944,
20150819,62.89872,
20150820,72.30096,
20150821,58.764,
20150822,36.44784,
20150823,33.984,
20150824,39.13824,
20150825,21.24,
20150826,16.08576,
20150827,22.71264,
20150828,59.472,
20150829,17.33184,
20150830,63.72,
20150831,60.18,
20150901,70.12032,
20150902,62.89872,
20150903,55.39392,
20150904,26.93232,
20150905,33.89904,
20150906,41.2056,
20150907,74.73648,
20150908,62.78544,
20150909,92.4648,
20150910,91.24704,
20150911,33.81408,
20150912,30.18912,
20150913,25.94112,
20150914,29.79264,
20150915,22.71264,
20150916,28.63152,
20150917,29.42448,
20150918,29.42448,
20150919,25.0632,
20150920,70.63008,
20150921,19.42752,
20150922,10.87488,
20150923,2.71872,
20150924,21.40992,
20150925,15.20784,
20150926,99.2616,
20150927,39.648,
20150928,42.48,
20150929,31.54848,
20150930,19.08768,
20151001,20.87184,
20151002,30.5856,
20151003,43.55616,
20151004,47.46432,
20151005,53.43984,
20151006,56.4984,
20151007,56.9232,
20151008,50.04144,
20151009,37.15584,
20151010,44.57568,
20151011,47.09616,
20151012,48.4272,
20151013,50.21136,
20151014,45.51024,
20151015,43.0464,
20151016,42.87648,
20151017,38.82672,
20151018,41.51712,
20151019,40.61088,
20151020,34.86192,
20151021,23.05248,
20151022,35.42832,
20151023,34.91856,
20151024,35.2584,
20151025,26.13936,
20151026,20.02224,
20151027,13.93344,
20151028,10.0536,
20151029,11.55456,
20151030,17.16192,
20151031,13.99008,
20151101,15.03792,
20151102,19.59744,
20151103,6.17376,
20151104,5.57904,
20151105,1.67088,
20151106,4.27632,
20151107,2.49216,
20151108,13.96176,
20151109,10.11024,
20151110,15.77424,
20151111,4.30464,
20151112,12.94224,
20151113,2.2656,
20151114,3.9648,
20151115,6.57024,
20151116,7.53312,
20151117,4.1064,
20151118,4.75776,
20151119,1.67088,
20151120,5.5224,
20151121,6.82512,
20151122,12.80064,
20151123,6.06048,
20151124,7.19328,
20151125,7.47648,
20151126,5.74896,
20151127,8.66592,
20151128,4.07808,
20151129,4.92768,
20151130,6.34368,
20151201,7.73136,
20151202,5.83392,
20151203,6.99504,
20151204,7.58976,
20151205,8.04288,
20151206,8.38272,
20151207,8.43936,
20151208,8.7792,
20151209,6.6552,
20151210,2.66208,
20151211,2.66208,
20151212,7.61808,
20151213,7.70304,
20151214,8.04288,
20151215,7.95792,
20151216,8.18448,
20151217,8.18448,
20151218,7.9296,
20151219,7.84464,
20151220,7.9296,
20151221,8.01456,
20151222,2.86032,
20151223,4.07808,
20151224,4.21968,
20151225,4.61616,
20151226,4.3896,
20151227,4.3896,
20151228,4.61616,
20151229,3.45504,
20151230,3.6816,
20151231,3.3984,
20160101,2.46384,
20160102,3.54,
20160103,2.94528,
20160104,2.832,
20160105,2.60544,
20160106,2.60544,
20160107,2.60544,
20160108,2.60544,
20160109,2.71872,
20160110,2.60544,
20160111,2.2656,
20160112,2.15232,
20160113,2.2656,
20160114,2.15232,
20160115,2.18064,
20160116,2.03904,
20160117,1.75584,
20160118,1.9824,
20160119,2.01072,
20160120,1.78416,
20160121,2.01072,
20160122,2.60544,
20160123,2.60544,
20160124,2.37888,
20160125,2.49216,
20160126,2.37888,
20160127,2.2656,
20160128,2.2656,
20160129,1.89744,
20160130,2.2656,
20160131,1.81248,
20160201,1.92576,
20160202,1.47264,
20160203,1.61424,
20160204,1.38768,
20160205,2.09568,
20160206,1.16112,
20160207,1.75584,
20160208,1.52928,
20160209,1.64256,
20160210,1.64256,
20160211,1.64256,
20160212,1.52928,
20160213,1.416,
20160214,1.89744,
20160215,1.6992,
20160216,1.86912,
20160217,1.38768,
20160218,1.21776,
20160219,1.38768,
20160220,1.38768,
20160221,1.21776,
20160222,1.38768,
20160223,1.04784,
20160224,1.416,
20160225,1.07616,
20160226,1.5576,
20160227,0.76464,
20160228,0.90624,
20160229,1.07616,
20160301,1.416,
20160302,1.416,
20160303,0.45312,
20160304,0.4248,
20160305,0.4248,
20160306,0.4248,
20160307,0.4248,
20160308,0.4248,
20160309,0.48144,
20160310,0.48144,
20160311,0.48144,
20160312,0.48144,
20160313,0.48144,
20160314,0.48144,
20160315,0.31152,
20160316,0.31152,
20160317,0.31152,
20160318,0.48144,
20160319,0.48144,
20160320,0.33984,
20160321,0.33984,
20160322,0.50976,
20160323,0.33984,
20160324,0.33984,
20160325,0.33984,
20160326,0.33984,
20160327,0.33984,
20160328,0.33984,
20160329,0.50976,
20160330,0.33984,
20160331,0.33984,
20160401,0.33984,
20160402,0.33984,
20160403,0.36816,
20160404,0.36816,
20160405,0.36816,
20160406,0.36816,
20160407,0.50976,
20160408,0.36816,
20160409,0.36816,
20160410,0.36816,
20160411,0.36816,
20160412,0.36816,
20160413,0.36816,
20160414,0.36816,
20160415,0.36816,
20160416,0.53808,
20160417,0.36816,
20160418,0.36816,
20160419,0.36816,
20160420,0.36816,
20160421,0.36816,
20160422,0.36816,
20160423,0.36816,
20160424,0.36816,
20160425,0.36816,
20160426,0.53808,
20160427,0.36816,
20160428,0.36816,
20160429,0.08496,
20160430,0.22656,
20160501,0.22656,
20160502,0.08496,
20160503,0.08496,
20160504,0.5664,
20160505,0.5664,
20160506,0.22656,
20160507,0.39648,
20160508,0.39648,
20160509,0.708,
20160510,0.22656,
20160511,0.87792,
20160512,0.708,
20160513,1.21776,
20160514,1.04784,
20160515,0.708,
20160516,1.50096,
20160517,0.73632,
20160518,0.87792,
20160519,0.73632,
20160520,0.5664,
20160521,0.5664,
20160522,0.73632,
20160523,0.5664,
20160524,0.39648,
20160525,0.39648,
20160526,0.5664,
20160527,0.73632,
20160528,0.39648,
20160529,0.5664,
20160530,4.98432,
20160531,2.06736,
20160601,2.77536,
20160602,5.06928,
20160603,1.9824,
20160604,1.50096,
20160605,0.5664,
20160606,0.87792,
20160607,3.00192,
20160608,4.61616,
20160609,3.54,
20160610,8.72256,
20160611,7.75968,
20160612,12.48912,
20160613,7.30656,
20160614,11.0448,
20160615,9.45888,
20160616,5.46576,
20160617,5.63568,
20160618,20.56032,
20160619,20.47536,
20160620,22.656,
20160621,16.59552,
20160622,20.92848,
20160623,24.55344,
20160624,66.94848,
20160625,37.92048,
20160626,36.56112,
20160627,42.56496,
20160628,105.97344,
20160629,170.42976,
20160630,118.29264,
20160701,130.18704,
20160702,132.22608,
20160703,62.47392,
20160704,67.93968,
20160705,194.2752,
20160706,137.38032,
20160707,129.36576,
20160708,108.23904,
20160709,140.3256,
20160710,132.90576,
20160711,431.11536,
20160712,143.5824,
20160713,165.70032,
20160714,23.87376,
20160715,86.9424,
20160716,102.46176,
20160717,88.98144,
20160718,99.48816,
20160719,72.98064,
20160720,72.38592,
20160721,100.30944,
20160722,119.85024,
20160723,140.69376,
20160724,160.17792,
20160725,138.00336,
20160726,112.7136,
20160727,89.94432,
20160728,72.44256,
20160729,54.0912,
20160730,57.2064,
20160731,65.47584,
20160801,63.26688,
20160802,68.8176,
20160803,68.78928,
20160804,86.9424,
20160805,186.51552,
20160806,116.42352,
20160807,82.24128,
20160808,130.44192,
20160809,110.0232,
20160810,84.252,
20160811,158.50704,
20160812,116.98992,
20160813,151.85184,
20160814,132.8208,
20160815,145.90464,
20160816,216.44976,
20160817,206.028,
20160818,198.32496,
20160819,204.49872,
20160820,159.32832,
20160821,134.8032,
20160822,97.10928,
20160823,50.18304,
20160824,86.00784,
20160825,86.06448,
20160826,67.00512,
20160827,47.12448,
20160828,40.80912,
20160829,43.66944,
20160830,31.06704,
20160831,45.62352,
20160901,44.49072,
20160902,40.04448,
20160903,18.9744,
20160904,22.57104,
20160905,26.08272,
20160906,47.60592,
20160907,58.59408,
20160908,36.41952,
20160909,30.5856,
20160910,35.6832,
20160911,32.76624,
20160912,26.93232,
20160913,14.52816,
20160914,19.65408,
20160915,23.27904,
20160916,75.92592,
20160917,91.64352,
20160918,50.52288,
20160919,41.9136,
20160920,44.4624,
20160921,37.6656,
20160922,33.5592,
20160923,50.976,
20160924,48.0024,
20160925,178.89744,
20160926,138.82464,
20160927,130.07376,
20160928,97.25088,
20160929,78.3048,
20160930,66.63696,
20161001,82.35456,
20161002,69.04416,
20161003,62.38896,
20161004,9.7704,
20161005,26.3376,
20161006,32.7096,
20161007,10.3368,
20161008,7.02336,
20161009,3.79488,
20161010,3.54,
20161011,7.39152,
20161012,9.912,
20161013,10.45008,
20161014,12.744,
20161015,10.81824,
20161016,13.3104,
20161017,10.22352,
20161018,9.54384,
20161019,8.52432,
20161020,8.52432,
20161021,7.47648,
20161022,3.3984,
20161023,2.832,
20161024,13.3639248,
20161025,4.956,
20161026,18.408,
20161027,18.1248,
20161028,11.63952,
20161029,12.744,
20161030,12.744,
20161031,9.912,
20161101,10.25184,
20161102,10.28016,
20161103,12.54576,
20161104,1.33104,
20161105,3.6816,
20161106,3.34176,
20161107,3.00192,
20161108,2.832,
20161109,2.66208,
20161110,3.00192,
20161111,2.5488,
20161112,2.43552,
20161113,2.5488,
20161114,2.49216,
20161115,2.32224,
20161116,2.60544,
20161117,4.98432,
20161118,4.75776,
20161119,4.75776,
20161120,4.75776,
20161121,4.30464,
20161122,4.07808,
20161123,4.6728,
20161124,5.32416,
20161125,2.6904,
20161126,2.6904,
20161127,4.13472,
20161128,5.01264,
20161129,6.5136,
20161130,4.13472,
20161201,3.8232,
20161202,3.8232,
20161203,4.13472,
20161204,5.60736,
20161205,5.32416,
20161206,4.41792,
20161207,4.41792,
20161208,3.54,
20161209,3.2568,
20161210,3.8232,
20161211,3.54,
20161212,2.94528,
20161213,2.94528,
20161214,5.32416,
20161215,8.86416,
20161216,5.32416,
20161217,3.8232,
20161218,3.54,
20161219,3.54,
20161220,2.94528,
20161221,3.2568,
20161222,2.06736,
20161223,2.35056,
20161224,2.06736,
20161225,2.35056,
20161226,1.78416,
20161227,2.06736,
20161228,2.06736,
20161229,1.47264,
20161230,1.47264,
20161231,1.47264,
20170101,1.75584,
20170102,1.47264,
20170103,1.47264,
20170104,1.47264,
20170105,1.47264,
20170106,1.18944,
20170107,1.47264,
20170108,1.47264,
20170109,0.90624,
20170110,1.16112,
20170111,0.87792,
20170112,1.16112,
20170113,0.87792,
20170114,1.16112,
20170115,1.16112,
20170116,1.16112,
20170117,0.87792,
20170118,0.59472,
20170119,0.62304,
20170120,0.50976,
20170121,0.5664,
20170122,0.5664,
20170123,0.5664,
20170124,0.5664,
20170125,0.50976,
20170126,0.50976,
20170127,0.50976,
20170128,8.86416,
20170129,5.60736,
20170130,2.06736,
20170131,0.87792,
20170201,0.87792,
20170202,0.87792,
20170203,0.4248,
20170204,0.5664,
20170205,0.5664,
20170206,0.5664,
20170207,0.4248,
20170208,0.4248,
20170209,0.4248,
20170210,0.4248,
20170211,0.2832,
20170212,0.2832,
20170213,0.2832,
20170214,0.22656,
20170215,0.22656,
20170216,0.25488,
20170217,0.22656,
20170218,0.22656,
20170219,0.22656,
20170220,0.19824,
20170221,0.19824,
20170222,0.22656,
20170223,0.19824,
20170224,0.1416,
20170225,0.1416,
20170226,0.1416,
20170227,0.1416,
20170228,0.1416,
20170301,0.1416,
20170302,0.1416,
20170303,0.1416,
20170304,0.1416,
20170305,0.1416,
20170306,0.1416,
20170307,0.1416,
20170308,0.1416,
20170309,0.1416,
20170310,0.1416,
20170311,0.1416,
20170312,0.1416,
20170313,0.1416,
20170314,0.1416,
20170315,0.1416,
20170316,0.1416,
20170317,0.1416,
20170318,0.1416,
20170319,0.1416,
20170320,0.1416,
20170321,0.1416,
20170322,0.22656,
20170323,0.1416,
20170324,0.1416,
20170325,0.1416,
20170326,0.1416,
20170327,0.1416,
20170328,0.11328,
20170329,0.11328,
20170330,0.11328,
20170331,0.11328,
20170401,0.11328,
20170402,0.11328,
20170403,0.11328,
20170404,0.11328,
20170405,0.2832,
20170406,0.2832,
20170407,0.8496,
20170408,0.1416,
20170409,0.22656,
20170410,0.22656,
20170411,0.22656,
20170412,0.2832,
20170413,0.2832,
20170414,0.22656,
20170415,0.1416,
20170416,0.1416,
20170417,0.1416,
20170418,0.1416,
20170419,0.1416,
20170420,0.1416,
20170421,0.1416,
20170422,0.16992,
20170423,0.1416,
20170424,0.1416,
20170425,0.1416,
20170426,0.1416,
20170427,0.1416,
20170428,0.1416,
20170429,0.1416,
20170430,0.1416,
20170501,0.1416,
20170502,2.94528,
20170503,0.67968,
20170504,1.1328,
20170505,0.45312,
20170506,0.8496,
20170507,0.5664,
20170508,0.5664,
20170509,0.8496,
20170510,0.8496,
20170511,0.708,
20170512,0.708,
20170513,0.5664,
20170514,0.5664,
20170515,0.708,
20170516,0.5664,
20170517,0.5664,
20170518,0.5664,
20170519,4.30464,
20170520,0.708,
20170521,2.9736,
20170522,1.1328,
20170523,0.8496,
20170524,0.8496,
20170525,0.708,
20170526,0.5664,
20170527,0.8496,
20170528,0.5664,
20170529,0.5664,
20170530,0.5664,
20170531,1.1328,
20170601,3.2568,
20170602,1.8408,
20170603,1.2744,
20170604,1.416,
20170605,1.1328,
20170606,1.1328,
20170607,1.1328,
20170608,3.9648,
20170609,2.2656,
20170610,4.5312,
20170611,9.7704,
20170612,38.28864,
20170613,22.88256,
20170614,19.2576,
20170615,21.07008,
20170616,31.49184,
20170617,7.10832,
20170618,5.12592,
20170619,4.248,
20170620,2.9736,
20170621,4.13472,
20170622,10.3368,
20170623,10.3368,
20170624,14.21664,
20170625,19.2576,
20170626,27.7536,
20170627,60.12336,
20170628,39.67632,
20170629,26.64912,
20170630,21.01344,
20170701,32.25648,
20170702,26.93232,
20170703,13.22544,
20170704,7.02336,
20170705,12.65904,
20170706,19.2576,
20170707,31.77504,
20170708,25.11984,
20170709,15.74592,
20170710,10.87488,
20170711,9.204,
20170712,8.86416,
20170713,21.40992,
20170714,36.13632,
20170715,36.47616,
20170716,40.55424,
20170717,38.17536,
20170718,36.07968,
20170719,143.89392,
20170720,385.03872,
20170721,230.43984,
20170722,155.36352,
20170723,209.62464,
20170724,82.07136,
20170725,56.55504,
20170726,113.8464,
20170727,99.828,
20170728,106.82304,
20170729,164.36928,
20170730,112.9968,
20170731,73.9152,
20170801,51.99552,
20170802,41.3472,
20170803,46.728,
20170804,113.78976,
20170805,189.82896,
20170806,196.45584,
20170807,194.33184,
20170808,152.7864,
20170809,110.64624,
20170810,95.1552,
20170811,43.30128,
20170812,80.5704,
20170813,46.5864,
20170814,26.6208,
20170815,9.912,
20170816,24.072,
20170817,10.4784,
20170818,33.4176,
20170819,73.3488,
20170820,213.108,
20170821,271.872,
20170822,154.6272,
20170823,102.3768,
20170824,81.87312,
20170825,112.09056,
20170826,190.1688,
20170827,176.8584,
20170828,222.1704,
20170829,276.4032,
20170830,228.57072,
20170831,219.36672,
20170901,143.10096,
20170902,90.87888,
20170903,78.67296,
20170904,69.384,
20170905,63.26688,
20170906,67.59984,
20170907,34.57872,
20170908,57.71616,
20170909,41.99856,
20170910,55.28064,
20170911,40.4976,
20170912,42.48,
20170913,25.23312,
20170914,28.57488,
20170915,20.8152,
20170916,14.13168,
20170917,43.188,
20170918,101.8104,
20170919,90.65232,
20170920,167.5128,
20170921,88.75488,
20170922,66.52368,
20170923,43.4712,
20170924,42.67824,
20170925,53.9496,
20170926,42.79152,
20170927,40.97904,
20170928,31.63344,
20170929,9.60048,
20170930,4.44624,
20171001,43.35792,
20171002,64.0032,
20171003,21.26832,
20171004,57.7728,
20171005,4.956,
20171006,23.02416,
20171007,16.992,
20171008,12.34752,
20171009,9.0624,
20171010,13.22544,
20171011,27.10224,
20171012,23.16576,
20171013,32.90784,
20171014,16.22736,
20171015,11.78112,
20171016,13.42368,
20171017,10.59168,
20171018,10.59168,
20171019,17.67168,
20171020,15.2928,
20171021,6.7968,
20171022,7.9296,
20171023,10.7616,
20171024,10.67664,
20171025,6.17376,
20171026,6.45696,
20171027,12.99888,
20171028,18.5496,
20171029,31.35024,
20171030,4.61616,
20171031,3.9648,
20171101,2.124,
20171102,3.1152,
20171103,2.71872,
20171104,2.832,
20171105,2.88864,
20171106,3.54,
20171107,3.56832,
20171108,3.70992,
20171109,2.74704,
20171110,2.6904,
20171111,2.6904,
20171112,2.49216,
20171113,2.66208,
20171114,2.52048,
20171115,2.124,
20171116,2.4072,
20171117,2.15232,
20171118,1.6992,
20171119,1.75584,
20171120,1.8408,
20171121,2.23728,
20171122,2.832,
20171123,2.15232,
20171124,1.8408,
20171125,2.124,
20171126,2.124,
20171127,1.67088,
20171128,1.8408,
20171129,2.124,
20171130,2.124,
20171201,2.124,
20171202,1.92576,
20171203,2.09568,
20171204,1.8408,
20171205,1.81248,
20171206,1.8408,
20171207,1.8408,
20171208,1.8408,
20171209,1.8408,
20171210,1.8408,
20171211,1.75584,
20171212,1.6992,
20171213,1.67088,
20171214,1.64256,
20171215,1.9824,
20171216,2.09568,
20171217,2.124,
20171218,2.124,
20171219,2.2656,
20171220,2.2656,
20171221,2.9736,
20171222,4.6728,
20171223,4.61616,
20171224,4.5312,
20171225,4.92768,
20171226,4.956,
20171227,4.61616,
20171228,4.33296,
20171229,4.33296,
20171230,4.61616,
20171231,4.61616,
20180101,4.61616,
20180102,4.3896,
20180103,4.3896,
20180104,4.41792,
20180105,4.41792,
20180106,4.41792,
20180107,4.16304,
20180108,4.36128,
20180109,3.51168,
20180110,3.8232,
20180111,3.54,
20180112,3.54,
20180113,3.54,
20180114,3.54,
20180115,3.2568,
20180116,3.2568,
20180117,3.2568,
20180118,3.2568,
20180119,3.48336,
20180120,2.9736,
20180121,3.1152,
20180122,3.1152,
20180123,3.17184,
20180124,3.17184,
20180125,3.3984,
20180126,3.2568,
20180127,3.2568,
20180128,3.2568,
20180129,3.2568,
20180130,2.94528,
20180131,2.94528,
20180201,2.6904,
20180202,2.6904,
20180203,2.6904,
20180204,2.6904,
20180205,2.6904,
20180206,2.6904,
20180207,2.6904,
20180208,2.77536,
20180209,3.1152,
20180210,2.9736,
20180211,3.1152,
20180212,2.832,
20180213,2.5488,
20180214,3.1152,
20180215,2.832,
20180216,2.71872,
20180217,2.71872,
20180218,2.5488,
20180219,2.5488,
20180220,2.37888,
20180221,2.32224,
20180222,2.32224,
20180223,2.32224,
20180224,2.32224,
20180225,2.2656,
20180226,2.2656,
20180227,1.6992,
20180228,1.416,
20180301,1.35936,
20180302,1.35936,
20180303,1.01952,
20180304,1.01952,
20180305,0.9912,
20180306,0.8496,
20180307,0.8496,
20180308,0.8496,
20180309,0.8496,
20180310,0.79296,
20180311,0.79296,
20180312,0.79296,
20180313,0.79296,
20180314,0.9912,
20180315,7.02336,
20180316,3.17184,
20180317,2.86032,
20180318,3.31344,
20180319,2.66208,
20180320,3.34176,
20180321,4.61616,
20180322,3.54,
20180323,4.1064,
20180324,6.6552,
20180325,5.74896,
20180326,5.57904,
20180327,5.32416,
20180328,5.26752,
20180329,4.956,
20180330,4.956,
20180331,4.5312,
20180401,4.1064,
20180402,2.94528,
20180403,3.1152,
20180404,2.77536,
20180405,2.88864,
20180406,2.60544,
20180407,2.60544,
20180408,2.60544,
20180409,2.60544,
20180410,2.60544,
20180411,2.60544,
20180412,2.60544,
20180413,3.73824,
20180414,5.60736,
20180415,3.1152,
20180416,2.88864,
20180417,2.60544,
20180418,2.66208,
20180419,3.00192,
20180420,3.28512,
20180421,3.00192,
20180422,3.00192,
20180423,2.88864,
20180424,2.88864,
20180425,3.34176,
20180426,3.00192,
20180427,2.88864,
20180428,2.71872,
20180429,2.71872,
20180430,1.92576,
20180501,2.20896,
20180502,3.51168,
20180503,2.60544,
20180504,2.71872,
20180505,1.6992,
20180506,1.8408,
20180507,1.8408,
20180508,3.00192,
20180509,5.15424,
20180510,7.08,
20180511,4.36128,
20180512,9.3456,
20180513,5.49408,
20180514,4.58784,
20180515,4.30464,
20180516,4.1064,
20180517,3.9648,
20180518,3.9648,
20180519,3.42672,
20180520,3.42672,
20180521,3.42672,
20180522,2.86032,
20180523,2.5488,
20180524,2.5488,
20180525,2.43552,
20180526,2.6904,
20180527,5.0976,
20180528,7.81632,
20180529,14.5848,
20180530,27.7536,
20180531,35.4,
20180601,11.86608,
20180602,7.08,
20180603,6.74016,
20180604,7.67472,
20180605,11.10144,
20180606,6.91008,
20180607,6.9384,
20180608,8.3544,
20180609,46.64304,
20180610,112.37376,
20180611,135.3696,
20180612,205.6032,
20180613,143.38416,
20180614,103.73616,
20180615,60.7464,
20180616,25.88448,
20180617,18.94608,
20180618,17.5584,
20180619,27.41376,
20180620,18.03984,
20180621,16.45392,
20180622,16.36896,
20180623,32.87952,
20180624,36.22128,
20180625,33.87072,
20180626,35.2584,
20180627,51.65568,
20180628,93.22944,
20180629,155.3352,
20180630,112.26048,
20180701,74.82144,
20180702,58.764,
20180703,55.87536,
20180704,51.48576,
20180705,49.33344,
20180706,42.73488,
20180707,73.37712,
20180708,378.18528,
20180709,330.636,
20180710,344.59776,
20180711,424.03536,
20180712,429.38784,
20180713,432.8712,
20180714,377.33568,
20180715,452.6952,
20180716,368.98128,
20180717,553.45776,
20180718,460.908,
20180719,409.6488,
20180720,206.8776,
20180721,310.64208,
20180722,313.41744,
20180723,268.67184,
20180724,342.27552,
20180725,492.39984,
20180726,318.37344,
20180727,305.148,
20180728,207.5856,
20180729,309.396,
20180730,151.17216,
20180731,133.27392,
20180801,141.0336,
20180802,98.1288,
20180803,78.8712,
20180804,160.94256,
20180805,160.34784,
20180806,141.43008,
20180807,143.95056,
20180808,194.50176,
20180809,431.79504,
20180810,293.76336,
20180811,391.2408,
20180812,273.4296,
20180813,683.27664,
20180814,650.42544,
20180815,1024.58928,
20180816,960.07632,
20180817,2206.128,
20180818,1206.51696,
20180819,660.22416,
20180820,630.62976,
20180821,422.08128,
20180822,442.41504,
20180823,250.7736,
20180824,286.14528,
20180825,37.18416,
20180826,140.94864,
20180827,171.93072,
20180828,180.99312,
20180829,203.87568,
20180830,189.26256,
20180831,122.6256,
20180901,140.35392,
20180902,121.86096,
20180903,129.81888,
20180904,102.20688,
20180905,67.34496,
20180906,77.00208,
20180907,78.3048,
20180908,71.6496,
20180909,63.1536,
20180910,53.46816,
20180911,61.68096,
20180912,45.82176,
20180913,31.06704,
20180914,24.072,
20180915,21.24,
20180916,24.15696,
20180917,27.1872,
20180918,26.64912,
20180919,26.196,
20180920,20.64528,
20180921,16.284,
20180922,16.39728,
20180923,14.3016,
20180924,13.452,
20180925,24.52512,
20180926,34.74864,
20180927,40.356,
20180928,35.62656,
20180929,45.0288,
20180930,28.99968,
20181001,25.488,
20181002,19.116,
20181003,13.0272,
20181004,9.6288,
20181005,14.69808,
20181006,21.83472,
20181007,9.79872,
20181008,11.21472,
20181009,19.6824,
20181010,24.9216,
20181011,17.7,
20181012,11.92272,
20181013,12.23424,
20181014,11.6112,
20181015,11.7528,
20181016,12.94224,
20181017,18.35136,
20181018,24.78,
20181019,19.9656,
20181020,17.9832,
20181021,14.16,
20181022,8.7792,
20181023,6.99504,
20181024,7.788,
20181025,4.16304,
20181026,4.16304,
20181027,3.9648,
20181028,3.8232,
20181029,3.73824,
20181030,3.56832,
20181031,3.6816,
20181101,3.45504,
20181102,3.2568,
20181103,3.2568,
20181104,3.2568,
20181105,2.77536,
20181106,2.71872,
20181107,2.4072,
20181108,2.6904,
20181109,2.9736,
20181110,2.9736,
20181111,2.9736,
20181112,2.9736,
20181113,2.94528,
20181114,2.66208,
20181115,2.6904,
20181116,2.6904,
20181117,3.9648,
20181118,3.28512,
20181119,3.17184,
20181120,2.77536,
20181121,2.66208,
20181122,2.49216,
20181123,2.71872,
20181124,2.43552,
20181125,2.43552,
20181126,2.37888,
20181127,2.37888,
20181128,2.4072,
20181129,2.32224,
20181130,2.37888,
20181201,2.4072,
20181202,2.32224,
20181203,2.23728,
20181204,1.30272,
20181205,2.09568,
20181206,2.43552,
20181207,2.37888,
20181208,2.23728,
20181209,2.15232,
20181210,2.06736,
20181211,2.15232,
20181212,2.32224,
20181213,1.89744,
20181214,2.20896,
20181215,2.20896,
20181216,2.43552,
20181217,2.06736,
20181218,2.20896,
20181219,2.20896,
20181220,2.20896,
20181221,2.6904,
20181222,2.71872,
20181223,2.88864,
20181224,2.77536,
20181225,3.17184,
20181226,2.77536,
20181227,2.91696,
20181228,2.77536,
20181229,2.88864,
20181230,2.80368,
20181231,2.74704,
20190101,2.77536,
20190102,2.66208,
20190103,2.88864,
20190104,2.88864,
20190105,2.94528,
20190106,2.94528,
20190107,2.49216,
20190108,2.88864,
20190109,2.71872,
20190110,2.94528,
20190111,2.2656,
20190112,2.63376,
20190113,2.49216,
20190114,2.49216,
20190115,2.52048,
20190116,2.20896,
20190117,2.49216,
20190118,2.4072,
20190119,2.4072,
20190120,2.49216,
20190121,2.37888,
20190122,2.20896,
20190123,2.23728,
20190124,2.49216,
20190125,2.23728,
20190126,2.09568,
20190127,2.43552,
20190128,2.49216,
20190129,2.52048,
20190130,2.43552,
20190131,2.43552,
20190201,2.6904,
20190202,2.6904,
20190203,2.6904,
20190204,2.6904,
20190205,2.6904,
20190206,2.6904,
20190207,2.6904,
20190208,2.77536,
20190209,3.1152,
20190210,2.9736,
20190211,3.1152,
20190212,2.832,
20190213,2.5488,
20190214,3.1152,
20190215,2.832,
20190216,2.71872,
20190217,2.71872,
20190218,2.5488,
20190219,2.5488,
20190220,2.37888,
20190221,2.32224,
20190222,2.32224,
20190223,2.32224,
20190224,2.32224,
20190225,2.2656,
20190226,2.2656,
20190227,1.6992,
20190228,1.416,
20190301,2.37888,
20190302,2.37888,
20190303,2.37888,
20190304,2.35056,
20190305,2.37888,
20190306,2.32224,
20190307,2.2656,
20190308,2.20896,
20190309,2.15232,
20190310,2.09568,
20190311,2.20896,
20190312,1.5576,
20190313,1.8408,
20190314,1.8408,
20190315,1.64256,
20190316,1.30272,
20190317,1.30272,
20190318,1.2744,
20190319,1.64256,
20190320,1.64256,
20190321,1.5576,
20190322,1.5576,
20190323,2.09568,
20190324,2.03904,
20190325,1.81248,
20190326,1.92576,
20190327,1.58592,
20190328,1.58592,
20190329,1.58592,
20190330,1.8408,
20190331,1.8408,
20190401,1.8408,
20190402,1.8408,
20190403,1.8408,
20190404,1.8408,
20190405,1.8408,
20190406,1.81248,
20190407,1.8408,
20190408,1.81248,
20190409,1.81248,
20190410,1.8408,
20190411,1.8408,
20190412,3.1152,
20190413,3.1152,
20190414,2.5488,
20190415,1.64256,
20190416,1.5576,
20190417,1.64256,
20190418,2.5488,
20190419,2.66208,
20190420,3.20016,
20190421,2.52048,
20190422,2.71872,
20190423,2.2656,
20190424,2.2656,
20190425,2.32224,
20190426,2.32224,
20190427,2.32224,
20190428,3.2568,
20190429,2.43552,
20190430,3.28512,
20190501,2.43552,
20190502,2.5488,
20190503,2.5488,
20190504,2.5488,
20190505,2.5488,
20190506,2.60544,
20190507,2.60544,
20190508,3.22848,
20190509,3.87984,
20190510,3.05856,
20190511,2.71872,
20190512,2.46384,
20190513,2.52048,
20190514,2.71872,
20190515,2.60544,
20190516,2.66208,
20190517,2.71872,
20190518,3.34176,
20190519,3.28512,
20190520,2.71872,
20190521,2.74704,
20190522,2.80368,
20190523,3.17184,
20190524,2.71872,
20190525,3.28512,
20190526,3.6816,
20190527,3.3984,
20190528,3.1152,
20190529,3.1152,
20190530,2.77536,
20190531,2.6904,
20190601,2.4072,
20190602,2.37888,
20190603,2.2656,
20190604,2.20896,
20190605,1.6992,
20190606,1.6992,
20190607,1.6992,
20190608,1.81248,
20190609,1.81248,
20190610,1.81248,
20190611,2.15232,
20190612,4.33296,
20190613,4.13472,
20190614,4.36128,
20190615,6.59856,
20190616,4.55952,
20190617,5.91888,
20190618,5.91888,
20190619,4.1064,
20190620,4.5312,
20190621,6.372,
20190622,8.41104,
20190623,6.28704,
20190624,5.12592,
20190625,6.25872,
20190626,5.15424,
20190627,5.60736,
20190628,5.49408,
20190629,5.83392,
20190630,5.83392,
20190701,7.9296,
20190702,11.72448,
20190703,10.87488,
20190704,12.23424,
20190705,11.328,
20190706,20.532,
20190707,25.57296,
20190708,16.02912,
20190709,16.02912,
20190710,36.07968,
20190711,51.48576,
20190712,31.32192,
20190713,23.364,
20190714,17.44512,
20190715,15.37776,
20190716,13.5936,
20190717,10.3368,
20190718,18.03984,
20190719,32.568,
20190720,64.5696,
20190721,47.37936,
20190722,49.50336,
20190723,66.1272,
20190724,53.9496,
20190725,40.80912,
20190726,37.9488,
20190727,37.9488,
20190728,38.3736,
20190729,35.88144,
20190730,41.97024,
20190731,44.7456,
20190801,37.6656,
20190802,30.7272,
20190803,27.8952,
20190804,33.7008,
20190805,34.49376,
20190806,72.47088,
20190807,252.78432,
20190808,475.80432,
20190809,725.64336,
20190810,525.6192,
20190811,413.64192,
20190812,239.38896,
20190813,247.68672,
20190814,200.42064,
20190815,217.0728,
20190816,198.86304,
20190817,135.45456,
20190818,101.1024,
20190819,78.3048,
20190820,57.51792,
20190821,65.4192,
20190822,73.9152,
20190823,83.65728,
20190824,87.9336,
20190825,83.48736,
20190826,66.92016,
20190827,59.472,
20190828,66.92016,
20190829,45.0288,
20190830,75.8976,
20190831,66.4104,
20190901,54.2328,
20190902,72.30096,
20190903,66.60864,
20190904,101.8104,
20190905,247.2336,
20190906,335.67696,
20190907,266.32128,
20190908,186.14736,
20190909,231.3744,
20190910,225.2856,
20190911,137.6352,
20190912,99.34656,
20190913,102.2352,
20190914,89.43456,
20190915,68.9592,
20190916,74.9064,
20190917,67.6848,
20190918,57.54624,
20190919,37.8072,
20190920,39.648,
20190921,36.75936,
20190922,30.8688,
20190923,33.5592,
20190924,29.11296,
20190925,25.6296,
20190926,39.44976,
20190927,27.64032,
20190928,15.88752,
20190929,15.576,
20190930,11.0448,
20191001,15.80256,
20191002,12.57408,
20191003,5.83392,
20191004,9.3456,
20191005,8.3544,
20191006,8.3544,
20191007,57.00816,
20191008,48.144,
20191009,66.9768,
20191010,37.04256,
20191011,33.7008,
20191012,35.45664,
20191013,27.72528,
20191014,21.3816,
20191015,20.70192,
20191016,27.21552,
20191017,76.66224,
20191018,31.54848,
20191019,27.8952,
20191020,14.35824,
20191021,19.17264,
20191022,38.34528,
20191023,32.7096,
20191024,35.14512,
20191025,28.0368,
20191026,52.1088,
20191027,47.35104,
20191028,35.14512,
20191029,8.7792,
20191030,14.4432,
20191031,6.59856,
20191101,5.49408,
20191102,11.15808,
20191103,13.36704,
20191104,14.16,
20191105,7.95792,
20191106,5.72064,
20191107,20.1072,
20191108,11.27136,
20191109,20.6736,
20191110,11.12976,
20191111,10.9032,
20191112,,
20191113,8.0712,
20191114,5.83392,
20191115,5.8056,
20191116,10.50672,
20191117,10.45008,
20191118,9.7704,
20191119,8.26944,
20191120,8.12784,
20191121,6.372,
20191122,6.0888,
20191123,4.61616,
20191124,4.1064,
20191125,4.1064,
20191126,3.9648,
20191127,3.31344,
20191128,3.28512,
20191129,3.28512,
20191130,3.28512,
20191201,3.2568,
20191202,12.80064,
20191203,24.18528,
20191204,21.3816,
20191205,19.34256,
20191206,19.00272,
20191207,17.24688,
20191208,15.8592,
20191209,15.49104,
20191210,14.47152,
20191211,13.1688,
20191212,12.26256,
20191213,7.05168,
20191214,9.7704,
20191215,7.5048,
20191216,7.81632,
20191217,7.41984,
20191218,4.50288,
20191219,5.06928,
20191220,5.40912,
20191221,5.40912,
20191222,6.31536,
20191223,6.372,
20191224,4.33296,
20191225,11.69616,
20191226,11.1864,
20191227,11.7528,
20191228,8.52432,
20191229,8.12784,
20191230,6.59856,
20191231,3.9648,
20200101,3.9648,
20200102,4.19136,
20200103,4.13472,
20200104,3.99312,
20200105,3.00192,
20200106,3.51168,
20200107,3.17184,
20200108,3.34176,
20200109,3.17184,
20200110,3.17184,
20200111,3.34176,
20200112,2.832,
20200113,2.832,
20200114,2.832,
20200115,3.17184,
20200116,2.832,
20200117,2.832,
20200118,3.00192,
20200119,2.832,
20200120,3.00192,
20200121,2.5488,
20200122,3.00192,
20200123,2.2656,
20200124,2.5488,
20200125,2.32224,
20200126,2.32224,
20200127,2.32224,
20200128,2.32224,
20200129,2.5488,
20200130,2.20896,
20200131,2.5488,
20200201,2.20896,
20200202,2.20896,
20200203,2.5488,
20200204,2.03904,
20200205,2.124,
20200206,2.124,
20200207,2.01072,
20200208,1.9824,
20200209,1.9824,
20200210,1.9824,
20200211,1.9824,
20200212,1.9824,
20200213,1.9824,
20200214,1.9824,
20200215,1.9824,
20200216,1.9824,
20200217,1.9824,
20200218,1.9824,
20200219,1.9824,
20200220,1.30272,
20200221,1.30272,
20200222,1.30272,
20200223,1.30272,
20200224,1.30272,
20200225,1.30272,
20200226,1.30272,
20200227,1.30272,
20200228,1.30272,
20200229,1.1328,
20200301,1.1328,
20200302,1.1328,
20200303,1.1328,
20200304,1.2744,
20200305,1.2744,
20200306,1.16112,
20200307,1.18944,
20200308,1.18944,
20200309,1.18944,
20200310,1.18944,
20200311,1.18944,
20200312,1.18944,
20200313,1.18944,
20200314,1.2744,
20200315,1.2744,
20200316,1.1328,
20200317,1.1328,
20200318,1.1328,
20200319,1.1328,
20200320,1.1328,
20200321,1.1328,
20200322,1.1328,
20200323,1.1328,
20200324,1.1328,
20200325,1.1328,
20200326,2.124,
20200327,2.124,
20200328,1.8408,
20200329,1.8408,
20200330,1.8408,
20200331,1.8408,
20200401,1.8408,
20200402,1.6992,
20200403,1.6992,
20200404,1.6992,
20200405,1.6992,
20200406,1.6992,
20200407,2.49216,
20200408,2.5488,
20200409,2.2656,
20200410,1.6992,
20200411,1.6992,
20200412,1.6992,
20200413,1.6992,
20200414,1.44432,
20200415,1.44432,
20200416,1.44432,
20200417,1.44432,
20200418,1.44432,
20200419,1.416,
20200420,1.416,
20200421,1.416,
20200422,1.416,
20200423,1.416,
20200424,1.9824,
20200425,4.36128,
20200426,3.73824,
20200427,3.3984,
20200428,2.86032,
20200429,2.77536,
20200430,2.86032,
20200501,2.86032,
20200502,3.08688,
20200503,2.18064,
20200504,1.6992,
20200505,1.6992,
20200506,1.5576,
20200507,1.5576,
20200508,1.5576,
20200509,1.5576,
20200510,1.50096,
20200511,1.35936,
20200512,1.35936,
20200513,1.35936,
20200514,2.46384,
20200515,3.22848,
20200516,3.05856,
20200517,3.05856,
20200518,3.14352,
20200519,8.58096,
20200520,5.21088,
20200521,4.16304,
20200522,2.66208,
20200523,3.17184,
20200524,3.08688,
20200525,2.80368,
20200526,2.88864,
20200527,2.66208,
20200528,2.66208,
20200529,2.66208,
20200530,2.71872,
20200531,2.66208,
20200601,2.5488,
20200602,2.66208,
20200603,3.05856,
20200604,3.48336,
20200605,5.01264,
20200606,3.99312,
20200607,4.47456,
20200608,5.15424,
20200609,3.8232,
20200610,2.6904,
20200611,3.37008,
20200612,5.55072,
20200613,6.71184,
20200614,4.72944,
20200615,11.58288,
20200616,7.41984,
20200617,6.57024,
20200618,15.68928,
20200619,22.31616,
20200620,13.79184,
20200621,13.14048,
20200622,18.57792,
20200623,20.9568,
20200624,12.4608,
20200625,10.08192,
20200626,7.67472,
20200627,6.6552,
20200628,6.6552,
20200629,13.14048,
20200630,29.50944,
20200701,24.38352,
20200702,15.54768,
20200703,32.22816,
20200704,42.79152,
20200705,45.85008,
20200706,49.33344,
20200707,110.1648,
20200708,112.37376,
20200709,,
20200710,,
20200711,,
20200712,,
20200713,,
20200714,,
20200715,,
20200716,,
20200717,,
20200718,,
20200719,,
20200720,,
20200721,,
20200722,,
20200723,39.70464,
20200724,59.78352,
20200725,42.0552,
20200726,36.50448,
20200727,33.16272,
20200728,34.29552,
20200729,34.29552,
20200730,16.02912,
20200731,21.948,
20200801,16.284,
20200802,19.9656,
20200803,68.61936,
20200804,155.36352,
20200805,203.50752,
20200806,,
20200807,,
20200808,,
20200809,,
20200810,,
20200811,,
20200812,,
20200813,162.35856,
20200814,92.66304,
20200815,73.00896,
20200816,58.59408,
20200817,38.62848,
20200818,66.4104,
20200819,36.02304,
20200820,56.4984,
20200821,80.34384,
20200822,36.44784,
20200823,47.49264,
20200824,28.37664,
20200825,29.76432,
20200826,29.19792,
20200827,29.25456,
20200828,29.25456,
20200829,29.14128,
20200830,29.028,
20200831,29.028,
20200901,29.08464,
20200902,44.3208,
20200903,25.7712,
20200904,23.56224,
20200905,23.56224,
20200906,23.67552,
20200907,30.33072,
20200908,27.0456,
20200909,29.84928,
20200910,38.5152,
20200911,31.32192,
20200912,32.79456,
20200913,55.96032,
20200914,91.24704,
20200915,86.99904,
20200916,64.82448,
20200917,60.37824,
20200918,76.83216,
20200919,84.42192,
20200920,164.79408,
20200921,245.42112,
20200922,199.0896,
20200923,128.4312,
20200924,97.76064,
20200925,73.2072,
20200926,39.0816,
20200927,36.92928,
20200928,36.58944,
20200929,42.14016,
20200930,34.4088,
20201001,29.96256,
20201002,29.736,
20201003,47.54928,
20201004,32.11488,
20201005,27.1872,
20201006,22.74096,
20201007,26.16768,
20201008,53.808,
20201009,39.39312,
20201010,27.1872,
20201011,30.444,
20201012,21.72144,
20201013,64.20144,
20201014,81.22176,
20201015,83.544,
20201016,65.36256,
20201017,56.97984,
20201018,44.97216,
20201019,43.896,
20201020,42.59328,
20201021,34.8336,
20201022,45.93504,
20201023,55.87536,
20201024,30.78384,
20201025,24.80832,
20201026,28.09344,
20201027,19.6824,
20201028,12.48912,
20201029,15.83088,
20201030,14.69808,
20201031,9.54384,
20201101,8.496,
20201102,7.90128,
20201103,7.90128,
20201104,4.87104,
20201105,4.16304,
20201106,3.20016,
20201107,2.9736,
20201108,4.70112,
20201109,3.31344,
20201110,3.20016,
20201111,3.2568,
20201112,3.17184,
20201113,3.20016,
20201114,3.1152,
20201115,3.1152,
20201116,3.1152,
20201117,2.94528,
20201118,2.9736,
20201119,3.00192,
20201120,2.88864,
20201121,2.77536,
20201122,2.71872,
20201123,2.71872,
20201124,2.71872,
20201125,2.74704,
20201126,2.6904,
20201127,2.63376,
20201128,2.66208,
20201129,2.60544,
20201130,2.63376,
20201201,2.5488,
20201202,2.5488,
20201203,2.60544,
20201204,3.73824,
20201205,4.13472,
20201206,4.07808,
20201207,5.12592,
20201208,6.25872,
20201209,7.788,
20201210,7.84464,
20201211,6.99504,
20201212,6.76848,
20201213,6.25872,
20201214,6.2304,
20201215,6.14544,
20201216,6.20208,
20201217,,
20201218,,
20201219,,
20201220,,
20201221,,
20201222,,
20201223,,
20201224,,
20201225,,
20201226,,
20201227,,
20201228,,
20201229,,
20201230,,
20201231,,
