Date,Simulated Inflow,
20110101,8.643,
20110102,8.437,
20110103,8.244,
20110104,8.063,
20110105,7.89,
20110106,7.715,
20110107,7.526,
20110108,7.375,
20110109,7.205,
20110110,7.038,
20110111,6.881,
20110112,6.718,
20110113,6.572,
20110114,6.403,
20110115,6.253,
20110116,6.113,
20110117,5.965,
20110118,5.826,
20110119,5.685,
20110120,5.542,
20110121,5.409,
20110122,5.273,
20110123,5.128,
20110124,5.02,
20110125,4.892,
20110126,4.778,
20110127,4.622,
20110128,4.462,
20110129,4.227,
20110130,4.073,
20110131,3.967,
20110201,3.213,
20110202,2.506,
20110203,2.299,
20110204,2.126,
20110205,1.993,
20110206,1.785,
20110207,1.154,
20110208,1.009,
20110209,1.043,
20110210,1.068,
20110211,0.9692,
20110212,0.9654,
20110213,0.8838,
20110214,0.6684,
20110215,0.717,
20110216,0.7331,
20110217,0.7579,
20110218,0.7351,
20110219,0.6705,
20110220,0.5999,
20110221,0.6587,
20110222,0.6531,
20110223,0.671,
20110224,0.6513,
20110225,4.595,
20110226,1.651,
20110227,1.32,
20110228,1.27,
20110301,1.248,
20110302,1.254,
20110303,1.239,
20110304,1.244,
20110305,1.244,
20110306,1.241,
20110307,1.239,
20110308,1.228,
20110309,1.227,
20110310,1.217,
20110311,1.231,
20110312,1.223,
20110313,1.203,
20110314,0.9439,
20110315,0.8727,
20110316,0.8041,
20110317,0.7021,
20110318,0.5834,
20110319,0.5252,
20110320,0.5468,
20110321,0.4375,
20110322,0.2988,
20110323,0.3415,
20110324,0.3934,
20110325,0.4304,
20110326,0.3973,
20110327,0.4694,
20110328,0.6095,
20110329,0.5824,
20110330,0.5637,
20110331,0.5797,
20110401,0.4885,
20110402,0.251,
20110403,0.2542,
20110404,0.2348,
20110405,0.2416,
20110406,0.2193,
20110407,0.1998,
20110408,0.2193,
20110409,0.1843,
20110410,0.2478,
20110411,0.419,
20110412,0.422,
20110413,0.3556,
20110414,0.4111,
20110415,0.653,
20110416,0.6213,
20110417,0.6322,
20110418,0.5816,
20110419,0.5941,
20110420,0.7702,
20110421,0.8971,
20110422,1.087,
20110423,1.644,
20110424,1.875,
20110425,1.602,
20110426,2.364,
20110427,1.704,
20110428,1.527,
20110429,1.378,
20110430,1.247,
20110501,1.183,
20110502,1.039,
20110503,0.9264,
20110504,0.8546,
20110505,0.7721,
20110506,0.705,
20110507,0.6326,
20110508,0.5665,
20110509,0.5436,
20110510,0.4837,
20110511,0.4359,
20110512,0.507,
20110513,0.4157,
20110514,0.4594,
20110515,0.4225,
20110516,0.4746,
20110517,0.3806,
20110518,9.049,
20110519,2.062,
20110520,1.411,
20110521,1.18,
20110522,1.047,
20110523,0.9477,
20110524,0.9141,
20110525,0.8167,
20110526,0.8287,
20110527,0.9411,
20110528,0.877,
20110529,0.8212,
20110530,0.6995,
20110531,0.672,
20110601,0.5738,
20110602,0.65,
20110603,3.962,
20110604,13.3,
20110605,19.12,
20110606,16.37,
20110607,13.91,
20110608,13.93,
20110609,6.152,
20110610,11.41,
20110611,5.756,
20110612,50.64,
20110613,18.9,
20110614,34.82,
20110615,44.38,
20110616,22.14,
20110617,60.61,
20110618,274,
20110619,78.08,
20110620,21.73,
20110621,12.24,
20110622,10.16,
20110623,102.7,
20110624,67.28,
20110625,116.9,
20110626,206,
20110627,272.9,
20110628,216.3,
20110629,52.62,
20110630,23.5,
20110701,18.04,
20110702,69.9,
20110703,25,
20110704,19.16,
20110705,36.59,
20110706,40.47,
20110707,85.65,
20110708,35.18,
20110709,30.1,
20110710,22.51,
20110711,38.86,
20110712,29.73,
20110713,68.41,
20110714,108.5,
20110715,147.2,
20110716,125,
20110717,191.8,
20110718,182.4,
20110719,232.7,
20110720,163.7,
20110721,85.29,
20110722,111.6,
20110723,62.27,
20110724,192.4,
20110725,187.2,
20110726,66.47,
20110727,108,
20110728,45.45,
20110729,37.83,
20110730,35.25,
20110731,106.4,
20110801,58.11,
20110802,79.7,
20110803,210.4,
20110804,222.5,
20110805,162.7,
20110806,314.3,
20110807,189.3,
20110808,209.2,
20110809,134,
20110810,77.58,
20110811,62.74,
20110812,80.03,
20110813,136.5,
20110814,56.76,
20110815,49.7,
20110816,43.84,
20110817,42.77,
20110818,42.3,
20110819,70.65,
20110820,50.42,
20110821,119.2,
20110822,54,
20110823,56.75,
20110824,48.45,
20110825,55.04,
20110826,50.29,
20110827,134.7,
20110828,78.05,
20110829,52.61,
20110830,111,
20110831,126.7,
20110901,160.9,
20110902,372.8,
20110903,315,
20110904,185.4,
20110905,71.29,
20110906,52.16,
20110907,65.17,
20110908,51.81,
20110909,51.05,
20110910,50.72,
20110911,77.14,
20110912,60.04,
20110913,51.98,
20110914,55.29,
20110915,78.08,
20110916,103.9,
20110917,55.69,
20110918,48.55,
20110919,92.84,
20110920,54.85,
20110921,47.95,
20110922,46.33,
20110923,45.54,
20110924,44.86,
20110925,44.18,
20110926,43.54,
20110927,42.96,
20110928,42.32,
20110929,41.65,
20110930,41,
20111001,40.45,
20111002,39.83,
20111003,39.29,
20111004,38.57,
20111005,37.95,
20111006,37.31,
20111007,36.67,
20111008,36.02,
20111009,35.44,
20111010,35.07,
20111011,35.55,
20111012,34.59,
20111013,40.06,
20111014,34.46,
20111015,34.7,
20111016,34.86,
20111017,32.82,
20111018,32.25,
20111019,31.6,
20111020,30.94,
20111021,30.49,
20111022,30.09,
20111023,29.45,
20111024,109.7,
20111025,41.28,
20111026,32.32,
20111027,29.45,
20111028,61.92,
20111029,33.28,
20111030,35.56,
20111031,29.14,
20111101,27.86,
20111102,36.36,
20111103,42.88,
20111104,36.7,
20111105,29,
20111106,27.52,
20111107,28.44,
20111108,26.79,
20111109,26.17,
20111110,25.68,
20111111,25.21,
20111112,24.76,
20111113,24.31,
20111114,23.87,
20111115,23.43,
20111116,23,
20111117,22.59,
20111118,22.18,
20111119,21.75,
20111120,21.35,
20111121,20.95,
20111122,20.54,
20111123,20.16,
20111124,19.77,
20111125,19.37,
20111126,19.07,
20111127,18.87,
20111128,18.5,
20111129,18.17,
20111130,17.79,
20111201,17.4,
20111202,17.03,
20111203,16.67,
20111204,16.31,
20111205,15.99,
20111206,15.62,
20111207,15.28,
20111208,14.96,
20111209,14.63,
20111210,14.3,
20111211,13.98,
20111212,13.67,
20111213,13.37,
20111214,13.07,
20111215,12.76,
20111216,12.48,
20111217,12.19,
20111218,11.92,
20111219,11.64,
20111220,11.37,
20111221,11.09,
20111222,10.84,
20111223,10.57,
20111224,10.32,
20111225,10.09,
20111226,9.85,
20111227,9.604,
20111228,9.382,
20111229,9.154,
20111230,8.925,
20111231,8.714,
20120101,8.503,
20120102,8.285,
20120103,8.086,
20120104,7.889,
20120105,7.687,
20120106,7.498,
20120107,7.317,
20120108,7.139,
20120109,6.957,
20120110,6.781,
20120111,6.605,
20120112,6.441,
20120113,6.281,
20120114,6.13,
20120115,5.965,
20120116,5.815,
20120117,5.674,
20120118,5.521,
20120119,5.382,
20120120,5.176,
20120121,5.053,
20120122,4.916,
20120123,4.798,
20120124,4.212,
20120125,3.005,
20120126,2.972,
20120127,2.744,
20120128,2.661,
20120129,2.534,
20120130,2.367,
20120131,2.256,
20120201,1.541,
20120202,1.296,
20120203,1.219,
20120204,1.154,
20120205,1.136,
20120206,1.17,
20120207,1.187,
20120208,1.109,
20120209,1.065,
20120210,1.067,
20120211,0.9285,
20120212,0.8436,
20120213,0.8512,
20120214,0.8801,
20120215,0.8276,
20120216,0.8242,
20120217,0.7996,
20120218,0.7583,
20120219,0.7112,
20120220,0.7272,
20120221,0.7191,
20120222,0.5387,
20120223,0.5558,
20120224,0.5626,
20120225,0.5689,
20120226,0.523,
20120227,0.5042,
20120228,0.5167,
20120229,0.4667,
20120301,0.4768,
20120302,0.4699,
20120303,0.4758,
20120304,0.4577,
20120305,0.4543,
20120306,0.455,
20120307,0.4455,
20120308,0.4444,
20120309,0.4257,
20120310,0.4385,
20120311,0.4293,
20120312,0.4085,
20120313,0.415,
20120314,0.4754,
20120315,0.4266,
20120316,0.4212,
20120317,0.4232,
20120318,0.3999,
20120319,0.4112,
20120320,0.3913,
20120321,0.4032,
20120322,0.3887,
20120323,0.3802,
20120324,0.3842,
20120325,0.3737,
20120326,0.3667,
20120327,0.3546,
20120328,0.348,
20120329,0.3507,
20120330,0.3499,
20120331,0.341,
20120401,0.3227,
20120402,0.3656,
20120403,0.3225,
20120404,0.3219,
20120405,0.2938,
20120406,0.3232,
20120407,0.3065,
20120408,0.2772,
20120409,0.2938,
20120410,0.3003,
20120411,0.2808,
20120412,0.282,
20120413,0.2839,
20120414,0.283,
20120415,0.2606,
20120416,0.2722,
20120417,0.407,
20120418,0.3338,
20120419,0.3829,
20120420,0.3137,
20120421,0.4944,
20120422,0.4356,
20120423,0.3955,
20120424,0.4102,
20120425,0.4771,
20120426,0.5404,
20120427,0.5936,
20120428,0.5632,
20120429,0.5154,
20120430,0.4478,
20120501,0.4756,
20120502,0.4093,
20120503,0.4298,
20120504,0.4146,
20120505,0.3477,
20120506,0.3346,
20120507,0.3207,
20120508,0.3011,
20120509,0.2962,
20120510,0.2783,
20120511,0.2799,
20120512,26.43,
20120513,5.151,
20120514,2.439,
20120515,1.801,
20120516,1.53,
20120517,1.428,
20120518,1.247,
20120519,1.137,
20120520,1.041,
20120521,0.9495,
20120522,0.9065,
20120523,0.7719,
20120524,0.7218,
20120525,0.6557,
20120526,0.6087,
20120527,0.5496,
20120528,0.4832,
20120529,0.4695,
20120530,0.4907,
20120531,0.3984,
20120601,0.3779,
20120602,0.5752,
20120603,0.576,
20120604,0.8161,
20120605,10.63,
20120606,86.45,
20120607,113,
20120608,29.1,
20120609,11.91,
20120610,6.266,
20120611,4.8,
20120612,28.28,
20120613,15.09,
20120614,50.46,
20120615,12.29,
20120616,35.32,
20120617,65.32,
20120618,277.3,
20120619,230.1,
20120620,188.9,
20120621,42.12,
20120622,27.6,
20120623,13.78,
20120624,11.67,
20120625,11.19,
20120626,11.11,
20120627,16.83,
20120628,192.6,
20120629,267.5,
20120630,75.36,
20120701,34.12,
20120702,83.57,
20120703,74.88,
20120704,25.96,
20120705,19.02,
20120706,17.88,
20120707,18.84,
20120708,23.53,
20120709,19.42,
20120710,43.94,
20120711,23.74,
20120712,39.73,
20120713,22.91,
20120714,24.54,
20120715,32.54,
20120716,24.55,
20120717,21.9,
20120718,55.64,
20120719,47.21,
20120720,26.34,
20120721,24.71,
20120722,102.4,
20120723,65.47,
20120724,98.57,
20120725,36.1,
20120726,137.3,
20120727,193.1,
20120728,110.2,
20120729,72.71,
20120730,35.74,
20120731,30.03,
20120801,28.75,
20120802,28.27,
20120803,28.14,
20120804,28.07,
20120805,27.81,
20120806,202,
20120807,350.2,
20120808,187.2,
20120809,178.8,
20120810,146.6,
20120811,164.4,
20120812,144.5,
20120813,63.31,
20120814,38.78,
20120815,34.39,
20120816,40.32,
20120817,34.95,
20120818,53.12,
20120819,59.59,
20120820,37.69,
20120821,34.44,
20120822,33.53,
20120823,33.03,
20120824,32.72,
20120825,32.99,
20120826,124.6,
20120827,57.27,
20120828,94.34,
20120829,117.2,
20120830,145,
20120831,117.6,
20120901,127.8,
20120902,64.53,
20120903,61.92,
20120904,169.5,
20120905,68.36,
20120906,43.12,
20120907,47.41,
20120908,76.01,
20120909,43.52,
20120910,40.37,
20120911,37.89,
20120912,59,
20120913,41.68,
20120914,77.42,
20120915,54.02,
20120916,59.16,
20120917,64.61,
20120918,47.27,
20120919,65.97,
20120920,42.42,
20120921,38.9,
20120922,37.88,
20120923,37.26,
20120924,36.71,
20120925,36.24,
20120926,35.71,
20120927,35.23,
20120928,34.77,
20120929,34.28,
20120930,33.79,
20121001,45.25,
20121002,35.96,
20121003,42.71,
20121004,34.55,
20121005,33.23,
20121006,32.5,
20121007,31.97,
20121008,31.46,
20121009,65.89,
20121010,36.14,
20121011,31.77,
20121012,30.5,
20121013,29.85,
20121014,29.32,
20121015,29.05,
20121016,29.27,
20121017,28.36,
20121018,27.79,
20121019,27.27,
20121020,28.06,
20121021,27.25,
20121022,26.63,
20121023,26.26,
20121024,25.71,
20121025,25.22,
20121026,24.74,
20121027,24.23,
20121028,23.77,
20121029,23.3,
20121030,22.85,
20121031,22.38,
20121101,44.37,
20121102,165.9,
20121103,52.91,
20121104,28.58,
20121105,187.4,
20121106,47.46,
20121107,28.03,
20121108,23.91,
20121109,22.71,
20121110,22.13,
20121111,21.67,
20121112,21.26,
20121113,20.89,
20121114,20.5,
20121115,20.13,
20121116,19.74,
20121117,19.4,
20121118,19.04,
20121119,18.69,
20121120,18.33,
20121121,17.99,
20121122,17.65,
20121123,17.31,
20121124,16.98,
20121125,16.65,
20121126,16.33,
20121127,16,
20121128,15.67,
20121129,15.37,
20121130,15.05,
20121201,14.76,
20121202,14.44,
20121203,14.15,
20121204,13.88,
20121205,16,
20121206,13.98,
20121207,13.52,
20121208,13.18,
20121209,12.9,
20121210,12.62,
20121211,12.32,
20121212,12.07,
20121213,11.81,
20121214,11.55,
20121215,11.3,
20121216,11.05,
20121217,10.81,
20121218,10.55,
20121219,10.32,
20121220,10.08,
20121221,9.842,
20121222,9.631,
20121223,9.41,
20121224,9.194,
20121225,8.989,
20121226,8.776,
20121227,8.567,
20121228,8.368,
20121229,8.162,
20121230,8.145,
20121231,7.916,
20130101,7.71,
20130102,7.529,
20130103,7.345,
20130104,7.173,
20130105,6.998,
20130106,6.838,
20130107,6.646,
20130108,6.507,
20130109,6.352,
20130110,6.185,
20130111,6.044,
20130112,5.894,
20130113,5.732,
20130114,5.529,
20130115,5.405,
20130116,5.272,
20130117,5.068,
20130118,4.808,
20130119,4.087,
20130120,3.215,
20130121,3.106,
20130122,2.903,
20130123,2.75,
20130124,2.555,
20130125,2.431,
20130126,2.386,
20130127,2.174,
20130128,1.592,
20130129,1.546,
20130130,1.466,
20130131,1.294,
20130201,1.292,
20130202,1.224,
20130203,1.203,
20130204,1.109,
20130205,0.9967,
20130206,1.036,
20130207,1.053,
20130208,1.1,
20130209,1.079,
20130210,16.34,
20130211,3.822,
20130212,2.267,
20130213,1.971,
20130214,1.899,
20130215,1.914,
20130216,1.906,
20130217,1.904,
20130218,1.886,
20130219,1.85,
20130220,1.845,
20130221,1.826,
20130222,1.823,
20130223,1.814,
20130224,1.803,
20130225,1.789,
20130226,1.773,
20130227,1.765,
20130228,1.747,
20130301,1.741,
20130302,1.723,
20130303,1.696,
20130304,1.681,
20130305,1.656,
20130306,1.648,
20130307,1.665,
20130308,127.6,
20130309,20.61,
20130310,6.317,
20130311,3.5,
20130312,85.75,
20130313,15.43,
20130314,6.032,
20130315,4.148,
20130316,3.738,
20130317,3.584,
20130318,3.533,
20130319,3.614,
20130320,3.524,
20130321,3.466,
20130322,3.437,
20130323,3.395,
20130324,3.352,
20130325,3.32,
20130326,3.274,
20130327,3.244,
20130328,3.199,
20130329,3.18,
20130330,3.137,
20130331,3.109,
20130401,3.071,
20130402,3.029,
20130403,2.993,
20130404,2.956,
20130405,2.919,
20130406,2.876,
20130407,2.829,
20130408,2.719,
20130409,2.669,
20130410,2.622,
20130411,2.557,
20130412,2.239,
20130413,1.833,
20130414,1.731,
20130415,1.699,
20130416,1.58,
20130417,1.506,
20130418,1.02,
20130419,0.955,
20130420,0.9104,
20130421,0.6876,
20130422,0.6753,
20130423,0.7215,
20130424,0.8455,
20130425,0.8223,
20130426,0.8796,
20130427,0.9052,
20130428,0.8724,
20130429,1.068,
20130430,1.063,
20130501,1.034,
20130502,0.9104,
20130503,0.6048,
20130504,0.42,
20130505,0.6094,
20130506,0.7993,
20130507,0.7377,
20130508,0.7187,
20130509,0.7171,
20130510,0.7459,
20130511,0.9632,
20130512,1.172,
20130513,1.267,
20130514,1.166,
20130515,1.113,
20130516,1.046,
20130517,0.9655,
20130518,0.8269,
20130519,0.6339,
20130520,0.4935,
20130521,0.9482,
20130522,0.8298,
20130523,0.7576,
20130524,0.69,
20130525,0.6389,
20130526,0.6413,
20130527,0.5947,
20130528,0.4998,
20130529,0.5972,
20130530,0.4802,
20130531,0.7042,
20130601,0.999,
20130602,0.881,
20130603,0.8598,
20130604,0.8393,
20130605,0.7016,
20130606,0.6685,
20130607,0.6633,
20130608,0.6993,
20130609,0.8308,
20130610,0.8951,
20130611,1.088,
20130612,3.445,
20130613,2.089,
20130614,6.108,
20130615,8.214,
20130616,15.03,
20130617,7.557,
20130618,16.83,
20130619,6.623,
20130620,11.45,
20130621,5.054,
20130622,7.227,
20130623,4.818,
20130624,7.227,
20130625,74.4,
20130626,63.37,
20130627,50.03,
20130628,13.87,
20130629,8.665,
20130630,7.429,
20130701,7.101,
20130702,9.23,
20130703,26.52,
20130704,216.9,
20130705,130,
20130706,43.12,
20130707,26.82,
20130708,14.22,
20130709,12.34,
20130710,15.25,
20130711,26.2,
20130712,26.52,
20130713,57.7,
20130714,21.27,
20130715,15.97,
20130716,16.21,
20130717,35.89,
20130718,35.27,
20130719,113.3,
20130720,210.9,
20130721,130.5,
20130722,87.1,
20130723,79.27,
20130724,59.58,
20130725,82.92,
20130726,47.05,
20130727,32.2,
20130728,40.93,
20130729,72.4,
20130730,32.34,
20130731,32.02,
20130801,45.07,
20130802,153.9,
20130803,103.9,
20130804,54.11,
20130805,32.92,
20130806,51.78,
20130807,49.63,
20130808,33.46,
20130809,30.07,
20130810,29.3,
20130811,28.97,
20130812,28.74,
20130813,28.5,
20130814,28.69,
20130815,28.37,
20130816,28.19,
20130817,28,
20130818,27.99,
20130819,28,
20130820,27.8,
20130821,29.35,
20130822,30.82,
20130823,29.07,
20130824,30.13,
20130825,28.17,
20130826,27.64,
20130827,27.25,
20130828,26.87,
20130829,26.5,
20130830,26.16,
20130831,25.74,
20130901,25.41,
20130902,25.12,
20130903,24.73,
20130904,24.45,
20130905,24.15,
20130906,23.9,
20130907,23.61,
20130908,23.36,
20130909,28.94,
20130910,23.84,
20130911,22.89,
20130912,22.38,
20130913,22.23,
20130914,31.66,
20130915,24.71,
20130916,22.59,
20130917,21.98,
20130918,22.26,
20130919,25.88,
20130920,26.34,
20130921,46.55,
20130922,25.61,
20130923,22.52,
20130924,21.62,
20130925,21.13,
20130926,20.74,
20130927,20.33,
20130928,19.94,
20130929,19.67,
20130930,19.26,
20131001,19.94,
20131002,19.03,
20131003,18.61,
20131004,18.26,
20131005,17.93,
20131006,17.67,
20131007,17.42,
20131008,17.03,
20131009,16.71,
20131010,16.39,
20131011,16.07,
20131012,15.8,
20131013,15.55,
20131014,15.19,
20131015,14.89,
20131016,14.72,
20131017,14.46,
20131018,14.3,
20131019,14.07,
20131020,74.43,
20131021,22.94,
20131022,16.05,
20131023,14.45,
20131024,46.72,
20131025,18.92,
20131026,15.06,
20131027,14.06,
20131028,13.63,
20131029,13.33,
20131030,13.11,
20131031,12.81,
20131101,12.58,
20131102,12.36,
20131103,12.09,
20131104,12,
20131105,11.73,
20131106,11.5,
20131107,11.28,
20131108,11.05,
20131109,10.83,
20131110,10.61,
20131111,10.4,
20131112,10.19,
20131113,18.11,
20131114,11.37,
20131115,10.39,
20131116,10.03,
20131117,9.849,
20131118,9.607,
20131119,9.437,
20131120,9.212,
20131121,9.018,
20131122,8.835,
20131123,8.648,
20131124,30.24,
20131125,12.07,
20131126,9.592,
20131127,8.938,
20131128,8.704,
20131129,8.471,
20131130,8.311,
20131201,8.149,
20131202,8.048,
20131203,7.863,
20131204,7.697,
20131205,7.549,
20131206,7.391,
20131207,7.249,
20131208,7.104,
20131209,6.952,
20131210,6.821,
20131211,6.675,
20131212,6.543,
20131213,6.4,
20131214,6.26,
20131215,6.146,
20131216,6.02,
20131217,5.883,
20131218,5.767,
20131219,5.641,
20131220,5.525,
20131221,5.396,
20131222,5.285,
20131223,5.166,
20131224,5.057,
20131225,4.939,
20131226,4.834,
20131227,4.712,
20131228,4.618,
20131229,4.519,
20131230,4.406,
20131231,4.261,
20140101,4.13,
20140102,3.899,
20140103,3.814,
20140104,2.773,
20140105,2.616,
20140106,2.333,
20140107,2.265,
20140108,2.195,
20140109,1.98,
20140110,1.953,
20140111,1.198,
20140112,1.223,
20140113,1.227,
20140114,0.9726,
20140115,0.9111,
20140116,0.9454,
20140117,0.9756,
20140118,1.022,
20140119,1.013,
20140120,0.995,
20140121,0.8161,
20140122,0.7951,
20140123,0.7674,
20140124,0.7291,
20140125,0.7108,
20140126,0.6864,
20140127,0.7094,
20140128,0.6331,
20140129,0.6478,
20140130,0.5896,
20140131,0.5695,
20140201,0.5165,
20140202,0.4739,
20140203,0.4189,
20140204,0.4273,
20140205,0.4255,
20140206,0.3194,
20140207,0.2985,
20140208,0.2983,
20140209,0.3126,
20140210,0.3195,
20140211,0.3071,
20140212,0.2745,
20140213,0.2862,
20140214,0.2695,
20140215,0.2807,
20140216,0.2746,
20140217,0.2627,
20140218,0.2654,
20140219,0.2547,
20140220,0.2382,
20140221,0.2536,
20140222,0.2504,
20140223,0.2418,
20140224,0.2425,
20140225,0.2399,
20140226,0.2328,
20140227,0.2332,
20140228,0.2264,
20140301,0.2193,
20140302,0.2194,
20140303,0.222,
20140304,0.2174,
20140305,0.2106,
20140306,0.2107,
20140307,0.2015,
20140308,0.2329,
20140309,0.1996,
20140310,0.3073,
20140311,0.257,
20140312,0.2465,
20140313,0.2281,
20140314,0.23,
20140315,0.2082,
20140316,0.208,
20140317,0.1981,
20140318,0.1785,
20140319,0.1943,
20140320,0.1698,
20140321,0.1857,
20140322,0.1762,
20140323,0.254,
20140324,0.2179,
20140325,0.2075,
20140326,0.2112,
20140327,0.1966,
20140328,0.1862,
20140329,0.1892,
20140330,0.1807,
20140331,0.1651,
20140401,0.1697,
20140402,0.2094,
20140403,0.2074,
20140404,0.1637,
20140405,0.1591,
20140406,0.1429,
20140407,0.1312,
20140408,0.1446,
20140409,0.1894,
20140410,0.1304,
20140411,0.1716,
20140412,0.1818,
20140413,0.1249,
20140414,0.1909,
20140415,0.2521,
20140416,0.2515,
20140417,0.2483,
20140418,0.2774,
20140419,0.6006,
20140420,0.4738,
20140421,0.4456,
20140422,0.4148,
20140423,0.3726,
20140424,0.3376,
20140425,0.3246,
20140426,0.3015,
20140427,0.5557,
20140428,0.5077,
20140429,0.4284,
20140430,0.4405,
20140501,0.5459,
20140502,0.5885,
20140503,1.638,
20140504,16.98,
20140505,4.085,
20140506,2.568,
20140507,2.045,
20140508,1.853,
20140509,144.4,
20140510,22.6,
20140511,6.804,
20140512,3.58,
20140513,2.649,
20140514,2.257,
20140515,1.996,
20140516,1.779,
20140517,1.594,
20140518,1.499,
20140519,1.3,
20140520,1.222,
20140521,1.123,
20140522,0.9806,
20140523,0.8689,
20140524,0.7875,
20140525,0.721,
20140526,0.6262,
20140527,0.5891,
20140528,0.5088,
20140529,0.5953,
20140530,0.567,
20140531,0.4724,
20140601,0.5705,
20140602,0.4633,
20140603,2.094,
20140604,0.8801,
20140605,0.7512,
20140606,0.7709,
20140607,0.7059,
20140608,0.5656,
20140609,0.5415,
20140610,0.5254,
20140611,0.4749,
20140612,0.4212,
20140613,0.3951,
20140614,0.3848,
20140615,0.3716,
20140616,0.3465,
20140617,0.3849,
20140618,0.4217,
20140619,1.223,
20140620,3.316,
20140621,7.559,
20140622,27.9,
20140623,5.464,
20140624,3.219,
20140625,2.65,
20140626,2.314,
20140627,2.009,
20140628,1.804,
20140629,1.682,
20140630,1.59,
20140701,1.452,
20140702,1.347,
20140703,1.23,
20140704,1.127,
20140705,1.052,
20140706,0.956,
20140707,0.8761,
20140708,0.8537,
20140709,0.8347,
20140710,4.718,
20140711,20.04,
20140712,11.12,
20140713,95.44,
20140714,58.29,
20140715,45.15,
20140716,35.17,
20140717,10.82,
20140718,6.071,
20140719,20.76,
20140720,15.57,
20140721,18.72,
20140722,110.3,
20140723,44.85,
20140724,109.5,
20140725,38.19,
20140726,23.32,
20140727,24.87,
20140728,48.4,
20140729,32.32,
20140730,16.02,
20140731,20.46,
20140801,31.38,
20140802,52.08,
20140803,34.13,
20140804,29.65,
20140805,45.15,
20140806,69.5,
20140807,46.52,
20140808,25.72,
20140809,20.61,
20140810,19.69,
20140811,19.6,
20140812,23.35,
20140813,20.32,
20140814,19.96,
20140815,19.83,
20140816,19.68,
20140817,19.63,
20140818,19.53,
20140819,20.51,
20140820,23.58,
20140821,20.46,
20140822,19.96,
20140823,19.77,
20140824,19.59,
20140825,19.42,
20140826,19.24,
20140827,19.05,
20140828,19.73,
20140829,31.67,
20140830,25.86,
20140831,52.63,
20140901,47.26,
20140902,40.13,
20140903,24.27,
20140904,46.26,
20140905,26.53,
20140906,24.9,
20140907,70.34,
20140908,29.71,
20140909,24.08,
20140910,22.93,
20140911,22.48,
20140912,22.18,
20140913,21.9,
20140914,21.61,
20140915,21.48,
20140916,21.24,
20140917,21.02,
20140918,20.73,
20140919,20.57,
20140920,20.3,
20140921,20.04,
20140922,19.69,
20140923,29.23,
20140924,24.71,
20140925,100.9,
20140926,32.56,
20140927,27.15,
20140928,21.82,
20140929,40.79,
20140930,23.8,
20141001,21.35,
20141002,20.57,
20141003,20.17,
20141004,19.92,
20141005,20.4,
20141006,21.47,
20141007,53.03,
20141008,24.87,
20141009,20.99,
20141010,19.99,
20141011,19.71,
20141012,19.37,
20141013,19.01,
20141014,18.7,
20141015,18.41,
20141016,18.16,
20141017,17.86,
20141018,17.56,
20141019,17.28,
20141020,17.01,
20141021,16.88,
20141022,16.58,
20141023,16.26,
20141024,17.76,
20141025,16.31,
20141026,22.87,
20141027,16.99,
20141028,16.3,
20141029,15.79,
20141030,15.49,
20141031,15.19,
20141101,14.92,
20141102,14.64,
20141103,14.42,
20141104,14.11,
20141105,13.84,
20141106,13.57,
20141107,13.31,
20141108,13.06,
20141109,12.81,
20141110,12.55,
20141111,12.29,
20141112,12.07,
20141113,11.85,
20141114,11.62,
20141115,11.52,
20141116,11.25,
20141117,11.01,
20141118,10.77,
20141119,10.54,
20141120,10.31,
20141121,10.08,
20141122,9.871,
20141123,9.66,
20141124,9.448,
20141125,9.234,
20141126,9.021,
20141127,8.816,
20141128,8.629,
20141129,8.442,
20141130,8.236,
20141201,8.057,
20141202,7.877,
20141203,7.68,
20141204,7.506,
20141205,7.34,
20141206,7.169,
20141207,6.999,
20141208,6.824,
20141209,6.919,
20141210,6.708,
20141211,8.606,
20141212,7.073,
20141213,6.765,
20141214,6.587,
20141215,6.4,
20141216,9.001,
20141217,6.84,
20141218,6.481,
20141219,6.304,
20141220,6.157,
20141221,6.012,
20141222,5.883,
20141223,5.752,
20141224,5.633,
20141225,5.514,
20141226,5.396,
20141227,5.28,
20141228,5.173,
20141229,5.064,
20141230,4.959,
20141231,4.854,
20150101,4.754,
20150102,4.645,
20150103,4.542,
20150104,4.447,
20150105,4.344,
20150106,4.254,
20150107,4.13,
20150108,4.028,
20150109,3.882,
20150110,3.704,
20150111,3.43,
20150112,2.627,
20150113,2.466,
20150114,2.451,
20150115,2.264,
20150116,2.048,
20150117,2.012,
20150118,1.958,
20150119,1.737,
20150120,1.125,
20150121,1.142,
20150122,1.155,
20150123,1.11,
20150124,1.082,
20150125,1.01,
20150126,0.9726,
20150127,0.873,
20150128,0.8198,
20150129,0.8366,
20150130,0.741,
20150131,0.6477,
20150201,0.6866,
20150202,0.7022,
20150203,0.7063,
20150204,0.5517,
20150205,0.5848,
20150206,0.6031,
20150207,0.3811,
20150208,0.4172,
20150209,0.4506,
20150210,0.4022,
20150211,0.3903,
20150212,0.3964,
20150213,0.3812,
20150214,0.2745,
20150215,0.2953,
20150216,0.307,
20150217,0.3086,
20150218,0.2608,
20150219,0.2849,
20150220,0.284,
20150221,0.2754,
20150222,0.2238,
20150223,0.2372,
20150224,0.2386,
20150225,0.2273,
20150226,0.2302,
20150227,0.2206,
20150228,0.2174,
20150301,0.2075,
20150302,0.2165,
20150303,0.2049,
20150304,0.1968,
20150305,0.208,
20150306,0.1885,
20150307,0.4495,
20150308,0.3134,
20150309,0.8137,
20150310,0.4942,
20150311,0.4541,
20150312,0.4229,
20150313,0.3968,
20150314,0.3743,
20150315,5.437,
20150316,1.49,
20150317,0.901,
20150318,0.7629,
20150319,0.6793,
20150320,0.6319,
20150321,0.6191,
20150322,0.5793,
20150323,0.5591,
20150324,0.5393,
20150325,0.5026,
20150326,0.4861,
20150327,0.4726,
20150328,0.469,
20150329,0.4172,
20150330,0.3972,
20150331,0.3858,
20150401,0.4055,
20150402,0.5086,
20150403,0.4481,
20150404,0.375,
20150405,0.3474,
20150406,0.4987,
20150407,0.4819,
20150408,0.5273,
20150409,0.507,
20150410,0.4223,
20150411,0.661,
20150412,1.504,
20150413,1.621,
20150414,1.122,
20150415,0.8902,
20150416,0.7961,
20150417,0.7661,
20150418,0.6545,
20150419,0.5965,
20150420,0.5398,
20150421,0.4882,
20150422,0.5089,
20150423,0.4157,
20150424,2.063,
20150425,0.8534,
20150426,0.8843,
20150427,2.954,
20150428,1.229,
20150429,1.145,
20150430,1.033,
20150501,0.9656,
20150502,0.8582,
20150503,0.861,
20150504,0.7807,
20150505,1.237,
20150506,1.042,
20150507,1.699,
20150508,1.274,
20150509,1.227,
20150510,1.049,
20150511,1.138,
20150512,0.9907,
20150513,5.626,
20150514,5.123,
20150515,5.104,
20150516,4.395,
20150517,2.755,
20150518,2.637,
20150519,2.313,
20150520,4.835,
20150521,2.691,
20150522,2.293,
20150523,2.122,
20150524,1.998,
20150525,1.907,
20150526,1.804,
20150527,1.784,
20150528,1.819,
20150529,1.828,
20150530,5.637,
20150531,2.353,
20150601,3.005,
20150602,2.237,
20150603,2.172,
20150604,2.091,
20150605,24.99,
20150606,6.004,
20150607,3.283,
20150608,2.806,
20150609,2.648,
20150610,2.645,
20150611,2.514,
20150612,2.493,
20150613,2.445,
20150614,2.773,
20150615,2.524,
20150616,6.634,
20150617,4.927,
20150618,7.72,
20150619,23.7,
20150620,139,
20150621,186.7,
20150622,206.5,
20150623,119.5,
20150624,108.9,
20150625,60.38,
20150626,322.2,
20150627,122.5,
20150628,30.71,
20150629,16.15,
20150630,13.23,
20150701,12.57,
20150702,12.4,
20150703,12.36,
20150704,12.35,
20150705,12.34,
20150706,12.58,
20150707,12.52,
20150708,19.77,
20150709,21.45,
20150710,16.98,
20150711,30.36,
20150712,20.73,
20150713,15.88,
20150714,15.15,
20150715,15.04,
20150716,15.1,
20150717,22.57,
20150718,56.98,
20150719,55.72,
20150720,73.71,
20150721,39.88,
20150722,22.85,
20150723,19.53,
20150724,19.12,
20150725,18.69,
20150726,20.97,
20150727,20.32,
20150728,30.64,
20150729,20.97,
20150730,19.61,
20150731,19.21,
20150801,18.99,
20150802,20.06,
20150803,19.08,
20150804,19.58,
20150805,19.88,
20150806,33.44,
20150807,63.54,
20150808,40.87,
20150809,24.16,
20150810,24.54,
20150811,23.87,
20150812,26.61,
20150813,31.93,
20150814,32.46,
20150815,24.01,
20150816,22.7,
20150817,22.25,
20150818,36.55,
20150819,52.22,
20150820,27.2,
20150821,23.71,
20150822,33.24,
20150823,32.53,
20150824,24.72,
20150825,23.52,
20150826,23.06,
20150827,22.83,
20150828,22.56,
20150829,22.24,
20150830,22,
20150831,21.76,
20150901,21.81,
20150902,21.49,
20150903,21.16,
20150904,21.01,
20150905,22.45,
20150906,80.31,
20150907,56.98,
20150908,77.44,
20150909,34.26,
20150910,24.92,
20150911,23.3,
20150912,22.61,
20150913,22.22,
20150914,21.88,
20150915,21.58,
20150916,23.77,
20150917,21.76,
20150918,21.23,
20150919,21.31,
20150920,20.89,
20150921,20.65,
20150922,20.32,
20150923,20.02,
20150924,19.82,
20150925,26.28,
20150926,20.99,
20150927,19.93,
20150928,111,
20150929,33.34,
20150930,54.77,
20151001,25.74,
20151002,33.05,
20151003,22.52,
20151004,20.87,
20151005,29.73,
20151006,23.45,
20151007,21.06,
20151008,20.51,
20151009,20.7,
20151010,20.13,
20151011,19.82,
20151012,19.66,
20151013,19.36,
20151014,19,
20151015,18.71,
20151016,18.41,
20151017,18.11,
20151018,17.83,
20151019,17.54,
20151020,17.25,
20151021,16.97,
20151022,16.68,
20151023,16.39,
20151024,16.1,
20151025,15.83,
20151026,15.53,
20151027,15.27,
20151028,14.99,
20151029,22.93,
20151030,16.16,
20151031,15.08,
20151101,14.85,
20151102,26.7,
20151103,16.52,
20151104,44.7,
20151105,52.58,
20151106,21.21,
20151107,16.68,
20151108,15.57,
20151109,15.13,
20151110,14.87,
20151111,14.63,
20151112,19.29,
20151113,15.47,
20151114,14.73,
20151115,14.46,
20151116,14.21,
20151117,13.96,
20151118,13.67,
20151119,13.49,
20151120,13.28,
20151121,13.04,
20151122,12.79,
20151123,12.8,
20151124,12.56,
20151125,12.35,
20151126,12.09,
20151127,11.88,
20151128,11.64,
20151129,11.44,
20151130,11.23,
20151201,11.03,
20151202,10.81,
20151203,10.87,
20151204,10.6,
20151205,10.4,
20151206,10.2,
20151207,9.991,
20151208,9.786,
20151209,9.583,
20151210,9.395,
20151211,9.201,
20151212,9.01,
20151213,8.855,
20151214,8.642,
20151215,8.516,
20151216,8.668,
20151217,8.383,
20151218,8.188,
20151219,8.019,
20151220,7.839,
20151221,7.662,
20151222,7.499,
20151223,7.331,
20151224,7.162,
20151225,7.002,
20151226,6.821,
20151227,6.68,
20151228,6.54,
20151229,6.395,
20151230,6.251,
20151231,6.101,
20160101,5.969,
20160102,5.829,
20160103,5.695,
20160104,5.564,
20160105,5.424,
20160106,5.303,
20160107,5.166,
20160108,5.056,
20160109,4.922,
20160110,4.752,
20160111,4.632,
20160112,4.467,
20160113,4.238,
20160114,3.936,
20160115,2.897,
20160116,2.799,
20160117,2.493,
20160118,2.311,
20160119,2.271,
20160120,2.007,
20160121,1.531,
20160122,1.454,
20160123,1.268,
20160124,1.24,
20160125,1.237,
20160126,1.242,
20160127,1.114,
20160128,1.091,
20160129,1.05,
20160130,0.9745,
20160131,0.9985,
20160201,0.8424,
20160202,0.7989,
20160203,0.7163,
20160204,0.7465,
20160205,0.7626,
20160206,0.6372,
20160207,0.5065,
20160208,0.5506,
20160209,0.5748,
20160210,0.5921,
20160211,0.5577,
20160212,0.5463,
20160213,0.4755,
20160214,0.427,
20160215,0.4562,
20160216,0.3856,
20160217,0.4063,
20160218,0.3084,
20160219,0.3226,
20160220,0.3369,
20160221,0.3456,
20160222,0.3379,
20160223,0.2736,
20160224,0.2769,
20160225,0.2767,
20160226,0.356,
20160227,0.3217,
20160228,0.3168,
20160229,0.2926,
20160301,0.2706,
20160302,0.2697,
20160303,0.2557,
20160304,0.2674,
20160305,0.2517,
20160306,0.2581,
20160307,0.254,
20160308,0.2476,
20160309,0.242,
20160310,0.24,
20160311,0.239,
20160312,0.2156,
20160313,0.221,
20160314,0.2233,
20160315,0.2701,
20160316,0.2149,
20160317,0.209,
20160318,0.2134,
20160319,0.201,
20160320,0.2123,
20160321,0.2091,
20160322,0.1879,
20160323,0.1939,
20160324,0.1969,
20160325,0.1901,
20160326,0.177,
20160327,0.18,
20160328,0.1783,
20160329,0.1858,
20160330,0.166,
20160331,0.1795,
20160401,0.1561,
20160402,0.1545,
20160403,0.1719,
20160404,0.1539,
20160405,0.1641,
20160406,0.202,
20160407,0.1602,
20160408,0.144,
20160409,0.1487,
20160410,0.164,
20160411,0.23,
20160412,0.1678,
20160413,0.2547,
20160414,0.203,
20160415,0.2642,
20160416,0.2631,
20160417,0.1831,
20160418,0.2648,
20160419,0.224,
20160420,0.1946,
20160421,0.1889,
20160422,0.2535,
20160423,0.1809,
20160424,0.1932,
20160425,0.1769,
20160426,0.1769,
20160427,0.1707,
20160428,0.1321,
20160429,0.151,
20160430,0.1411,
20160501,0.16,
20160502,0.1357,
20160503,0.1984,
20160504,0.5322,
20160505,0.485,
20160506,0.4978,
20160507,0.4629,
20160508,1.003,
20160509,0.8771,
20160510,0.8085,
20160511,0.94,
20160512,1.252,
20160513,8.692,
20160514,2.893,
20160515,2.334,
20160516,2.061,
20160517,1.802,
20160518,1.78,
20160519,1.637,
20160520,1.42,
20160521,1.322,
20160522,1.133,
20160523,1.024,
20160524,0.93,
20160525,0.833,
20160526,0.7934,
20160527,0.6831,
20160528,0.6344,
20160529,0.6005,
20160530,0.5707,
20160531,0.5698,
20160601,0.7717,
20160602,0.7088,
20160603,0.7391,
20160604,0.7178,
20160605,0.646,
20160606,1.909,
20160607,1.248,
20160608,1.28,
20160609,14.4,
20160610,5.676,
20160611,5.138,
20160612,3.118,
20160613,2.776,
20160614,7.674,
20160615,3.247,
20160616,2.562,
20160617,2.381,
20160618,2.337,
20160619,10.52,
20160620,3.64,
20160621,2.749,
20160622,2.577,
20160623,6.446,
20160624,6.204,
20160625,3.772,
20160626,4.717,
20160627,55.09,
20160628,60.24,
20160629,225.5,
20160630,178,
20160701,104.1,
20160702,34.66,
20160703,26.02,
20160704,23.32,
20160705,25.39,
20160706,18.81,
20160707,48.64,
20160708,17.83,
20160709,16.71,
20160710,82.99,
20160711,118.3,
20160712,36.88,
20160713,29.23,
20160714,18.55,
20160715,17.08,
20160716,16.8,
20160717,16.73,
20160718,16.67,
20160719,16.64,
20160720,16.66,
20160721,23,
20160722,29.96,
20160723,19.87,
20160724,18.63,
20160725,18.22,
20160726,18.06,
20160727,17.87,
20160728,17.95,
20160729,22.98,
20160730,19.02,
20160731,21.61,
20160801,19.05,
20160802,19.07,
20160803,19.54,
20160804,19.34,
20160805,22.48,
20160806,26.54,
20160807,21.73,
20160808,20.75,
20160809,20.35,
20160810,21.14,
20160811,20.22,
20160812,19.95,
20160813,19.92,
20160814,19.75,
20160815,19.63,
20160816,23.84,
20160817,30.24,
20160818,25.12,
20160819,21.04,
20160820,20.25,
20160821,19.85,
20160822,19.63,
20160823,19.35,
20160824,19.24,
20160825,18.97,
20160826,18.71,
20160827,18.62,
20160828,18.38,
20160829,18.1,
20160830,17.83,
20160831,17.6,
20160901,17.32,
20160902,16.98,
20160903,16.76,
20160904,16.54,
20160905,16.26,
20160906,15.98,
20160907,15.72,
20160908,15.45,
20160909,15.13,
20160910,14.85,
20160911,14.62,
20160912,14.35,
20160913,14.02,
20160914,13.86,
20160915,22.17,
20160916,15.26,
20160917,14.22,
20160918,13.8,
20160919,13.58,
20160920,13.3,
20160921,13.06,
20160922,22.9,
20160923,14.49,
20160924,20.08,
20160925,16.65,
20160926,14.04,
20160927,13.51,
20160928,13.18,
20160929,13.06,
20160930,12.9,
20161001,12.57,
20161002,12.32,
20161003,12.11,
20161004,11.87,
20161005,11.66,
20161006,11.44,
20161007,11.21,
20161008,11.04,
20161009,10.88,
20161010,10.67,
20161011,10.42,
20161012,10.26,
20161013,10.08,
20161014,9.973,
20161015,15.91,
20161016,10.8,
20161017,10.04,
20161018,9.718,
20161019,9.505,
20161020,9.299,
20161021,9.113,
20161022,8.923,
20161023,8.744,
20161024,8.568,
20161025,8.384,
20161026,8.203,
20161027,8.05,
20161028,7.877,
20161029,7.729,
20161030,7.549,
20161031,7.449,
20161101,15.14,
20161102,8.694,
20161103,7.747,
20161104,7.441,
20161105,7.26,
20161106,7.09,
20161107,6.934,
20161108,6.786,
20161109,6.641,
20161110,6.507,
20161111,6.372,
20161112,6.241,
20161113,6.1,
20161114,6.059,
20161115,5.886,
20161116,5.771,
20161117,5.693,
20161118,5.553,
20161119,5.396,
20161120,5.28,
20161121,5.159,
20161122,5.041,
20161123,4.93,
20161124,4.828,
20161125,4.721,
20161126,4.621,
20161127,4.514,
20161128,4.413,
20161129,4.306,
20161130,4.21,
20161201,4.13,
20161202,4.06,
20161203,4.01,
20161204,3.914,
20161205,3.726,
20161206,3.062,
20161207,2.679,
20161208,2.596,
20161209,2.542,
20161210,2.496,
20161211,2.367,
20161212,2.186,
20161213,2.581,
20161214,40.85,
20161215,10.57,
20161216,4.949,
20161217,3.949,
20161218,3.718,
20161219,3.625,
20161220,3.577,
20161221,3.529,
20161222,3.497,
20161223,3.46,
20161224,3.42,
20161225,3.404,
20161226,3.349,
20161227,3.33,
20161228,3.306,
20161229,3.271,
20161230,3.233,
20161231,3.198,
20170101,3.067,
20170102,2.732,
20170103,2.678,
20170104,2.657,
20170105,2.567,
20170106,2.487,
20170107,2.442,
20170108,2.316,
20170109,2.299,
20170110,2.247,
20170111,2.245,
20170112,2.206,
20170113,2.168,
20170114,2.049,
20170115,2.054,
20170116,2.027,
20170117,1.987,
20170118,1.874,
20170119,1.824,
20170120,1.778,
20170121,1.768,
20170122,1.724,
20170123,1.332,
20170124,0.9033,
20170125,0.9175,
20170126,0.9245,
20170127,0.9202,
20170128,151.7,
20170129,23.9,
20170130,6.655,
20170131,3.301,
20170201,2.591,
20170202,2.428,
20170203,2.385,
20170204,2.37,
20170205,2.37,
20170206,2.359,
20170207,2.351,
20170208,2.352,
20170209,2.349,
20170210,2.336,
20170211,2.329,
20170212,2.306,
20170213,2.315,
20170214,2.306,
20170215,2.287,
20170216,2.278,
20170217,2.248,
20170218,2.242,
20170219,2.217,
20170220,2.197,
20170221,2.186,
20170222,2.168,
20170223,2.138,
20170224,2.123,
20170225,2.091,
20170226,2.07,
20170227,2.041,
20170228,2.02,
20170301,1.963,
20170302,1.929,
20170303,1.912,
20170304,1.804,
20170305,1.713,
20170306,1.564,
20170307,1.285,
20170308,1.047,
20170309,0.9061,
20170310,0.6841,
20170311,0.4771,
20170312,0.5217,
20170313,0.5395,
20170314,0.5644,
20170315,0.867,
20170316,0.85,
20170317,0.8403,
20170318,0.7946,
20170319,0.6609,
20170320,0.3714,
20170321,0.3802,
20170322,0.3121,
20170323,0.3345,
20170324,0.3017,
20170325,0.25,
20170326,0.2582,
20170327,0.2367,
20170328,0.2359,
20170329,0.1779,
20170330,0.1563,
20170331,0.177,
20170401,0.1173,
20170402,0.1498,
20170403,0.1371,
20170404,0.1189,
20170405,0.2154,
20170406,0.2176,
20170407,33.63,
20170408,5.227,
20170409,2.084,
20170410,1.874,
20170411,1.77,
20170412,4.104,
20170413,2.103,
20170414,1.722,
20170415,1.533,
20170416,1.422,
20170417,1.35,
20170418,1.125,
20170419,1.09,
20170420,1.076,
20170421,1.152,
20170422,0.9479,
20170423,0.8608,
20170424,0.8006,
20170425,0.7639,
20170426,0.6341,
20170427,0.5809,
20170428,0.5951,
20170429,0.5523,
20170430,0.6028,
20170501,0.51,
20170502,2.577,
20170503,2.378,
20170504,16.37,
20170505,3.478,
20170506,1.939,
20170507,7.45,
20170508,10.23,
20170509,3.204,
20170510,2.254,
20170511,1.954,
20170512,1.858,
20170513,1.751,
20170514,1.64,
20170515,1.638,
20170516,1.486,
20170517,1.392,
20170518,1.316,
20170519,27.8,
20170520,5.202,
20170521,6.914,
20170522,2.698,
20170523,2.144,
20170524,2.03,
20170525,1.893,
20170526,1.808,
20170527,6.251,
20170528,2.46,
20170529,2.052,
20170530,1.927,
20170531,2.044,
20170601,1.944,
20170602,1.878,
20170603,1.861,
20170604,1.838,
20170605,1.857,
20170606,1.742,
20170607,8.519,
20170608,2.867,
20170609,2.286,
20170610,2.398,
20170611,12.63,
20170612,25,
20170613,8.551,
20170614,15.72,
20170615,5.97,
20170616,4.988,
20170617,4.802,
20170618,5.017,
20170619,4.951,
20170620,4.889,
20170621,5.321,
20170622,5.17,
20170623,5.148,
20170624,5.272,
20170625,12.01,
20170626,51.49,
20170627,49.11,
20170628,15.98,
20170629,9.765,
20170630,11.78,
20170701,15.4,
20170702,9.921,
20170703,9.48,
20170704,9.598,
20170705,12.93,
20170706,12.55,
20170707,20.5,
20170708,12.15,
20170709,11.04,
20170710,10.78,
20170711,10.7,
20170712,10.92,
20170713,11.25,
20170714,19.72,
20170715,14.12,
20170716,16.53,
20170717,15.63,
20170718,22.29,
20170719,83.21,
20170720,156.5,
20170721,38.6,
20170722,28.64,
20170723,18.29,
20170724,16.74,
20170725,17.72,
20170726,16.72,
20170727,17.56,
20170728,29.93,
20170729,18.99,
20170730,17.48,
20170731,17.18,
20170801,17.19,
20170802,17.02,
20170803,16.92,
20170804,33.72,
20170805,49.81,
20170806,37.96,
20170807,21.71,
20170808,19.2,
20170809,18.6,
20170810,18.32,
20170811,18.07,
20170812,29.67,
20170813,19.86,
20170814,18.47,
20170815,18.05,
20170816,18,
20170817,17.85,
20170818,24.96,
20170819,82.38,
20170820,72.3,
20170821,90.61,
20170822,47.94,
20170823,25.46,
20170824,24.63,
20170825,82.97,
20170826,32.68,
20170827,88.28,
20170828,79.79,
20170829,151.9,
20170830,61.82,
20170831,30.91,
20170901,25.74,
20170902,24.48,
20170903,23.99,
20170904,23.64,
20170905,23.48,
20170906,35.86,
20170907,25.26,
20170908,128.6,
20170909,46.98,
20170910,39.81,
20170911,27.81,
20170912,25.48,
20170913,24.78,
20170914,25.4,
20170915,24.62,
20170916,24.32,
20170917,54.58,
20170918,50.17,
20170919,84.27,
20170920,56.81,
20170921,31.01,
20170922,26.89,
20170923,25.78,
20170924,25.3,
20170925,30.74,
20170926,26.17,
20170927,26.03,
20170928,40.33,
20170929,27.78,
20170930,25.92,
20171001,25.3,
20171002,27.22,
20171003,25.21,
20171004,24.68,
20171005,24.26,
20171006,44.17,
20171007,27.36,
20171008,24.89,
20171009,24.08,
20171010,23.64,
20171011,23.42,
20171012,23.02,
20171013,27.97,
20171014,24.97,
20171015,23.73,
20171016,22.95,
20171017,22.52,
20171018,22.11,
20171019,22.37,
20171020,21.77,
20171021,21.35,
20171022,20.97,
20171023,20.63,
20171024,20.27,
20171025,19.92,
20171026,19.63,
20171027,19.4,
20171028,19.04,
20171029,18.67,
20171030,18.3,
20171031,17.96,
20171101,17.65,
20171102,17.32,
20171103,16.96,
20171104,16.66,
20171105,16.35,
20171106,16.01,
20171107,16.91,
20171108,15.85,
20171109,15.43,
20171110,15.11,
20171111,14.79,
20171112,14.48,
20171113,14.17,
20171114,13.88,
20171115,13.58,
20171116,13.28,
20171117,12.99,
20171118,12.7,
20171119,12.44,
20171120,12.16,
20171121,11.9,
20171122,11.63,
20171123,11.36,
20171124,11.11,
20171125,10.86,
20171126,10.6,
20171127,10.37,
20171128,10.13,
20171129,9.897,
20171130,9.654,
20171201,9.475,
20171202,11.19,
20171203,9.784,
20171204,9.433,
20171205,9.167,
20171206,8.947,
20171207,8.736,
20171208,8.555,
20171209,8.324,
20171210,8.128,
20171211,7.935,
20171212,7.754,
20171213,7.585,
20171214,7.429,
20171215,7.235,
20171216,7.07,
20171217,6.892,
20171218,6.742,
20171219,6.562,
20171220,6.419,
20171221,6.252,
20171222,6.121,
20171223,5.979,
20171224,5.834,
20171225,5.696,
20171226,5.55,
20171227,5.424,
20171228,5.287,
20171229,5.164,
20171230,5.04,
20171231,4.745,
20180101,4.559,
20180102,4.422,
20180103,4.332,
20180104,2.951,
20180105,2.713,
20180106,2.504,
20180107,2.39,
20180108,2.297,
20180109,1.57,
20180110,1.456,
20180111,1.444,
20180112,1.369,
20180113,1.162,
20180114,1.194,
20180115,1.22,
20180116,1.193,
20180117,1.089,
20180118,0.9558,
20180119,0.9835,
20180120,0.8898,
20180121,0.8987,
20180122,0.8663,
20180123,0.8284,
20180124,0.7944,
20180125,0.7634,
20180126,0.7922,
20180127,0.7172,
20180128,0.6842,
20180129,0.6293,
20180130,0.6111,
20180131,0.6369,
20180201,0.5663,
20180202,0.5158,
20180203,0.5303,
20180204,0.4587,
20180205,0.484,
20180206,0.3664,
20180207,0.3664,
20180208,0.337,
20180209,0.3063,
20180210,0.4197,
20180211,0.7656,
20180212,0.6856,
20180213,0.6941,
20180214,0.6964,
20180215,0.7016,
20180216,0.7024,
20180217,0.7132,
20180218,0.7202,
20180219,0.7222,
20180220,0.7279,
20180221,0.7168,
20180222,0.7045,
20180223,0.7175,
20180224,0.5718,
20180225,0.5862,
20180226,0.5539,
20180227,0.5065,
20180228,0.5019,
20180301,0.4574,
20180302,0.4418,
20180303,0.4001,
20180304,0.2675,
20180305,0.2615,
20180306,0.2671,
20180307,0.2621,
20180308,0.246,
20180309,0.2521,
20180310,0.2514,
20180311,0.2459,
20180312,0.2309,
20180313,0.2307,
20180314,0.2664,
20180315,1.04,
20180316,0.6166,
20180317,0.5122,
20180318,0.5274,
20180319,1.047,
20180320,0.6375,
20180321,0.5612,
20180322,0.5139,
20180323,0.4771,
20180324,0.4326,
20180325,0.4299,
20180326,0.4005,
20180327,0.3906,
20180328,0.3595,
20180329,0.3297,
20180330,0.3298,
20180331,0.428,
20180401,0.3997,
20180402,0.3894,
20180403,8.822,
20180404,1.754,
20180405,1.043,
20180406,0.7891,
20180407,0.6935,
20180408,0.598,
20180409,0.5551,
20180410,0.5185,
20180411,0.534,
20180412,0.5627,
20180413,1.161,
20180414,0.804,
20180415,0.7621,
20180416,10.93,
20180417,2.278,
20180418,1.189,
20180419,0.9791,
20180420,3.062,
20180421,1.302,
20180422,1.073,
20180423,1.01,
20180424,0.9816,
20180425,0.9176,
20180426,0.8311,
20180427,0.695,
20180428,0.6201,
20180429,0.5777,
20180430,0.5265,
20180501,0.5316,
20180502,0.4984,
20180503,0.4348,
20180504,2.64,
20180505,0.8386,
20180506,0.6434,
20180507,0.6372,
20180508,0.6393,
20180509,6.7,
20180510,1.475,
20180511,3.901,
20180512,3.77,
20180513,2.809,
20180514,6.154,
20180515,2.635,
20180516,2.148,
20180517,1.894,
20180518,1.669,
20180519,1.629,
20180520,1.696,
20180521,1.575,
20180522,2.984,
20180523,1.832,
20180524,1.857,
20180525,21.25,
20180526,44.9,
20180527,13.96,
20180528,31.26,
20180529,44.44,
20180530,233.2,
20180531,39.62,
20180601,12.99,
20180602,7.817,
20180603,6.852,
20180604,6.594,
20180605,6.557,
20180606,7.843,
20180607,7.084,
20180608,226.2,
20180609,82.7,
20180610,97.79,
20180611,40.56,
20180612,57.43,
20180613,186,
20180614,241.1,
20180615,51.23,
20180616,21.61,
20180617,16.86,
20180618,15.17,
20180619,15.07,
20180620,19.22,
20180621,21.01,
20180622,16.57,
20180623,16.08,
20180624,16.72,
20180625,17.29,
20180626,16.64,
20180627,25,
20180628,18.14,
20180629,23.95,
20180630,18.36,
20180701,17.68,
20180702,17.46,
20180703,17.67,
20180704,17.48,
20180705,17.6,
20180706,17.65,
20180707,199.8,
20180708,168.2,
20180709,413.7,
20180710,202,
20180711,371.4,
20180712,202.6,
20180713,242.4,
20180714,106,
20180715,44.48,
20180716,65.51,
20180717,107.3,
20180718,86.31,
20180719,61.08,
20180720,42.96,
20180721,46.23,
20180722,76.23,
20180723,77.69,
20180724,90.57,
20180725,92.88,
20180726,56.45,
20180727,35.68,
20180728,32.36,
20180729,32.26,
20180730,35.26,
20180731,33.67,
20180801,34.46,
20180802,32.19,
20180803,31.92,
20180804,34.62,
20180805,32.85,
20180806,31.87,
20180807,50.66,
20180808,167.8,
20180809,222.3,
20180810,73.4,
20180811,61.25,
20180812,68.86,
20180813,193.9,
20180814,227.3,
20180815,266.2,
20180816,855.7,
20180817,183.3,
20180818,65.96,
20180819,138.3,
20180820,97.2,
20180821,66.49,
20180822,43.89,
20180823,42.15,
20180824,39.56,
20180825,38.84,
20180826,38.36,
20180827,38.08,
20180828,57.15,
20180829,52.09,
20180830,41.24,
20180831,46.75,
20180901,39.49,
20180902,38.13,
20180903,37.52,
20180904,37.02,
20180905,36.49,
20180906,36.03,
20180907,35.71,
20180908,35.26,
20180909,34.78,
20180910,34.22,
20180911,33.77,
20180912,33.38,
20180913,32.86,
20180914,32.3,
20180915,31.78,
20180916,31.25,
20180917,30.87,
20180918,30.36,
20180919,29.77,
20180920,29.26,
20180921,36.39,
20180922,29.78,
20180923,28.56,
20180924,28.05,
20180925,27.69,
20180926,192.8,
20180927,51.85,
20180928,35.3,
20180929,40.26,
20180930,29.51,
20181001,27.65,
20181002,27.27,
20181003,26.51,
20181004,26.06,
20181005,25.8,
20181006,25.72,
20181007,25.12,
20181008,24.59,
20181009,45.05,
20181010,55.62,
20181011,29.25,
20181012,25.31,
20181013,24.17,
20181014,23.57,
20181015,24,
20181016,24.72,
20181017,43.3,
20181018,26.22,
20181019,23.7,
20181020,64.42,
20181021,31.16,
20181022,24.57,
20181023,23.1,
20181024,22.47,
20181025,22.02,
20181026,21.64,
20181027,21.25,
20181028,20.87,
20181029,20.5,
20181030,20.12,
20181031,19.76,
20181101,19.43,
20181102,19.07,
20181103,18.78,
20181104,18.43,
20181105,18.05,
20181106,17.72,
20181107,17.39,
20181108,17.03,
20181109,16.71,
20181110,16.38,
20181111,16.07,
20181112,15.75,
20181113,15.44,
20181114,15.14,
20181115,14.83,
20181116,14.52,
20181117,14.25,
20181118,13.92,
20181119,13.63,
20181120,13.34,
20181121,13.05,
20181122,12.77,
20181123,12.48,
20181124,12.25,
20181125,12.09,
20181126,11.79,
20181127,11.52,
20181128,11.27,
20181129,11.01,
20181130,10.75,
20181201,10.51,
20181202,10.27,
20181203,10.03,
20181204,9.791,
20181205,9.555,
20181206,9.326,
20181207,9.115,
20181208,8.907,
20181209,8.698,
20181210,8.479,
20181211,8.278,
20181212,8.074,
20181213,7.888,
20181214,7.699,
20181215,7.503,
20181216,7.325,
20181217,7.132,
20181218,6.964,
20181219,6.801,
20181220,6.636,
20181221,6.47,
20181222,6.306,
20181223,6.149,
20181224,5.995,
20181225,5.878,
20181226,5.699,
20181227,5.555,
20181228,5.666,
20181229,5.495,
20181230,5.36,
20181231,5.17,
20190101,4.867,
20190102,4.735,
20190103,4.603,
20190104,3.559,
20190105,3.059,
20190106,2.894,
20190107,2.799,
20190108,2.643,
20190109,2.467,
20190110,2.398,
20190111,1.841,
20190112,1.603,
20190113,1.589,
20190114,1.492,
20190115,1.437,
20190116,1.313,
20190117,1.338,
20190118,1.222,
20190119,1.242,
20190120,1.224,
20190121,1.077,
20190122,1.077,
20190123,1.101,
20190124,1.067,
20190125,0.9589,
20190126,0.8842,
20190127,0.8682,
20190128,0.8713,
20190129,0.8576,
20190130,0.7787,
20190131,0.7258,
20190201,0.7042,
20190202,0.6806,
20190203,0.6027,
20190204,0.5985,
20190205,0.5627,
20190206,0.5543,
20190207,0.608,
20190208,0.6649,
20190209,0.6302,
20190210,0.6264,
20190211,0.7631,
20190212,0.7272,
20190213,0.7059,
20190214,0.5484,
20190215,0.4972,
20190216,0.5147,
20190217,0.4738,
20190218,0.4266,
20190219,0.4175,
20190220,0.4223,
20190221,0.4169,
20190222,0.3792,
20190223,0.3806,
20190224,0.363,
20190225,0.3621,
20190226,0.3445,
20190227,0.3525,
20190228,0.3483,
20190301,0.3369,
20190302,0.3344,
20190303,0.3303,
20190304,0.3321,
20190305,0.2992,
20190306,0.3192,
20190307,0.3105,
20190308,0.3078,
20190309,0.2936,
20190310,0.2981,
20190311,0.3409,
20190312,0.3907,
20190313,0.3263,
20190314,0.3345,
20190315,0.3257,
20190316,0.3039,
20190317,0.2939,
20190318,0.2956,
20190319,0.2879,
20190320,0.2881,
20190321,0.278,
20190322,0.2578,
20190323,0.2681,
20190324,0.2516,
20190325,0.2505,
20190326,0.2524,
20190327,0.2541,
20190328,0.2519,
20190329,0.2434,
20190330,0.2474,
20190331,0.2707,
20190401,0.2377,
20190402,0.2282,
20190403,0.3165,
20190404,0.254,
20190405,0.2486,
20190406,0.2315,
20190407,0.2283,
20190408,0.2286,
20190409,0.2802,
20190410,0.2894,
20190411,0.3379,
20190412,0.3629,
20190413,0.3057,
20190414,0.3011,
20190415,0.2791,
20190416,0.2615,
20190417,0.2476,
20190418,0.4744,
20190419,1.126,
20190420,0.873,
20190421,0.7886,
20190422,0.7223,
20190423,0.7021,
20190424,0.7529,
20190425,0.6239,
20190426,0.5796,
20190427,0.5388,
20190428,0.564,
20190429,0.4764,
20190430,1.001,
20190501,0.9093,
20190502,0.7739,
20190503,0.7002,
20190504,0.651,
20190505,0.5809,
20190506,0.5429,
20190507,0.5572,
20190508,0.5212,
20190509,0.4452,
20190510,0.4152,
20190511,0.394,
20190512,0.3911,
20190513,0.5195,
20190514,0.4337,
20190515,0.3971,
20190516,0.3512,
20190517,0.5257,
20190518,0.5066,
20190519,0.4633,
20190520,0.3612,
20190521,0.3498,
20190522,0.3591,
20190523,0.5126,
20190524,0.4385,
20190525,0.7892,
20190526,0.8199,
20190527,0.8935,
20190528,0.7765,
20190529,0.7652,
20190530,0.6607,
20190531,0.8989,
20190601,1.109,
20190602,0.9958,
20190603,0.9663,
20190604,0.8309,
20190605,0.7706,
20190606,1.334,
20190607,1.128,
20190608,1.339,
20190609,1.185,
20190610,1.111,
20190611,1.17,
20190612,1.265,
20190613,1.382,
20190614,1.839,
20190615,1.75,
20190616,1.668,
20190617,1.517,
20190618,1.353,
20190619,1.457,
20190620,1.419,
20190621,1.501,
20190622,1.463,
20190623,1.348,
20190624,1.276,
20190625,1.158,
20190626,1.26,
20190627,1.197,
20190628,1.156,
20190629,1.083,
20190630,1.411,
20190701,1.578,
20190702,1.489,
20190703,5.329,
20190704,2.119,
20190705,11.54,
20190706,52.46,
20190707,17.85,
20190708,7.667,
20190709,6.031,
20190710,18.63,
20190711,5.908,
20190712,4.065,
20190713,4.413,
20190714,3.739,
20190715,3.565,
20190716,3.426,
20190717,3.458,
20190718,3.525,
20190719,3.821,
20190720,11.49,
20190721,14.7,
20190722,15.27,
20190723,31,
20190724,13.75,
20190725,8.299,
20190726,7.841,
20190727,7.558,
20190728,7.584,
20190729,7.945,
20190730,14.1,
20190731,9.395,
20190801,8.859,
20190802,8.736,
20190803,8.802,
20190804,11.26,
20190805,67.09,
20190806,74.68,
20190807,167.3,
20190808,329.6,
20190809,375.9,
20190810,401.3,
20190811,158,
20190812,43.35,
20190813,34,
20190814,20.3,
20190815,42.57,
20190816,21.93,
20190817,24.19,
20190818,19.75,
20190819,19.14,
20190820,19.05,
20190821,19.06,
20190822,19.07,
20190823,20.15,
20190824,20.35,
20190825,19.81,
20190826,19.66,
20190827,95.31,
20190828,31.14,
20190829,22.62,
20190830,22.53,
20190831,20.99,
20190901,20.72,
20190902,26.96,
20190903,22.5,
20190904,35.34,
20190905,85.55,
20190906,61.9,
20190907,45.75,
20190908,38.8,
20190909,38.58,
20190910,26.42,
20190911,24.61,
20190912,31.96,
20190913,30.58,
20190914,25.45,
20190915,24.66,
20190916,24.29,
20190917,24.02,
20190918,23.74,
20190919,23.42,
20190920,23.29,
20190921,23.01,
20190922,22.68,
20190923,28.14,
20190924,38.41,
20190925,25.31,
20190926,34.73,
20190927,24.83,
20190928,23.29,
20190929,22.69,
20190930,22.31,
20191001,22.09,
20191002,22.8,
20191003,23.05,
20191004,21.91,
20191005,21.5,
20191006,34.28,
20191007,80.45,
20191008,30.76,
20191009,23.77,
20191010,22.88,
20191011,21.94,
20191012,33.52,
20191013,24.04,
20191014,28.58,
20191015,22.98,
20191016,85.56,
20191017,44.8,
20191018,54.31,
20191019,47.94,
20191020,27.31,
20191021,29.93,
20191022,25.23,
20191023,24.16,
20191024,23.66,
20191025,33.02,
20191026,33.72,
20191027,25.28,
20191028,23.89,
20191029,23.3,
20191030,28.53,
20191031,23.83,
20191101,23.05,
20191102,22.59,
20191103,22.23,
20191104,21.98,
20191105,21.61,
20191106,21.28,
20191107,43.82,
20191108,24.58,
20191109,55.99,
20191110,29.56,
20191111,23.21,
20191112,21.89,
20191113,21.36,
20191114,21,
20191115,20.66,
20191116,20.39,
20191117,20.08,
20191118,19.73,
20191119,19.41,
20191120,19.1,
20191121,18.96,
20191122,18.63,
20191123,18.31,
20191124,18,
20191125,17.69,
20191126,17.37,
20191127,17.07,
20191128,16.77,
20191129,16.46,
20191130,16.15,
20191201,15.89,
20191202,26.5,
20191203,17.48,
20191204,16.04,
20191205,15.53,
20191206,15.18,
20191207,14.88,
20191208,14.58,
20191209,14.27,
20191210,14.01,
20191211,13.71,
20191212,13.45,
20191213,13.18,
20191214,12.91,
20191215,12.68,
20191216,12.37,
20191217,12.12,
20191218,11.87,
20191219,11.63,
20191220,11.38,
20191221,11.14,
20191222,10.9,
20191223,10.65,
20191224,10.43,
20191225,10.2,
20191226,9.976,
20191227,9.743,
20191228,9.868,
20191229,9.568,
20191230,9.374,
20191231,9.158,
20200101,8.94,
20200102,8.741,
20200103,8.534,
20200104,8.335,
20200105,8.142,
20200106,7.955,
20200107,7.766,
20200108,7.588,
20200109,7.408,
20200110,7.235,
20200111,7.059,
20200112,6.885,
20200113,6.723,
20200114,6.572,
20200115,6.401,
20200116,6.253,
20200117,6.111,
20200118,5.965,
20200119,5.817,
20200120,5.667,
20200121,5.54,
20200122,5.403,
20200123,5.268,
20200124,5.141,
20200125,5.018,
20200126,4.888,
20200127,4.769,
20200128,4.634,
20200129,4.456,
20200130,4.356,
20200131,4.096,
20200201,3.515,
20200202,2.574,
20200203,2.465,
20200204,2.305,
20200205,2.145,
20200206,1.976,
20200207,1.874,
20200208,1.821,
20200209,1.157,
20200210,1.104,
20200211,0.9686,
20200212,0.999,
20200213,0.989,
20200214,0.7698,
20200215,0.8106,
20200216,0.8422,
20200217,0.8443,
20200218,0.8579,
20200219,0.791,
20200220,0.7641,
20200221,0.7332,
20200222,0.6428,
20200223,0.6659,
20200224,0.6049,
20200225,0.5599,
20200226,0.4839,
20200227,0.5163,
20200228,0.5221,
20200229,0.5004,
20200301,0.411,
20200302,0.3312,
20200303,0.8248,
20200304,0.5624,
20200305,0.5616,
20200306,0.5058,
20200307,0.4909,
20200308,0.501,
20200309,0.4984,
20200310,0.4821,
20200311,0.4817,
20200312,0.4008,
20200313,0.4039,
20200314,0.3603,
20200315,0.3341,
20200316,0.3179,
20200317,0.3309,
20200318,0.316,
20200319,0.3045,
20200320,0.2919,
20200321,0.2845,
20200322,0.2849,
20200323,0.3066,
20200324,0.266,
20200325,0.3611,
20200326,0.3111,
20200327,0.2934,
20200328,0.2844,
20200329,0.2689,
20200330,0.2694,
20200331,0.2615,
20200401,0.2394,
20200402,0.2384,
20200403,0.2354,
20200404,0.2346,
20200405,0.2148,
20200406,0.3608,
20200407,0.5881,
20200408,0.503,
20200409,0.5515,
20200410,0.5198,
20200411,0.5442,
20200412,0.4473,
20200413,0.4374,
20200414,0.3998,
20200415,0.3746,
20200416,0.3581,
20200417,0.32,
20200418,0.3098,
20200419,0.365,
20200420,0.2822,
20200421,0.2712,
20200422,0.3022,
20200423,0.4464,
20200424,2.295,
20200425,1.185,
20200426,1.092,
20200427,1.035,
20200428,0.9188,
20200429,0.8975,
20200430,0.7724,
20200501,0.7159,
20200502,0.724,
20200503,0.8264,
20200504,0.8662,
20200505,0.7447,
20200506,0.796,
20200507,0.687,
20200508,0.6892,
20200509,0.5867,
20200510,0.5155,
20200511,0.4928,
20200512,0.4857,
20200513,0.4045,
20200514,0.5915,
20200515,1.504,
20200516,1.87,
20200517,1.542,
20200518,2.143,
20200519,1.855,
20200520,1.702,
20200521,1.51,
20200522,1.35,
20200523,1.219,
20200524,1.096,
20200525,1.037,
20200526,0.9874,
20200527,0.8417,
20200528,0.8887,
20200529,0.7632,
20200530,0.9375,
20200531,0.8206,
20200601,0.8093,
20200602,0.7507,
20200603,0.9477,
20200604,2.75,
20200605,1.272,
20200606,1.197,
20200607,1.205,
20200608,1.109,
20200609,1.018,
20200610,0.9518,
20200611,1.074,
20200612,2.595,
20200613,1.513,
20200614,3.008,
20200615,2.835,
20200616,2.028,
20200617,5.638,
20200618,12.11,
20200619,3.671,
20200620,2.681,
20200621,2.437,
20200622,9.953,
20200623,3.477,
20200624,2.485,
20200625,2.278,
20200626,2.127,
20200627,2.019,
20200628,2.103,
20200629,3.861,
20200630,4.67,
20200701,2.956,
20200702,2.873,
20200703,27.32,
20200704,19.27,
20200705,6.634,
20200706,5.115,
20200707,5.875,
20200708,5.525,
20200709,5.278,
20200710,5.286,
20200711,5.285,
20200712,5.304,
20200713,5.432,
20200714,5.46,
20200715,5.596,
20200716,20.73,
20200717,42.58,
20200718,23.91,
20200719,10.47,
20200720,8.508,
20200721,8.076,
20200722,7.908,
20200723,8.071,
20200724,8.417,
20200725,8.308,
20200726,8.212,
20200727,8.229,
20200728,8.189,
20200729,8.165,
20200730,8.232,
20200731,8.18,
20200801,8.655,
20200802,8.546,
20200803,41.62,
20200804,81.13,
20200805,143,
20200806,193.8,
20200807,164.3,
20200808,69.81,
20200809,30.77,
20200810,21.08,
20200811,20.94,
20200812,20.47,
20200813,16.25,
20200814,15.6,
20200815,15.57,
20200816,15.61,
20200817,15.57,
20200818,16.76,
20200819,15.98,
20200820,15.82,
20200821,16.89,
20200822,16.09,
20200823,15.87,
20200824,15.75,
20200825,15.58,
20200826,15.4,
20200827,15.23,
20200828,15.13,
20200829,14.94,
20200830,14.98,
20200831,14.81,
20200901,14.86,
20200902,30.27,
20200903,19.94,
20200904,16.93,
20200905,22.7,
20200906,16.8,
20200907,45.69,
20200908,20.72,
20200909,30.09,
20200910,32.94,
20200911,19.56,
20200912,17.95,
20200913,22.34,
20200914,32.28,
20200915,19.98,
20200916,18.21,
20200917,17.71,
20200918,23.23,
20200919,18.73,
20200920,84.01,
20200921,115.2,
20200922,53.29,
20200923,25.68,
20200924,21.09,
20200925,19.99,
20200926,19.57,
20200927,19.37,
20200928,19.08,
20200929,20.83,
20200930,19.36,
20201001,18.98,
20201002,18.69,
20201003,18.44,
20201004,18.22,
20201005,18.03,
20201006,17.74,
20201007,17.78,
20201008,17.51,
20201009,17.33,
20201010,17.21,
20201011,17.48,
20201012,16.98,
20201013,19.77,
20201014,17.81,
20201015,22.9,
20201016,17.94,
20201017,17.07,
20201018,16.73,
20201019,42.06,
20201020,20.37,
20201021,17.61,
20201022,23.96,
20201023,18.14,
20201024,17.19,
20201025,16.73,
20201026,16.48,
20201027,16.15,
20201028,15.88,
20201029,15.63,
20201030,15.36,
20201031,15.13,
20201101,14.87,
20201102,14.66,
20201103,15.75,
20201104,14.66,
20201105,14.3,
20201106,14.32,
20201107,14.04,
20201108,13.75,
20201109,13.51,
20201110,13.26,
20201111,13.01,
20201112,12.77,
20201113,12.54,
20201114,12.36,
20201115,12.09,
20201116,11.88,
20201117,11.61,
20201118,11.4,
20201119,11.16,
20201120,10.93,
20201121,10.7,
20201122,10.49,
20201123,10.28,
20201124,10.06,
20201125,9.849,
20201126,9.646,
20201127,9.442,
20201128,9.229,
20201129,9.043,
20201130,8.85,
20201201,8.654,
20201202,8.472,
20201203,8.285,
20201204,8.089,
20201205,7.901,
20201206,7.838,
20201207,7.625,
20201208,7.473,
20201209,7.322,
20201210,7.098,
20201211,6.94,
20201212,6.764,
20201213,6.607,
20201214,6.443,
20201215,6.3,
20201216,6.148,
20201217,5.998,
20201218,5.846,
20201219,5.704,
20201220,5.564,
20201221,5.428,
20201222,5.299,
20201223,5.162,
20201224,5.415,
20201225,5.199,
20201226,5.071,
20201227,4.948,
20201228,4.826,
20201229,4.702,
20201230,4.586,
20201231,4.388,
