Date,Simulated Storage,
20110101,23.51956804,
20110102,23.51956804,
20110103,23.51956804,
20110104,23.51956804,
20110105,23.51956804,
20110106,23.51956804,
20110107,23.51956804,
20110108,23.51956804,
20110109,23.51956804,
20110110,23.51956804,
20110111,23.51956804,
20110112,23.51956804,
20110113,23.51956804,
20110114,23.51956804,
20110115,23.51956804,
20110116,23.51956804,
20110117,23.51956804,
20110118,23.51956804,
20110119,23.51956804,
20110120,23.51956804,
20110121,23.51956804,
20110122,23.51956804,
20110123,23.51956804,
20110124,23.51956804,
20110125,23.51956804,
20110126,23.51956804,
20110127,23.51956804,
20110128,23.51956804,
20110129,23.51956804,
20110130,23.51956804,
20110131,23.51956804,
20110201,23.51956804,
20110202,23.51956804,
20110203,23.51956804,
20110204,23.51956804,
20110205,23.51956804,
20110206,23.51956804,
20110207,23.51603657,
20110208,23.5125051,
20110209,23.50897364,
20110210,23.50544217,
20110211,23.5019107,
20110212,23.49837924,
20110213,23.49484777,
20110214,23.48778484,
20110215,23.48425337,
20110216,23.4807219,
20110217,23.47365897,
20110218,23.4701275,
20110219,23.46659604,
20110220,23.4595331,
20110221,23.4595331,
20110222,23.45600164,
20110223,23.45247017,
20110224,23.4489387,
20110225,23.47719044,
20110226,23.47719044,
20110227,23.47365897,
20110228,23.4701275,
20110301,23.46659604,
20110302,23.46659604,
20110303,23.46306457,
20110304,23.4595331,
20110305,23.45600164,
20110306,23.45247017,
20110307,23.4489387,
20110308,23.44540724,
20110309,23.44187577,
20110310,23.4383443,
20110311,23.43481284,
20110312,23.43481284,
20110313,23.43128137,
20110314,23.42421844,
20110315,23.42068697,
20110316,23.4171555,
20110317,23.41009257,
20110318,23.39949817,
20110319,23.39243524,
20110320,23.3853723,
20110321,23.3747779,
20110322,23.3641835,
20110323,23.35712057,
20110324,23.3535891,
20110325,23.35005764,
20110326,23.33946324,
20110327,23.33593177,
20110328,23.3429947,
20110329,23.33593177,
20110330,23.32886884,
20110331,23.3218059,
20110401,23.31474297,
20110402,23.29708564,
20110403,23.27589684,
20110404,23.25117657,
20110405,23.22998777,
20110406,23.19820457,
20110407,23.16995284,
20110408,23.13816964,
20110409,23.10638644,
20110410,23.0887291,
20110411,23.07460324,
20110412,23.06400884,
20110413,23.0251627,
20110414,23.00044244,
20110415,22.99691097,
20110416,22.96865924,
20110417,22.94747044,
20110418,22.93687604,
20110419,22.9404075,
20110420,22.95453337,
20110421,22.96865924,
20110422,22.98631657,
20110423,23.01103684,
20110424,23.03222564,
20110425,23.02869417,
20110426,23.0569459,
20110427,23.05341444,
20110428,23.04988297,
20110429,23.0463515,
20110430,23.04282004,
20110501,23.0463515,
20110502,23.04282004,
20110503,23.03928857,
20110504,23.0357571,
20110505,23.03222564,
20110506,23.02869417,
20110507,23.02163124,
20110508,23.01809977,
20110509,23.01103684,
20110510,23.00044244,
20110511,22.9933795,
20110512,22.99691097,
20110513,22.98631657,
20110514,22.9827851,
20110515,22.97572217,
20110516,22.9721907,
20110517,22.9510019,
20110518,23.03928857,
20110519,23.03928857,
20110520,23.0357571,
20110521,23.03222564,
20110522,23.02869417,
20110523,23.0251627,
20110524,23.02869417,
20110525,23.0251627,
20110526,23.03222564,
20110527,23.04988297,
20110528,23.04988297,
20110529,23.05341444,
20110530,23.04988297,
20110531,23.05341444,
20110601,23.0463515,
20110602,23.05341444,
20110603,23.10638644,
20110604,23.20173604,
20110605,23.3006171,
20110606,23.38184084,
20110607,23.4489387,
20110608,23.51603657,
20110609,23.51956804,
20110610,23.51956804,
20110611,23.51956804,
20110612,23.51956804,
20110613,23.51956804,
20110614,23.51956804,
20110615,23.51956804,
20110616,23.51956804,
20110617,23.51956804,
20110618,23.51956804,
20110619,23.51956804,
20110620,23.51956804,
20110621,23.51956804,
20110622,23.51956804,
20110623,23.51956804,
20110624,23.51956804,
20110625,23.51956804,
20110626,23.51956804,
20110627,23.51956804,
20110628,23.51956804,
20110629,23.51956804,
20110630,23.51956804,
20110701,23.51956804,
20110702,23.51956804,
20110703,23.4171555,
20110704,23.32886884,
20110705,23.34652617,
20110706,23.37124644,
20110707,23.31474297,
20110708,23.23351924,
20110709,23.1734843,
20110710,23.0887291,
20110711,23.13463817,
20110712,23.14523257,
20110713,23.29355417,
20110714,23.3853723,
20110715,23.15935844,
20110716,22.94747044,
20110717,22.92628164,
20110718,22.79561737,
20110719,23.08166617,
20110720,22.72498804,
20110721,22.5590091,
20110722,22.40715604,
20110723,22.0610723,
20110724,22.20586244,
20110725,22.14229604,
20110726,21.7750235,
20110727,21.79974377,
20110728,21.84212137,
20110729,21.78914937,
20110730,21.72558297,
20110731,21.95159684,
20110801,21.6902683,
20110802,21.76796057,
20110803,22.1987995,
20110804,22.3153379,
20110805,22.21645684,
20110806,22.65082724,
20110807,22.17407924,
20110808,21.92687657,
20110809,21.47484883,
20110810,21.3618419,
20110811,21.31240137,
20110812,21.3194643,
20110813,21.53841523,
20110814,21.25942937,
20110815,21.00516377,
20110816,20.9910379,
20110817,20.99456937,
20110818,20.98750643,
20110819,21.0969819,
20110820,21.12523363,
20110821,21.41128243,
20110822,21.43953417,
20110823,21.50663203,
20110824,21.4677859,
20110825,21.4783803,
20110826,21.4783803,
20110827,21.7962123,
20110828,21.8279955,
20110829,21.77149204,
20110830,21.8385899,
20110831,21.96219124,
20110901,22.0610723,
20110902,22.6437643,
20110903,23.0357571,
20110904,22.8026803,
20110905,22.5166315,
20110906,22.17054777,
20110907,22.09991844,
20110908,21.99397444,
20110909,21.90921924,
20110910,21.90568777,
20110911,21.96925417,
20110912,21.94806537,
20110913,21.91628217,
20110914,21.90568777,
20110915,21.9869115,
20110916,22.06813524,
20110917,21.83152697,
20110918,21.73617737,
20110919,21.8385899,
20110920,21.81033817,
20110921,21.79268084,
20110922,21.7856179,
20110923,21.77855497,
20110924,21.76796057,
20110925,21.75736617,
20110926,21.74677177,
20110927,21.74677177,
20110928,21.74677177,
20110929,21.73970884,
20110930,21.7220515,
20111001,21.70792564,
20111002,21.69379977,
20111003,21.67614244,
20111004,21.6584851,
20111005,21.6372963,
20111006,21.6161075,
20111007,21.59138724,
20111008,21.56666697,
20111009,21.54547817,
20111010,21.52782083,
20111011,21.51722643,
20111012,21.5101635,
20111013,21.58079284,
20111014,21.64082777,
20111015,21.71852004,
20111016,21.79268084,
20111017,21.84212137,
20111018,21.89509337,
20111019,21.93040804,
20111020,21.93747097,
20111021,21.94100244,
20111022,21.9551283,
20111023,21.9551283,
20111024,22.28708617,
20111025,22.37184137,
20111026,22.43893924,
20111027,22.48131684,
20111028,22.66142164,
20111029,22.71086217,
20111030,22.77796004,
20111031,22.79914884,
20111101,22.80621177,
20111102,22.85212084,
20111103,22.9298131,
20111104,23.02163124,
20111105,23.09579204,
20111106,23.1522955,
20111107,23.2052675,
20111108,23.2264563,
20111109,23.22998777,
20111110,23.2158619,
20111111,23.1946731,
20111112,23.1628899,
20111113,23.1205123,
20111114,23.0781347,
20111115,23.0251627,
20111116,22.9721907,
20111117,22.90509284,
20111118,22.85212084,
20111119,22.79561737,
20111120,22.72145657,
20111121,22.65082724,
20111122,22.62963844,
20111123,22.60844964,
20111124,22.58372937,
20111125,22.5590091,
20111126,22.53428884,
20111127,22.5166315,
20111128,22.48837977,
20111129,22.43540777,
20111130,22.3789043,
20111201,22.31886937,
20111202,22.25530297,
20111203,22.1882051,
20111204,22.12110724,
20111205,22.05754084,
20111206,22.02575764,
20111207,21.9869115,
20111208,21.94806537,
20111209,21.90921924,
20111210,21.86684164,
20111211,21.8279955,
20111212,21.78914937,
20111213,21.75030324,
20111214,21.70792564,
20111215,21.6478907,
20111216,21.5525411,
20111217,21.4571915,
20111218,21.36537337,
20111219,21.2982755,
20111220,21.23117763,
20111221,21.15701683,
20111222,21.1075763,
20111223,21.03694697,
20111224,20.99456937,
20111225,20.97338057,
20111226,20.9592547,
20111227,20.93453443,
20111228,20.90981417,
20111229,20.88156243,
20111230,20.51782137,
20111231,20.15054883,
20120101,20.1222971,
20120102,20.09404537,
20120103,20.06579363,
20120104,20.04460483,
20120105,20.02341603,
20120106,20.00222723,
20120107,19.98103843,
20120108,19.95631817,
20120109,19.93866083,
20120110,19.91747203,
20120111,19.8998147,
20120112,19.89275177,
20120113,19.88568883,
20120114,19.8786259,
20120115,19.87156297,
20120116,19.88215737,
20120117,19.87509443,
20120118,19.87509443,
20120119,19.88568883,
20120120,19.89628323,
20120121,19.90687763,
20120122,19.91747203,
20120123,19.92806643,
20120124,19.93512937,
20120125,19.93866083,
20120126,19.94572377,
20120127,19.94572377,
20120128,19.94925523,
20120129,19.9527867,
20120130,19.95631817,
20120131,19.95984963,
20120201,19.95984963,
20120202,19.95631817,
20120203,19.9527867,
20120204,19.94925523,
20120205,19.94925523,
20120206,19.94572377,
20120207,19.94572377,
20120208,19.9421923,
20120209,19.9421923,
20120210,19.93866083,
20120211,19.93512937,
20120212,19.9315979,
20120213,19.92806643,
20120214,19.92806643,
20120215,19.92453497,
20120216,19.9210035,
20120217,19.91747203,
20120218,19.91394057,
20120219,19.9104091,
20120220,19.90687763,
20120221,19.90687763,
20120222,19.8998147,
20120223,19.89628323,
20120224,19.89275177,
20120225,19.8892203,
20120226,19.88568883,
20120227,19.8786259,
20120228,19.87509443,
20120229,19.87156297,
20120301,19.86450003,
20120302,19.86096857,
20120303,19.85390563,
20120304,19.83271683,
20120305,19.80093363,
20120306,19.76561897,
20120307,19.70558403,
20120308,19.62789177,
20120309,19.62082883,
20120310,19.61729737,
20120311,19.6137659,
20120312,19.61023443,
20120313,19.6031715,
20120314,19.60670297,
20120315,19.59964003,
20120316,19.22530456,
20120317,18.93925576,
20120318,18.7450251,
20120319,18.57198323,
20120320,18.4271931,
20120321,18.2894659,
20120322,18.15527016,
20120323,18.02107443,
20120324,17.88334723,
20120325,17.7491515,
20120326,17.60789283,
20120327,17.46663416,
20120328,17.32184403,
20120329,17.18058536,
20120330,17.03932669,
20120331,16.91219389,
20120401,16.78506109,
20120402,16.44604029,
20120403,15.91278883,
20120404,15.37600589,
20120405,14.94869842,
20120406,14.58848882,
20120407,14.09761496,
20120408,13.41251042,
20120409,12.98167149,
20120410,12.66030802,
20120411,12.38485362,
20120412,12.13058802,
20120413,11.90810562,
20120414,11.75272109,
20120415,11.57967922,
20120416,11.40663735,
20120417,11.23006402,
20120418,11.04642775,
20120419,10.86279148,
20120420,10.85926002,
20120421,10.86632295,
20120422,10.86279148,
20120423,10.85926002,
20120424,10.85926002,
20120425,10.86279148,
20120426,10.86632295,
20120427,10.72859575,
20120428,10.59793148,
20120429,10.45667282,
20120430,10.31188268,
20120501,10.17415548,
20120502,10.02936535,
20120503,9.891638149,
20120504,9.760973883,
20120505,9.637372549,
20120506,9.506708282,
20120507,9.376044015,
20120508,8.796883481,
20120509,8.595589881,
20120510,8.461394147,
20120511,8.45786268,
20120512,8.517897614,
20120513,8.44726828,
20120514,8.348387214,
20120515,8.21419148,
20120516,8.09765308,
20120517,8.016429346,
20120518,7.945800013,
20120519,7.843387479,
20120520,7.769226679,
20120521,7.691534412,
20120522,7.617373612,
20120523,7.550275746,
20120524,7.493772279,
20120525,7.493772279,
20120526,7.490240812,
20120527,7.490240812,
20120528,7.490240812,
20120529,7.486709345,
20120530,7.490240812,
20120531,7.486709345,
20120601,7.486709345,
20120602,7.423142945,
20120603,7.296010145,
20120604,7.175940278,
20120605,7.126499745,
20120606,7.331324812,
20120607,7.574996012,
20120608,7.557338679,
20120609,7.465520545,
20120610,7.352513612,
20120611,7.274821345,
20120612,7.257164012,
20120613,7.172408812,
20120614,7.204192012,
20120615,7.105310945,
20120616,7.115905345,
20120617,7.207723478,
20120618,8.02349228,
20120619,8.758037348,
20120620,9.255974148,
20120621,9.305414682,
20120622,9.305414682,
20120623,9.255974148,
20120624,9.167687482,
20120625,9.107652548,
20120626,9.015834415,
20120627,8.938142148,
20120628,9.443141882,
20120629,10.18474988,
20120630,10.29069388,
20120701,10.28716242,
20120702,10.52730215,
20120703,10.75331602,
20120704,10.83453975,
20120705,10.86632295,
20120706,10.89810615,
20120707,10.93342082,
20120708,10.98992428,
20120709,10.95814108,
20120710,10.98286135,
20120711,10.92635788,
20120712,10.92635788,
20120713,10.85572855,
20120714,10.79922508,
20120715,10.78156775,
20120716,10.73212722,
20120717,10.67209228,
20120718,10.75331602,
20120719,10.79216215,
20120720,10.74272162,
20120721,10.70034402,
20120722,10.93695228,
20120723,11.04642775,
20120724,11.26891015,
20120725,11.27597308,
20120726,11.63618269,
20120727,12.20474882,
20120728,12.47667175,
20120729,12.62499335,
20120730,12.65677655,
20120731,12.67090242,
20120801,12.72034295,
20120802,12.77331495,
20120803,12.83688135,
20120804,12.92516802,
20120805,13.00992322,
20120806,13.70209069,
20120807,14.87806909,
20120808,15.50313869,
20120809,16.10701949,
20120810,16.60848776,
20120811,17.16999096,
20120812,17.6643963,
20120813,17.87275283,
20120814,17.9928227,
20120815,18.0987667,
20120816,18.2364939,
20120817,18.3530323,
20120818,18.54020003,
20120819,18.74855656,
20120820,18.85803203,
20120821,18.9569131,
20120822,19.0522627,
20120823,19.1476123,
20120824,19.24649336,
20120825,19.35596883,
20120826,19.8044651,
20120827,19.99869577,
20120828,20.3341851,
20120829,20.7473667,
20120830,21.2558979,
20120831,21.6690795,
20120901,22.11757577,
20120902,22.3365267,
20120903,22.55194617,
20120904,23.15935844,
20120905,23.38890377,
20120906,23.51956804,
20120907,23.51956804,
20120908,23.51956804,
20120909,23.51956804,
20120910,23.51956804,
20120911,23.51956804,
20120912,23.51956804,
20120913,23.51956804,
20120914,23.51956804,
20120915,23.51956804,
20120916,23.51956804,
20120917,23.51956804,
20120918,23.51956804,
20120919,23.51956804,
20120920,23.51956804,
20120921,23.51956804,
20120922,23.51956804,
20120923,23.51956804,
20120924,23.51956804,
20120925,23.51956804,
20120926,23.51956804,
20120927,23.51956804,
20120928,23.51956804,
20120929,23.51956804,
20120930,23.51956804,
20121001,23.51956804,
20121002,23.51956804,
20121003,23.51956804,
20121004,23.51956804,
20121005,23.51956804,
20121006,23.51956804,
20121007,23.51956804,
20121008,23.51956804,
20121009,23.51956804,
20121010,23.51956804,
20121011,23.51956804,
20121012,23.51956804,
20121013,23.51956804,
20121014,23.51956804,
20121015,23.51956804,
20121016,23.51956804,
20121017,23.51956804,
20121018,23.51956804,
20121019,23.51956804,
20121020,23.51956804,
20121021,23.51956804,
20121022,23.51956804,
20121023,23.51956804,
20121024,23.51956804,
20121025,23.51956804,
20121026,23.51956804,
20121027,23.51956804,
20121028,23.51956804,
20121029,23.51956804,
20121030,23.51956804,
20121031,23.51956804,
20121101,23.51956804,
20121102,23.51956804,
20121103,23.51956804,
20121104,23.51956804,
20121105,23.51956804,
20121106,23.51956804,
20121107,23.51956804,
20121108,23.51956804,
20121109,23.51956804,
20121110,23.51956804,
20121111,23.51956804,
20121112,23.51956804,
20121113,23.51956804,
20121114,23.51956804,
20121115,23.51956804,
20121116,23.51956804,
20121117,23.51956804,
20121118,23.51956804,
20121119,23.51956804,
20121120,23.51956804,
20121121,23.51956804,
20121122,23.51956804,
20121123,23.51956804,
20121124,23.51956804,
20121125,23.51956804,
20121126,23.51956804,
20121127,23.51956804,
20121128,23.51956804,
20121129,23.51956804,
20121130,23.51956804,
20121201,23.51956804,
20121202,23.51956804,
20121203,23.51956804,
20121204,23.51956804,
20121205,23.51956804,
20121206,23.51956804,
20121207,23.51956804,
20121208,23.51956804,
20121209,23.51956804,
20121210,23.51956804,
20121211,23.51956804,
20121212,23.51956804,
20121213,23.51956804,
20121214,23.51956804,
20121215,23.51956804,
20121216,23.51956804,
20121217,23.51956804,
20121218,23.51956804,
20121219,23.51956804,
20121220,23.51956804,
20121221,23.51956804,
20121222,23.51956804,
20121223,23.51956804,
20121224,23.51956804,
20121225,23.51956804,
20121226,23.51956804,
20121227,23.51956804,
20121228,23.51956804,
20121229,23.51956804,
20121230,23.51956804,
20121231,23.51956804,
20130101,23.51956804,
20130102,23.51956804,
20130103,23.51956804,
20130104,23.51956804,
20130105,23.51956804,
20130106,23.51956804,
20130107,23.51956804,
20130108,23.51956804,
20130109,23.51956804,
20130110,23.51956804,
20130111,23.51956804,
20130112,23.51956804,
20130113,23.51956804,
20130114,23.51956804,
20130115,23.51956804,
20130116,23.51956804,
20130117,23.51956804,
20130118,23.51956804,
20130119,23.51956804,
20130120,23.51956804,
20130121,23.51956804,
20130122,23.51956804,
20130123,23.51956804,
20130124,23.51956804,
20130125,23.51956804,
20130126,23.51956804,
20130127,23.51956804,
20130128,23.51956804,
20130129,23.51956804,
20130130,23.51956804,
20130131,23.51603657,
20130201,23.5125051,
20130202,23.41009257,
20130203,22.94393897,
20130204,22.40715604,
20130205,21.05107283,
20130206,20.0481363,
20130207,19.04519976,
20130208,18.3530323,
20130209,18.0140115,
20130210,17.80565496,
20130211,17.23708883,
20130212,16.59436189,
20130213,15.77153016,
20130214,14.72974749,
20130215,14.21062189,
20130216,13.84688082,
20130217,13.34541255,
20130218,12.80156669,
20130219,12.03170695,
20130220,10.08233735,
20130221,8.581464014,
20130222,6.515556011,
20130223,5.198318942,
20130224,4.248354407,
20130225,3.398330379,
20130226,2.548306351,
20130227,1.698282323,
20130228,0.848611441,
20130301,0,
20130302,0,
20130303,0,
20130304,0,
20130305,0,
20130306,0,
20130307,0,
20130308,0,
20130309,0,
20130310,0,
20130311,0,
20130312,0,
20130313,0,
20130314,0,
20130315,0,
20130316,0,
20130317,0,
20130318,0,
20130319,0,
20130320,0,
20130321,0,
20130322,0,
20130323,0,
20130324,0,
20130325,0,
20130326,0,
20130327,0,
20130328,0,
20130329,0,
20130330,0,
20130331,0,
20130401,0,
20130402,0,
20130403,0,
20130404,0,
20130405,0,
20130406,0,
20130407,0,
20130408,0,
20130409,0,
20130410,0,
20130411,0,
20130412,0,
20130413,0,
20130414,0,
20130415,0,
20130416,0,
20130417,0,
20130418,0,
20130419,0,
20130420,0,
20130421,0,
20130422,0,
20130423,0,
20130424,0,
20130425,0,
20130426,0,
20130427,0,
20130428,0,
20130429,0,
20130430,0,
20130501,0,
20130502,0,
20130503,0,
20130504,0,
20130505,0,
20130506,0,
20130507,0,
20130508,0,
20130509,0,
20130510,0,
20130511,0,
20130512,0,
20130513,0,
20130514,0,
20130515,0,
20130516,0,
20130517,0,
20130518,0,
20130519,0,
20130520,0,
20130521,0,
20130522,0,
20130523,0,
20130524,0,
20130525,0,
20130526,0,
20130527,0,
20130528,0,
20130529,0,
20130530,0.001465206,
20130531,0,
20130601,0,
20130602,0,
20130603,0.002623527,
20130604,0,
20130605,0,
20130606,0,
20130607,0,
20130608,0,
20130609,0,
20130610,0,
20130611,0,
20130612,0,
20130613,0,
20130614,0,
20130615,0,
20130616,0,
20130617,0,
20130618,0,
20130619,0,
20130620,0,
20130621,0,
20130622,0,
20130623,0,
20130624,0,
20130625,0.080552755,
20130626,0.188792208,
20130627,0.195501995,
20130628,0.091464987,
20130629,0,
20130630,0,
20130701,0,
20130702,0,
20130703,0,
20130704,0.613062614,
20130705,0.865915628,
20130706,0.852142908,
20130707,0.880041495,
20130708,0.777275815,
20130709,0.748317788,
20130710,0.649083574,
20130711,0.583398294,
20130712,0.518772454,
20130713,0.592580108,
20130714,0.511356374,
20130715,0.413887894,
20130716,0.326236891,
20130717,0.341810659,
20130718,0.321928502,
20130719,0.541020694,
20130720,1.069681255,
20130721,1.353258029,
20130722,1.503345362,
20130723,1.679212403,
20130724,1.791159896,
20130725,1.95501995,
20130726,2.04931011,
20130727,2.05460731,
20130728,2.088156243,
20130729,2.229061764,
20130730,2.24318763,
20130731,2.270026777,
20130801,2.34701275,
20130802,2.807162858,
20130803,3.110515845,
20130804,3.276494779,
20130805,3.378201019,
20130806,3.542061072,
20130807,3.697445606,
20130808,3.803389606,
20130809,3.89520774,
20130810,3.983494406,
20130811,4.071781073,
20130812,4.16006774,
20130813,4.248354407,
20130814,4.336641074,
20130815,4.421396274,
20130816,4.509682941,
20130817,4.594438141,
20130818,4.682724808,
20130819,4.771011474,
20130820,4.855766675,
20130821,4.947584808,
20130822,5.046465875,
20130823,5.138284008,
20130824,5.233633608,
20130825,5.318388809,
20130826,5.403144009,
20130827,5.487899209,
20130828,5.569122942,
20130829,5.646815209,
20130830,5.728038943,
20130831,5.802199743,
20130901,5.87989201,
20130902,5.957584276,
20130903,6.031745076,
20130904,6.105905877,
20130905,6.180066677,
20130906,6.254227477,
20130907,6.328388277,
20130908,6.39901761,
20130909,6.494367211,
20130910,6.568528011,
20130911,6.635625877,
20130912,6.702723744,
20130913,6.773353078,
20130914,6.879297078,
20130915,6.956989345,
20130916,7.027618678,
20130917,7.098248012,
20130918,7.168877345,
20130919,7.253632545,
20130920,7.338387745,
20130921,7.493772279,
20130922,7.571464546,
20130923,7.638562412,
20130924,7.705660279,
20130925,7.769226679,
20130926,7.829261613,
20130927,7.889296546,
20130928,7.945800013,
20130929,8.005834946,
20130930,8.062338413,
20131001,8.12943628,
20131002,8.185939747,
20131003,8.238911747,
20131004,8.291883747,
20131005,8.34132428,
20131006,8.397827747,
20131007,8.450799747,
20131008,8.50024028,
20131009,8.546149347,
20131010,8.592058414,
20131011,8.637967481,
20131012,8.687408014,
20131013,8.733317081,
20131014,8.775694681,
20131015,8.818072281,
20131016,8.863981348,
20131017,8.909890414,
20131018,8.955799481,
20131019,9.001708548,
20131020,9.252442682,
20131021,9.319540548,
20131022,9.368981082,
20131023,9.411358682,
20131024,9.573806149,
20131025,9.630309616,
20131026,9.676218682,
20131027,9.715064816,
20131028,9.753910949,
20131029,9.792757083,
20131030,9.831603216,
20131031,9.866917883,
20131101,9.902232549,
20131102,9.937547216,
20131103,9.972861883,
20131104,10.01170802,
20131105,10.04349122,
20131106,10.07527442,
20131107,10.10705762,
20131108,10.13884082,
20131109,10.16709255,
20131110,10.19887575,
20131111,10.22712748,
20131112,10.25537922,
20131113,10.18121842,
20131114,10.21300162,
20131115,10.24125335,
20131116,10.26950508,
20131117,10.30128828,
20131118,10.32600855,
20131119,10.35426028,
20131120,10.37898055,
20131121,10.40370082,
20131122,10.42842108,
20131123,10.44960988,
20131124,10.55908535,
20131125,10.59793148,
20131126,10.62618322,
20131127,10.64737202,
20131128,10.67562375,
20131129,10.69681255,
20131130,10.72153282,
20131201,10.74272162,
20131202,10.76744188,
20131203,10.78863068,
20131204,10.80981948,
20131205,10.83100828,
20131206,10.84866562,
20131207,10.86985442,
20131208,10.88751175,
20131209,10.90516908,
20131210,10.92635788,
20131211,10.94401522,
20131212,10.95814108,
20131213,10.97579842,
20131214,10.99345575,
20131215,11.00758162,
20131216,11.02523895,
20131217,11.03936482,
20131218,11.05349068,
20131219,11.06761655,
20131220,11.08174242,
20131221,11.09586828,
20131222,11.10999415,
20131223,11.12058855,
20131224,11.13471442,
20131225,11.14530882,
20131226,11.15943468,
20131227,11.17002908,
20131228,11.18062348,
20131229,11.19121788,
20131230,11.20181228,
20131231,11.21240668,
20140101,11.22300108,
20140102,11.23359548,
20140103,11.24065842,
20140104,11.24772135,
20140105,11.25125282,
20140106,11.25478428,
20140107,11.25831575,
20140108,11.26184722,
20140109,11.26537868,
20140110,11.26891015,
20140111,11.26891015,
20140112,11.26891015,
20140113,11.26891015,
20140114,11.26891015,
20140115,11.26891015,
20140116,11.26891015,
20140117,11.26891015,
20140118,11.26891015,
20140119,11.26891015,
20140120,11.26891015,
20140121,11.26891015,
20140122,11.26891015,
20140123,11.26537868,
20140124,11.26537868,
20140125,11.26537868,
20140126,11.26537868,
20140127,11.26537868,
20140128,11.26184722,
20140129,11.26184722,
20140130,11.26184722,
20140131,11.25831575,
20140201,11.25831575,
20140202,11.25831575,
20140203,11.25478428,
20140204,11.25478428,
20140205,11.25125282,
20140206,11.24772135,
20140207,11.24772135,
20140208,11.24418988,
20140209,11.24065842,
20140210,11.24065842,
20140211,11.23712695,
20140212,11.23359548,
20140213,11.23359548,
20140214,11.23006402,
20140215,11.22653255,
20140216,11.07114802,
20140217,10.67915522,
20140218,10.29069388,
20140219,10.09999468,
20140220,9.708001882,
20140221,9.234785348,
20140222,7.93873708,
20140223,7.892828013,
20140224,7.839856013,
20140225,7.797478413,
20140226,7.779821079,
20140227,7.744506413,
20140228,7.726849079,
20140301,7.691534412,
20140302,7.387828279,
20140303,7.052338945,
20140304,6.43080081,
20140305,4.993493875,
20140306,3.944648273,
20140307,3.056131258,
20140308,2.168320537,
20140309,0.721831788,
20140310,0,
20140311,0,
20140312,0,
20140313,0,
20140314,0,
20140315,0,
20140316,0,
20140317,0,
20140318,0,
20140319,0,
20140320,0,
20140321,0,
20140322,0,
20140323,0,
20140324,0,
20140325,0,
20140326,0,
20140327,0,
20140328,0,
20140329,0,
20140330,0,
20140331,0,
20140401,0,
20140402,0,
20140403,0,
20140404,0,
20140405,0,
20140406,0,
20140407,0,
20140408,0,
20140409,0,
20140410,0,
20140411,0,
20140412,0,
20140413,0,
20140414,0,
20140415,0,
20140416,0,
20140417,0,
20140418,0,
20140419,0,
20140420,0,
20140421,0,
20140422,0,
20140423,0,
20140424,0,
20140425,0,
20140426,0,
20140427,0,
20140428,0,
20140429,0,
20140430,0,
20140501,0,
20140502,0,
20140503,0,
20140504,0,
20140505,0.012466077,
20140506,0,
20140507,0,
20140508,0,
20140509,0.287955793,
20140510,0.204189403,
20140511,0.105838056,
20140512,0,
20140513,0,
20140514,0,
20140515,0,
20140516,0,
20140517,0,
20140518,0,
20140519,0,
20140520,0,
20140521,0,
20140522,0,
20140523,0,
20140524,0,
20140525,0,
20140526,0,
20140527,0,
20140528,0,
20140529,0,
20140530,0,
20140531,0,
20140601,0,
20140602,0,
20140603,0,
20140604,0,
20140605,0,
20140606,0,
20140607,0,
20140608,0,
20140609,0,
20140610,0,
20140611,0,
20140612,0,
20140613,0,
20140614,0,
20140615,0,
20140616,0,
20140617,0,
20140618,0,
20140619,0,
20140620,0,
20140621,0,
20140622,0,
20140623,0,
20140624,0,
20140625,0,
20140626,0,
20140627,0,
20140628,0,
20140629,0,
20140630,0,
20140701,0,
20140702,0,
20140703,0,
20140704,0,
20140705,0,
20140706,0,
20140707,0,
20140708,0,
20140709,0,
20140710,0,
20140711,0,
20140712,0,
20140713,0.153901318,
20140714,0.246778891,
20140715,0.269239019,
20140716,0.2489684,
20140717,0.153971947,
20140718,0.044390536,
20140719,0,
20140720,0,
20140721,0,
20140722,0.263447414,
20140723,0.290992854,
20140724,0.535017201,
20140725,0.567153548,
20140726,0.553380828,
20140727,0.544552161,
20140728,0.608471708,
20140729,0.643786374,
20140730,0.628601068,
20140731,0.633898268,
20140801,0.687929708,
20140802,0.805880695,
20140803,0.868387655,
20140804,0.822831735,
20140805,0.962324668,
20140806,1.177037842,
20140807,1.321121682,
20140808,1.400579682,
20140809,1.463792936,
20140810,1.524181016,
20140811,1.584569096,
20140812,1.657317309,
20140813,1.719117976,
20140814,1.779859203,
20140815,1.840247283,
20140816,1.899575923,
20140817,1.95925771,
20140818,2.018939497,
20140819,2.082859043,
20140820,2.156666697,
20140821,2.21882051,
20140822,2.279561737,
20140823,2.340302964,
20140824,2.399984751,
20140825,2.459313391,
20140826,2.517935737,
20140827,2.575498644,
20140828,2.637652458,
20140829,2.737946111,
20140830,2.819522991,
20140831,2.985855072,
20140901,3.135236112,
20140902,3.261662619,
20140903,3.335823419,
20140904,3.483085579,
20140905,3.566781339,
20140906,3.644473606,
20140907,3.866956006,
20140908,3.95877414,
20140909,4.03293494,
20140910,4.103564273,
20140911,4.174193607,
20140912,4.241291474,
20140913,4.30838934,
20140914,4.37195574,
20140915,4.439053607,
20140916,4.502620007,
20140917,4.569717874,
20140918,4.629752808,
20140919,4.693319208,
20140920,4.756885608,
20140921,4.816920541,
20140922,4.876955475,
20140923,4.972305075,
20140924,5.049997342,
20140925,5.374892275,
20140926,5.477304809,
20140927,5.562060009,
20140928,5.629157876,
20140929,5.759822143,
20140930,5.833982943,
20141001,5.897549343,
20141002,5.957584276,
20141003,6.01761921,
20141004,6.077654143,
20141005,6.141220543,
20141006,6.211849877,
20141007,6.384891744,
20141008,6.46258401,
20141009,6.526150411,
20141010,6.586185344,
20141011,6.646220277,
20141012,6.706255211,
20141013,6.762758678,
20141014,6.815730678,
20141015,6.868702678,
20141016,6.925206145,
20141017,6.978178145,
20141018,7.031150145,
20141019,7.080590678,
20141020,7.133562678,
20141021,7.186534678,
20141022,7.235975212,
20141023,7.281884278,
20141024,7.341919212,
20141025,7.391359745,
20141026,7.469052012,
20141027,7.518492546,
20141028,7.571464546,
20141029,7.617373612,
20141030,7.663282679,
20141031,7.705660279,
20141101,7.748037879,
20141102,7.790415479,
20141103,7.832793079,
20141104,7.875170679,
20141105,7.914016813,
20141106,7.952862946,
20141107,7.99170908,
20141108,8.030555213,
20141109,8.06586988,
20141110,8.104716013,
20141111,8.14003068,
20141112,8.175345347,
20141113,8.210660013,
20141114,8.24597468,
20141115,8.281289347,
20141116,8.313072547,
20141117,8.344855747,
20141118,8.376638947,
20141119,8.40489068,
20141120,8.433142414,
20141121,8.461394147,
20141122,8.48964588,
20141123,8.517897614,
20141124,8.542617881,
20141125,8.570869614,
20141126,8.595589881,
20141127,8.620310147,
20141128,8.641498947,
20141129,8.666219214,
20141130,8.687408014,
20141201,8.712128281,
20141202,8.733317081,
20141203,8.754505881,
20141204,8.775694681,
20141205,8.796883481,
20141206,8.814540814,
20141207,8.835729614,
20141208,8.853386948,
20141209,8.878107214,
20141210,8.895764548,
20141211,8.927547748,
20141212,8.948736548,
20141213,8.969925348,
20141214,8.987582681,
20141215,9.005240015,
20141216,9.040554681,
20141217,9.058212015,
20141218,9.075869348,
20141219,9.093526681,
20141220,9.107652548,
20141221,9.125309881,
20141222,9.139435748,
20141223,9.157093082,
20141224,9.171218948,
20141225,9.185344815,
20141226,9.199470682,
20141227,9.213596548,
20141228,9.227722415,
20141229,9.238316815,
20141230,9.252442682,
20141231,9.266568548,
20150101,9.277162948,
20150102,9.291288815,
20150103,9.301883215,
20150104,9.312477615,
20150105,9.323072015,
20150106,9.333666415,
20150107,9.344260815,
20150108,9.354855215,
20150109,9.361918149,
20150110,9.372512549,
20150111,9.379575482,
20150112,9.386638415,
20150113,9.390169882,
20150114,9.393701349,
20150115,9.397232815,
20150116,9.400764282,
20150117,9.404295749,
20150118,9.407827215,
20150119,9.411358682,
20150120,9.411358682,
20150121,9.414890149,
20150122,9.414890149,
20150123,9.414890149,
20150124,9.414890149,
20150125,9.418421615,
20150126,9.418421615,
20150127,9.418421615,
20150128,9.418421615,
20150129,9.418421615,
20150130,9.414890149,
20150131,9.414890149,
20150201,9.414890149,
20150202,9.414890149,
20150203,9.414890149,
20150204,9.411358682,
20150205,9.411358682,
20150206,9.411358682,
20150207,9.407827215,
20150208,9.407827215,
20150209,9.407827215,
20150210,9.404295749,
20150211,9.400764282,
20150212,9.400764282,
20150213,9.400764282,
20150214,9.397232815,
20150215,9.393701349,
20150216,9.393701349,
20150217,9.390169882,
20150218,9.005240015,
20150219,8.090590146,
20150220,7.461989079,
20150221,7.133562678,
20150222,6.776884544,
20150223,6.504961611,
20150224,6.264821877,
20150225,6.16594081,
20150226,6.02821361,
20150227,5.865766143,
20150228,5.692724276,
20150301,5.565591476,
20150302,5.473773342,
20150303,5.385486675,
20150304,5.261885342,
20150305,5.134752542,
20150306,5.004088275,
20150307,4.866361075,
20150308,4.725102408,
20150309,4.583843741,
20150310,4.333109607,
20150311,3.870487473,
20150312,3.503921232,
20150313,3.271903872,
20150314,3.082970405,
20150315,2.718523044,
20150316,2.363610644,
20150317,1.929240243,
20150318,1.549254429,
20150319,1.236366482,
20150320,0.957027468,
20150321,0.656499654,
20150322,0.380338961,
20150323,0.119540147,
20150324,0,
20150325,0,
20150326,0,
20150327,0,
20150328,0,
20150329,0,
20150330,0,
20150331,0,
20150401,0,
20150402,0,
20150403,0,
20150404,0,
20150405,0,
20150406,0,
20150407,0,
20150408,0,
20150409,0,
20150410,0,
20150411,0,
20150412,0,
20150413,0,
20150414,0,
20150415,0,
20150416,0,
20150417,0,
20150418,0,
20150419,0,
20150420,0,
20150421,0,
20150422,0,
20150423,0,
20150424,0,
20150425,0,
20150426,0,
20150427,0,
20150428,0,
20150429,0,
20150430,0,
20150501,0,
20150502,0,
20150503,0,
20150504,0,
20150505,0,
20150506,0,
20150507,0,
20150508,0,
20150509,0,
20150510,0,
20150511,0,
20150512,0,
20150513,0,
20150514,0,
20150515,0,
20150516,0,
20150517,0,
20150518,0,
20150519,0,
20150520,0,
20150521,0,
20150522,0,
20150523,0,
20150524,0,
20150525,0,
20150526,0,
20150527,0,
20150528,0,
20150529,0,
20150530,0,
20150531,0,
20150601,0,
20150602,0,
20150603,0,
20150604,0,
20150605,0,
20150606,0,
20150607,0,
20150608,0,
20150609,0,
20150610,0,
20150611,0,
20150612,0,
20150613,0,
20150614,0,
20150615,0,
20150616,0,
20150617,0,
20150618,0,
20150619,0,
20150620,0.338632339,
20150621,0.825303761,
20150622,1.375506269,
20150623,1.659789336,
20150624,1.91264235,
20150625,2.043306617,
20150626,2.988327098,
20150627,3.285676592,
20150628,3.355599632,
20150629,3.380673045,
20150630,3.396917792,
20150701,3.392680032,
20150702,3.387735979,
20150703,3.383145072,
20150704,3.387735979,
20150705,3.392326886,
20150706,3.398330379,
20150707,3.402921286,
20150708,3.433645046,
20150709,3.469666006,
20150710,3.490148512,
20150711,3.563249872,
20150712,3.605627473,
20150713,3.630347739,
20150714,3.651536539,
20150715,3.672725339,
20150716,3.693914139,
20150717,3.743354673,
20150718,3.902270673,
20150719,4.05412374,
20150720,4.26601174,
20150721,4.368424274,
20150722,4.417864807,
20150723,4.453179474,
20150724,4.513214407,
20150725,4.569717874,
20150726,4.636815741,
20150727,4.700382141,
20150728,4.802794674,
20150729,4.866361075,
20150730,4.922864541,
20150731,4.982899475,
20150801,5.039402942,
20150802,5.102969342,
20150803,5.163004275,
20150804,5.223039208,
20150805,5.286605609,
20150806,5.396081075,
20150807,5.604437609,
20150808,5.735101876,
20150809,5.809262676,
20150810,5.89048641,
20150811,5.968178676,
20150812,6.052933876,
20150813,6.158877877,
20150814,6.26129041,
20150815,6.338982677,
20150816,6.40961201,
20150817,6.476709877,
20150818,6.596779744,
20150819,6.769821611,
20150820,6.851045344,
20150821,6.921674678,
20150822,7.031150145,
20150823,7.140625612,
20150824,7.214786412,
20150825,7.288947212,
20150826,7.359576545,
20150827,7.426674412,
20150828,7.497303746,
20150829,7.564401612,
20150830,7.627968012,
20150831,7.695065879,
20150901,7.765695213,
20150902,7.829261613,
20150903,7.892828013,
20150904,7.95992588,
20150905,8.030555213,
20150906,8.29894668,
20150907,8.486114414,
20150908,8.743911481,
20150909,8.853386948,
20150910,8.931079214,
20150911,9.005240015,
20150912,9.072337881,
20150913,9.139435748,
20150914,9.206533615,
20150915,9.270100015,
20150916,9.347792282,
20150917,9.414890149,
20150918,9.478456549,
20150919,9.545554415,
20150920,9.609120816,
20150921,9.676218682,
20150922,9.736253616,
20150923,9.796288549,
20150924,9.859854949,
20150925,9.948141616,
20150926,10.01523948,
20150927,10.07527442,
20150928,10.44960988,
20150929,10.55555388,
20150930,10.74272162,
20151001,10.82041388,
20151002,10.93342082,
20151003,11.00405015,
20151004,11.06761655,
20151005,11.17002908,
20151006,11.24418988,
20151007,11.30775629,
20151008,11.37132269,
20151009,11.44195202,
20151010,11.50198695,
20151011,11.56202189,
20151012,11.62205682,
20151013,11.68209175,
20151014,11.73506375,
20151015,11.78803575,
20151016,11.84100775,
20151017,11.89044829,
20151018,11.94342029,
20151019,11.99286082,
20151020,12.04230135,
20151021,12.08821042,
20151022,12.13765095,
20151023,12.18002855,
20151024,12.22593762,
20151025,12.27184669,
20151026,12.31069282,
20151027,12.35660189,
20151028,12.39544802,
20151029,12.47667175,
20151030,12.52611229,
20151031,12.57202135,
20151101,12.62146189,
20151102,12.71681149,
20151103,12.76625202,
20151104,12.92869949,
20151105,13.11233575,
20151106,13.17237069,
20151107,13.22181122,
20151108,13.26418882,
20151109,13.30656642,
20151110,13.34894402,
20151111,13.39485309,
20151112,13.46548242,
20151113,13.51492296,
20151114,13.55730056,
20151115,13.59967816,
20151116,13.64558722,
20151117,13.68443336,
20151118,13.72327949,
20151119,13.76212562,
20151120,13.80450322,
20151121,13.84334936,
20151122,13.87866402,
20151123,13.92104162,
20151124,13.95635629,
20151125,13.99167096,
20151126,14.02698562,
20151127,14.05876882,
20151128,14.09055202,
20151129,14.12233522,
20151130,14.15058696,
20151201,14.18237016,
20151202,14.21062189,
20151203,14.24946802,
20151204,14.27771976,
20151205,14.30597149,
20151206,14.33422322,
20151207,14.36247496,
20151208,14.38719522,
20151209,14.41191549,
20151210,14.44016722,
20151211,14.46135602,
20151212,14.48607629,
20151213,14.51079656,
20151214,14.53551682,
20151215,14.56023709,
20151216,14.59202029,
20151217,14.61320909,
20151218,14.63439789,
20151219,14.65558669,
20151220,14.67677549,
20151221,14.69796429,
20151222,14.71915309,
20151223,14.73681042,
20151224,14.75446776,
20151225,14.77212509,
20151226,14.78625096,
20151227,14.80390829,
20151228,14.82156562,
20151229,14.83569149,
20151230,14.85334882,
20151231,14.86747469,
20160101,14.88160056,
20160102,14.89572642,
20160103,14.90985229,
20160104,14.92397816,
20160105,14.93457256,
20160106,14.94869842,
20160107,14.95929282,
20160108,14.96988722,
20160109,14.98048162,
20160110,14.99107602,
20160111,15.00167042,
20160112,15.01226482,
20160113,15.01932776,
20160114,15.02992216,
20160115,15.03345362,
20160116,15.04051656,
20160117,15.04404802,
20160118,15.04404802,
20160119,15.04757949,
20160120,15.05464242,
20160121,15.05464242,
20160122,15.05464242,
20160123,15.05464242,
20160124,15.05464242,
20160125,15.05464242,
20160126,15.05464242,
20160127,15.05464242,
20160128,15.05464242,
20160129,15.05464242,
20160130,15.05464242,
20160131,15.05111096,
20160201,15.05111096,
20160202,15.04757949,
20160203,15.04757949,
20160204,15.04404802,
20160205,15.04404802,
20160206,15.04051656,
20160207,15.03698509,
20160208,15.03345362,
20160209,14.89572642,
20160210,14.76506216,
20160211,14.32362882,
20160212,13.94223042,
20160213,13.53964322,
20160214,13.24300002,
20160215,13.05230082,
20160216,12.85807015,
20160217,12.65677655,
20160218,12.40251095,
20160219,12.14471389,
20160220,11.88338535,
20160221,11.64677709,
20160222,11.37485415,
20160223,10.84866562,
20160224,10.43901548,
20160225,10.02583388,
20160226,9.619715216,
20160227,9.305414682,
20160228,9.075869348,
20160229,8.931079214,
20160301,8.715659747,
20160302,8.50024028,
20160303,8.284820813,
20160304,8.069401346,
20160305,7.853981879,
20160306,7.659751212,
20160307,7.225380812,
20160308,6.695660811,
20160309,6.46258401,
20160310,6.120031743,
20160311,5.735101876,
20160312,5.286605609,
20160313,4.940521875,
20160314,4.619158407,
20160315,4.220102674,
20160316,3.743354673,
20160317,3.262015765,
20160318,2.730530031,
20160319,1.952194777,
20160320,1.173859522,
20160321,0.569978721,
20160322,0.085249605,
20160323,0,
20160324,0,
20160325,0,
20160326,0,
20160327,0,
20160328,0,
20160329,0,
20160330,0,
20160331,0,
20160401,0,
20160402,0,
20160403,0,
20160404,0,
20160405,0,
20160406,0,
20160407,0,
20160408,0,
20160409,0,
20160410,0,
20160411,0,
20160412,0,
20160413,0,
20160414,0,
20160415,0,
20160416,0,
20160417,0,
20160418,0,
20160419,0,
20160420,0,
20160421,0,
20160422,0,
20160423,0,
20160424,0,
20160425,0,
20160426,0.000539961,
20160427,0.001060146,
20160428,0.001462027,
20160429,0.001921471,
20160430,0.002350544,
20160501,0.00283718,
20160502,0.003248949,
20160503,0.003856362,
20160504,0.005487899,
20160505,0.006967584,
20160506,0,
20160507,0,
20160508,0,
20160509,0,
20160510,0,
20160511,0,
20160512,0,
20160513,0,
20160514,0,
20160515,0.007119437,
20160516,0.013408979,
20160517,0.01890041,
20160518,0.024345931,
20160519,0.029339425,
20160520,0.033658409,
20160521,0.037680749,
20160522,0.041106272,
20160523,0.044213963,
20160524,0.047039136,
20160525,0.049546477,
20160526,0.051947875,
20160527,0,
20160528,0,
20160529,0,
20160530,0,
20160531,0,
20160601,0,
20160602,0,
20160603,0,
20160604,0,
20160605,0,
20160606,0.005823389,
20160607,0.009637373,
20160608,0.013550238,
20160609,0.057562907,
20160610,0.074973037,
20160611,0.090758693,
20160612,0.100328968,
20160613,0,
20160614,0,
20160615,0,
20160616,0,
20160617,0,
20160618,0.007130031,
20160619,0.039234595,
20160620,0.050358715,
20160621,0.058763605,
20160622,0.066638776,
20160623,0.086414989,
20160624,0.10541428,
20160625,0.116997491,
20160626,0.131511819,
20160627,0.300104038,
20160628,0.484870374,
20160629,1.177037842,
20160630,1.726534056,
20160701,2.050016403,
20160702,2.15843243,
20160703,2.240362457,
20160704,2.31417011,
20160705,2.394687551,
20160706,2.454369337,
20160707,2.608341284,
20160708,2.663785311,
20160709,2.716757311,
20160710,2.979145285,
20160711,3.352068165,
20160712,3.467547126,
20160713,3.559718406,
20160714,3.619753339,
20160715,3.672725339,
20160716,3.722165873,
20160717,3.775137873,
20160718,3.824578406,
20160719,3.87401894,
20160720,3.92699094,
20160721,4.00115174,
20160722,4.09650134,
20160723,4.16006774,
20160724,4.216571207,
20160725,4.273074674,
20160726,4.326046674,
20160727,4.379018674,
20160728,4.435522141,
20160729,4.509682941,
20160730,4.566186407,
20160731,4.636815741,
20160801,4.696850674,
20160802,4.756885608,
20160803,4.816920541,
20160804,4.880486941,
20160805,4.951116275,
20160806,5.035871475,
20160807,5.106500808,
20160808,5.173598675,
20160809,5.237165075,
20160810,5.304262942,
20160811,5.364297875,
20160812,5.424332809,
20160813,5.487899209,
20160814,5.547934142,
20160815,5.607969076,
20160816,5.685661343,
20160817,5.784542409,
20160818,5.865766143,
20160819,5.93286401,
20160820,5.992898943,
20160821,6.052933876,
20160822,6.11296881,
20160823,6.169472277,
20160824,6.22950721,
20160825,6.286010677,
20160826,6.342514144,
20160827,6.402549077,
20160828,6.459052544,
20160829,6.512024544,
20160830,6.568528011,
20160831,6.621500011,
20160901,6.670940544,
20160902,6.720381078,
20160903,6.769821611,
20160904,6.822793611,
20160905,6.872234144,
20160906,6.918143211,
20160907,6.967583745,
20160908,7.013492811,
20160909,7.055870411,
20160910,7.098248012,
20160911,7.144157078,
20160912,7.186534678,
20160913,7.225380812,
20160914,7.267758412,
20160915,7.341919212,
20160916,7.391359745,
20160917,7.437268812,
20160918,7.479646412,
20160919,7.518492546,
20160920,7.560870146,
20160921,7.599716279,
20160922,7.677408546,
20160923,7.719786146,
20160924,7.790415479,
20160925,7.846918946,
20160926,7.709191746,
20160927,7.536149879,
20160928,7.232443745,
20160929,7.087653612,
20160930,7.017024278,
20161001,7.052338945,
20161002,7.087653612,
20161003,7.122968278,
20161004,7.154751478,
20161005,7.186534678,
20161006,7.221849345,
20161007,7.253632545,
20161008,7.285415745,
20161009,7.317198945,
20161010,7.348982145,
20161011,7.380765345,
20161012,7.409017079,
20161013,7.440800279,
20161014,7.472583479,
20161015,7.525555479,
20161016,7.557338679,
20161017,7.585590412,
20161018,7.610310679,
20161019,7.638562412,
20161020,7.663282679,
20161021,7.688002946,
20161022,7.712723213,
20161023,7.737443479,
20161024,7.762163746,
20161025,7.783352546,
20161026,7.804541346,
20161027,7.825730146,
20161028,7.846918946,
20161029,7.868107746,
20161030,7.889296546,
20161031,7.910485346,
20161101,7.966988813,
20161102,7.99170908,
20161103,8.01289788,
20161104,8.03408668,
20161105,8.05527548,
20161106,8.072932813,
20161107,8.094121613,
20161108,8.111778946,
20161109,8.12943628,
20161110,8.147093613,
20161111,8.16121948,
20161112,8.178876813,
20161113,8.196534147,
20161114,8.21419148,
20161115,8.228317347,
20161116,8.24597468,
20161117,8.263632013,
20161118,8.27775788,
20161119,8.291883747,
20161120,8.306009613,
20161121,8.32013548,
20161122,8.33072988,
20161123,8.344855747,
20161124,8.355450147,
20161125,8.369576014,
20161126,8.380170414,
20161127,8.390764814,
20161128,8.40489068,
20161129,8.41548508,
20161130,8.42607948,
20161201,8.43667388,
20161202,8.44726828,
20161203,8.461394147,
20161204,8.471988547,
20161205,8.47905148,
20161206,8.493177347,
20161207,8.496708814,
20161208,8.503771747,
20161209,8.51083468,
20161210,8.514366147,
20161211,8.52142908,
20161212,8.524960547,
20161213,8.535554947,
20161214,8.680345081,
20161215,8.715659747,
20161216,8.729785614,
20161217,8.740380014,
20161218,8.747442948,
20161219,8.758037348,
20161220,8.765100281,
20161221,8.775694681,
20161222,8.782757614,
20161223,8.789820548,
20161224,8.796883481,
20161225,8.807477881,
20161226,8.814540814,
20161227,8.821603748,
20161228,8.828666681,
20161229,8.835729614,
20161230,8.846324014,
20161231,8.853386948,
20170101,8.860449881,
20170102,8.863981348,
20170103,8.871044281,
20170104,8.874575748,
20170105,8.881638681,
20170106,8.888701614,
20170107,8.892233081,
20170108,8.895764548,
20170109,8.899296014,
20170110,8.902827481,
20170111,8.909890414,
20170112,8.913421881,
20170113,8.916953348,
20170114,8.920484814,
20170115,8.924016281,
20170116,8.927547748,
20170117,8.934610681,
20170118,8.934610681,
20170119,8.938142148,
20170120,8.941673615,
20170121,8.945205081,
20170122,8.948736548,
20170123,8.948736548,
20170124,8.948736548,
20170125,8.948736548,
20170126,8.948736548,
20170127,8.948736548,
20170128,9.460799215,
20170129,9.531428549,
20170130,9.549085882,
20170131,9.559680282,
20170201,9.563211749,
20170202,9.566743216,
20170203,9.573806149,
20170204,9.577337616,
20170205,9.580869082,
20170206,9.584400549,
20170207,9.591463482,
20170208,9.594994949,
20170209,9.598526416,
20170210,9.602057882,
20170211,9.609120816,
20170212,9.612652282,
20170213,9.616183749,
20170214,9.619715216,
20170215,9.623246682,
20170216,9.626778149,
20170217,9.633841082,
20170218,9.637372549,
20170219,9.640904016,
20170220,9.644435482,
20170221,9.647966949,
20170222,9.651498416,
20170223,9.545554415,
20170224,9.372512549,
20170225,9.178281882,
20170226,8.846324014,
20170227,8.517897614,
20170228,8.079995746,
20170301,7.695065879,
20170302,7.366639479,
20170303,7.232443745,
20170304,7.105310945,
20170305,6.865171211,
20170306,6.603842677,
20170307,5.939926943,
20170308,5.060591742,
20170309,4.580312274,
20170310,4.12828454,
20170311,3.676256806,
20170312,3.225994805,
20170313,2.900040431,
20170314,2.598806324,
20170315,2.321939337,
20170316,2.044366057,
20170317,1.814820723,
20170318,1.688394216,
20170319,1.552432749,
20170320,1.412586669,
20170321,1.272740589,
20170322,1.135719682,
20170323,0.834485575,
20170324,0.282623278,
20170325,0,
20170326,0,
20170327,0,
20170328,0,
20170329,0,
20170330,0,
20170331,0,
20170401,0,
20170402,0,
20170403,0,
20170404,0,
20170405,0,
20170406,0,
20170407,0,
20170408,0,
20170409,0,
20170410,0,
20170411,0,
20170412,0,
20170413,0,
20170414,0,
20170415,0,
20170416,0,
20170417,0,
20170418,0,
20170419,0,
20170420,0,
20170421,0,
20170422,0,
20170423,0,
20170424,0,
20170425,0,
20170426,0,
20170427,0,
20170428,0,
20170429,0,
20170430,0,
20170501,0,
20170502,0,
20170503,0,
20170504,0,
20170505,0,
20170506,0,
20170507,0,
20170508,0,
20170509,0,
20170510,0,
20170511,0,
20170512,0,
20170513,0,
20170514,0,
20170515,0,
20170516,0,
20170517,0,
20170518,0,
20170519,0,
20170520,0,
20170521,0,
20170522,0,
20170523,0,
20170524,9.04055E-05,
20170525,0,
20170526,0,
20170527,0,
20170528,0,
20170529,0,
20170530,0,
20170531,0,
20170601,0,
20170602,0,
20170603,0,
20170604,0,
20170605,0,
20170606,0,
20170607,0,
20170608,0,
20170609,0,
20170610,0,
20170611,0,
20170612,0,
20170613,0,
20170614,0,
20170615,0,
20170616,0,
20170617,0,
20170618,0,
20170619,0,
20170620,0,
20170621,0,
20170622,0,
20170623,0,
20170624,0.016085831,
20170625,0.052760112,
20170626,0.203977515,
20170627,0.348308558,
20170628,0.382104694,
20170629,0.396936854,
20170630,0.384223574,
20170701,0.364447361,
20170702,0.336937235,
20170703,0.308049838,
20170704,0.279480273,
20170705,0.261293219,
20170706,0.232723654,
20170707,0.228521208,
20170708,0.192394304,
20170709,0.189427872,
20170710,0.173536272,
20170711,0.157362155,
20170712,0.145002022,
20170713,0.136703075,
20170714,0.154395723,
20170715,0.154890128,
20170716,0.190275424,
20170717,0.232052675,
20170718,0.294312433,
20170719,0.543139574,
20170720,1.018121842,
20170721,1.133247655,
20170722,1.219062295,
20170723,1.275212615,
20170724,1.323593709,
20170725,1.372327949,
20170726,1.417530722,
20170727,1.465911816,
20170728,1.553139043,
20170729,1.605404749,
20170730,1.652373256,
20170731,1.698988616,
20170801,1.745957123,
20170802,1.794691363,
20170803,1.840247283,
20170804,1.94018779,
20170805,2.089921977,
20170806,2.205754084,
20170807,2.26967363,
20170808,2.32476451,
20170809,2.378442804,
20170810,2.431414804,
20170811,2.482974217,
20170812,2.573732911,
20170813,2.630589524,
20170814,2.682855231,
20170815,2.734061498,
20170816,2.786680351,
20170817,2.838239765,
20170818,2.914519445,
20170819,3.171963365,
20170820,3.396917792,
20170821,3.679788273,
20170822,3.828109873,
20170823,3.90580214,
20170824,3.97996294,
20170825,4.241291474,
20170826,4.34017254,
20170827,4.619158407,
20170828,4.873424008,
20170829,5.353703475,
20170830,5.544402676,
20170831,5.636220809,
20170901,5.713913076,
20170902,5.784542409,
20170903,5.855171743,
20170904,5.92226961,
20170905,5.989367476,
20170906,6.10237441,
20170907,6.17653521,
20170908,6.593248277,
20170909,6.738038411,
20170910,6.865171211,
20170911,6.949926411,
20170912,7.024087211,
20170913,7.091185078,
20170914,7.172408812,
20170915,7.232443745,
20170916,7.274821345,
20170917,7.416080012,
20170918,7.539681346,
20170919,7.779821079,
20170920,7.921079746,
20170921,7.931674146,
20170922,7.91754828,
20170923,7.966988813,
20170924,8.037618146,
20170925,8.136499213,
20170926,8.21419148,
20170927,8.291883747,
20170928,8.422548014,
20170929,8.507303214,
20170930,8.581464014,
20171001,8.655624814,
20171002,8.740380014,
20171003,8.814540814,
20171004,8.885170148,
20171005,8.952268015,
20171006,9.100589615,
20171007,9.181813348,
20171008,9.252442682,
20171009,9.319540548,
20171010,9.386638415,
20171011,9.457267749,
20171012,9.520834149,
20171013,9.612652282,
20171014,9.690344549,
20171015,9.760973883,
20171016,9.828071749,
20171017,9.891638149,
20171018,9.951673083,
20171019,10.02230242,
20171020,10.08233735,
20171021,10.14237228,
20171022,10.19181282,
20171023,10.22006455,
20171024,10.25537922,
20171025,10.28716242,
20171026,10.32247708,
20171027,10.35426028,
20171028,10.38251202,
20171029,10.40016935,
20171030,10.41782668,
20171031,10.43195255,
20171101,10.43548402,
20171102,10.48139308,
20171103,10.52377068,
20171104,10.56967975,
20171105,10.61558882,
20171106,10.65796642,
20171107,10.71446988,
20171108,10.76037895,
20171109,10.79922508,
20171110,10.84160268,
20171111,10.88044882,
20171112,10.91929495,
20171113,10.95460962,
20171114,10.99345575,
20171115,11.02877042,
20171116,11.06055362,
20171117,11.09586828,
20171118,11.12765148,
20171119,11.15943468,
20171120,11.19121788,
20171121,11.21946962,
20171122,11.25125282,
20171123,11.27950455,
20171124,11.30775629,
20171125,11.33247655,
20171126,11.36072829,
20171127,11.38544855,
20171128,11.41016882,
20171129,11.43488909,
20171130,11.45607789,
20171201,11.48079815,
20171202,11.51964429,
20171203,11.54789602,
20171204,11.57261629,
20171205,11.59733655,
20171206,11.61852535,
20171207,11.63971415,
20171208,11.66090295,
20171209,11.67856029,
20171210,11.69974909,
20171211,11.71740642,
20171212,11.73506375,
20171213,11.75272109,
20171214,11.77037842,
20171215,11.75625255,
20171216,11.68562322,
20171217,11.57261629,
20171218,11.51258135,
20171219,11.27244162,
20171220,11.03230188,
20171221,10.80628802,
20171222,10.64384055,
20171223,10.50258188,
20171224,10.42135815,
20171225,10.34366588,
20171226,10.28363095,
20171227,10.25891068,
20171228,10.26597362,
20171229,10.27303655,
20171230,10.28009948,
20171231,10.28716242,
20180101,10.29069388,
20180102,10.30128828,
20180103,10.31188268,
20180104,10.31894562,
20180105,10.32600855,
20180106,10.32954002,
20180107,10.33307148,
20180108,10.33660295,
20180109,10.34013442,
20180110,10.34013442,
20180111,10.34366588,
20180112,10.34366588,
20180113,10.34366588,
20180114,10.34719735,
20180115,10.34719735,
20180116,10.34719735,
20180117,10.34719735,
20180118,10.34719735,
20180119,10.34719735,
20180120,10.34719735,
20180121,10.34719735,
20180122,10.34719735,
20180123,10.34719735,
20180124,10.34366588,
20180125,10.34366588,
20180126,10.34366588,
20180127,10.34366588,
20180128,10.34366588,
20180129,10.34013442,
20180130,10.34013442,
20180131,10.34013442,
20180201,10.33660295,
20180202,10.33660295,
20180203,10.33660295,
20180204,10.33307148,
20180205,10.33307148,
20180206,10.32954002,
20180207,10.18828135,
20180208,9.414890149,
20180209,8.21419148,
20180210,7.147688545,
20180211,5.533808276,
20180212,4.442585074,
20180213,3.139827018,
20180214,1.838128403,
20180215,0.563975228,
20180216,0,
20180217,0,
20180218,0,
20180219,0,
20180220,0,
20180221,0,
20180222,0,
20180223,0,
20180224,0,
20180225,0,
20180226,0,
20180227,0,
20180228,0,
20180301,0,
20180302,0,
20180303,0,
20180304,0,
20180305,0,
20180306,0,
20180307,0,
20180308,0,
20180309,0,
20180310,0,
20180311,0,
20180312,0,
20180313,0,
20180314,0,
20180315,0,
20180316,0,
20180317,0,
20180318,0,
20180319,0,
20180320,0,
20180321,0,
20180322,0,
20180323,0,
20180324,0,
20180325,0,
20180326,0,
20180327,0,
20180328,0,
20180329,0,
20180330,0,
20180331,0,
20180401,0,
20180402,0,
20180403,0,
20180404,0,
20180405,0,
20180406,0,
20180407,0,
20180408,0,
20180409,0,
20180410,0,
20180411,0,
20180412,0,
20180413,0,
20180414,0,
20180415,0,
20180416,0,
20180417,0,
20180418,0,
20180419,0,
20180420,0,
20180421,0,
20180422,0,
20180423,0,
20180424,0,
20180425,0,
20180426,0,
20180427,0,
20180428,0,
20180429,0,
20180430,0,
20180501,0,
20180502,0,
20180503,0,
20180504,0,
20180505,0,
20180506,0,
20180507,0,
20180508,0,
20180509,0,
20180510,0,
20180511,0,
20180512,0,
20180513,0,
20180514,0,
20180515,0,
20180516,0,
20180517,0,
20180518,0,
20180519,0,
20180520,0,
20180521,0,
20180522,0,
20180523,0,
20180524,0,
20180525,0,
20180526,0.027146384,
20180527,0,
20180528,0,
20180529,0.028806174,
20180530,0.631073094,
20180531,0.638842321,
20180601,0.556559148,
20180602,0.449202561,
20180603,0.348237929,
20180604,0.273759296,
20180605,0.162588726,
20180606,0.049369904,
20180607,0,
20180608,0.552674534,
20180609,0.660384268,
20180610,0.811884188,
20180611,0.787163921,
20180612,0.833426135,
20180613,1.278390935,
20180614,1.88297803,
20180615,1.893925576,
20180616,1.80775779,
20180617,1.713820776,
20180618,1.613880269,
20180619,1.513939762,
20180620,1.427771976,
20180621,1.346901389,
20180622,1.251198642,
20180623,1.154083309,
20180624,1.059440002,
20180625,0.966562428,
20180626,0.870859681,
20180627,0.801996081,
20180628,0.710884241,
20180629,0.638489174,
20180630,0.548083628,
20180701,0.464741014,
20180702,0.399055734,
20180703,0.334218006,
20180704,0.268532726,
20180705,0.203306536,
20180706,0.13825692,
20180707,0.630013654,
20180708,1.110293122,
20180709,2.267201604,
20180710,2.774673365,
20180711,3.813984006,
20180712,4.333109607,
20180713,4.997025341,
20180714,5.251290942,
20180715,5.353703475,
20180716,5.537339742,
20180717,5.833982943,
20180718,6.05999681,
20180719,6.201255477,
20180720,6.300136544,
20180721,6.437863744,
20180722,6.681534944,
20180723,6.928737611,
20180724,7.218317878,
20180725,7.518492546,
20180726,7.702128813,
20180727,7.811604279,
20180728,7.910485346,
20180729,8.01289788,
20180730,8.125904813,
20180731,8.23538028,
20180801,8.344855747,
20180802,8.443736814,
20180803,8.542617881,
20180804,8.655624814,
20180805,8.758037348,
20180806,8.856918414,
20180807,9.022897348,
20180808,9.577337616,
20180809,10.30481975,
20180810,10.54142802,
20180811,10.74272162,
20180812,10.97226695,
20180813,11.61499389,
20180814,12.36719629,
20180815,13.25006295,
20180816,16.10348803,
20180817,16.68618003,
20180818,16.89100509,
20180819,17.36775309,
20180820,17.69971096,
20180821,17.92219336,
20180822,18.05992056,
20180823,18.20117923,
20180824,18.3212491,
20180825,18.44131896,
20180826,18.55785736,
20180827,18.67792723,
20180828,18.87922083,
20180829,19.05579416,
20180830,19.19352136,
20180831,19.35243736,
20180901,19.4760387,
20180902,19.58904563,
20180903,19.6985211,
20180904,19.80799657,
20180905,19.9104091,
20180906,20.0163531,
20180907,20.12582857,
20180908,20.23530403,
20180909,20.33771657,
20180910,20.4295347,
20180911,20.52841577,
20180912,20.6308283,
20180913,20.7261779,
20180914,20.81799603,
20180915,20.89215683,
20180916,20.9486603,
20180917,21.00516377,
20180918,21.0546043,
20180919,21.10051337,
20180920,21.1393595,
20180921,21.18526857,
20180922,21.17467417,
20180923,21.2347091,
20180924,21.3194643,
20180925,21.40775097,
20180926,22.09638697,
20180927,22.25530297,
20180928,22.37184137,
20180929,22.51310004,
20180930,22.59785524,
20181001,22.68261044,
20181002,22.77442857,
20181003,22.84858937,
20181004,22.92628164,
20181005,23.01103684,
20181006,23.0993235,
20181007,23.1734843,
20181008,23.24058217,
20181009,23.41009257,
20181010,23.51956804,
20181011,23.51956804,
20181012,23.51603657,
20181013,23.51603657,
20181014,23.51603657,
20181015,23.50897364,
20181016,23.50897364,
20181017,23.50897364,
20181018,23.50897364,
20181019,23.50897364,
20181020,23.50897364,
20181021,23.50897364,
20181022,23.50897364,
20181023,23.50897364,
20181024,23.50897364,
20181025,23.50897364,
20181026,23.50897364,
20181027,23.50897364,
20181028,23.50897364,
20181029,23.50897364,
20181030,23.50897364,
20181031,23.50897364,
20181101,23.50897364,
20181102,23.50897364,
20181103,23.50897364,
20181104,23.50897364,
20181105,23.5125051,
20181106,23.5125051,
20181107,23.5125051,
20181108,23.5125051,
20181109,23.5125051,
20181110,23.5125051,
20181111,23.51603657,
20181112,23.51603657,
20181113,23.51956804,
20181114,23.51956804,
20181115,23.51603657,
20181116,23.51603657,
20181117,23.51603657,
20181118,23.51603657,
20181119,23.51603657,
20181120,23.51603657,
20181121,23.51603657,
20181122,23.51603657,
20181123,23.51603657,
20181124,23.51603657,
20181125,23.51603657,
20181126,23.51603657,
20181127,23.51603657,
20181128,23.51603657,
20181129,23.51603657,
20181130,23.51603657,
20181201,23.51603657,
20181202,23.51603657,
20181203,23.51603657,
20181204,23.51603657,
20181205,23.51603657,
20181206,23.51603657,
20181207,23.51603657,
20181208,23.51603657,
20181209,23.51603657,
20181210,23.51603657,
20181211,23.51603657,
20181212,23.51603657,
20181213,23.51603657,
20181214,23.51603657,
20181215,23.51603657,
20181216,23.51603657,
20181217,23.51603657,
20181218,23.51603657,
20181219,23.51603657,
20181220,23.51603657,
20181221,23.51603657,
20181222,23.51603657,
20181223,23.51603657,
20181224,23.51603657,
20181225,23.51603657,
20181226,23.51603657,
20181227,23.5125051,
20181228,23.5125051,
20181229,23.5125051,
20181230,23.5125051,
20181231,23.5125051,
20190101,23.51603657,
20190102,23.51603657,
20190103,23.51603657,
20190104,23.51603657,
20190105,23.50897364,
20190106,23.50544217,
20190107,23.49837924,
20190108,23.4913163,
20190109,23.4807219,
20190110,23.47365897,
20190111,23.46306457,
20190112,23.4595331,
20190113,23.45600164,
20190114,23.45247017,
20190115,23.4489387,
20190116,23.44540724,
20190117,23.4383443,
20190118,23.43481284,
20190119,23.4277499,
20190120,23.42421844,
20190121,23.4171555,
20190122,23.41362404,
20190123,23.41009257,
20190124,23.40302964,
20190125,23.3959667,
20190126,23.39243524,
20190127,23.3853723,
20190128,23.37830937,
20190129,23.37124644,
20190130,23.3641835,
20190131,23.35712057,
20190201,23.35005764,
20190202,23.3429947,
20190203,23.33593177,
20190204,23.32886884,
20190205,23.3218059,
20190206,23.31474297,
20190207,23.3112115,
20190208,23.3112115,
20190209,23.30414857,
20190210,23.29708564,
20190211,23.29708564,
20190212,23.2900227,
20190213,23.28295977,
20190214,23.27589684,
20190215,23.2688339,
20190216,23.26177097,
20190217,23.25470804,
20190218,23.24411364,
20190219,23.2370507,
20190220,23.22998777,
20190221,23.18054724,
20190222,23.0993235,
20190223,23.02163124,
20190224,22.93334457,
20190225,22.8450579,
20190226,22.75323977,
20190227,22.6437643,
20190228,22.53428884,
20190301,22.42481337,
20190302,22.3153379,
20190303,22.19526804,
20190304,22.06460377,
20190305,21.9551283,
20190306,21.84565284,
20190307,21.73617737,
20190308,21.6690795,
20190309,21.66554804,
20190310,21.6584851,
20190311,20.2070523,
20190312,18.74149363,
20190313,17.21236856,
20190314,16.77093523,
20190315,16.47429203,
20190316,16.19530616,
20190317,15.91278883,
20190318,15.38660029,
20190319,15.03698509,
20190320,14.66971256,
20190321,14.48607629,
20190322,14.33422322,
20190323,14.15411842,
20190324,13.93869896,
20190325,13.64558722,
20190326,13.38779016,
20190327,13.10527282,
20190328,12.92163655,
20190329,12.76272055,
20190330,12.57555282,
20190331,12.43782562,
20190401,12.28597255,
20190402,12.13765095,
20190403,11.97873495,
20190404,11.77390989,
20190405,11.53730162,
20190406,11.18768642,
20190407,10.53436508,
20190408,9.238316815,
20190409,8.574401081,
20190410,7.945800013,
20190411,7.352513612,
20190412,6.621500011,
20190413,6.286010677,
20190414,6.04940241,
20190415,5.625626409,
20190416,5.396081075,
20190417,5.205381875,
20190418,5.039402942,
20190419,4.838109341,
20190420,4.590906674,
20190421,4.492025607,
20190422,4.407270407,
20190423,4.30838934,
20190424,4.20244534,
20190425,4.07531254,
20190426,3.951711206,
20190427,3.81045254,
20190428,3.669193873,
20190429,3.516987659,
20190430,3.401508699,
20190501,3.278966805,
20190502,3.154659178,
20190503,3.030351552,
20190504,2.906043925,
20190505,2.781383151,
20190506,2.656722378,
20190507,2.533474191,
20190508,2.409519711,
20190509,2.409872857,
20190510,2.410226004,
20190511,2.410932297,
20190512,2.411638591,
20190513,2.414463764,
20190514,2.381621124,
20190515,2.265789017,
20190516,2.20504779,
20190517,2.140775097,
20190518,2.075089817,
20190519,2.003047897,
20190520,1.954313657,
20190521,1.908757736,
20190522,1.86390811,
20190523,1.808464083,
20190524,1.702520083,
20190525,1.566558616,
20190526,1.438366376,
20190527,1.341251042,
20190528,1.166090295,
20190529,0.997639335,
20190530,0.828482081,
20190531,0.743373735,
20190601,0.658971681,
20190602,0.573510188,
20190603,0.488048694,
20190604,0.462975281,
20190605,0.437548721,
20190606,0.387755041,
20190607,0.268885872,
20190608,0.151146774,
20190609,0.032666067,
20190610,0,
20190611,0,
20190612,0,
20190613,0,
20190614,0,
20190615,0,
20190616,0,
20190617,0,
20190618,0,
20190619,0,
20190620,0,
20190621,0,
20190622,0,
20190623,0,
20190624,0,
20190625,0,
20190626,0,
20190627,0,
20190628,0,
20190629,0,
20190630,0,
20190701,0,
20190702,0,
20190703,0,
20190704,0,
20190705,0,
20190706,0.038033896,
20190707,0,
20190708,0,
20190709,0,
20190710,0,
20190711,0,
20190712,0,
20190713,0,
20190714,0,
20190715,0,
20190716,0,
20190717,0,
20190718,0,
20190719,0,
20190720,0,
20190721,0.005198319,
20190722,0.015199433,
20190723,0.08846324,
20190724,0.100011136,
20190725,0.094855195,
20190726,0.073066045,
20190727,0.044249277,
20190728,0.015538453,
20190729,0,
20190730,0,
20190731,0,
20190801,0.005671535,
20190802,0.029272327,
20190803,0.053077944,
20190804,0.084437368,
20190805,0.286472577,
20190806,0.512415814,
20190807,1.022712748,
20190808,2.035890537,
20190809,3.199861952,
20190810,4.453179474,
20190811,4.944053341,
20190812,5.078249075,
20190813,5.184193075,
20190814,5.244228009,
20190815,5.381955209,
20190816,5.445521609,
20190817,5.523213876,
20190818,5.579717342,
20190819,5.636220809,
20190820,5.692724276,
20190821,5.749227743,
20190822,5.805731209,
20190823,5.865766143,
20190824,5.929332543,
20190825,5.98583601,
20190826,6.045870943,
20190827,6.353108544,
20190828,6.444926677,
20190829,6.512024544,
20190830,6.582653877,
20190831,6.642688811,
20190901,6.706255211,
20190902,6.791010411,
20190903,6.861639744,
20190904,6.974646678,
20190905,7.250101078,
20190906,7.451394679,
20190907,7.596184812,
20190908,7.719786146,
20190909,7.843387479,
20190910,7.921079746,
20190911,7.995240546,
20190912,8.09765308,
20190913,8.19300268,
20190914,8.270694947,
20190915,8.344855747,
20190916,8.41548508,
20190917,8.482582947,
20190918,8.553212281,
20190919,8.616778681,
20190920,8.687408014,
20190921,8.754505881,
20190922,8.818072281,
20190923,8.906358948,
20190924,9.033491748,
20190925,9.107652548,
20190926,9.220659482,
20190927,9.294820282,
20190928,9.361918149,
20190929,9.421953082,
20190930,9.485519482,
20191001,9.549085882,
20191002,9.619715216,
20191003,9.690344549,
20191004,9.753910949,
20191005,9.817477349,
20191006,9.937547216,
20191007,10.20593868,
20191008,10.30481975,
20191009,10.37544908,
20191010,10.44960988,
20191011,10.51670775,
20191012,10.62971468,
20191013,10.70740695,
20191014,10.79922508,
20191015,10.86632295,
20191016,11.15590322,
20191017,11.30069335,
20191018,11.48432962,
20191019,11.64324562,
20191020,11.72093789,
20191021,11.81275602,
20191022,11.87985389,
20191023,11.93282589,
20191024,11.97873495,
20191025,12.07055309,
20191026,12.17649709,
20191027,12.24359495,
20191028,12.31069282,
20191029,12.37425922,
20191030,12.46607735,
20191031,12.52964375,
20191101,12.59674162,
20191102,12.65677655,
20191103,12.71328002,
20191104,12.77331495,
20191105,12.82981842,
20191106,12.88632189,
20191107,13.03464349,
20191108,13.09820989,
20191109,13.29244055,
20191110,13.38779016,
20191111,13.45135656,
20191112,13.51139149,
20191113,13.57142642,
20191114,13.62792989,
20191115,13.68443336,
20191116,13.74446829,
20191117,13.80097176,
20191118,13.85747522,
20191119,13.91044722,
20191120,13.95988776,
20191121,14.01992269,
20191122,14.06936322,
20191123,14.11880376,
20191124,14.16824429,
20191125,14.21415336,
20191126,14.25653096,
20191127,14.29890856,
20191128,14.34128616,
20191129,14.38366376,
20191130,14.42250989,
20191201,14.46488749,
20191202,14.55670562,
20191203,14.60614616,
20191204,14.64852376,
20191205,14.69090136,
20191206,14.73327896,
20191207,14.77212509,
20191208,14.81097122,
20191209,14.84628589,
20191210,14.88513202,
20191211,14.91691522,
20191212,14.95222989,
20191213,14.98754456,
20191214,15.02285922,
20191215,15.05464242,
20191216,15.08642562,
20191217,15.11820882,
20191218,15.14646056,
20191219,15.17471229,
20191220,15.20296402,
20191221,15.23121576,
20191222,15.25946749,
20191223,15.28418776,
20191224,15.30890802,
20191225,15.33362829,
20191226,15.35834856,
20191227,15.38306882,
20191228,15.41485203,
20191229,15.43604083,
20191230,15.45722963,
20191231,15.47841843,
20200101,15.49607576,
20200102,15.51726456,
20200103,15.53845336,
20200104,15.55611069,
20200105,15.57376803,
20200106,15.59142536,
20200107,15.60555123,
20200108,15.62320856,
20200109,15.63733443,
20200110,15.65499176,
20200111,15.66911763,
20200112,15.68677496,
20200113,15.70090083,
20200114,15.71855816,
20200115,15.73268403,
20200116,15.74680989,
20200117,15.76093576,
20200118,15.77859309,
20200119,15.78918749,
20200120,15.80331336,
20200121,15.81743923,
20200122,15.82803363,
20200123,15.84215949,
20200124,15.85275389,
20200125,15.86334829,
20200126,15.87394269,
20200127,15.88453709,
20200128,15.89513149,
20200129,15.90572589,
20200130,15.91278883,
20200131,15.92338323,
20200201,15.93044616,
20200202,15.93044616,
20200203,15.93397763,
20200204,15.93750909,
20200205,15.94104056,
20200206,15.94104056,
20200207,15.94104056,
20200208,15.94457203,
20200209,15.91632029,
20200210,15.91278883,
20200211,15.90572589,
20200212,15.90219443,
20200213,15.89513149,
20200214,15.89160003,
20200215,15.88453709,
20200216,15.82097069,
20200217,15.68677496,
20200218,15.61261416,
20200219,15.51020163,
20200220,15.27359336,
20200221,14.80037682,
20200222,13.93516749,
20200223,13.72327949,
20200224,13.58202082,
20200225,13.46901389,
20200226,13.35953842,
20200227,13.24653149,
20200228,13.08408402,
20200229,12.86866455,
20200301,12.73800029,
20200302,12.59321015,
20200303,12.42723122,
20200304,12.31775575,
20200305,12.21887469,
20200306,12.10586775,
20200307,11.96107762,
20200308,11.85160215,
20200309,11.72446935,
20200310,11.58674215,
20200311,11.43135762,
20200312,11.28656748,
20200313,11.11705708,
20200314,10.97579842,
20200315,10.82747682,
20200316,10.67562375,
20200317,10.60852588,
20200318,10.52023922,
20200319,10.43195255,
20200320,10.32600855,
20200321,10.22712748,
20200322,10.13177788,
20200323,9.994050683,
20200324,9.870449349,
20200325,9.775099749,
20200326,9.672687216,
20200327,9.566743216,
20200328,9.464330682,
20200329,9.361918149,
20200330,9.259505615,
20200331,9.128841348,
20200401,8.577932547,
20200402,7.511429612,
20200403,7.034681611,
20200404,6.674472011,
20200405,6.494367211,
20200406,6.38842321,
20200407,6.328388277,
20200408,6.211849877,
20200409,6.10237441,
20200410,5.992898943,
20200411,5.886954943,
20200412,5.773948009,
20200413,5.632689342,
20200414,5.523213876,
20200415,5.396081075,
20200416,5.233633608,
20200417,5.085312008,
20200418,4.933458941,
20200419,4.785137341,
20200420,4.636815741,
20200421,4.484962674,
20200422,4.386081607,
20200423,4.25541734,
20200424,4.18125654,
20200425,4.11769014,
20200426,3.91639654,
20200427,3.700977073,
20200428,3.577375739,
20200429,3.461190486,
20200430,3.343239499,
20200501,3.212928379,
20200502,3.084382992,
20200503,2.957250191,
20200504,2.829411098,
20200505,2.723820244,
20200506,2.641537071,
20200507,2.557135017,
20200508,2.449425284,
20200509,2.303928857,
20200510,2.240362457,
20200511,2.094512883,
20200512,1.927827656,
20200513,1.760436136,
20200514,1.604698456,
20200515,1.454257976,
20200516,1.300639175,
20200517,1.137132269,
20200518,0.986338642,
20200519,0.833426135,
20200520,0.707352775,
20200521,0.580573121,
20200522,0.447083681,
20200523,0.310380606,
20200524,0.167109003,
20200525,0.02687093,
20200526,0,
20200527,0,
20200528,0,
20200529,0,
20200530,0,
20200531,0,
20200601,0,
20200602,0,
20200603,0,
20200604,0,
20200605,0,
20200606,0,
20200607,0,
20200608,0,
20200609,0,
20200610,0,
20200611,0,
20200612,0,
20200613,0,
20200614,0,
20200615,0,
20200616,0,
20200617,0,
20200618,0,
20200619,0,
20200620,0,
20200621,0,
20200622,0,
20200623,0,
20200624,0,
20200625,0,
20200626,0,
20200627,0,
20200628,0.006416675,
20200629,0.018208242,
20200630,0.032478899,
20200701,0.041494733,
20200702,0.050288085,
20200703,0.133807272,
20200704,0.19281808,
20200705,0.213159328,
20200706,0.228874355,
20200707,0.246955464,
20200708,0.263941819,
20200709,0.280115937,
20200710,0.296290054,
20200711,0.312428857,
20200712,0.328638289,
20200713,0.345271497,
20200714,0.361975334,
20200715,0.379279521,
20200716,0.443199067,
20200717,0.574216481,
20200718,0.648024134,
20200719,0.680160481,
20200720,0.705940188,
20200721,0.730660455,
20200722,0.754321281,
20200723,0.779041548,
20200724,0.805174401,
20200725,0.830600961,
20200726,0.855321228,
20200727,0.880041495,
20200728,0.905114908,
20200729,0.929835175,
20200730,0.955261735,
20200731,0.979982002,
20200801,1.006821148,
20200802,1.033307148,
20200803,1.162911975,
20200804,1.414352402,
20200805,1.85755147,
20200806,2.460019684,
20200807,2.973141791,
20200808,3.192092725,
20200809,3.288854912,
20200810,3.355599632,
20200811,3.421991206,
20200812,3.487323339,
20200813,3.538529606,
20200814,3.584438672,
20200815,3.633879206,
20200816,3.683319739,
20200817,3.729228806,
20200818,3.785732273,
20200819,3.835172806,
20200820,3.881081873,
20200821,3.93758534,
20200822,3.987025873,
20200823,4.03293494,
20200824,4.082375473,
20200825,4.12828454,
20200826,4.174193607,
20200827,4.220102674,
20200828,4.262480274,
20200829,4.30838934,
20200830,4.354298407,
20200831,4.400207474,
20200901,4.446116541,
20200902,4.544997607,
20200903,4.608564007,
20200904,4.661536008,
20200905,4.735696808,
20200906,4.785137341,
20200907,4.936990408,
20200908,5.000556808,
20200909,5.099437875,
20200910,5.205381875,
20200911,5.265416809,
20200912,5.321920275,
20200913,5.392549609,
20200914,5.498493609,
20200915,5.562060009,
20200916,5.615032009,
20200917,5.668004009,
20200918,5.745696276,
20200919,5.805731209,
20200920,6.077654143,
20200921,6.45198961,
20200922,6.621500011,
20200923,6.702723744,
20200924,6.766290144,
20200925,6.826325078,
20200926,6.886360011,
20200927,6.946394945,
20200928,7.002898411,
20200929,7.069996278,
20200930,7.130031212,
20201001,7.186534678,
20201002,7.239506678,
20201003,7.292478679,
20201004,7.345450679,
20201005,7.401954145,
20201006,7.451394679,
20201007,7.507898146,
20201008,7.560870146,
20201009,7.613842146,
20201010,7.666814146,
20201011,7.723317613,
20201012,7.776289613,
20201013,7.843387479,
20201014,7.899890946,
20201015,7.977583213,
20201016,8.030555213,
20201017,8.079995746,
20201018,8.132967747,
20201019,8.274226413,
20201020,8.334261347,
20201021,8.387233347,
20201022,8.46845708,
20201023,8.528492014,
20201024,8.581464014,
20201025,8.627373081,
20201026,8.676813614,
20201027,8.722722681,
20201028,8.768631748,
20201029,8.814540814,
20201030,8.856918414,
20201031,8.899296014,
20201101,8.941673615,
20201102,8.987582681,
20201103,9.040554681,
20201104,9.082932281,
20201105,9.125309881,
20201106,9.171218948,
20201107,9.213596548,
20201108,9.252442682,
20201109,9.291288815,
20201110,9.330134948,
20201111,9.365449615,
20201112,9.400764282,
20201113,9.436078949,
20201114,9.474925082,
20201115,9.510239749,
20201116,9.545554415,
20201117,9.577337616,
20201118,9.609120816,
20201119,9.640904016,
20201120,9.672687216,
20201121,9.700938949,
20201122,9.729190682,
20201123,9.757442416,
20201124,9.785694149,
20201125,9.813945883,
20201126,9.842197616,
20201127,9.866917883,
20201128,9.891638149,
20201129,9.916358416,
20201130,9.941078683,
20201201,9.96579895,
20201202,9.98698775,
20201203,10.01170802,
20201204,10.03289682,
20201205,10.05408562,
20201206,10.08233735,
20201207,10.10352615,
20201208,10.12471495,
20201209,10.14590375,
20201210,10.16356108,
20201211,10.18474988,
20201212,10.20240722,
20201213,10.22006455,
20201214,10.23419042,
20201215,10.25184775,
20201216,10.26950508,
20201217,10.28363095,
20201218,10.30128828,
20201219,10.31541415,
20201220,10.32954002,
20201221,10.34366588,
20201222,10.35779175,
20201223,10.36838615,
20201224,10.38957495,
20201225,10.40370082,
20201226,10.41429522,
20201227,10.42842108,
20201228,10.43901548,
20201229,10.45314135,
20201230,10.46373575,
20201231,10.47433015,
