Date,Simulated Outflow,
20110101,7.998,
20110102,6.874,
20110103,6.346,
20110104,6.126,
20110105,6.098,
20110106,5.895,
20110107,5.182,
20110108,5.651,
20110109,5.361,
20110110,5.138,
20110111,5.133,
20110112,4.852,
20110113,5.038,
20110114,4.376,
20110115,4.259,
20110116,4.388,
20110117,4.13,
20110118,4.13,
20110119,3.961,
20110120,3.635,
20110121,3.562,
20110122,3.278,
20110123,2.608,
20110124,3.119,
20110125,2.864,
20110126,2.988,
20110127,2.872,
20110128,2.252,
20110129,2.347,
20110130,2.17,
20110131,2.027,
20110201,1.016,
20110202,0.4478,
20110203,0.2408,
20110204,0.06204,
20110205,0,
20110206,0,
20110207,0,
20110208,0,
20110209,0,
20110210,0,
20110211,0,
20110212,0,
20110213,0,
20110214,0,
20110215,0,
20110216,0,
20110217,0,
20110218,0,
20110219,0,
20110220,0,
20110221,0,
20110222,0,
20110223,0,
20110224,0,
20110225,0,
20110226,0,
20110227,0,
20110228,0,
20110301,0,
20110302,0,
20110303,0,
20110304,0,
20110305,0,
20110306,0,
20110307,0,
20110308,0,
20110309,0,
20110310,0,
20110311,0,
20110312,0,
20110313,0,
20110314,0,
20110315,0,
20110316,0,
20110317,1,
20110318,1,
20110319,1,
20110320,1,
20110321,1,
20110322,1,
20110323,1,
20110324,1,
20110325,1,
20110326,1,
20110327,1,
20110328,1,
20110329,1,
20110330,1,
20110331,1,
20110401,0,
20110402,3,
20110403,5,
20110404,5,
20110405,5,
20110406,8,
20110407,7,
20110408,8,
20110409,8,
20110410,5,
20110411,9,
20110412,4,
20110413,11,
20110414,9,
20110415,8,
20110416,9,
20110417,8,
20110418,4,
20110419,0,
20110420,0,
20110421,0,
20110422,0,
20110423,0,
20110424,0,
20110425,0,
20110426,0,
20110427,0,
20110428,0,
20110429,0,
20110430,0,
20110501,0,
20110502,0,
20110503,0,
20110504,0,
20110505,0,
20110506,0,
20110507,0,
20110508,0,
20110509,1,
20110510,1,
20110511,1,
20110512,1,
20110513,1,
20110514,2,
20110515,2,
20110516,4,
20110517,4,
20110518,4,
20110519,2,
20110520,1,
20110521,0,
20110522,0,
20110523,0,
20110524,0,
20110525,0,
20110526,0,
20110527,0,
20110528,0,
20110529,0,
20110530,0,
20110531,0,
20110601,0,
20110602,0,
20110603,0,
20110604,0,
20110605,0,
20110606,0,
20110607,0,
20110608,0,
20110609,8.282,
20110610,18.38,
20110611,8.455,
20110612,67.03,
20110613,25.79,
20110614,46.53,
20110615,57.44,
20110616,29.43,
20110617,77.22,
20110618,325,
20110619,90.45,
20110620,22.52,
20110621,12.3,
20110622,7.153,
20110623,129.2,
20110624,82.68,
20110625,142.1,
20110626,244.2,
20110627,319.4,
20110628,251.3,
20110629,58.35,
20110630,24.86,
20110701,18.32,
20110702,88.1,
20110703,59.16,
20110704,50,
20110705,42,
20110706,42,
20110707,123.1,
20110708,67,
20110709,56,
20110710,53,
20110711,33,
20110712,33,
20110713,35,
20110714,99.98,
20110715,248.7,
20110716,215.5,
20110717,230.3,
20110718,255.2,
20110719,176.8,
20110720,304.6,
20110721,152,
20110722,181,
20110723,184,
20110724,178,
20110725,237,
20110726,193,
20110727,118,
20110728,34,
20110729,59,
20110730,59,
20110731,52,
20110801,151,
20110802,67,
20110803,104,
20110804,218,
20110805,218,
20110806,220,
20110807,371,
20110808,320,
20110809,301,
20110810,123,
20110811,87,
20110812,90,
20110813,86,
20110814,150,
20110815,138,
20110816,48,
20110817,43,
20110818,46,
20110819,46,
20110820,46,
20110821,46,
20110822,46,
20110823,43,
20110824,66,
20110825,58,
20110826,56,
20110827,53,
20110828,77,
20110829,75,
20110830,108,
20110831,105,
20110901,153,
20110902,238,
20110903,228.5,
20110904,286,
20110905,168,
20110906,168,
20110907,98,
20110908,90,
20110909,84,
20110910,57,
20110911,67,
20110912,73,
20110913,66,
20110914,66,
20110915,63,
20110916,92,
20110917,136,
20110918,82,
20110919,74,
20110920,68,
20110921,54,
20110922,50,
20110923,48,
20110924,48,
20110925,45,
20110926,45,
20110927,42,
20110928,42,
20110929,42,
20110930,44,
20111001,45,
20111002,45,
20111003,45,
20111004,42,
20111005,42,
20111006,42,
20111007,42,
20111008,42,
20111009,42,
20111010,42,
20111011,42,
20111012,40,
20111013,22,
20111014,14,
20111015,14,
20111016,14,
20111017,16,
20111018,16,
20111019,20,
20111020,26,
20111021,31,
20111022,27,
20111023,27,
20111024,24,
20111025,15,
20111026,14,
20111027,15,
20111028,16,
20111029,16,
20111030,20,
20111031,22,
20111101,25,
20111102,29,
20111103,26,
20111104,13,
20111105,6,
20111106,9,
20111107,15,
20111108,18,
20111109,23,
20111110,28,
20111111,31,
20111112,33,
20111113,36,
20111114,36,
20111115,38,
20111116,38,
20111117,43,
20111118,38,
20111119,38,
20111120,43,
20111121,43,
20111122,25,
20111123,25,
20111124,26,
20111125,26,
20111126,27,
20111127,27,
20111128,27,
20111129,36,
20111130,36,
20111201,36,
20111202,36,
20111203,37,
20111204,36,
20111205,36,
20111206,25,
20111207,26,
20111208,26,
20111209,26,
20111210,26,
20111211,25,
20111212,25,
20111213,25,
20111214,25,
20111215,31,
20111216,42,
20111217,42,
20111218,40,
20111219,32,
20111220,32,
20111221,34,
20111222,25,
20111223,32,
20111224,22,
20111225,16,
20111226,13,
20111227,16,
20111228,16,
20111229,16,
20111230,127,
20111231,127,
20120101,17,
20120102,16,
20120103,15,
20120104,13,
20120105,13,
20120106,13,
20120107,13,
20120108,13,
20120109,12,
20120110,12,
20120111,10,
20120112,7,
20120113,7,
20120114,7,
20120115,7,
20120116,0,
20120117,7,
20120118,3,
20120119,0,
20120120,0,
20120121,0,
20120122,0,
20120123,0,
20120124,0,
20120125,0,
20120126,0,
20120127,0,
20120128,0,
20120129,0,
20120130,0,
20120131,0,
20120201,0,
20120202,0,
20120203,0,
20120204,0,
20120205,0,
20120206,0,
20120207,0,
20120208,0,
20120209,0,
20120210,0,
20120211,0,
20120212,0,
20120213,0,
20120214,0,
20120215,0,
20120216,0,
20120217,0,
20120218,0,
20120219,0,
20120220,0,
20120221,0,
20120222,0,
20120223,0,
20120224,0,
20120225,0,
20120226,0,
20120227,0,
20120228,0,
20120229,0,
20120301,0,
20120302,0,
20120303,1,
20120304,6,
20120305,8,
20120306,11,
20120307,18,
20120308,24,
20120309,0,
20120310,0,
20120311,0,
20120312,0,
20120313,0,
20120314,0,
20120315,0,
20120316,121,
20120317,93,
20120318,61,
20120319,56,
20120320,46,
20120321,43,
20120322,43,
20120323,43,
20120324,43,
20120325,43,
20120326,45,
20120327,45,
20120328,45,
20120329,45,
20120330,45,
20120331,41,
20120401,40,
20120402,110,
20120403,174,
20120404,174,
20120405,139,
20120406,117,
20120407,159,
20120408,223,
20120409,140,
20120410,104,
20120411,89,
20120412,82,
20120413,72,
20120414,50,
20120415,55,
20120416,56,
20120417,59,
20120418,60,
20120419,60,
20120420,0,
20120421,0,
20120422,0,
20120423,0,
20120424,0,
20120425,0,
20120426,0,
20120427,46,
20120428,44,
20120429,46,
20120430,46,
20120501,46,
20120502,46,
20120503,46,
20120504,43,
20120505,40,
20120506,42,
20120507,42,
20120508,189,
20120509,66,
20120510,43,
20120511,0,
20120512,23,
20120513,28,
20120514,33,
20120515,45,
20120516,39,
20120517,28,
20120518,24,
20120519,33,
20120520,25,
20120521,25,
20120522,25,
20120523,22,
20120524,19,
20120525,0,
20120526,0,
20120527,0,
20120528,0,
20120529,0,
20120530,0,
20120531,0,
20120601,0,
20120602,23,
20120603,42,
20120604,42,
20120605,35,
20120606,33,
20120607,43,
20120608,38,
20120609,43,
20120610,45,
20120611,30,
20120612,39,
20120613,45,
20120614,45,
20120615,45,
20120616,37,
20120617,41,
20120618,28,
20120619,4,
20120620,39,
20120621,28,
20120622,31,
20120623,31,
20120624,42,
20120625,31,
20120626,41,
20120627,45,
20120628,45,
20120629,45,
20120630,45,
20120701,39,
20120702,13,
20120703,9,
20120704,0,
20120705,9,
20120706,9,
20120707,9,
20120708,8,
20120709,32,
20120710,42,
20120711,43,
20120712,46,
20120713,46,
20120714,46,
20120715,43,
20120716,42,
20120717,42,
20120718,36,
20120719,39,
20120720,42,
20120721,41,
20120722,36,
20120723,36,
20120724,35,
20120725,35,
20120726,33,
20120727,25,
20120728,31,
20120729,31,
20120730,26,
20120731,26,
20120801,14,
20120802,11,
20120803,8,
20120804,0,
20120805,0,
20120806,0,
20120807,0,
20120808,0,
20120809,0,
20120810,0,
20120811,0,
20120812,0,
20120813,0,
20120814,0,
20120815,0,
20120816,0,
20120817,0,
20120818,0,
20120819,0,
20120820,0,
20120821,0,
20120822,0,
20120823,0,
20120824,0,
20120825,0,
20120826,0,
20120827,0,
20120828,0,
20120829,0,
20120830,0,
20120831,0,
20120901,0,
20120902,0,
20120903,0,
20120904,0,
20120905,0,
20120906,2.156,
20120907,54.53,
20120908,89.76,
20120909,45.78,
20120910,44.64,
20120911,38.4,
20120912,69.98,
20120913,44.91,
20120914,92.54,
20120915,61.33,
20120916,68.44,
20120917,74.85,
20120918,52.48,
20120919,77.65,
20120920,39.41,
20120921,36.53,
20120922,37.29,
20120923,36.52,
20120924,34.71,
20120925,35.26,
20120926,33.41,
20120927,33.24,
20120928,34.12,
20120929,33.64,
20120930,33.15,
20121001,53.94,
20121002,38.92,
20121003,50.09,
20121004,31.78,
20121005,33.85,
20121006,30.32,
20121007,30.89,
20121008,30.94,
20121009,80.55,
20121010,36.49,
20121011,29.19,
20121012,27.5,
20121013,27.72,
20121014,28.36,
20121015,31.09,
20121016,32.84,
20121017,27.38,
20121018,25.38,
20121019,24.85,
20121020,32.06,
20121021,30.22,
20121022,27.01,
20121023,28.03,
20121024,23.29,
20121025,22.94,
20121026,22.93,
20121027,21.43,
20121028,21.56,
20121029,20.98,
20121030,20.97,
20121031,19.87,
20121101,55.99,
20121102,199.3,
20121103,59.78,
20121104,29.02,
20121105,225,
20121106,47.09,
20121107,25.88,
20121108,21.84,
20121109,20.78,
20121110,20.48,
20121111,19.69,
20121112,19.13,
20121113,19.22,
20121114,18.75,
20121115,18.2,
20121116,17.16,
20121117,17.59,
20121118,17.08,
20121119,16.81,
20121120,16.22,
20121121,16.11,
20121122,15.8,
20121123,15.2,
20121124,15.12,
20121125,14.54,
20121126,14.45,
20121127,13.88,
20121128,13.42,
20121129,13.39,
20121130,13.03,
20121201,13.12,
20121202,12.44,
20121203,12.53,
20121204,13.52,
20121205,20.96,
20121206,12.1,
20121207,11.99,
20121208,11.2,
20121209,11.29,
20121210,11.04,
20121211,9.937,
20121212,10.37,
20121213,10.22,
20121214,9.872,
20121215,9.703,
20121216,9.565,
20121217,9.337,
20121218,8.688,
20121219,8.544,
20121220,8.141,
20121221,7.536,
20121222,7.743,
20121223,7.485,
20121224,7.267,
20121225,7.297,
20121226,6.926,
20121227,6.534,
20121228,6.364,
20121229,5.844,
20121230,9.352,
20121231,6.131,
20130101,5.406,
20130102,5.403,
20130103,5.169,
20130104,5.165,
20130105,4.949,
20130106,5.104,
20130107,4.042,
20130108,4.699,
20130109,4.63,
20130110,4.078,
20130111,4.276,
20130112,4.036,
20130113,3.853,
20130114,3.455,
20130115,3.673,
20130116,3.539,
20130117,3.32,
20130118,2.79,
20130119,2.038,
20130120,1.426,
20130121,1.213,
20130122,0.8456,
20130123,0.5531,
20130124,0.4568,
20130125,0.197,
20130126,0.2804,
20130127,0.3262,
20130128,0,
20130129,0,
20130130,0,
20130131,0,
20130201,0,
20130202,33,
20130203,152,
20130204,175,
20130205,443,
20130206,328,
20130207,328,
20130208,227,
20130209,111,
20130210,92,
20130211,188,
20130212,212,
20130213,270,
20130214,342,
20130215,172,
20130216,120,
20130217,167,
20130218,179,
20130219,253,
20130220,640,
20130221,492,
20130222,679,
20130223,433,
20130224,312,
20130225,280,
20130226,280,
20130227,280,
20130228,280,
20130301,279.8,
20130302,1.723,
20130303,1.696,
20130304,1.681,
20130305,1.656,
20130306,1.648,
20130307,1.665,
20130308,127.6,
20130309,20.61,
20130310,6.317,
20130311,3.5,
20130312,85.75,
20130313,15.43,
20130314,6.032,
20130315,4.148,
20130316,3.738,
20130317,3.584,
20130318,3.533,
20130319,3.614,
20130320,3.524,
20130321,3.466,
20130322,3.437,
20130323,3.395,
20130324,3.352,
20130325,3.32,
20130326,3.274,
20130327,3.244,
20130328,3.199,
20130329,3.18,
20130330,3.137,
20130331,3.109,
20130401,3.071,
20130402,3.029,
20130403,2.993,
20130404,2.956,
20130405,2.919,
20130406,2.876,
20130407,2.829,
20130408,2.719,
20130409,2.669,
20130410,2.622,
20130411,2.557,
20130412,2.239,
20130413,1.833,
20130414,1.731,
20130415,1.699,
20130416,1.58,
20130417,1.506,
20130418,1.02,
20130419,0.955,
20130420,0.9104,
20130421,0.6876,
20130422,0.6753,
20130423,0.7215,
20130424,0.8455,
20130425,0.8223,
20130426,0.8796,
20130427,0.9052,
20130428,0.8724,
20130429,1.068,
20130430,1.063,
20130501,1.034,
20130502,0.9104,
20130503,0.6048,
20130504,0.42,
20130505,0.6094,
20130506,0.7993,
20130507,0.7377,
20130508,0.7187,
20130509,0.7171,
20130510,0.7459,
20130511,0.9632,
20130512,1.172,
20130513,1.267,
20130514,1.166,
20130515,1.113,
20130516,1.046,
20130517,0.9655,
20130518,0.8269,
20130519,0.6339,
20130520,0.4935,
20130521,0.9482,
20130522,0.8298,
20130523,0.7576,
20130524,0.69,
20130525,0.6389,
20130526,0.6413,
20130527,0.5947,
20130528,0.4998,
20130529,0.5972,
20130530,0,
20130531,1.185,
20130601,0.999,
20130602,0.881,
20130603,0,
20130604,1.699,
20130605,0.7016,
20130606,0.6685,
20130607,0.6633,
20130608,0.6993,
20130609,0.8308,
20130610,0.8951,
20130611,1.088,
20130612,3.445,
20130613,2.089,
20130614,6.108,
20130615,8.214,
20130616,15.03,
20130617,7.557,
20130618,16.83,
20130619,6.623,
20130620,11.45,
20130621,5.054,
20130622,7.227,
20130623,4.818,
20130624,7.227,
20130625,48,
20130626,28,
20130627,48,
20130628,48,
20130629,38.66,
20130630,7.429,
20130701,7.101,
20130702,9.23,
20130703,26.52,
20130704,16,
20130705,48,
20130706,48,
20130707,18,
20130708,48,
20130709,22,
20130710,48,
20130711,48,
20130712,48,
20130713,34,
20130714,48,
20130715,48,
20130716,45,
20130717,31,
20130718,42,
20130719,42,
20130720,39,
20130721,39,
20130722,39,
20130723,23,
20130724,24,
20130725,31,
20130726,17,
20130727,31,
20130728,31,
20130729,28,
20130730,28,
20130731,24,
20130801,21,
20130802,7,
20130803,7,
20130804,1,
20130805,0,
20130806,0,
20130807,0,
20130808,0,
20130809,0,
20130810,0,
20130811,0,
20130812,0,
20130813,0,
20130814,0,
20130815,0,
20130816,0,
20130817,0,
20130818,0,
20130819,0,
20130820,0,
20130821,0,
20130822,0,
20130823,0,
20130824,0,
20130825,0,
20130826,0,
20130827,0,
20130828,0,
20130829,0,
20130830,0,
20130831,0,
20130901,0,
20130902,0,
20130903,0,
20130904,0,
20130905,0,
20130906,0,
20130907,0,
20130908,0,
20130909,0,
20130910,0,
20130911,0,
20130912,0,
20130913,0,
20130914,0,
20130915,0,
20130916,0,
20130917,0,
20130918,0,
20130919,0,
20130920,0,
20130921,0,
20130922,0,
20130923,0,
20130924,0,
20130925,0,
20130926,0,
20130927,0,
20130928,0,
20130929,0,
20130930,0,
20131001,0,
20131002,0,
20131003,0,
20131004,0,
20131005,0,
20131006,0,
20131007,0,
20131008,0,
20131009,0,
20131010,0,
20131011,0,
20131012,0,
20131013,0,
20131014,0,
20131015,0,
20131016,0,
20131017,0,
20131018,0,
20131019,0,
20131020,0,
20131021,0,
20131022,0,
20131023,0,
20131024,0,
20131025,0,
20131026,0,
20131027,0,
20131028,0,
20131029,0,
20131030,0,
20131031,0,
20131101,0,
20131102,0,
20131103,0,
20131104,0,
20131105,0,
20131106,0,
20131107,0,
20131108,0,
20131109,0,
20131110,0,
20131111,0,
20131112,0,
20131113,46,
20131114,0,
20131115,0,
20131116,0,
20131117,0,
20131118,0,
20131119,0,
20131120,0,
20131121,0,
20131122,0,
20131123,0,
20131124,0,
20131125,0,
20131126,0,
20131127,0,
20131128,0,
20131129,0,
20131130,0,
20131201,0,
20131202,0,
20131203,0,
20131204,0,
20131205,0,
20131206,0,
20131207,0,
20131208,0,
20131209,0,
20131210,0,
20131211,0,
20131212,0,
20131213,0,
20131214,0,
20131215,0,
20131216,0,
20131217,0,
20131218,0,
20131219,0,
20131220,0,
20131221,0,
20131222,0,
20131223,0,
20131224,0,
20131225,0,
20131226,0,
20131227,0,
20131228,0,
20131229,0,
20131230,0,
20131231,0,
20140101,0,
20140102,0,
20140103,0,
20140104,0,
20140105,0,
20140106,0,
20140107,0,
20140108,0,
20140109,0,
20140110,0,
20140111,0,
20140112,0,
20140113,0,
20140114,0,
20140115,0,
20140116,0,
20140117,0,
20140118,0,
20140119,0,
20140120,0,
20140121,0,
20140122,0,
20140123,0,
20140124,0,
20140125,0,
20140126,0,
20140127,0,
20140128,0,
20140129,0,
20140130,0,
20140131,0,
20140201,0,
20140202,0,
20140203,0,
20140204,0,
20140205,0,
20140206,0,
20140207,0,
20140208,0,
20140209,0,
20140210,0,
20140211,0,
20140212,0,
20140213,0,
20140214,0,
20140215,0,
20140216,51,
20140217,127,
20140218,127,
20140219,62,
20140220,127,
20140221,155,
20140222,424,
20140223,15,
20140224,16,
20140225,14,
20140226,5,
20140227,11,
20140228,5,
20140301,11,
20140302,99,
20140303,110,
20140304,203,
20140305,471,
20140306,343,
20140307,291,
20140308,291,
20140309,474,
20140310,237,
20140311,0.257,
20140312,0.2465,
20140313,0.2281,
20140314,0.23,
20140315,0.2082,
20140316,0.208,
20140317,0.1981,
20140318,0.1785,
20140319,0.1943,
20140320,0.1698,
20140321,0.1857,
20140322,0.1762,
20140323,0.254,
20140324,0.2179,
20140325,0.2075,
20140326,0.2112,
20140327,0.1966,
20140328,0.1862,
20140329,0.1892,
20140330,0.1807,
20140331,0.1651,
20140401,0.1697,
20140402,0.2094,
20140403,0.2074,
20140404,0.1637,
20140405,0.1591,
20140406,0.1429,
20140407,0.1312,
20140408,0.1446,
20140409,0.1894,
20140410,0.1304,
20140411,0.1716,
20140412,0.1818,
20140413,0.1249,
20140414,0.1909,
20140415,0.2521,
20140416,0.2515,
20140417,0.2483,
20140418,0.2774,
20140419,0.6006,
20140420,0.4738,
20140421,0.4456,
20140422,0.4148,
20140423,0.3726,
20140424,0.3376,
20140425,0.3246,
20140426,0.3015,
20140427,0.5557,
20140428,0.5077,
20140429,0.4284,
20140430,0.4405,
20140501,0.5459,
20140502,0.5885,
20140503,1.638,
20140504,16.98,
20140505,0,
20140506,6.652,
20140507,2.045,
20140508,1.853,
20140509,50,
20140510,50,
20140511,39,
20140512,38.26,
20140513,2.649,
20140514,2.257,
20140515,1.996,
20140516,1.779,
20140517,1.594,
20140518,1.499,
20140519,1.3,
20140520,1.222,
20140521,1.123,
20140522,0.9806,
20140523,0.8689,
20140524,0.7875,
20140525,0.721,
20140526,0.6262,
20140527,0.5891,
20140528,0.5088,
20140529,0.5953,
20140530,0.567,
20140531,0.4724,
20140601,0.5705,
20140602,0.4633,
20140603,2.094,
20140604,0.8801,
20140605,0.7512,
20140606,0.7709,
20140607,0.7059,
20140608,0.5656,
20140609,0.5415,
20140610,0.5254,
20140611,0.4749,
20140612,0.4212,
20140613,0.3951,
20140614,0.3848,
20140615,0.3716,
20140616,0.3465,
20140617,0.3849,
20140618,0.4217,
20140619,1.223,
20140620,3.316,
20140621,7.559,
20140622,27.9,
20140623,5.464,
20140624,3.219,
20140625,2.65,
20140626,2.314,
20140627,2.009,
20140628,1.804,
20140629,1.682,
20140630,1.59,
20140701,1.452,
20140702,1.347,
20140703,1.23,
20140704,1.127,
20140705,1.052,
20140706,0.956,
20140707,0.8761,
20140708,0.8537,
20140709,0.8347,
20140710,4.718,
20140711,20.04,
20140712,11.12,
20140713,45,
20140714,28,
20140715,38,
20140716,42,
20140717,42,
20140718,42,
20140719,35.35,
20140720,15.57,
20140721,18.72,
20140722,24,
20140723,36,
20140724,30,
20140725,28,
20140726,28,
20140727,28,
20140728,28,
20140729,21,
20140730,21,
20140731,19,
20140801,14,
20140802,14,
20140803,14,
20140804,45,
20140805,0,
20140806,0,
20140807,0,
20140808,0,
20140809,0,
20140810,0,
20140811,0,
20140812,0,
20140813,0,
20140814,0,
20140815,0,
20140816,0,
20140817,0,
20140818,0,
20140819,0,
20140820,0,
20140821,0,
20140822,0,
20140823,0,
20140824,0,
20140825,0,
20140826,0,
20140827,0,
20140828,0,
20140829,0,
20140830,0,
20140831,0,
20140901,0,
20140902,0,
20140903,0,
20140904,0,
20140905,0,
20140906,0,
20140907,0,
20140908,0,
20140909,0,
20140910,0,
20140911,0,
20140912,0,
20140913,0,
20140914,0,
20140915,0,
20140916,0,
20140917,0,
20140918,0,
20140919,0,
20140920,0,
20140921,0,
20140922,0,
20140923,0,
20140924,0,
20140925,0,
20140926,0,
20140927,0,
20140928,0,
20140929,0,
20140930,0,
20141001,0,
20141002,0,
20141003,0,
20141004,0,
20141005,0,
20141006,0,
20141007,0,
20141008,0,
20141009,0,
20141010,0,
20141011,0,
20141012,0,
20141013,0,
20141014,0,
20141015,0,
20141016,0,
20141017,0,
20141018,0,
20141019,0,
20141020,0,
20141021,0,
20141022,0,
20141023,0,
20141024,0,
20141025,0,
20141026,0,
20141027,0,
20141028,0,
20141029,0,
20141030,0,
20141031,0,
20141101,0,
20141102,0,
20141103,0,
20141104,0,
20141105,0,
20141106,0,
20141107,0,
20141108,0,
20141109,0,
20141110,0,
20141111,0,
20141112,0,
20141113,0,
20141114,0,
20141115,0,
20141116,0,
20141117,0,
20141118,0,
20141119,0,
20141120,0,
20141121,0,
20141122,0,
20141123,0,
20141124,0,
20141125,0,
20141126,0,
20141127,0,
20141128,0,
20141129,0,
20141130,0,
20141201,0,
20141202,0,
20141203,0,
20141204,0,
20141205,0,
20141206,0,
20141207,0,
20141208,0,
20141209,0,
20141210,0,
20141211,0,
20141212,0,
20141213,0,
20141214,0,
20141215,0,
20141216,0,
20141217,0,
20141218,0,
20141219,0,
20141220,0,
20141221,0,
20141222,0,
20141223,0,
20141224,0,
20141225,0,
20141226,0,
20141227,0,
20141228,0,
20141229,0,
20141230,0,
20141231,0,
20150101,0,
20150102,0,
20150103,0,
20150104,0,
20150105,0,
20150106,0,
20150107,0,
20150108,0,
20150109,0,
20150110,0,
20150111,0,
20150112,0,
20150113,0,
20150114,0,
20150115,0,
20150116,0,
20150117,0,
20150118,0,
20150119,0,
20150120,0,
20150121,0,
20150122,0,
20150123,0,
20150124,0,
20150125,0,
20150126,0,
20150127,0,
20150128,0,
20150129,0,
20150130,0,
20150131,0,
20150201,0,
20150202,0,
20150203,0,
20150204,0,
20150205,0,
20150206,0,
20150207,0,
20150208,0,
20150209,0,
20150210,0,
20150211,0,
20150212,0,
20150213,0,
20150214,0,
20150215,0,
20150216,0,
20150217,0,
20150218,126,
20150219,299,
20150220,206,
20150221,107,
20150222,116,
20150223,89,
20150224,78,
20150225,32,
20150226,45,
20150227,53,
20150228,56,
20150301,42,
20150302,30,
20150303,28,
20150304,40,
20150305,42,
20150306,42,
20150307,46,
20150308,46,
20150309,48,
20150310,82,
20150311,152,
20150312,120,
20150313,76,
20150314,62,
20150315,126,
20150316,118,
20150317,143,
20150318,125,
20150319,103,
20150320,92,
20150321,99,
20150322,91,
20150323,86,
20150324,39.7,
20150325,0.5026,
20150326,0.4861,
20150327,0.4726,
20150328,0.469,
20150329,0.4172,
20150330,0.3972,
20150331,0.3858,
20150401,0.4055,
20150402,0.5086,
20150403,0.4481,
20150404,0.375,
20150405,0.3474,
20150406,0.4987,
20150407,0.4819,
20150408,0.5273,
20150409,0.507,
20150410,0.4223,
20150411,0.661,
20150412,1.504,
20150413,1.621,
20150414,1.122,
20150415,0.8902,
20150416,0.7961,
20150417,0.7661,
20150418,0.6545,
20150419,0.5965,
20150420,0.5398,
20150421,0.4882,
20150422,0.5089,
20150423,0.4157,
20150424,2.063,
20150425,0.8534,
20150426,0.8843,
20150427,2.954,
20150428,1.229,
20150429,1.145,
20150430,1.033,
20150501,0.9656,
20150502,0.8582,
20150503,0.861,
20150504,0.7807,
20150505,1.237,
20150506,1.042,
20150507,1.699,
20150508,1.274,
20150509,1.227,
20150510,1.049,
20150511,1.138,
20150512,0.9907,
20150513,5.626,
20150514,5.123,
20150515,5.104,
20150516,4.395,
20150517,2.755,
20150518,2.637,
20150519,2.313,
20150520,4.835,
20150521,2.691,
20150522,2.293,
20150523,2.122,
20150524,1.998,
20150525,1.907,
20150526,1.804,
20150527,1.784,
20150528,1.819,
20150529,1.828,
20150530,5.637,
20150531,2.353,
20150601,3.005,
20150602,2.237,
20150603,2.172,
20150604,2.091,
20150605,24.99,
20150606,6.004,
20150607,3.283,
20150608,2.806,
20150609,2.648,
20150610,2.645,
20150611,2.514,
20150612,2.493,
20150613,2.445,
20150614,2.773,
20150615,2.524,
20150616,6.634,
20150617,4.927,
20150618,7.72,
20150619,23.7,
20150620,28,
20150621,28,
20150622,28,
20150623,28,
20150624,28,
20150625,19,
20150626,19,
20150627,28,
20150628,8,
20150629,8,
20150630,8,
20150701,14,
20150702,14,
20150703,14,
20150704,11,
20150705,11,
20150706,11,
20150707,11,
20150708,11,
20150709,11,
20150710,11,
20150711,8,
20150712,8,
20150713,8,
20150714,8,
20150715,8,
20150716,8,
20150717,8,
20150718,8,
20150719,8,
20150720,8,
20150721,8,
20150722,8,
20150723,8,
20150724,0,
20150725,0,
20150726,0,
20150727,0,
20150728,0,
20150729,0,
20150730,0,
20150731,0,
20150801,0,
20150802,0,
20150803,0,
20150804,0,
20150805,0,
20150806,0,
20150807,0,
20150808,0,
20150809,0,
20150810,0,
20150811,0,
20150812,0,
20150813,0,
20150814,0,
20150815,0,
20150816,0,
20150817,0,
20150818,0,
20150819,0,
20150820,0,
20150821,0,
20150822,0,
20150823,0,
20150824,0,
20150825,0,
20150826,0,
20150827,0,
20150828,0,
20150829,0,
20150830,0,
20150831,0,
20150901,0,
20150902,0,
20150903,0,
20150904,0,
20150905,0,
20150906,0,
20150907,0,
20150908,0,
20150909,0,
20150910,0,
20150911,0,
20150912,0,
20150913,0,
20150914,0,
20150915,0,
20150916,0,
20150917,0,
20150918,0,
20150919,0,
20150920,0,
20150921,0,
20150922,0,
20150923,0,
20150924,0,
20150925,0,
20150926,0,
20150927,0,
20150928,0,
20150929,0,
20150930,0,
20151001,0,
20151002,0,
20151003,0,
20151004,0,
20151005,0,
20151006,0,
20151007,0,
20151008,0,
20151009,0,
20151010,0,
20151011,0,
20151012,0,
20151013,0,
20151014,0,
20151015,0,
20151016,0,
20151017,0,
20151018,0,
20151019,0,
20151020,0,
20151021,0,
20151022,0,
20151023,0,
20151024,0,
20151025,0,
20151026,0,
20151027,0,
20151028,0,
20151029,0,
20151030,0,
20151031,0,
20151101,0,
20151102,0,
20151103,0,
20151104,0,
20151105,0,
20151106,0,
20151107,0,
20151108,0,
20151109,0,
20151110,0,
20151111,0,
20151112,0,
20151113,0,
20151114,0,
20151115,0,
20151116,0,
20151117,0,
20151118,0,
20151119,0,
20151120,0,
20151121,0,
20151122,0,
20151123,0,
20151124,0,
20151125,0,
20151126,0,
20151127,0,
20151128,0,
20151129,0,
20151130,0,
20151201,0,
20151202,0,
20151203,0,
20151204,0,
20151205,0,
20151206,0,
20151207,0,
20151208,0,
20151209,0,
20151210,0,
20151211,0,
20151212,0,
20151213,0,
20151214,0,
20151215,0,
20151216,0,
20151217,0,
20151218,0,
20151219,0,
20151220,0,
20151221,0,
20151222,0,
20151223,0,
20151224,0,
20151225,0,
20151226,0,
20151227,0,
20151228,0,
20151229,0,
20151230,0,
20151231,0,
20160101,0,
20160102,0,
20160103,0,
20160104,0,
20160105,0,
20160106,0,
20160107,0,
20160108,0,
20160109,0,
20160110,0,
20160111,0,
20160112,0,
20160113,0,
20160114,0,
20160115,0,
20160116,0,
20160117,0,
20160118,0,
20160119,0,
20160120,0,
20160121,0,
20160122,0,
20160123,0,
20160124,0,
20160125,0,
20160126,0,
20160127,0,
20160128,0,
20160129,0,
20160130,0,
20160131,0,
20160201,0,
20160202,0,
20160203,0,
20160204,0,
20160205,0,
20160206,0,
20160207,0,
20160208,0,
20160209,45,
20160210,42,
20160211,143,
20160212,125,
20160213,131,
20160214,96,
20160215,62,
20160216,62,
20160217,66,
20160218,82,
20160219,84,
20160220,84,
20160221,77,
20160222,89,
20160223,171,
20160224,134,
20160225,134,
20160226,134,
20160227,102,
20160228,75,
20160229,47,
20160301,70,
20160302,70,
20160303,70,
20160304,70,
20160305,70,
20160306,62,
20160307,143,
20160308,173,
20160309,76,
20160310,111,
20160311,126,
20160312,147,
20160313,113,
20160314,105,
20160315,130,
20160316,157,
20160317,157,
20160318,174,
20160319,255,
20160320,255,
20160321,198,
20160322,159,
20160323,28.12,
20160324,0.1969,
20160325,0.1901,
20160326,0.177,
20160327,0.18,
20160328,0.1783,
20160329,0.1858,
20160330,0.166,
20160331,0.1795,
20160401,0.1561,
20160402,0.1545,
20160403,0.1719,
20160404,0.1539,
20160405,0.1641,
20160406,0.202,
20160407,0.1602,
20160408,0.144,
20160409,0.1487,
20160410,0.164,
20160411,0.23,
20160412,0.1678,
20160413,0.2547,
20160414,0.203,
20160415,0.2642,
20160416,0.2631,
20160417,0.1831,
20160418,0.2648,
20160419,0.224,
20160420,0.1946,
20160421,0.1889,
20160422,0.2535,
20160423,0.1809,
20160424,0.1932,
20160425,0.1769,
20160426,0,
20160427,0,
20160428,0,
20160429,0,
20160430,0,
20160501,0,
20160502,0,
20160503,0,
20160504,0,
20160505,0,
20160506,2.782,
20160507,0.4629,
20160508,1.003,
20160509,0.8771,
20160510,0.8085,
20160511,0.94,
20160512,1.252,
20160513,8.692,
20160514,2.893,
20160515,0,
20160516,0,
20160517,0,
20160518,0,
20160519,0,
20160520,0,
20160521,0,
20160522,0,
20160523,0,
20160524,0,
20160525,0,
20160526,0,
20160527,17.7,
20160528,0.6344,
20160529,0.6005,
20160530,0.5707,
20160531,0.5698,
20160601,0.7717,
20160602,0.7088,
20160603,0.7391,
20160604,0.7178,
20160605,0.646,
20160606,0,
20160607,0,
20160608,0,
20160609,0,
20160610,0,
20160611,0,
20160612,0,
20160613,35.67,
20160614,7.674,
20160615,3.247,
20160616,2.562,
20160617,2.381,
20160618,0,
20160619,0,
20160620,0,
20160621,0,
20160622,0,
20160623,0,
20160624,0,
20160625,0,
20160626,0,
20160627,0,
20160628,0,
20160629,0,
20160630,0,
20160701,0,
20160702,0,
20160703,0,
20160704,0,
20160705,0,
20160706,0,
20160707,0,
20160708,0,
20160709,0,
20160710,0,
20160711,0,
20160712,0,
20160713,0,
20160714,0,
20160715,0,
20160716,0,
20160717,0,
20160718,0,
20160719,0,
20160720,0,
20160721,0,
20160722,0,
20160723,0,
20160724,0,
20160725,0,
20160726,0,
20160727,0,
20160728,0,
20160729,0,
20160730,0,
20160731,0,
20160801,0,
20160802,0,
20160803,0,
20160804,0,
20160805,0,
20160806,0,
20160807,0,
20160808,0,
20160809,0,
20160810,0,
20160811,0,
20160812,0,
20160813,0,
20160814,0,
20160815,0,
20160816,0,
20160817,0,
20160818,0,
20160819,0,
20160820,0,
20160821,0,
20160822,0,
20160823,0,
20160824,0,
20160825,0,
20160826,0,
20160827,0,
20160828,0,
20160829,0,
20160830,0,
20160831,0,
20160901,0,
20160902,0,
20160903,0,
20160904,0,
20160905,0,
20160906,0,
20160907,0,
20160908,0,
20160909,0,
20160910,0,
20160911,0,
20160912,0,
20160913,0,
20160914,0,
20160915,0,
20160916,0,
20160917,0,
20160918,0,
20160919,0,
20160920,0,
20160921,0,
20160922,0,
20160923,0,
20160924,0,
20160925,0,
20160926,59,
20160927,71,
20160928,112,
20160929,61,
20160930,36,
20161001,0,
20161002,0,
20161003,0,
20161004,0,
20161005,0,
20161006,0,
20161007,0,
20161008,0,
20161009,0,
20161010,0,
20161011,0,
20161012,0,
20161013,0,
20161014,0,
20161015,0,
20161016,0,
20161017,0,
20161018,0,
20161019,0,
20161020,0,
20161021,0,
20161022,0,
20161023,0,
20161024,0,
20161025,0,
20161026,0,
20161027,0,
20161028,0,
20161029,0,
20161030,0,
20161031,0,
20161101,0,
20161102,0,
20161103,0,
20161104,0,
20161105,0,
20161106,0,
20161107,0,
20161108,0,
20161109,0,
20161110,0,
20161111,0,
20161112,0,
20161113,0,
20161114,0,
20161115,0,
20161116,0,
20161117,0,
20161118,0,
20161119,0,
20161120,0,
20161121,0,
20161122,0,
20161123,0,
20161124,0,
20161125,0,
20161126,0,
20161127,0,
20161128,0,
20161129,0,
20161130,0,
20161201,0,
20161202,0,
20161203,0,
20161204,0,
20161205,0,
20161206,0,
20161207,0,
20161208,0,
20161209,0,
20161210,0,
20161211,0,
20161212,0,
20161213,0,
20161214,0,
20161215,0,
20161216,0,
20161217,0,
20161218,0,
20161219,0,
20161220,0,
20161221,0,
20161222,0,
20161223,0,
20161224,0,
20161225,0,
20161226,0,
20161227,0,
20161228,0,
20161229,0,
20161230,0,
20161231,0,
20170101,0,
20170102,0,
20170103,0,
20170104,0,
20170105,0,
20170106,0,
20170107,0,
20170108,0,
20170109,0,
20170110,0,
20170111,0,
20170112,0,
20170113,0,
20170114,0,
20170115,0,
20170116,0,
20170117,0,
20170118,0,
20170119,0,
20170120,0,
20170121,0,
20170122,0,
20170123,0,
20170124,0,
20170125,0,
20170126,0,
20170127,0,
20170128,0,
20170129,0,
20170130,0,
20170131,0,
20170201,0,
20170202,0,
20170203,0,
20170204,0,
20170205,0,
20170206,0,
20170207,0,
20170208,0,
20170209,0,
20170210,0,
20170211,0,
20170212,0,
20170213,0,
20170214,0,
20170215,0,
20170216,0,
20170217,0,
20170218,0,
20170219,0,
20170220,0,
20170221,0,
20170222,0,
20170223,36,
20170224,58,
20170225,65,
20170226,109,
20170227,109,
20170228,145,
20170301,127,
20170302,109,
20170303,45,
20170304,43,
20170305,80,
20170306,86,
20170307,219,
20170308,288,
20170309,158,
20170310,148,
20170311,148,
20170312,148,
20170313,107,
20170314,99,
20170315,92,
20170316,92,
20170317,76,
20170318,42,
20170319,45,
20170320,46,
20170321,46,
20170322,45,
20170323,99,
20170324,181,
20170325,92.83,
20170326,0.2582,
20170327,0.2367,
20170328,0.2359,
20170329,0.1779,
20170330,0.1563,
20170331,0.177,
20170401,0.1173,
20170402,0.1498,
20170403,0.1371,
20170404,0.1189,
20170405,0.2154,
20170406,0.2176,
20170407,33.63,
20170408,5.227,
20170409,2.084,
20170410,1.874,
20170411,1.77,
20170412,4.104,
20170413,2.103,
20170414,1.722,
20170415,1.533,
20170416,1.422,
20170417,1.35,
20170418,1.125,
20170419,1.09,
20170420,1.076,
20170421,1.152,
20170422,0.9479,
20170423,0.8608,
20170424,0.8006,
20170425,0.7639,
20170426,0.6341,
20170427,0.5809,
20170428,0.5951,
20170429,0.5523,
20170430,0.6028,
20170501,0.51,
20170502,2.577,
20170503,2.378,
20170504,16.37,
20170505,3.478,
20170506,1.939,
20170507,7.45,
20170508,10.23,
20170509,3.204,
20170510,2.254,
20170511,1.954,
20170512,1.858,
20170513,1.751,
20170514,1.64,
20170515,1.638,
20170516,1.486,
20170517,1.392,
20170518,1.316,
20170519,27.8,
20170520,5.202,
20170521,6.914,
20170522,2.698,
20170523,2.144,
20170524,2,
20170525,1.922,
20170526,1.808,
20170527,6.251,
20170528,2.46,
20170529,2.052,
20170530,1.927,
20170531,2.044,
20170601,1.944,
20170602,1.878,
20170603,1.861,
20170604,1.838,
20170605,1.857,
20170606,1.742,
20170607,8.519,
20170608,2.867,
20170609,2.286,
20170610,2.398,
20170611,12.63,
20170612,25,
20170613,8.551,
20170614,15.72,
20170615,5.97,
20170616,4.988,
20170617,4.802,
20170618,5.017,
20170619,4.951,
20170620,4.889,
20170621,5.321,
20170622,5.17,
20170623,5.148,
20170624,0,
20170625,0,
20170626,2,
20170627,2,
20170628,5,
20170629,5,
20170630,16,
20170701,22,
20170702,19,
20170703,19,
20170704,19,
20170705,19,
20170706,22,
20170707,22,
20170708,24,
20170709,12,
20170710,16,
20170711,16,
20170712,15,
20170713,14,
20170714,14,
20170715,14,
20170716,5,
20170717,2,
20170718,2,
20170719,2,
20170720,2,
20170721,1,
20170722,1,
20170723,0,
20170724,1,
20170725,2,
20170726,2,
20170727,2,
20170728,2,
20170729,2,
20170730,2,
20170731,2,
20170801,2,
20170802,1,
20170803,2,
20170804,2,
20170805,2,
20170806,1,
20170807,1,
20170808,1,
20170809,1,
20170810,1,
20170811,1,
20170812,1,
20170813,1,
20170814,1,
20170815,1,
20170816,1,
20170817,1,
20170818,1,
20170819,1,
20170820,1,
20170821,1,
20170822,1,
20170823,1,
20170824,1,
20170825,1,
20170826,1,
20170827,1,
20170828,1,
20170829,1,
20170830,1,
20170831,1,
20170901,1,
20170902,1,
20170903,1,
20170904,1,
20170905,1,
20170906,1,
20170907,1,
20170908,1,
20170909,1,
20170910,1,
20170911,1,
20170912,1,
20170913,1,
20170914,1,
20170915,5,
20170916,10,
20170917,13,
20170918,13,
20170919,13,
20170920,14,
20170921,28,
20170922,31,
20170923,8,
20170924,1,
20170925,1,
20170926,2,
20170927,2,
20170928,1,
20170929,1,
20170930,1,
20171001,1,
20171002,1,
20171003,1,
20171004,1,
20171005,1,
20171006,1,
20171007,1,
20171008,1,
20171009,1,
20171010,1,
20171011,1,
20171012,1,
20171013,1,
20171014,1,
20171015,1,
20171016,1,
20171017,1,
20171018,1,
20171019,1,
20171020,1,
20171021,1,
20171022,4,
20171023,10,
20171024,8,
20171025,8,
20171026,8,
20171027,9,
20171028,9,
20171029,12,
20171030,12,
20171031,12,
20171101,15,
20171102,2,
20171103,1,
20171104,1,
20171105,1,
20171106,1,
20171107,1,
20171108,1,
20171109,1,
20171110,1,
20171111,1,
20171112,1,
20171113,1,
20171114,1,
20171115,1,
20171116,1,
20171117,1,
20171118,1,
20171119,1,
20171120,1,
20171121,1,
20171122,1,
20171123,1,
20171124,1,
20171125,1,
20171126,1,
20171127,1,
20171128,1,
20171129,1,
20171130,1,
20171201,1,
20171202,1,
20171203,1,
20171204,1,
20171205,1,
20171206,1,
20171207,1,
20171208,1,
20171209,1,
20171210,1,
20171211,1,
20171212,1,
20171213,1,
20171214,1,
20171215,11,
20171216,29,
20171217,43,
20171218,26,
20171219,84,
20171220,84,
20171221,79,
20171222,59,
20171223,51,
20171224,32,
20171225,30,
20171226,24,
20171227,13,
20171228,2,
20171229,2,
20171230,2,
20171231,2,
20180101,2,
20180102,0,
20180103,0,
20180104,0,
20180105,0,
20180106,0,
20180107,0,
20180108,0,
20180109,0,
20180110,0,
20180111,0,
20180112,0,
20180113,0,
20180114,0,
20180115,0,
20180116,0,
20180117,0,
20180118,0,
20180119,0,
20180120,0,
20180121,0,
20180122,0,
20180123,0,
20180124,0,
20180125,0,
20180126,0,
20180127,0,
20180128,0,
20180129,0,
20180130,0,
20180131,0,
20180201,0,
20180202,0,
20180203,0,
20180204,0,
20180205,0,
20180206,0,
20180207,46,
20180208,253,
20180209,392,
20180210,350,
20180211,531,
20180212,358,
20180213,427,
20180214,427,
20180215,418,
20180216,185.5,
20180217,0.7132,
20180218,0.7202,
20180219,0.7222,
20180220,0.7279,
20180221,0.7168,
20180222,0.7045,
20180223,0.7175,
20180224,0.5718,
20180225,0.5862,
20180226,0.5539,
20180227,0.5065,
20180228,0.5019,
20180301,0.4574,
20180302,0.4418,
20180303,0.4001,
20180304,0.2675,
20180305,0.2615,
20180306,0.2671,
20180307,0.2621,
20180308,0.246,
20180309,0.2521,
20180310,0.2514,
20180311,0.2459,
20180312,0.2309,
20180313,0.2307,
20180314,0.2664,
20180315,1.04,
20180316,0.6166,
20180317,0.5122,
20180318,0.5274,
20180319,1.047,
20180320,0.6375,
20180321,0.5612,
20180322,0.5139,
20180323,0.4771,
20180324,0.4326,
20180325,0.4299,
20180326,0.4005,
20180327,0.3906,
20180328,0.3595,
20180329,0.3297,
20180330,0.3298,
20180331,0.428,
20180401,0.3997,
20180402,0.3894,
20180403,8.822,
20180404,1.754,
20180405,1.043,
20180406,0.7891,
20180407,0.6935,
20180408,0.598,
20180409,0.5551,
20180410,0.5185,
20180411,0.534,
20180412,0.5627,
20180413,1.161,
20180414,0.804,
20180415,0.7621,
20180416,10.93,
20180417,2.278,
20180418,1.189,
20180419,0.9791,
20180420,3.062,
20180421,1.302,
20180422,1.073,
20180423,1.01,
20180424,0.9816,
20180425,0.9176,
20180426,0.8311,
20180427,0.695,
20180428,0.6201,
20180429,0.5777,
20180430,0.5265,
20180501,0.5316,
20180502,0.4984,
20180503,0.4348,
20180504,2.64,
20180505,0.8386,
20180506,0.6434,
20180507,0.6372,
20180508,0.6393,
20180509,6.7,
20180510,1.475,
20180511,3.901,
20180512,3.77,
20180513,2.809,
20180514,6.154,
20180515,2.635,
20180516,2.148,
20180517,1.894,
20180518,1.669,
20180519,1.629,
20180520,1.696,
20180521,1.575,
20180522,2.984,
20180523,1.832,
20180524,1.857,
20180525,21.25,
20180526,36,
20180527,22.87,
20180528,31.26,
20180529,35,
20180530,36,
20180531,37,
20180601,40,
20180602,43,
20180603,40,
20180604,31,
20180605,43,
20180606,45,
20180607,23.27,
20180608,45,
20180609,48,
20180610,49,
20180611,49,
20180612,43,
20180613,42,
20180614,46,
20180615,48,
20180616,50,
20180617,48,
20180618,48,
20180619,48,
20180620,48,
20180621,48,
20180622,48,
20180623,48,
20180624,48,
20180625,48,
20180626,48,
20180627,48,
20180628,48,
20180629,48,
20180630,48,
20180701,45,
20180702,39,
20180703,39,
20180704,39,
20180705,39,
20180706,39,
20180707,39,
20180708,12,
20180709,39,
20180710,39,
20180711,39,
20180712,39,
20180713,33,
20180714,27,
20180715,12,
20180716,9,
20180717,16,
20180718,16,
20180719,18,
20180720,13,
20180721,4,
20180722,1,
20180723,1,
20180724,1,
20180725,0,
20180726,0,
20180727,0,
20180728,0,
20180729,0,
20180730,0,
20180731,0,
20180801,0,
20180802,0,
20180803,0,
20180804,0,
20180805,0,
20180806,0,
20180807,0,
20180808,0,
20180809,0,
20180810,0,
20180811,0,
20180812,0,
20180813,0,
20180814,0,
20180815,0,
20180816,0,
20180817,0,
20180818,0,
20180819,0,
20180820,0,
20180821,0,
20180822,0,
20180823,0,
20180824,0,
20180825,0,
20180826,0,
20180827,0,
20180828,0,
20180829,0,
20180830,0,
20180831,0,
20180901,0,
20180902,0,
20180903,1,
20180904,1,
20180905,1,
20180906,1,
20180907,1,
20180908,1,
20180909,1,
20180910,1,
20180911,1,
20180912,1,
20180913,1,
20180914,1,
20180915,5,
20180916,10,
20180917,13,
20180918,13,
20180919,13,
20180920,14,
20180921,28,
20180922,31,
20180923,8,
20180924,1,
20180925,1,
20180926,2,
20180927,2,
20180928,1,
20180929,1,
20180930,1,
20181001,0,
20181002,0,
20181003,0,
20181004,0,
20181005,0,
20181006,0,
20181007,0,
20181008,0,
20181009,0,
20181010,32.18,
20181011,26.58,
20181012,24.32,
20181013,21.95,
20181014,20.9,
20181015,29.26,
20181016,29.76,
20181017,52.98,
20181018,27.46,
20181019,24.24,
20181020,80.13,
20181021,34.82,
20181022,21.67,
20181023,20.17,
20181024,19.34,
20181025,20.15,
20181026,19.57,
20181027,19.16,
20181028,18.74,
20181029,18.31,
20181030,17.48,
20181031,17.15,
20181101,17.49,
20181102,17.01,
20181103,19.03,
20181104,16.99,
20181105,14.95,
20181106,15.88,
20181107,15.65,
20181108,14.4,
20181109,14.37,
20181110,14.09,
20181111,13.05,
20181112,13.68,
20181113,12.54,
20181114,13.44,
20181115,14.08,
20181116,12.77,
20181117,13.71,
20181118,11.9,
20181119,11.88,
20181120,11.46,
20181121,11.05,
20181122,10.91,
20181123,10.28,
20181124,11.56,
20181125,13.45,
20181126,9.935,
20181127,9.497,
20181128,9.595,
20181129,9.189,
20181130,8.941,
20181201,8.693,
20181202,8.484,
20181203,8.473,
20181204,7.929,
20181205,7.463,
20181206,7.086,
20181207,7.192,
20181208,7.241,
20181209,7.151,
20181210,6.554,
20181211,6.434,
20181212,6.063,
20181213,6.19,
20181214,6.066,
20181215,5.581,
20181216,5.552,
20181217,4.899,
20181218,4.995,
20181219,5.111,
20181220,5.044,
20181221,4.804,
20181222,4.537,
20181223,4.389,
20181224,4.198,
20181225,5.702,
20181226,3.887,
20181227,4.718,
20181228,7.565,
20181229,3.711,
20181230,3.65,
20181231,3.601,
20190101,1.943,
20190102,3.141,
20190103,2.818,
20190104,1.897,
20190105,3.335,
20190106,3,
20190107,3,
20190108,3,
20190109,3,
20190110,3,
20190111,3,
20190112,1,
20190113,1,
20190114,1,
20190115,1,
20190116,1,
20190117,1,
20190118,1,
20190119,1,
20190120,1,
20190121,1,
20190122,1,
20190123,1,
20190124,1,
20190125,1,
20190126,1,
20190127,1,
20190128,1,
20190129,1,
20190130,1,
20190131,1,
20190201,1,
20190202,1,
20190203,1,
20190204,1,
20190205,1,
20190206,1,
20190207,1,
20190208,1,
20190209,1,
20190210,1,
20190211,1,
20190212,1,
20190213,1,
20190214,1,
20190215,1,
20190216,1,
20190217,1,
20190218,1,
20190219,1,
20190220,1,
20190221,15,
20190222,24,
20190223,24,
20190224,27,
20190225,28,
20190226,28,
20190227,34,
20190228,34,
20190301,34,
20190302,34,
20190303,38,
20190304,41,
20190305,34,
20190306,34,
20190307,34,
20190308,20,
20190309,0,
20190310,0,
20190311,476,
20190312,482,
20190313,499,
20190314,143,
20190315,97,
20190316,90,
20190317,90,
20190318,172,
20190319,113,
20190320,119,
20190321,59,
20190322,48,
20190323,58,
20190324,70,
20190325,94,
20190326,84,
20190327,91,
20190328,60,
20190329,51,
20190330,60,
20190331,46,
20190401,48,
20190402,48,
20190403,53,
20190404,65,
20190405,77,
20190406,113,
20190407,213,
20190408,424,
20190409,217,
20190410,207,
20190411,194,
20190412,240,
20190413,109,
20190414,78,
20190415,138,
20190416,75,
20190417,62,
20190418,56,
20190419,70,
20190420,81,
20190421,33,
20190422,28,
20190423,33,
20190424,36,
20190425,41,
20190426,41,
20190427,46,
20190428,47,
20190429,50,
20190430,41,
20190501,41,
20190502,41,
20190503,41,
20190504,41,
20190505,41,
20190506,41,
20190507,41,
20190508,41,
20190509,0,
20190510,0,
20190511,0,
20190512,0,
20190513,0,
20190514,11,
20190515,38,
20190516,20,
20190517,22,
20190518,22,
20190519,24,
20190520,16,
20190521,15,
20190522,15,
20190523,19,
20190524,35,
20190525,46,
20190526,43,
20190527,33,
20190528,58,
20190529,56,
20190530,56,
20190531,29,
20190601,29,
20190602,29,
20190603,29,
20190604,9,
20190605,9,
20190606,18,
20190607,40,
20190608,40,
20190609,40,
20190610,11.82,
20190611,1.17,
20190612,1.265,
20190613,1.382,
20190614,1.839,
20190615,1.75,
20190616,1.668,
20190617,1.517,
20190618,1.353,
20190619,1.457,
20190620,1.419,
20190621,1.501,
20190622,1.463,
20190623,1.348,
20190624,1.276,
20190625,1.158,
20190626,1.26,
20190627,1.197,
20190628,1.156,
20190629,1.083,
20190630,1.411,
20190701,1.578,
20190702,1.489,
20190703,5.329,
20190704,2.119,
20190705,11.54,
20190706,40,
20190707,30.33,
20190708,7.667,
20190709,6.031,
20190710,18.63,
20190711,5.908,
20190712,4.065,
20190713,4.413,
20190714,3.739,
20190715,3.565,
20190716,3.426,
20190717,3.458,
20190718,3.525,
20190719,3.821,
20190720,11.49,
20190721,13,
20190722,12,
20190723,7,
20190724,10,
20190725,10,
20190726,15,
20190727,17,
20190728,17,
20190729,13.04,
20190730,14.1,
20190731,9.395,
20190801,7,
20190802,1,
20190803,1,
20190804,1,
20190805,1,
20190806,1,
20190807,1,
20190808,1,
20190809,1,
20190810,1,
20190811,1,
20190812,1,
20190813,1,
20190814,1,
20190815,1,
20190816,1,
20190817,1,
20190818,1,
20190819,1,
20190820,1,
20190821,1,
20190822,1,
20190823,1,
20190824,1,
20190825,1,
20190826,1,
20190827,1,
20190828,1,
20190829,1,
20190830,1,
20190831,1,
20190901,1,
20190902,1,
20190903,1,
20190904,1,
20190905,1,
20190906,1,
20190907,1,
20190908,1,
20190909,1,
20190910,1,
20190911,1,
20190912,1,
20190913,1,
20190914,1,
20190915,1,
20190916,1,
20190917,1,
20190918,1,
20190919,1,
20190920,1,
20190921,1,
20190922,1,
20190923,1,
20190924,1,
20190925,1,
20190926,1,
20190927,1,
20190928,1,
20190929,1,
20190930,1,
20191001,1,
20191002,1,
20191003,1,
20191004,1,
20191005,0,
20191006,0,
20191007,0,
20191008,0,
20191009,0,
20191010,0,
20191011,0,
20191012,0,
20191013,1,
20191014,1,
20191015,1,
20191016,1,
20191017,1,
20191018,1,
20191019,1,
20191020,1,
20191021,3,
20191022,5,
20191023,8,
20191024,9,
20191025,8,
20191026,3,
20191027,3,
20191028,2,
20191029,1,
20191030,2,
20191031,2,
20191101,2,
20191102,2,
20191103,2,
20191104,2,
20191105,2,
20191106,2,
20191107,2,
20191108,2,
20191109,1,
20191110,1,
20191111,1,
20191112,1,
20191113,1,
20191114,1,
20191115,1,
20191116,1,
20191117,1,
20191118,1,
20191119,1,
20191120,1,
20191121,1,
20191122,1,
20191123,1,
20191124,1,
20191125,1,
20191126,2,
20191127,2,
20191128,2,
20191129,2,
20191130,2,
20191201,2,
20191202,2,
20191203,1,
20191204,1,
20191205,1,
20191206,0,
20191207,1,
20191208,1,
20191209,1,
20191210,1,
20191211,1,
20191212,1,
20191213,0,
20191214,1,
20191215,1,
20191216,1,
20191217,1,
20191218,1,
20191219,1,
20191220,1,
20191221,1,
20191222,1,
20191223,1,
20191224,1,
20191225,1,
20191226,1,
20191227,1,
20191228,1,
20191229,1,
20191230,1,
20191231,1,
20200101,1,
20200102,1,
20200103,1,
20200104,1,
20200105,1,
20200106,1,
20200107,1,
20200108,1,
20200109,1,
20200110,1,
20200111,0,
20200112,0,
20200113,0,
20200114,0,
20200115,0,
20200116,0,
20200117,0,
20200118,0,
20200119,0,
20200120,0,
20200121,0,
20200122,0,
20200123,0,
20200124,0,
20200125,0,
20200126,0,
20200127,0,
20200128,0,
20200129,0,
20200130,0,
20200131,0,
20200201,0,
20200202,0,
20200203,0,
20200204,0,
20200205,0,
20200206,0,
20200207,0,
20200208,0,
20200209,9,
20200210,1,
20200211,1,
20200212,1,
20200213,1,
20200214,1,
20200215,1,
20200216,20,
20200217,44,
20200218,24,
20200219,32,
20200220,77,
20200221,155,
20200222,283,
20200223,68,
20200224,46,
20200225,36,
20200226,36,
20200227,36,
20200228,52,
20200229,70,
20200301,42,
20200302,46,
20200303,57,
20200304,36,
20200305,32,
20200306,36,
20200307,46,
20200308,36,
20200309,41,
20200310,45,
20200311,50,
20200312,47,
20200313,54,
20200314,46,
20200315,48,
20200316,48,
20200317,22,
20200318,28,
20200319,28,
20200320,34,
20200321,31,
20200322,31,
20200323,45,
20200324,39,
20200325,33,
20200326,33,
20200327,33,
20200328,33,
20200329,33,
20200330,33,
20200331,42,
20200401,179,
20200402,349,
20200403,156,
20200404,117,
20200405,58,
20200406,36,
20200407,22,
20200408,38,
20200409,36,
20200410,36,
20200411,36,
20200412,36,
20200413,46,
20200414,36,
20200415,42,
20200416,52,
20200417,49,
20200418,49,
20200419,49,
20200420,49,
20200421,49,
20200422,33,
20200423,43,
20200424,31,
20200425,22,
20200426,67,
20200427,72,
20200428,41,
20200429,39,
20200430,39,
20200501,43,
20200502,43,
20200503,43,
20200504,43,
20200505,35,
20200506,28,
20200507,28,
20200508,36,
20200509,48,
20200510,21,
20200511,48,
20200512,55,
20200513,55,
20200514,52,
20200515,52,
20200516,53,
20200517,55,
20200518,52,
20200519,52,
20200520,43,
20200521,43,
20200522,45,
20200523,46,
20200524,48,
20200525,47,
20200526,9.795,
20200527,0.8417,
20200528,0.8887,
20200529,0.7632,
20200530,0.9375,
20200531,0.8206,
20200601,0.8093,
20200602,0.7507,
20200603,0.9477,
20200604,2.75,
20200605,1.272,
20200606,1.197,
20200607,1.205,
20200608,1.109,
20200609,1.018,
20200610,0.9518,
20200611,1.074,
20200612,2.595,
20200613,1.513,
20200614,3.008,
20200615,2.835,
20200616,2.028,
20200617,5.638,
20200618,12.11,
20200619,3.671,
20200620,2.681,
20200621,2.437,
20200622,9.953,
20200623,3.477,
20200624,2.485,
20200625,2.278,
20200626,2.127,
20200627,2.019,
20200628,0,
20200629,0,
20200630,0,
20200701,0,
20200702,0,
20200703,0,
20200704,0,
20200705,0,
20200706,0,
20200707,0,
20200708,0,
20200709,0,
20200710,0,
20200711,0,
20200712,0,
20200713,0,
20200714,0,
20200715,0,
20200716,0,
20200717,0,
20200718,0,
20200719,0,
20200720,0,
20200721,0,
20200722,0,
20200723,0,
20200724,0,
20200725,0,
20200726,0,
20200727,0,
20200728,0,
20200729,0,
20200730,0,
20200731,0,
20200801,0,
20200802,0,
20200803,0,
20200804,0,
20200805,0,
20200806,0,
20200807,0,
20200808,0,
20200809,0,
20200810,0,
20200811,0,
20200812,0,
20200813,0,
20200814,0,
20200815,0,
20200816,0,
20200817,0,
20200818,0,
20200819,0,
20200820,0,
20200821,0,
20200822,0,
20200823,0,
20200824,0,
20200825,0,
20200826,0,
20200827,0,
20200828,0,
20200829,0,
20200830,0,
20200831,0,
20200901,0,
20200902,0,
20200903,0,
20200904,0,
20200905,0,
20200906,0,
20200907,0,
20200908,0,
20200909,0,
20200910,0,
20200911,0,
20200912,0,
20200913,0,
20200914,0,
20200915,0,
20200916,0,
20200917,0,
20200918,0,
20200919,0,
20200920,0,
20200921,0,
20200922,0,
20200923,0,
20200924,0,
20200925,0,
20200926,0,
20200927,0,
20200928,0,
20200929,0,
20200930,0,
20201001,0,
20201002,0,
20201003,0,
20201004,0,
20201005,0,
20201006,0,
20201007,0,
20201008,0,
20201009,0,
20201010,0,
20201011,0,
20201012,0,
20201013,0,
20201014,0,
20201015,0,
20201016,0,
20201017,0,
20201018,0,
20201019,0,
20201020,0,
20201021,0,
20201022,0,
20201023,0,
20201024,0,
20201025,0,
20201026,0,
20201027,0,
20201028,0,
20201029,0,
20201030,0,
20201031,0,
20201101,0,
20201102,0,
20201103,0,
20201104,0,
20201105,0,
20201106,0,
20201107,0,
20201108,0,
20201109,0,
20201110,0,
20201111,0,
20201112,0,
20201113,0,
20201114,0,
20201115,0,
20201116,0,
20201117,0,
20201118,0,
20201119,0,
20201120,0,
20201121,0,
20201122,0,
20201123,0,
20201124,0,
20201125,0,
20201126,0,
20201127,0,
20201128,0,
20201129,0,
20201130,0,
20201201,0,
20201202,0,
20201203,0,
20201204,0,
20201205,0,
20201206,0,
20201207,0,
20201208,0,
20201209,0,
20201210,0,
20201211,0,
20201212,0,
20201213,0,
20201214,0,
20201215,0,
20201216,0,
20201217,0,
20201218,0,
20201219,0,
20201220,0,
20201221,0,
20201222,0,
20201223,0,
20201224,0,
20201225,0,
20201226,0,
20201227,0,
20201228,0,
20201229,0,
20201230,0,
20201231,0,
