Date,Soil Moisture,
20110101,119,
20110102,119,
20110103,119,
20110104,119,
20110105,119,
20110106,119,
20110107,119,
20110108,119,
20110109,119,
20110110,119,
20110111,119,
20110112,119,
20110113,119,
20110114,119,
20110115,119,
20110116,119,
20110117,119,
20110118,119,
20110119,119,
20110120,119,
20110121,119,
20110122,119,
20110123,119,
20110124,119,
20110125,119,
20110126,119,
20110127,119,
20110128,119,
20110129,119,
20110130,119,
20110131,119,
20110201,119,
20110202,119,
20110203,119,
20110204,119,
20110205,119,
20110206,119,
20110207,119,
20110208,119,
20110209,119,
20110210,119,
20110211,119,
20110212,119,
20110213,119,
20110214,119,
20110215,119,
20110216,119,
20110217,119,
20110218,119,
20110219,119,
20110220,119,
20110221,119,
20110222,119,
20110223,119,
20110224,119,
20110225,122,
20110226,119,
20110227,117,
20110228,116,
20110301,115,
20110302,114,
20110303,113,
20110304,112,
20110305,110,
20110306,109,
20110307,107,
20110308,106,
20110309,104,
20110310,102,
20110311,101,
20110312,98.5,
20110313,96.3,
20110314,93.8,
20110315,91.3,
20110316,88.6,
20110317,85.9,
20110318,83.1,
20110319,80.2,
20110320,77.2,
20110321,74.4,
20110322,71.4,
20110323,68.3,
20110324,67.2,
20110325,66.7,
20110326,63.2,
20110327,62.9,
20110328,67.3,
20110329,64,
20110330,60.5,
20110331,57.1,
20110401,52.3,
20110402,47.8,
20110403,43.8,
20110404,38.9,
20110405,35.2,
20110406,30.5,
20110407,25.3,
20110408,22.6,
20110409,20.2,
20110410,20.6,
20110411,26.4,
20110412,26.3,
20110413,22.1,
20110414,23.1,
20110415,32.2,
20110416,31.8,
20110417,32.9,
20110418,32.7,
20110419,33.3,
20110420,41.2,
20110421,46.6,
20110422,53.5,
20110423,63.3,
20110424,70.5,
20110425,65.4,
20110426,75.6,
20110427,71,
20110428,66.4,
20110429,62.1,
20110430,57.6,
20110501,57.1,
20110502,53.4,
20110503,49.2,
20110504,45.5,
20110505,42.1,
20110506,38.1,
20110507,34.5,
20110508,29.9,
20110509,27.3,
20110510,24.5,
20110511,22.3,
20110512,24.6,
20110513,22.8,
20110514,23.8,
20110515,24,
20110516,26.2,
20110517,22.9,
20110518,56.8,
20110519,57,
20110520,55.3,
20110521,51,
20110522,47,
20110523,42.9,
20110524,42.7,
20110525,39.3,
20110526,41.5,
20110527,48.6,
20110528,48.9,
20110529,49.3,
20110530,45.9,
20110531,44.7,
20110601,41.5,
20110602,43.8,
20110603,64.6,
20110604,87.7,
20110605,105,
20110606,115,
20110607,121,
20110608,125,
20110609,125,
20110610,127,
20110611,124,
20110612,129,
20110613,129,
20110614,130,
20110615,131,
20110616,130,
20110617,132,
20110618,135,
20110619,134,
20110620,127,
20110621,124,
20110622,120,
20110623,129,
20110624,132,
20110625,134,
20110626,136,
20110627,137,
20110628,136,
20110629,133,
20110630,127,
20110701,122,
20110702,129,
20110703,124,
20110704,123,
20110705,128,
20110706,129,
20110707,131,
20110708,129,
20110709,129,
20110710,126,
20110711,128,
20110712,128,
20110713,131,
20110714,132,
20110715,135,
20110716,133,
20110717,134,
20110718,136,
20110719,136,
20110720,135,
20110721,133,
20110722,133,
20110723,131,
20110724,134,
20110725,135,
20110726,132,
20110727,133,
20110728,127,
20110729,127,
20110730,125,
20110731,130,
20110801,129,
20110802,130,
20110803,133,
20110804,135,
20110805,134,
20110806,136,
20110807,135,
20110808,134,
20110809,134,
20110810,132,
20110811,131,
20110812,132,
20110813,133,
20110814,128,
20110815,128,
20110816,122,
20110817,121,
20110818,121,
20110819,126,
20110820,127,
20110821,132,
20110822,127,
20110823,129,
20110824,128,
20110825,128,
20110826,128,
20110827,131,
20110828,130,
20110829,128,
20110830,132,
20110831,134,
20110901,134,
20110902,137,
20110903,137,
20110904,136,
20110905,130,
20110906,126,
20110907,129,
20110908,128,
20110909,128,
20110910,127,
20110911,128,
20110912,127,
20110913,126,
20110914,127,
20110915,129,
20110916,131,
20110917,128,
20110918,125,
20110919,129,
20110920,126,
20110921,122,
20110922,121,
20110923,119,
20110924,118,
20110925,117,
20110926,117,
20110927,118,
20110928,117,
20110929,117,
20110930,117,
20111001,117,
20111002,118,
20111003,118,
20111004,118,
20111005,118,
20111006,118,
20111007,118,
20111008,118,
20111009,119,
20111010,120,
20111011,122,
20111012,122,
20111013,125,
20111014,121,
20111015,123,
20111016,124,
20111017,121,
20111018,121,
20111019,119,
20111020,118,
20111021,119,
20111022,120,
20111023,118,
20111024,127,
20111025,124,
20111026,124,
20111027,121,
20111028,127,
20111029,122,
20111030,124,
20111031,122,
20111101,120,
20111102,125,
20111103,127,
20111104,128,
20111105,125,
20111106,121,
20111107,123,
20111108,120,
20111109,119,
20111110,119,
20111111,118,
20111112,118,
20111113,118,
20111114,118,
20111115,118,
20111116,118,
20111117,118,
20111118,118,
20111119,118,
20111120,118,
20111121,118,
20111122,118,
20111123,118,
20111124,118,
20111125,118,
20111126,119,
20111127,119,
20111128,119,
20111129,119,
20111130,118,
20111201,118,
20111202,118,
20111203,118,
20111204,118,
20111205,118,
20111206,118,
20111207,118,
20111208,118,
20111209,118,
20111210,118,
20111211,118,
20111212,118,
20111213,118,
20111214,118,
20111215,118,
20111216,118,
20111217,118,
20111218,118,
20111219,118,
20111220,118,
20111221,118,
20111222,118,
20111223,118,
20111224,118,
20111225,118,
20111226,118,
20111227,118,
20111228,118,
20111229,118,
20111230,118,
20111231,118,
20120101,118,
20120102,118,
20120103,118,
20120104,118,
20120105,118,
20120106,118,
20120107,118,
20120108,118,
20120109,118,
20120110,118,
20120111,118,
20120112,118,
20120113,118,
20120114,118,
20120115,118,
20120116,118,
20120117,118,
20120118,118,
20120119,118,
20120120,118,
20120121,118,
20120122,118,
20120123,118,
20120124,118,
20120125,118,
20120126,118,
20120127,118,
20120128,118,
20120129,118,
20120130,118,
20120131,118,
20120201,118,
20120202,118,
20120203,118,
20120204,118,
20120205,118,
20120206,118,
20120207,118,
20120208,118,
20120209,118,
20120210,118,
20120211,118,
20120212,118,
20120213,118,
20120214,118,
20120215,118,
20120216,118,
20120217,118,
20120218,118,
20120219,118,
20120220,118,
20120221,118,
20120222,118,
20120223,118,
20120224,118,
20120225,118,
20120226,118,
20120227,117,
20120228,116,
20120229,115,
20120301,115,
20120302,114,
20120303,113,
20120304,112,
20120305,110,
20120306,109,
20120307,108,
20120308,106,
20120309,105,
20120310,102,
20120311,101,
20120312,98.7,
20120313,96.5,
20120314,97.2,
20120315,94.5,
20120316,91.3,
20120317,88.3,
20120318,85.2,
20120319,82,
20120320,79.3,
20120321,76.7,
20120322,73.6,
20120323,70.5,
20120324,68.1,
20120325,65.4,
20120326,62.3,
20120327,59.2,
20120328,55.9,
20120329,52.2,
20120330,49.4,
20120331,45.8,
20120401,41.3,
20120402,39.8,
20120403,35.7,
20120404,31.6,
20120405,26.5,
20120406,22.7,
20120407,20.9,
20120408,18.7,
20120409,17.3,
20120410,16.1,
20120411,14.9,
20120412,13.9,
20120413,13.1,
20120414,12.6,
20120415,12,
20120416,11.6,
20120417,15.5,
20120418,14.3,
20120419,14.4,
20120420,13.4,
20120421,18.2,
20120422,15.3,
20120423,14.2,
20120424,14.4,
20120425,16,
20120426,19.3,
20120427,20.4,
20120428,19.8,
20120429,18.8,
20120430,14.3,
20120501,14.5,
20120502,13.6,
20120503,13.6,
20120504,14.2,
20120505,13.3,
20120506,12.4,
20120507,11.9,
20120508,11.5,
20120509,11.2,
20120510,10.9,
20120511,10.6,
20120512,62.5,
20120513,62.2,
20120514,57.9,
20120515,54.3,
20120516,49.3,
20120517,49.4,
20120518,44.6,
20120519,40,
20120520,35.8,
20120521,31.8,
20120522,31.3,
20120523,26.7,
20120524,24.1,
20120525,22.3,
20120526,20.9,
20120527,19.7,
20120528,18.5,
20120529,17.7,
20120530,18.1,
20120531,17.1,
20120601,16.4,
20120602,23.3,
20120603,24.2,
20120604,34.5,
20120605,66.3,
20120606,105,
20120607,123,
20120608,125,
20120609,124,
20120610,123,
20120611,122,
20120612,126,
20120613,126,
20120614,129,
20120615,125,
20120616,130,
20120617,131,
20120618,135,
20120619,136,
20120620,136,
20120621,131,
20120622,130,
20120623,126,
20120624,123,
20120625,122,
20120626,119,
20120627,124,
20120628,133,
20120629,136,
20120630,132,
20120701,130,
20120702,132,
20120703,133,
20120704,126,
20120705,123,
20120706,122,
20120707,122,
20120708,124,
20120709,124,
20120710,128,
20120711,126,
20120712,129,
20120713,125,
20120714,127,
20120715,129,
20120716,127,
20120717,123,
20120718,128,
20120719,129,
20120720,124,
20120721,125,
20120722,130,
20120723,131,
20120724,132,
20120725,126,
20120726,132,
20120727,134,
20120728,134,
20120729,132,
20120730,127,
20120731,124,
20120801,122,
20120802,121,
20120803,120,
20120804,121,
20120805,120,
20120806,131,
20120807,135,
20120808,135,
20120809,135,
20120810,135,
20120811,135,
20120812,135,
20120813,131,
20120814,126,
20120815,122,
20120816,126,
20120817,125,
20120818,128,
20120819,129,
20120820,124,
20120821,121,
20120822,120,
20120823,119,
20120824,118,
20120825,120,
20120826,129,
20120827,129,
20120828,132,
20120829,132,
20120830,133,
20120831,134,
20120901,133,
20120902,130,
20120903,129,
20120904,133,
20120905,130,
20120906,126,
20120907,127,
20120908,129,
20120909,125,
20120910,126,
20120911,122,
20120912,127,
20120913,125,
20120914,130,
20120915,129,
20120916,129,
20120917,129,
20120918,127,
20120919,129,
20120920,124,
20120921,121,
20120922,119,
20120923,119,
20120924,118,
20120925,119,
20120926,119,
20120927,119,
20120928,119,
20120929,118,
20120930,118,
20121001,124,
20121002,123,
20121003,125,
20121004,121,
20121005,119,
20121006,118,
20121007,118,
20121008,118,
20121009,125,
20121010,122,
20121011,120,
20121012,119,
20121013,118,
20121014,119,
20121015,120,
20121016,122,
20121017,120,
20121018,119,
20121019,118,
20121020,121,
20121021,122,
20121022,120,
20121023,120,
20121024,119,
20121025,118,
20121026,118,
20121027,118,
20121028,118,
20121029,118,
20121030,118,
20121031,118,
20121101,124,
20121102,130,
20121103,130,
20121104,124,
20121105,132,
20121106,126,
20121107,122,
20121108,120,
20121109,120,
20121110,119,
20121111,119,
20121112,119,
20121113,119,
20121114,119,
20121115,119,
20121116,119,
20121117,119,
20121118,119,
20121119,119,
20121120,119,
20121121,119,
20121122,119,
20121123,119,
20121124,119,
20121125,119,
20121126,119,
20121127,119,
20121128,119,
20121129,119,
20121130,119,
20121201,119,
20121202,119,
20121203,119,
20121204,119,
20121205,122,
20121206,121,
20121207,120,
20121208,119,
20121209,119,
20121210,119,
20121211,119,
20121212,119,
20121213,119,
20121214,119,
20121215,119,
20121216,119,
20121217,119,
20121218,119,
20121219,119,
20121220,119,
20121221,119,
20121222,119,
20121223,119,
20121224,119,
20121225,119,
20121226,119,
20121227,119,
20121228,119,
20121229,119,
20121230,120,
20121231,119,
20130101,119,
20130102,119,
20130103,119,
20130104,119,
20130105,119,
20130106,119,
20130107,119,
20130108,119,
20130109,119,
20130110,119,
20130111,119,
20130112,119,
20130113,119,
20130114,119,
20130115,119,
20130116,119,
20130117,119,
20130118,119,
20130119,119,
20130120,119,
20130121,119,
20130122,119,
20130123,119,
20130124,119,
20130125,119,
20130126,119,
20130127,119,
20130128,119,
20130129,119,
20130130,119,
20130131,119,
20130201,119,
20130202,119,
20130203,119,
20130204,119,
20130205,119,
20130206,119,
20130207,119,
20130208,119,
20130209,119,
20130210,125,
20130211,122,
20130212,120,
20130213,119,
20130214,119,
20130215,118,
20130216,119,
20130217,118,
20130218,119,
20130219,119,
20130220,119,
20130221,119,
20130222,119,
20130223,119,
20130224,119,
20130225,119,
20130226,119,
20130227,119,
20130228,118,
20130301,117,
20130302,116,
20130303,116,
20130304,114,
20130305,113,
20130306,112,
20130307,112,
20130308,126,
20130309,120,
20130310,117,
20130311,115,
20130312,125,
20130313,120,
20130314,116,
20130315,113,
20130316,110,
20130317,107,
20130318,105,
20130319,108,
20130320,106,
20130321,103,
20130322,100,
20130323,98.2,
20130324,95.4,
20130325,92,
20130326,88.3,
20130327,84.7,
20130328,80.5,
20130329,76.7,
20130330,72.9,
20130331,69.5,
20130401,65.3,
20130402,61.1,
20130403,57.4,
20130404,53.1,
20130405,48.8,
20130406,44.5,
20130407,40.8,
20130408,35.9,
20130409,31.1,
20130410,26.1,
20130411,21.8,
20130412,20,
20130413,18.6,
20130414,17.1,
20130415,15.8,
20130416,14.5,
20130417,13.7,
20130418,13,
20130419,12.4,
20130420,11.9,
20130421,11.4,
20130422,10.9,
20130423,10.5,
20130424,12.7,
20130425,12,
20130426,12.3,
20130427,12.3,
20130428,11.4,
20130429,16.6,
20130430,15.5,
20130501,14.1,
20130502,13.2,
20130503,12.6,
20130504,12,
20130505,16.1,
20130506,22.7,
20130507,19.1,
20130508,14.8,
20130509,13.4,
20130510,13.3,
20130511,21.7,
20130512,29.1,
20130513,34.1,
20130514,30.4,
20130515,26.7,
20130516,23.6,
20130517,20.2,
20130518,16.3,
20130519,14.6,
20130520,13.5,
20130521,28.6,
20130522,24.4,
20130523,20.8,
20130524,17,
20130525,15,
20130526,15.4,
20130527,15.2,
20130528,14.1,
20130529,16.6,
20130530,14.4,
20130531,21.2,
20130601,31.7,
20130602,28.5,
20130603,27.8,
20130604,28.5,
20130605,24.6,
20130606,21.7,
20130607,21.3,
20130608,24.6,
20130609,30.6,
20130610,34.9,
20130611,42.6,
20130612,61.8,
20130613,65.2,
20130614,82.4,
20130615,95.2,
20130616,108,
20130617,114,
20130618,123,
20130619,123,
20130620,126,
20130621,121,
20130622,124,
20130623,123,
20130624,124,
20130625,130,
20130626,132,
20130627,133,
20130628,128,
20130629,126,
20130630,121,
20130701,120,
20130702,123,
20130703,127,
20130704,134,
20130705,134,
20130706,131,
20130707,129,
20130708,126,
20130709,123,
20130710,125,
20130711,127,
20130712,127,
20130713,130,
20130714,127,
20130715,124,
20130716,125,
20130717,127,
20130718,128,
20130719,131,
20130720,135,
20130721,135,
20130722,133,
20130723,133,
20130724,133,
20130725,133,
20130726,132,
20130727,129,
20130728,129,
20130729,132,
20130730,127,
20130731,127,
20130801,128,
20130802,134,
20130803,133,
20130804,131,
20130805,126,
20130806,129,
20130807,129,
20130808,126,
20130809,123,
20130810,121,
20130811,119,
20130812,119,
20130813,119,
20130814,121,
20130815,119,
20130816,118,
20130817,119,
20130818,121,
20130819,122,
20130820,120,
20130821,123,
20130822,125,
20130823,124,
20130824,124,
20130825,122,
20130826,121,
20130827,120,
20130828,119,
20130829,119,
20130830,119,
20130831,119,
20130901,119,
20130902,119,
20130903,119,
20130904,119,
20130905,119,
20130906,120,
20130907,119,
20130908,119,
20130909,123,
20130910,120,
20130911,119,
20130912,118,
20130913,120,
20130914,124,
20130915,124,
20130916,122,
20130917,120,
20130918,122,
20130919,125,
20130920,125,
20130921,128,
20130922,124,
20130923,121,
20130924,120,
20130925,120,
20130926,118,
20130927,118,
20130928,118,
20130929,118,
20130930,118,
20131001,121,
20131002,119,
20131003,118,
20131004,118,
20131005,118,
20131006,119,
20131007,118,
20131008,118,
20131009,118,
20131010,118,
20131011,118,
20131012,118,
20131013,117,
20131014,117,
20131015,117,
20131016,118,
20131017,119,
20131018,119,
20131019,119,
20131020,127,
20131021,122,
20131022,120,
20131023,119,
20131024,126,
20131025,122,
20131026,120,
20131027,119,
20131028,118,
20131029,118,
20131030,119,
20131031,119,
20131101,119,
20131102,119,
20131103,119,
20131104,119,
20131105,118,
20131106,118,
20131107,118,
20131108,118,
20131109,118,
20131110,118,
20131111,118,
20131112,118,
20131113,123,
20131114,121,
20131115,120,
20131116,119,
20131117,119,
20131118,119,
20131119,119,
20131120,119,
20131121,119,
20131122,119,
20131123,119,
20131124,125,
20131125,121,
20131126,120,
20131127,119,
20131128,119,
20131129,118,
20131130,118,
20131201,118,
20131202,118,
20131203,118,
20131204,118,
20131205,118,
20131206,118,
20131207,118,
20131208,118,
20131209,118,
20131210,118,
20131211,118,
20131212,118,
20131213,118,
20131214,118,
20131215,118,
20131216,118,
20131217,118,
20131218,118,
20131219,118,
20131220,118,
20131221,118,
20131222,118,
20131223,118,
20131224,118,
20131225,118,
20131226,118,
20131227,118,
20131228,118,
20131229,118,
20131230,118,
20131231,118,
20140101,118,
20140102,118,
20140103,118,
20140104,118,
20140105,118,
20140106,118,
20140107,118,
20140108,118,
20140109,118,
20140110,118,
20140111,118,
20140112,118,
20140113,118,
20140114,118,
20140115,118,
20140116,118,
20140117,118,
20140118,118,
20140119,118,
20140120,118,
20140121,118,
20140122,118,
20140123,118,
20140124,118,
20140125,118,
20140126,118,
20140127,118,
20140128,118,
20140129,118,
20140130,118,
20140131,118,
20140201,118,
20140202,118,
20140203,118,
20140204,118,
20140205,118,
20140206,118,
20140207,118,
20140208,118,
20140209,118,
20140210,118,
20140211,118,
20140212,118,
20140213,118,
20140214,118,
20140215,118,
20140216,118,
20140217,118,
20140218,118,
20140219,118,
20140220,118,
20140221,118,
20140222,118,
20140223,118,
20140224,118,
20140225,118,
20140226,118,
20140227,117,
20140228,117,
20140301,116,
20140302,115,
20140303,114,
20140304,113,
20140305,112,
20140306,112,
20140307,110,
20140308,110,
20140309,109,
20140310,111,
20140311,109,
20140312,108,
20140313,105,
20140314,103,
20140315,101,
20140316,98.8,
20140317,96.6,
20140318,94,
20140319,91.3,
20140320,87.9,
20140321,84.8,
20140322,81.2,
20140323,82,
20140324,79.3,
20140325,76.1,
20140326,72.9,
20140327,69.7,
20140328,66.4,
20140329,62.7,
20140330,60.3,
20140331,56.7,
20140401,52.6,
20140402,52.5,
20140403,51.7,
20140404,47.2,
20140405,42.6,
20140406,38.2,
20140407,33,
20140408,28.6,
20140409,27.4,
20140410,22.6,
20140411,22.8,
20140412,22.2,
20140413,20.3,
20140414,20.8,
20140415,23.1,
20140416,23,
20140417,23.1,
20140418,24,
20140419,36.5,
20140420,31.2,
20140421,26.3,
20140422,22.6,
20140423,20.7,
20140424,18.8,
20140425,17.5,
20140426,16.4,
20140427,25.1,
20140428,24.7,
20140429,20.8,
20140430,20.9,
20140501,25.5,
20140502,27.4,
20140503,49.2,
20140504,80.1,
20140505,75.4,
20140506,74.1,
20140507,69.3,
20140508,69.6,
20140509,111,
20140510,106,
20140511,101,
20140512,100,
20140513,96.4,
20140514,92.5,
20140515,88.3,
20140516,83.5,
20140517,78.6,
20140518,78.5,
20140519,74,
20140520,74.2,
20140521,73.9,
20140522,69.9,
20140523,65.4,
20140524,61.3,
20140525,57.6,
20140526,53,
20140527,49,
20140528,44,
20140529,46.4,
20140530,46.4,
20140531,42.5,
20140601,46.4,
20140602,42.4,
20140603,60.1,
20140604,56.8,
20140605,52.4,
20140606,54,
20140607,54,
20140608,49.9,
20140609,47,
20140610,46.9,
20140611,46.4,
20140612,44.4,
20140613,43.4,
20140614,43,
20140615,43.4,
20140616,43.5,
20140617,45.5,
20140618,47.6,
20140619,59,
20140620,73.7,
20140621,89.4,
20140622,108,
20140623,110,
20140624,111,
20140625,112,
20140626,109,
20140627,108,
20140628,106,
20140629,105,
20140630,107,
20140701,107,
20140702,108,
20140703,108,
20140704,108,
20140705,108,
20140706,108,
20140707,107,
20140708,108,
20140709,109,
20140710,117,
20140711,124,
20140712,126,
20140713,131,
20140714,133,
20140715,132,
20140716,131,
20140717,127,
20140718,124,
20140719,128,
20140720,128,
20140721,128,
20140722,132,
20140723,131,
20140724,133,
20140725,131,
20140726,130,
20140727,129,
20140728,131,
20140729,129,
20140730,124,
20140731,126,
20140801,127,
20140802,130,
20140803,129,
20140804,129,
20140805,130,
20140806,131,
20140807,132,
20140808,129,
20140809,126,
20140810,122,
20140811,121,
20140812,124,
20140813,121,
20140814,118,
20140815,118,
20140816,118,
20140817,117,
20140818,117,
20140819,121,
20140820,123,
20140821,121,
20140822,119,
20140823,120,
20140824,119,
20140825,119,
20140826,119,
20140827,118,
20140828,122,
20140829,127,
20140830,127,
20140831,129,
20140901,130,
20140902,129,
20140903,124,
20140904,128,
20140905,126,
20140906,126,
20140907,130,
20140908,125,
20140909,122,
20140910,122,
20140911,120,
20140912,119,
20140913,119,
20140914,119,
20140915,119,
20140916,119,
20140917,119,
20140918,119,
20140919,119,
20140920,119,
20140921,119,
20140922,119,
20140923,123,
20140924,125,
20140925,130,
20140926,126,
20140927,126,
20140928,122,
20140929,125,
20140930,122,
20141001,120,
20141002,118,
20141003,118,
20141004,118,
20141005,120,
20141006,123,
20141007,127,
20141008,122,
20141009,120,
20141010,119,
20141011,119,
20141012,119,
20141013,118,
20141014,118,
20141015,118,
20141016,118,
20141017,118,
20141018,118,
20141019,118,
20141020,119,
20141021,119,
20141022,119,
20141023,118,
20141024,121,
20141025,120,
20141026,123,
20141027,121,
20141028,121,
20141029,119,
20141030,118,
20141031,118,
20141101,118,
20141102,118,
20141103,118,
20141104,118,
20141105,118,
20141106,118,
20141107,118,
20141108,118,
20141109,118,
20141110,118,
20141111,118,
20141112,118,
20141113,118,
20141114,118,
20141115,120,
20141116,119,
20141117,118,
20141118,118,
20141119,118,
20141120,118,
20141121,118,
20141122,118,
20141123,118,
20141124,118,
20141125,118,
20141126,118,
20141127,118,
20141128,118,
20141129,118,
20141130,118,
20141201,118,
20141202,118,
20141203,118,
20141204,118,
20141205,118,
20141206,118,
20141207,118,
20141208,118,
20141209,120,
20141210,119,
20141211,123,
20141212,120,
20141213,120,
20141214,119,
20141215,118,
20141216,122,
20141217,120,
20141218,119,
20141219,119,
20141220,119,
20141221,119,
20141222,119,
20141223,119,
20141224,119,
20141225,119,
20141226,119,
20141227,119,
20141228,119,
20141229,119,
20141230,119,
20141231,119,
20150101,119,
20150102,119,
20150103,119,
20150104,119,
20150105,119,
20150106,119,
20150107,119,
20150108,119,
20150109,119,
20150110,119,
20150111,119,
20150112,119,
20150113,119,
20150114,119,
20150115,119,
20150116,119,
20150117,119,
20150118,119,
20150119,119,
20150120,119,
20150121,119,
20150122,119,
20150123,119,
20150124,119,
20150125,119,
20150126,119,
20150127,119,
20150128,119,
20150129,119,
20150130,119,
20150131,119,
20150201,119,
20150202,119,
20150203,119,
20150204,119,
20150205,119,
20150206,119,
20150207,119,
20150208,119,
20150209,119,
20150210,119,
20150211,119,
20150212,119,
20150213,119,
20150214,119,
20150215,119,
20150216,119,
20150217,119,
20150218,119,
20150219,119,
20150220,119,
20150221,119,
20150222,119,
20150223,119,
20150224,119,
20150225,119,
20150226,119,
20150227,118,
20150228,117,
20150301,117,
20150302,116,
20150303,115,
20150304,114,
20150305,112,
20150306,111,
20150307,116,
20150308,114,
20150309,119,
20150310,117,
20150311,116,
20150312,114,
20150313,112,
20150314,110,
20150315,119,
20150316,119,
20150317,116,
20150318,113,
20150319,109,
20150320,106,
20150321,104,
20150322,101,
20150323,97.8,
20150324,94.6,
20150325,91.2,
20150326,87.8,
20150327,84.6,
20150328,81.7,
20150329,78.1,
20150330,75.1,
20150331,71.6,
20150401,71.8,
20150402,74.5,
20150403,70.5,
20150404,66.1,
20150405,61.4,
20150406,64.8,
20150407,64.5,
20150408,66.1,
20150409,65.5,
20150410,61.5,
20150411,69.1,
20150412,81.2,
20150413,90.7,
20150414,90.5,
20150415,84.2,
20150416,80,
20150417,79.4,
20150418,74.5,
20150419,69.9,
20150420,65.9,
20150421,62.3,
20150422,62.3,
20150423,57.5,
20150424,74.1,
20150425,73.4,
20150426,78.1,
20150427,91.5,
20150428,87.3,
20150429,87.9,
20150430,86.9,
20150501,87.4,
20150502,86.1,
20150503,87.9,
20150504,86.6,
20150505,95.2,
20150506,95.1,
20150507,102,
20150508,103,
20150509,103,
20150510,97.9,
20150511,100,
20150512,95.7,
20150513,107,
20150514,114,
20150515,119,
20150516,123,
20150517,122,
20150518,122,
20150519,119,
20150520,122,
20150521,119,
20150522,114,
20150523,109,
20150524,106,
20150525,102,
20150526,96.9,
20150527,93.5,
20150528,94.4,
20150529,94.7,
20150530,105,
20150531,100,
20150601,108,
20150602,106,
20150603,107,
20150604,106,
20150605,119,
20150606,121,
20150607,115,
20150608,115,
20150609,115,
20150610,117,
20150611,113,
20150612,113,
20150613,112,
20150614,117,
20150615,117,
20150616,122,
20150617,123,
20150618,124,
20150619,128,
20150620,133,
20150621,135,
20150622,135,
20150623,134,
20150624,134,
20150625,133,
20150626,137,
20150627,136,
20150628,128,
20150629,123,
20150630,121,
20150701,120,
20150702,118,
20150703,119,
20150704,119,
20150705,120,
20150706,122,
20150707,120,
20150708,125,
20150709,127,
20150710,127,
20150711,128,
20150712,126,
20150713,122,
20150714,121,
20150715,119,
20150716,120,
20150717,124,
20150718,128,
20150719,129,
20150720,131,
20150721,131,
20150722,126,
20150723,124,
20150724,124,
20150725,121,
20150726,123,
20150727,123,
20150728,127,
20150729,123,
20150730,120,
20150731,120,
20150801,119,
20150802,122,
20150803,120,
20150804,122,
20150805,123,
20150806,126,
20150807,130,
20150808,130,
20150809,127,
20150810,126,
20150811,126,
20150812,126,
20150813,128,
20150814,129,
20150815,125,
20150816,122,
20150817,121,
20150818,126,
20150819,129,
20150820,124,
20150821,121,
20150822,125,
20150823,128,
20150824,123,
20150825,121,
20150826,120,
20150827,120,
20150828,119,
20150829,119,
20150830,119,
20150831,118,
20150901,120,
20150902,119,
20150903,118,
20150904,119,
20150905,122,
20150906,128,
20150907,130,
20150908,131,
20150909,128,
20150910,124,
20150911,123,
20150912,121,
20150913,120,
20150914,119,
20150915,119,
20150916,122,
20150917,120,
20150918,118,
20150919,120,
20150920,120,
20150921,119,
20150922,119,
20150923,119,
20150924,119,
20150925,124,
20150926,123,
20150927,121,
20150928,128,
20150929,124,
20150930,128,
20151001,124,
20151002,127,
20151003,123,
20151004,121,
20151005,124,
20151006,124,
20151007,122,
20151008,120,
20151009,121,
20151010,120,
20151011,119,
20151012,119,
20151013,119,
20151014,118,
20151015,118,
20151016,118,
20151017,118,
20151018,118,
20151019,118,
20151020,118,
20151021,118,
20151022,118,
20151023,118,
20151024,118,
20151025,118,
20151026,118,
20151027,118,
20151028,118,
20151029,123,
20151030,120,
20151031,120,
20151101,120,
20151102,125,
20151103,123,
20151104,128,
20151105,130,
20151106,124,
20151107,122,
20151108,120,
20151109,119,
20151110,119,
20151111,119,
20151112,123,
20151113,122,
20151114,120,
20151115,119,
20151116,119,
20151117,119,
20151118,118,
20151119,118,
20151120,118,
20151121,119,
20151122,119,
20151123,119,
20151124,119,
20151125,119,
20151126,118,
20151127,118,
20151128,118,
20151129,118,
20151130,118,
20151201,118,
20151202,118,
20151203,120,
20151204,120,
20151205,119,
20151206,119,
20151207,119,
20151208,119,
20151209,119,
20151210,119,
20151211,119,
20151212,119,
20151213,119,
20151214,119,
20151215,118,
20151216,120,
20151217,119,
20151218,119,
20151219,119,
20151220,119,
20151221,119,
20151222,119,
20151223,119,
20151224,119,
20151225,119,
20151226,119,
20151227,119,
20151228,119,
20151229,119,
20151230,119,
20151231,119,
20160101,119,
20160102,119,
20160103,119,
20160104,119,
20160105,119,
20160106,119,
20160107,119,
20160108,119,
20160109,119,
20160110,119,
20160111,119,
20160112,119,
20160113,119,
20160114,119,
20160115,119,
20160116,119,
20160117,119,
20160118,119,
20160119,119,
20160120,118,
20160121,118,
20160122,118,
20160123,118,
20160124,118,
20160125,118,
20160126,118,
20160127,118,
20160128,118,
20160129,118,
20160130,118,
20160131,118,
20160201,118,
20160202,118,
20160203,118,
20160204,118,
20160205,118,
20160206,118,
20160207,118,
20160208,118,
20160209,118,
20160210,118,
20160211,118,
20160212,118,
20160213,118,
20160214,118,
20160215,118,
20160216,118,
20160217,118,
20160218,118,
20160219,118,
20160220,118,
20160221,118,
20160222,118,
20160223,118,
20160224,118,
20160225,118,
20160226,119,
20160227,118,
20160228,118,
20160229,117,
20160301,117,
20160302,116,
20160303,114,
20160304,113,
20160305,112,
20160306,110,
20160307,109,
20160308,107,
20160309,106,
20160310,104,
20160311,102,
20160312,99.3,
20160313,97.5,
20160314,95.6,
20160315,95.5,
20160316,92.7,
20160317,90.1,
20160318,88,
20160319,85.2,
20160320,83,
20160321,80.6,
20160322,76.5,
20160323,73.3,
20160324,71,
20160325,68.3,
20160326,64,
20160327,60.9,
20160328,57.1,
20160329,54.2,
20160330,49.6,
20160331,47.1,
20160401,42.1,
20160402,37.3,
20160403,33.1,
20160404,29.2,
20160405,25.4,
20160406,25.1,
20160407,21.8,
20160408,19.7,
20160409,18.1,
20160410,17,
20160411,18.4,
20160412,17,
20160413,18.6,
20160414,17.1,
20160415,17.9,
20160416,17.8,
20160417,16.1,
20160418,17.3,
20160419,16.1,
20160420,15.1,
20160421,14.2,
20160422,15.4,
20160423,14.3,
20160424,13.6,
20160425,13.1,
20160426,12.6,
20160427,12.2,
20160428,11.6,
20160429,11.2,
20160430,10.9,
20160501,10.6,
20160502,10.3,
20160503,11.3,
20160504,23.8,
20160505,22.5,
20160506,23.4,
20160507,23.3,
20160508,42.5,
20160509,40.1,
20160510,40.2,
20160511,44.2,
20160512,51.7,
20160513,75.9,
20160514,72.5,
20160515,76.5,
20160516,76.2,
20160517,72.2,
20160518,75.9,
20160519,75.8,
20160520,71.9,
20160521,71.7,
20160522,67.3,
20160523,63.2,
20160524,58.9,
20160525,54.1,
20160526,52.6,
20160527,48.5,
20160528,45.1,
20160529,44,
20160530,44.1,
20160531,45.6,
20160601,55,
20160602,54.3,
20160603,57,
20160604,58.1,
20160605,57.5,
20160606,73.2,
20160607,76.8,
20160608,80.5,
20160609,100,
20160610,109,
20160611,115,
20160612,118,
20160613,119,
20160614,124,
20160615,120,
20160616,120,
20160617,121,
20160618,121,
20160619,125,
20160620,122,
20160621,122,
20160622,122,
20160623,125,
20160624,125,
20160625,124,
20160626,126,
20160627,129,
20160628,131,
20160629,135,
20160630,135,
20160701,135,
20160702,133,
20160703,131,
20160704,129,
20160705,129,
20160706,129,
20160707,131,
20160708,127,
20160709,126,
20160710,131,
20160711,134,
20160712,130,
20160713,129,
20160714,126,
20160715,123,
20160716,121,
20160717,120,
20160718,119,
20160719,119,
20160720,120,
20160721,125,
20160722,126,
20160723,125,
20160724,124,
20160725,121,
20160726,119,
20160727,118,
20160728,119,
20160729,124,
20160730,122,
20160731,124,
20160801,121,
20160802,122,
20160803,123,
20160804,123,
20160805,125,
20160806,125,
20160807,126,
20160808,125,
20160809,125,
20160810,124,
20160811,121,
20160812,120,
20160813,119,
20160814,118,
20160815,119,
20160816,123,
20160817,126,
20160818,127,
20160819,122,
20160820,120,
20160821,119,
20160822,119,
20160823,118,
20160824,120,
20160825,120,
20160826,119,
20160827,119,
20160828,119,
20160829,119,
20160830,119,
20160831,119,
20160901,119,
20160902,119,
20160903,119,
20160904,119,
20160905,119,
20160906,119,
20160907,119,
20160908,119,
20160909,119,
20160910,119,
20160911,119,
20160912,119,
20160913,119,
20160914,118,
20160915,123,
20160916,123,
20160917,121,
20160918,120,
20160919,119,
20160920,118,
20160921,118,
20160922,123,
20160923,121,
20160924,124,
20160925,124,
20160926,121,
20160927,119,
20160928,118,
20160929,120,
20160930,120,
20161001,119,
20161002,119,
20161003,119,
20161004,119,
20161005,119,
20161006,119,
20161007,119,
20161008,119,
20161009,118,
20161010,118,
20161011,118,
20161012,119,
20161013,119,
20161014,118,
20161015,122,
20161016,120,
20161017,119,
20161018,118,
20161019,118,
20161020,118,
20161021,118,
20161022,118,
20161023,118,
20161024,118,
20161025,118,
20161026,118,
20161027,118,
20161028,118,
20161029,118,
20161030,118,
20161031,118,
20161101,123,
20161102,120,
20161103,119,
20161104,118,
20161105,118,
20161106,118,
20161107,118,
20161108,118,
20161109,118,
20161110,118,
20161111,118,
20161112,118,
20161113,118,
20161114,118,
20161115,118,
20161116,118,
20161117,118,
20161118,118,
20161119,118,
20161120,118,
20161121,118,
20161122,118,
20161123,118,
20161124,118,
20161125,118,
20161126,118,
20161127,118,
20161128,118,
20161129,118,
20161130,118,
20161201,118,
20161202,119,
20161203,118,
20161204,119,
20161205,119,
20161206,120,
20161207,119,
20161208,119,
20161209,119,
20161210,119,
20161211,119,
20161212,119,
20161213,121,
20161214,127,
20161215,127,
20161216,123,
20161217,121,
20161218,120,
20161219,119,
20161220,119,
20161221,119,
20161222,119,
20161223,119,
20161224,119,
20161225,119,
20161226,119,
20161227,119,
20161228,119,
20161229,119,
20161230,119,
20161231,119,
20170101,119,
20170102,119,
20170103,119,
20170104,119,
20170105,119,
20170106,119,
20170107,119,
20170108,119,
20170109,119,
20170110,119,
20170111,119,
20170112,119,
20170113,119,
20170114,119,
20170115,119,
20170116,119,
20170117,119,
20170118,119,
20170119,119,
20170120,119,
20170121,119,
20170122,119,
20170123,119,
20170124,119,
20170125,119,
20170126,119,
20170127,119,
20170128,130,
20170129,124,
20170130,122,
20170131,120,
20170201,119,
20170202,119,
20170203,119,
20170204,119,
20170205,119,
20170206,119,
20170207,119,
20170208,119,
20170209,119,
20170210,119,
20170211,119,
20170212,119,
20170213,119,
20170214,119,
20170215,119,
20170216,119,
20170217,119,
20170218,119,
20170219,119,
20170220,119,
20170221,119,
20170222,119,
20170223,119,
20170224,119,
20170225,119,
20170226,119,
20170227,118,
20170228,117,
20170301,117,
20170302,115,
20170303,114,
20170304,113,
20170305,112,
20170306,111,
20170307,111,
20170308,110,
20170309,108,
20170310,107,
20170311,105,
20170312,104,
20170313,102,
20170314,99.6,
20170315,105,
20170316,107,
20170317,107,
20170318,105,
20170319,101,
20170320,98.6,
20170321,95.5,
20170322,93,
20170323,90.9,
20170324,87.5,
20170325,83.8,
20170326,81.3,
20170327,78.2,
20170328,75,
20170329,71.3,
20170330,67.4,
20170331,63.9,
20170401,58.9,
20170402,54.9,
20170403,50.3,
20170404,45.2,
20170405,45.7,
20170406,45.4,
20170407,83.9,
20170408,83.7,
20170409,83.1,
20170410,89.1,
20170411,91.7,
20170412,101,
20170413,102,
20170414,97.6,
20170415,93.3,
20170416,92.9,
20170417,94.9,
20170418,89.9,
20170419,90.4,
20170420,93,
20170421,96.8,
20170422,91.6,
20170423,86.6,
20170424,82.2,
20170425,81.8,
20170426,76.7,
20170427,71.6,
20170428,71.9,
20170429,71.4,
20170430,75,
20170501,70.7,
20170502,85.1,
20170503,96.3,
20170504,112,
20170505,112,
20170506,110,
20170507,119,
20170508,124,
20170509,117,
20170510,115,
20170511,113,
20170512,115,
20170513,114,
20170514,113,
20170515,116,
20170516,112,
20170517,108,
20170518,105,
20170519,120,
20170520,116,
20170521,120,
20170522,115,
20170523,114,
20170524,115,
20170525,110,
20170526,105,
20170527,116,
20170528,112,
20170529,111,
20170530,110,
20170531,113,
20170601,112,
20170602,112,
20170603,112,
20170604,112,
20170605,114,
20170606,110,
20170607,119,
20170608,120,
20170609,121,
20170610,121,
20170611,122,
20170612,127,
20170613,126,
20170614,127,
20170615,123,
20170616,124,
20170617,123,
20170618,123,
20170619,121,
20170620,120,
20170621,121,
20170622,119,
20170623,118,
20170624,119,
20170625,123,
20170626,129,
20170627,131,
20170628,127,
20170629,124,
20170630,125,
20170701,125,
20170702,121,
20170703,122,
20170704,120,
20170705,124,
20170706,126,
20170707,127,
20170708,123,
20170709,120,
20170710,119,
20170711,119,
20170712,121,
20170713,121,
20170714,126,
20170715,126,
20170716,127,
20170717,126,
20170718,127,
20170719,131,
20170720,134,
20170721,129,
20170722,128,
20170723,125,
20170724,123,
20170725,123,
20170726,122,
20170727,123,
20170728,126,
20170729,123,
20170730,120,
20170731,120,
20170801,121,
20170802,120,
20170803,120,
20170804,125,
20170805,128,
20170806,128,
20170807,124,
20170808,121,
20170809,120,
20170810,119,
20170811,118,
20170812,123,
20170813,121,
20170814,119,
20170815,118,
20170816,119,
20170817,119,
20170818,124,
20170819,129,
20170820,130,
20170821,132,
20170822,131,
20170823,127,
20170824,127,
20170825,132,
20170826,129,
20170827,132,
20170828,132,
20170829,134,
20170830,131,
20170831,125,
20170901,122,
20170902,120,
20170903,120,
20170904,119,
20170905,118,
20170906,123,
20170907,121,
20170908,130,
20170909,128,
20170910,129,
20170911,125,
20170912,121,
20170913,119,
20170914,121,
20170915,121,
20170916,119,
20170917,126,
20170918,128,
20170919,132,
20170920,130,
20170921,125,
20170922,122,
20170923,120,
20170924,119,
20170925,123,
20170926,122,
20170927,123,
20170928,127,
20170929,125,
20170930,121,
20171001,120,
20171002,123,
20171003,120,
20171004,120,
20171005,119,
20171006,126,
20171007,123,
20171008,120,
20171009,119,
20171010,118,
20171011,118,
20171012,117,
20171013,123,
20171014,123,
20171015,123,
20171016,120,
20171017,119,
20171018,118,
20171019,121,
20171020,119,
20171021,118,
20171022,118,
20171023,118,
20171024,118,
20171025,118,
20171026,119,
20171027,118,
20171028,118,
20171029,117,
20171030,117,
20171031,117,
20171101,117,
20171102,117,
20171103,117,
20171104,117,
20171105,118,
20171106,118,
20171107,122,
20171108,120,
20171109,119,
20171110,119,
20171111,119,
20171112,119,
20171113,119,
20171114,119,
20171115,119,
20171116,119,
20171117,119,
20171118,119,
20171119,119,
20171120,119,
20171121,119,
20171122,119,
20171123,119,
20171124,119,
20171125,119,
20171126,119,
20171127,119,
20171128,119,
20171129,119,
20171130,119,
20171201,119,
20171202,122,
20171203,121,
20171204,120,
20171205,119,
20171206,119,
20171207,119,
20171208,118,
20171209,118,
20171210,118,
20171211,118,
20171212,118,
20171213,118,
20171214,118,
20171215,118,
20171216,118,
20171217,118,
20171218,118,
20171219,118,
20171220,118,
20171221,118,
20171222,118,
20171223,118,
20171224,118,
20171225,118,
20171226,118,
20171227,118,
20171228,118,
20171229,118,
20171230,118,
20171231,118,
20180101,118,
20180102,118,
20180103,118,
20180104,118,
20180105,118,
20180106,118,
20180107,118,
20180108,118,
20180109,118,
20180110,118,
20180111,118,
20180112,118,
20180113,118,
20180114,118,
20180115,118,
20180116,118,
20180117,118,
20180118,118,
20180119,118,
20180120,118,
20180121,118,
20180122,118,
20180123,118,
20180124,118,
20180125,118,
20180126,118,
20180127,118,
20180128,118,
20180129,118,
20180130,118,
20180131,118,
20180201,118,
20180202,118,
20180203,118,
20180204,118,
20180205,118,
20180206,118,
20180207,118,
20180208,118,
20180209,118,
20180210,119,
20180211,120,
20180212,118,
20180213,118,
20180214,117,
20180215,117,
20180216,117,
20180217,117,
20180218,117,
20180219,117,
20180220,117,
20180221,117,
20180222,117,
20180223,117,
20180224,117,
20180225,117,
20180226,117,
20180227,116,
20180228,116,
20180301,115,
20180302,114,
20180303,112,
20180304,111,
20180305,110,
20180306,108,
20180307,107,
20180308,106,
20180309,105,
20180310,103,
20180311,101,
20180312,99,
20180313,96.8,
20180314,96.8,
20180315,106,
20180316,109,
20180317,107,
20180318,106,
20180319,113,
20180320,110,
20180321,107,
20180322,104,
20180323,101,
20180324,97,
20180325,94.3,
20180326,90.9,
20180327,87.2,
20180328,83.4,
20180329,79.5,
20180330,76,
20180331,78.6,
20180401,77.6,
20180402,77.5,
20180403,96.7,
20180404,95.6,
20180405,97.8,
20180406,93.2,
20180407,89.2,
20180408,84.7,
20180409,80.9,
20180410,76.9,
20180411,77.3,
20180412,78.2,
20180413,88.2,
20180414,88,
20180415,88.9,
20180416,104,
20180417,104,
20180418,99,
20180419,99.3,
20180420,109,
20180421,108,
20180422,108,
20180423,108,
20180424,108,
20180425,108,
20180426,107,
20180427,102,
20180428,96.7,
20180429,92.3,
20180430,87.4,
20180501,87.7,
20180502,86.3,
20180503,82.4,
20180504,96,
20180505,92.5,
20180506,88.2,
20180507,88.4,
20180508,89.2,
20180509,104,
20180510,100,
20180511,110,
20180512,114,
20180513,118,
20180514,121,
20180515,121,
20180516,121,
20180517,119,
20180518,114,
20180519,115,
20180520,117,
20180521,117,
20180522,120,
20180523,115,
20180524,118,
20180525,125,
20180526,128,
20180527,127,
20180528,129,
20180529,130,
20180530,133,
20180531,125,
20180601,120,
20180602,120,
20180603,120,
20180604,118,
20180605,118,
20180606,122,
20180607,121,
20180608,132,
20180609,131,
20180610,134,
20180611,132,
20180612,133,
20180613,135,
20180614,136,
20180615,130,
20180616,125,
20180617,125,
20180618,123,
20180619,121,
20180620,124,
20180621,125,
20180622,122,
20180623,121,
20180624,123,
20180625,125,
20180626,121,
20180627,125,
20180628,123,
20180629,125,
20180630,122,
20180701,121,
20180702,121,
20180703,123,
20180704,120,
20180705,119,
20180706,120,
20180707,131,
20180708,134,
20180709,136,
20180710,134,
20180711,135,
20180712,135,
20180713,137,
20180714,135,
20180715,129,
20180716,130,
20180717,132,
20180718,131,
20180719,131,
20180720,130,
20180721,130,
20180722,131,
20180723,132,
20180724,133,
20180725,133,
20180726,131,
20180727,126,
20180728,122,
20180729,124,
20180730,125,
20180731,125,
20180801,125,
20180802,122,
20180803,122,
20180804,124,
20180805,124,
20180806,121,
20180807,126,
20180808,131,
20180809,134,
20180810,132,
20180811,131,
20180812,132,
20180813,133,
20180814,135,
20180815,136,
20180816,138,
20180817,134,
20180818,128,
20180819,131,
20180820,131,
20180821,130,
20180822,126,
20180823,126,
20180824,122,
20180825,121,
20180826,119,
20180827,120,
20180828,126,
20180829,127,
20180830,126,
20180831,128,
20180901,123,
20180902,121,
20180903,119,
20180904,118,
20180905,118,
20180906,118,
20180907,119,
20180908,120,
20180909,119,
20180910,118,
20180911,119,
20180912,119,
20180913,119,
20180914,119,
20180915,119,
20180916,119,
20180917,118,
20180918,119,
20180919,118,
20180920,118,
20180921,123,
20180922,121,
20180923,120,
20180924,119,
20180925,119,
20180926,130,
20180927,125,
20180928,125,
20180929,127,
20180930,123,
20181001,119,
20181002,121,
20181003,119,
20181004,119,
20181005,120,
20181006,121,
20181007,120,
20181008,119,
20181009,125,
20181010,128,
20181011,123,
20181012,121,
20181013,119,
20181014,119,
20181015,121,
20181016,122,
20181017,127,
20181018,123,
20181019,120,
20181020,127,
20181021,125,
20181022,121,
20181023,119,
20181024,118,
20181025,118,
20181026,118,
20181027,118,
20181028,118,
20181029,118,
20181030,118,
20181031,118,
20181101,118,
20181102,118,
20181103,118,
20181104,118,
20181105,118,
20181106,118,
20181107,118,
20181108,118,
20181109,118,
20181110,118,
20181111,118,
20181112,118,
20181113,118,
20181114,118,
20181115,118,
20181116,118,
20181117,119,
20181118,119,
20181119,119,
20181120,119,
20181121,119,
20181122,119,
20181123,119,
20181124,118,
20181125,119,
20181126,118,
20181127,118,
20181128,118,
20181129,118,
20181130,118,
20181201,118,
20181202,118,
20181203,118,
20181204,118,
20181205,118,
20181206,118,
20181207,118,
20181208,118,
20181209,118,
20181210,118,
20181211,118,
20181212,118,
20181213,118,
20181214,118,
20181215,118,
20181216,118,
20181217,118,
20181218,118,
20181219,118,
20181220,118,
20181221,118,
20181222,118,
20181223,118,
20181224,118,
20181225,119,
20181226,119,
20181227,119,
20181228,120,
20181229,119,
20181230,118,
20181231,118,
20190101,118,
20190102,118,
20190103,118,
20190104,118,
20190105,118,
20190106,118,
20190107,118,
20190108,118,
20190109,118,
20190110,118,
20190111,118,
20190112,118,
20190113,118,
20190114,118,
20190115,118,
20190116,118,
20190117,118,
20190118,118,
20190119,118,
20190120,118,
20190121,118,
20190122,118,
20190123,118,
20190124,118,
20190125,118,
20190126,118,
20190127,118,
20190128,118,
20190129,118,
20190130,118,
20190131,118,
20190201,118,
20190202,118,
20190203,118,
20190204,118,
20190205,118,
20190206,118,
20190207,118,
20190208,119,
20190209,119,
20190210,119,
20190211,119,
20190212,118,
20190213,118,
20190214,118,
20190215,118,
20190216,118,
20190217,118,
20190218,118,
20190219,118,
20190220,118,
20190221,118,
20190222,118,
20190223,118,
20190224,118,
20190225,118,
20190226,118,
20190227,118,
20190228,117,
20190301,116,
20190302,116,
20190303,115,
20190304,114,
20190305,113,
20190306,112,
20190307,111,
20190308,110,
20190309,108,
20190310,107,
20190311,107,
20190312,108,
20190313,106,
20190314,105,
20190315,103,
20190316,101,
20190317,98.3,
20190318,95.2,
20190319,92.4,
20190320,89.4,
20190321,87.4,
20190322,83.7,
20190323,79.9,
20190324,76.1,
20190325,73.1,
20190326,70.4,
20190327,67.6,
20190328,64.8,
20190329,61.9,
20190330,58.5,
20190331,57.6,
20190401,53.3,
20190402,49.3,
20190403,50.7,
20190404,46,
20190405,41.2,
20190406,36.4,
20190407,31.4,
20190408,26.9,
20190409,27,
20190410,26.1,
20190411,27.2,
20190412,27.5,
20190413,24.4,
20190414,22.4,
20190415,20.8,
20190416,19,
20190417,17.6,
20190418,24.8,
20190419,44.6,
20190420,40.3,
20190421,36,
20190422,31.8,
20190423,30.4,
20190424,33.4,
20190425,28.2,
20190426,23.7,
20190427,19.4,
20190428,20.1,
20190429,18.6,
20190430,36.7,
20190501,36.1,
20190502,31.2,
20190503,26.3,
20190504,22.1,
20190505,18.8,
20190506,17.6,
20190507,18.1,
20190508,18.2,
20190509,16.9,
20190510,16,
20190511,15.2,
20190512,15.6,
20190513,20.5,
20190514,17,
20190515,15.7,
20190516,14.7,
20190517,19.8,
20190518,19.7,
20190519,19.2,
20190520,16.3,
20190521,15.1,
20190522,14.9,
20190523,20.5,
20190524,16.6,
20190525,28.7,
20190526,30.8,
20190527,35.1,
20190528,31.2,
20190529,31.4,
20190530,27.5,
20190531,37.1,
20190601,46.2,
20190602,44.7,
20190603,45.9,
20190604,42.5,
20190605,39,
20190606,53.7,
20190607,50.3,
20190608,56,
20190609,52.7,
20190610,52.4,
20190611,56.5,
20190612,60.3,
20190613,63.4,
20190614,73,
20190615,75.7,
20190616,76.4,
20190617,76.4,
20190618,76.8,
20190619,79.9,
20190620,81.8,
20190621,85.5,
20190622,86.2,
20190623,86.7,
20190624,86.5,
20190625,86.8,
20190626,89.4,
20190627,91.2,
20190628,91.6,
20190629,91.9,
20190630,97.7,
20190701,102,
20190702,104,
20190703,113,
20190704,115,
20190705,122,
20190706,129,
20190707,128,
20190708,127,
20190709,127,
20190710,129,
20190711,125,
20190712,122,
20190713,123,
20190714,121,
20190715,120,
20190716,119,
20190717,118,
20190718,118,
20190719,120,
20190720,124,
20190721,126,
20190722,127,
20190723,130,
20190724,128,
20190725,125,
20190726,123,
20190727,121,
20190728,120,
20190729,122,
20190730,125,
20190731,123,
20190801,122,
20190802,120,
20190803,120,
20190804,123,
20190805,129,
20190806,131,
20190807,134,
20190808,136,
20190809,137,
20190810,137,
20190811,135,
20190812,130,
20190813,128,
20190814,125,
20190815,128,
20190816,126,
20190817,127,
20190818,124,
20190819,122,
20190820,122,
20190821,121,
20190822,121,
20190823,123,
20190824,123,
20190825,121,
20190826,121,
20190827,129,
20190828,124,
20190829,123,
20190830,123,
20190831,121,
20190901,120,
20190902,124,
20190903,124,
20190904,127,
20190905,131,
20190906,131,
20190907,130,
20190908,129,
20190909,130,
20190910,125,
20190911,123,
20190912,125,
20190913,126,
20190914,123,
20190915,121,
20190916,120,
20190917,119,
20190918,119,
20190919,118,
20190920,119,
20190921,119,
20190922,119,
20190923,122,
20190924,127,
20190925,122,
20190926,127,
20190927,122,
20190928,121,
20190929,120,
20190930,119,
20191001,117,
20191002,120,
20191003,122,
20191004,119,
20191005,119,
20191006,124,
20191007,129,
20191008,125,
20191009,122,
20191010,122,
20191011,121,
20191012,124,
20191013,124,
20191014,125,
20191015,122,
20191016,128,
20191017,128,
20191018,130,
20191019,130,
20191020,124,
20191021,126,
20191022,125,
20191023,123,
20191024,121,
20191025,124,
20191026,126,
20191027,122,
20191028,120,
20191029,119,
20191030,122,
20191031,120,
20191101,120,
20191102,120,
20191103,119,
20191104,119,
20191105,119,
20191106,119,
20191107,126,
20191108,122,
20191109,127,
20191110,127,
20191111,123,
20191112,121,
20191113,120,
20191114,119,
20191115,119,
20191116,119,
20191117,119,
20191118,119,
20191119,119,
20191120,119,
20191121,120,
20191122,119,
20191123,119,
20191124,119,
20191125,119,
20191126,119,
20191127,119,
20191128,119,
20191129,119,
20191130,119,
20191201,119,
20191202,124,
20191203,123,
20191204,121,
20191205,120,
20191206,119,
20191207,119,
20191208,119,
20191209,119,
20191210,119,
20191211,119,
20191212,119,
20191213,119,
20191214,119,
20191215,119,
20191216,119,
20191217,119,
20191218,119,
20191219,119,
20191220,119,
20191221,119,
20191222,119,
20191223,119,
20191224,119,
20191225,119,
20191226,119,
20191227,119,
20191228,120,
20191229,119,
20191230,118,
20191231,118,
20200101,118,
20200102,118,
20200103,118,
20200104,118,
20200105,118,
20200106,118,
20200107,118,
20200108,118,
20200109,118,
20200110,118,
20200111,118,
20200112,118,
20200113,118,
20200114,118,
20200115,118,
20200116,118,
20200117,118,
20200118,118,
20200119,118,
20200120,118,
20200121,118,
20200122,118,
20200123,118,
20200124,118,
20200125,118,
20200126,118,
20200127,118,
20200128,118,
20200129,118,
20200130,118,
20200131,118,
20200201,118,
20200202,118,
20200203,118,
20200204,118,
20200205,118,
20200206,118,
20200207,118,
20200208,118,
20200209,118,
20200210,118,
20200211,118,
20200212,118,
20200213,118,
20200214,118,
20200215,118,
20200216,118,
20200217,118,
20200218,118,
20200219,118,
20200220,118,
20200221,118,
20200222,118,
20200223,118,
20200224,118,
20200225,118,
20200226,118,
20200227,117,
20200228,117,
20200229,116,
20200301,115,
20200302,114,
20200303,118,
20200304,116,
20200305,115,
20200306,114,
20200307,113,
20200308,112,
20200309,111,
20200310,109,
20200311,108,
20200312,106,
20200313,105,
20200314,102,
20200315,100,
20200316,97.4,
20200317,95.4,
20200318,93.3,
20200319,90.7,
20200320,87.6,
20200321,84.4,
20200322,81.4,
20200323,80.4,
20200324,77.5,
20200325,79,
20200326,75.9,
20200327,72.3,
20200328,69.2,
20200329,65.1,
20200330,61.8,
20200331,58.2,
20200401,53.7,
20200402,49.5,
20200403,44.8,
20200404,40.2,
20200405,35.3,
20200406,38.6,
20200407,47.6,
20200408,42.9,
20200409,42.7,
20200410,42.4,
20200411,42.9,
20200412,38.6,
20200413,34.9,
20200414,30.4,
20200415,26.6,
20200416,23.4,
20200417,20.9,
20200418,18.9,
20200419,19.9,
20200420,18.2,
20200421,16.9,
20200422,16.8,
20200423,21.4,
20200424,48.6,
20200425,48.2,
20200426,48.6,
20200427,48.2,
20200428,44.6,
20200429,45.8,
20200430,41.4,
20200501,38.6,
20200502,38.7,
20200503,43.5,
20200504,46.2,
20200505,41.9,
20200506,44.4,
20200507,40.3,
20200508,40.3,
20200509,36.3,
20200510,31.4,
20200511,27.5,
20200512,27.6,
20200513,23.2,
20200514,28.8,
20200515,49.9,
20200516,63,
20200517,59.5,
20200518,70,
20200519,69.6,
20200520,69.7,
20200521,66.6,
20200522,62.4,
20200523,58.4,
20200524,54.3,
20200525,54,
20200526,55,
20200527,51.1,
20200528,53.1,
20200529,48.4,
20200530,54.7,
20200531,50.6,
20200601,50.8,
20200602,50.3,
20200603,58,
20200604,72.9,
20200605,73,
20200606,73.5,
20200607,74.8,
20200608,75,
20200609,75.1,
20200610,75.8,
20200611,78.5,
20200612,87.8,
20200613,89,
20200614,97.9,
20200615,102,
20200616,103,
20200617,112,
20200618,119,
20200619,119,
20200620,118,
20200621,119,
20200622,124,
20200623,122,
20200624,120,
20200625,119,
20200626,119,
20200627,118,
20200628,120,
20200629,123,
20200630,125,
20200701,122,
20200702,122,
20200703,127,
20200704,128,
20200705,125,
20200706,123,
20200707,124,
20200708,124,
20200709,123,
20200710,121,
20200711,121,
20200712,120,
20200713,119,
20200714,120,
20200715,121,
20200716,126,
20200717,130,
20200718,129,
20200719,125,
20200720,122,
20200721,120,
20200722,119,
20200723,120,
20200724,121,
20200725,120,
20200726,119,
20200727,119,
20200728,119,
20200729,118,
20200730,119,
20200731,119,
20200801,120,
20200802,120,
20200803,127,
20200804,130,
20200805,132,
20200806,134,
20200807,135,
20200808,133,
20200809,130,
20200810,127,
20200811,127,
20200812,126,
20200813,123,
20200814,120,
20200815,120,
20200816,120,
20200817,120,
20200818,123,
20200819,121,
20200820,119,
20200821,122,
20200822,120,
20200823,119,
20200824,119,
20200825,118,
20200826,118,
20200827,118,
20200828,118,
20200829,118,
20200830,119,
20200831,118,
20200901,120,
20200902,126,
20200903,125,
20200904,123,
20200905,126,
20200906,122,
20200907,127,
20200908,123,
20200909,127,
20200910,127,
20200911,123,
20200912,122,
20200913,125,
20200914,127,
20200915,123,
20200916,120,
20200917,120,
20200918,123,
20200919,123,
20200920,129,
20200921,132,
20200922,131,
20200923,126,
20200924,122,
20200925,120,
20200926,120,
20200927,120,
20200928,119,
20200929,122,
20200930,120,
20201001,119,
20201002,118,
20201003,117,
20201004,117,
20201005,118,
20201006,118,
20201007,119,
20201008,119,
20201009,118,
20201010,118,
20201011,120,
20201012,119,
20201013,122,
20201014,123,
20201015,125,
20201016,122,
20201017,120,
20201018,119,
20201019,126,
20201020,122,
20201021,121,
20201022,124,
20201023,122,
20201024,121,
20201025,119,
20201026,119,
20201027,119,
20201028,118,
20201029,118,
20201030,118,
20201031,118,
20201101,118,
20201102,118,
20201103,121,
20201104,119,
20201105,118,
20201106,120,
20201107,119,
20201108,118,
20201109,118,
20201110,118,
20201111,118,
20201112,118,
20201113,118,
20201114,118,
20201115,118,
20201116,118,
20201117,118,
20201118,118,
20201119,118,
20201120,118,
20201121,118,
20201122,118,
20201123,118,
20201124,118,
20201125,118,
20201126,118,
20201127,118,
20201128,118,
20201129,118,
20201130,118,
20201201,118,
20201202,118,
20201203,118,
20201204,118,
20201205,118,
20201206,119,
20201207,119,
20201208,119,
20201209,119,
20201210,119,
20201211,119,
20201212,119,
20201213,119,
20201214,119,
20201215,119,
20201216,119,
20201217,119,
20201218,119,
20201219,119,
20201220,119,
20201221,119,
20201222,119,
20201223,119,
20201224,121,
20201225,119,
20201226,119,
20201227,118,
20201228,118,
20201229,118,
20201230,118,
20201231,118,
