time,ET (mm/day)
2013-01-01,1.804082071263841
2013-01-02,1.7889641027197876
2013-01-03,1.7246394227819082
2013-01-04,1.5890064273744282
2013-01-05,1.4431410243377547
2013-01-06,1.3649607657653464
2013-01-07,1.3336299469954065
2013-01-08,1.2285327079584403
2013-01-09,1.2507068599253872
2013-01-10,1.3979298842032757
2013-01-11,1.33992916972069
2013-01-12,1.2370249494249712
2013-01-13,1.2514389124972696
2013-01-14,1.1689156186363443
2013-01-15,1.1642981538121067
2013-01-16,1.1068016543543786
2013-01-17,1.0460474744932013
2013-01-18,0.9780257685873527
2013-01-19,0.9534705913905779
2013-01-20,0.9353953069962446
2013-01-21,0.8973896430224867
2013-01-22,0.9308414559270458
2013-01-23,0.8838031080242994
2013-01-24,0.8466061575729782
2013-01-25,0.8270110222356845
2013-01-26,0.8175914230634513
2013-01-27,0.7927284713814127
2013-01-28,0.7501595196211696
2013-01-29,0.7112395121039364
2013-01-30,0.7214887876302504
2013-01-31,0.7332124267552378
2013-02-01,0.7403560292586211
2013-02-02,0.7426908402337928
2013-02-03,0.7163783858478389
2013-02-04,0.6714987913043912
2013-02-05,0.6298666626179529
2013-02-06,0.5921380249742886
2013-02-07,0.7924945056842657
2013-02-08,0.832916156370546
2013-02-09,0.9022404038238896
2013-02-10,0.9795167525435837
2013-02-11,0.9411638384056603
2013-02-12,0.8932199187891989
2013-02-13,0.8291905393074207
2013-02-14,0.6862429185282412
2013-02-15,0.7135008372933884
2013-02-16,1.0369810271388193
2013-02-17,1.7921559722567575
2013-02-18,1.9750077969109314
2013-02-19,2.6528604622175083
2013-02-20,3.4303708277449996
2013-02-21,3.2182301856364326
2013-02-22,2.8465390845598595
2013-02-23,2.5642222854321526
2013-02-24,2.3400823049058963
2013-02-25,2.0987841008606285
2013-02-26,1.9112525674586507
2013-02-27,1.6926682215701216
2013-02-28,1.5542030233285824
2013-03-01,1.4402151307145603
2013-03-02,1.292329361345565
2013-03-03,1.1812684089457663
2013-03-04,1.0661216147663501
2013-03-05,0.7262185360779346
2013-03-06,0.8417307973533728
2013-03-07,1.3843570034294763
2013-03-08,1.9425245515646636
2013-03-09,1.8504535254485213
2013-03-10,2.6324699840549792
2013-03-11,2.462682895405267
2013-03-12,2.5365864241416336
2013-03-13,2.693130555687658
2013-03-14,2.2845717040338673
2013-03-15,2.102923526503722
2013-03-16,1.7805012928618746
2013-03-17,2.2467106405061976
2013-03-18,2.118635223071728
2013-03-19,2.0882942058607097
2013-03-20,1.9526969479304872
2013-03-21,1.8168820840353541
2013-03-22,1.827729872162159
2013-03-23,1.4771158991360338
2013-03-24,1.4328506671907977
2013-03-25,1.2354876999821343
2013-03-26,1.1571828171089844
2013-03-27,1.4631494081960659
2013-03-28,1.74177378935211
2013-03-29,1.693130476332563
2013-03-30,1.7688111810818652
2013-03-31,1.5396261847594916
2013-04-01,1.5078677064172217
2013-04-02,1.5354993535243942
2013-04-03,1.5930599423926113
2013-04-04,1.6220755870026955
2013-04-05,1.664328122737917
2013-04-06,1.6515988274061104
2013-04-07,1.8078137643461023
2013-04-08,1.9128348999217164
2013-04-09,1.7372116408278515
2013-04-10,1.802052932473451
2013-04-11,1.6928562136577001
2013-04-12,1.541983865195118
2013-04-13,1.2799977989883156
2013-04-14,1.166594448930346
2013-04-15,1.115605932079816
2013-04-16,1.464586493293951
2013-04-17,1.561237139264058
2013-04-18,1.3464650006045222
2013-04-19,1.397807529247127
2013-04-20,1.3554164370994646
2013-04-21,1.2433788160807904
2013-04-22,1.1733341201704843
2013-04-23,1.118528811435863
2013-04-24,1.4523982676126785
2013-04-25,1.6290283645401609
2013-04-26,2.437107372564548
2013-04-27,2.273102586165126
2013-04-28,2.278601697632393
2013-04-29,3.3165949606766074
2013-04-30,3.565978328790091
2013-05-01,3.0101095054964313
2013-05-02,2.407515868026123
2013-05-03,2.0172140978405824
2013-05-04,2.279939763838129
2013-05-05,2.5123844910452346
2013-05-06,2.688716075950606
2013-05-07,2.70087183359678
2013-05-08,2.581580534438016
2013-05-09,3.0571241404365788
2013-05-10,2.926812687137579
2013-05-11,3.012258516560194
2013-05-12,2.7001410033263205
2013-05-13,2.8069043966731093
2013-05-14,2.9763957133211383
2013-05-15,2.5433276771528055
2013-05-16,2.2113541665731806
2013-05-17,2.174381478127283
2013-05-18,2.058160923356883
2013-05-19,2.1053121185578587
2013-05-20,2.067165711973665
2013-05-21,2.8501471877439077
2013-05-22,2.44681732124284
2013-05-23,2.1584641833767395
2013-05-24,2.2597503748212553
2013-05-25,2.215247321036773
2013-05-26,1.9996212304025036
2013-05-27,1.8159228498482534
2013-05-28,1.6690433743870514
2013-05-29,1.63238959493153
2013-05-30,1.5055860328443622
2013-05-31,1.5598492243427575
2013-06-01,2.0121753660355486
2013-06-02,1.9883064282838092
2013-06-03,2.425197885409307
2013-06-04,3.8727409433062947
2013-06-05,3.682358576344284
2013-06-06,3.2931256492227132
2013-06-07,2.3933847205802703
2013-06-08,3.051525955131341
2013-06-09,3.298468257823183
2013-06-10,3.2112488536552584
2013-06-11,1.9427640523355678
2013-06-12,1.6313054916007368
2013-06-13,1.9791822194554325
2013-06-14,2.2137576807960375
2013-06-15,1.8240400576812563
2013-06-16,1.7021211347642156
2013-06-17,1.2911481039802375
2013-06-18,1.5098055490803202
2013-06-19,1.8544055748009194
2013-06-20,1.930687934893886
2013-06-21,1.8947725242452282
2013-06-22,1.9397311545429603
2013-06-23,1.5976215297642202
2013-06-24,1.6239665337686584
2013-06-25,1.3508709417473541
2013-06-26,1.778536078404597
2013-06-27,1.616258185738048
2013-06-28,1.8323053275126653
2013-06-29,2.348106501828866
2013-06-30,2.190766447386488
2013-07-01,2.201575071332798
2013-07-02,2.334925821381868
2013-07-03,1.3522568896865634
2013-07-04,1.412462353360297
2013-07-05,1.5417818825844005
2013-07-06,2.126694877569428
2013-07-07,1.4273563979003716
2013-07-08,1.4880302810982984
2013-07-09,1.9998303049757882
2013-07-10,1.6037386277463936
2013-07-11,1.3793500703433068
2013-07-12,1.5249050058238935
2013-07-13,1.8761891189415596
2013-07-14,1.804358528971504
2013-07-15,1.6290180461353212
2013-07-16,1.4924878267949688
2013-07-17,1.5037273817140533
2013-07-18,1.3958366496800825
2013-07-19,0.9820018553420237
2013-07-20,1.6094487574425103
2013-07-21,1.6870040452567245
2013-07-22,1.8733250797104977
2013-07-23,1.6640700932087584
2013-07-24,1.3097093148881773
2013-07-25,1.423887743439624
2013-07-26,1.3574247946222502
2013-07-27,1.7570851060069246
2013-07-28,1.5260727609889608
2013-07-29,2.3233830299674216
2013-07-30,1.9199337875461444
2013-07-31,1.6563623455258132
2013-08-01,1.1922826117779295
2013-08-02,1.4579536230119687
2013-08-03,1.6040395106586842
2013-08-04,1.3957419639301174
2013-08-05,1.0229103124488024
2013-08-06,1.638638988968595
2013-08-07,2.0686869333272795
2013-08-08,2.526446773083955
2013-08-09,2.4390501621038494
2013-08-10,1.8447088047974474
2013-08-11,2.2722243789714742
2013-08-12,2.362002953526804
2013-08-13,1.9754054302595834
2013-08-14,2.1254474175755327
2013-08-15,1.5954708157723687
2013-08-16,1.5647170484377542
2013-08-17,2.5113570507762466
2013-08-18,2.5714325898010557
2013-08-19,3.2186942387655337
2013-08-20,2.8454100350041736
2013-08-21,3.2593909744949854
2013-08-22,3.1235836556932712
2013-08-23,2.435531557743326
2013-08-24,2.465220103292238
2013-08-25,2.2642537754151166
2013-08-26,2.4273995994730315
2013-08-27,2.436845750100996
2013-08-28,2.372752707599194
2013-08-29,2.7399251439616457
2013-08-30,2.8496327426394172
2013-08-31,3.146572288133502
2013-09-01,3.575936125763617
2013-09-02,3.6303191224114237
2013-09-03,3.2991600077564613
2013-09-04,3.7578974512060177
2013-09-05,3.9452333926755916
2013-09-06,3.7641993440431407
2013-09-07,1.9935866649893645
2013-09-08,2.1667747260969685
2013-09-09,3.684127211503711
2013-09-10,3.688160331419947
2013-09-11,2.789976369548677
2013-09-12,2.211523929560623
2013-09-13,3.7253374085059066
2013-09-14,4.449595745190868
2013-09-15,4.135663072439336
2013-09-16,4.331059457463404
2013-09-17,2.4119183136598203
2013-09-18,3.7075358441542376
2013-09-19,4.8621611163464395
2013-09-20,4.057070914275933
2013-09-21,4.2159439602967
2013-09-22,4.925445796540492
2013-09-23,4.543371021838031
2013-09-24,3.9810927897602144
2013-09-25,3.6100198265597236
2013-09-26,3.5657919638279023
2013-09-27,3.3755041367378835
2013-09-28,2.8775386614836953
2013-09-29,2.444986085164681
2013-09-30,2.2182144797142778
2013-10-01,2.287770901821109
2013-10-02,2.1849203372988524
2013-10-03,2.375066307370199
2013-10-04,2.1926301213943704
2013-10-05,1.95694449325189
2013-10-06,1.5353857299655902
2013-10-07,1.7206023253601503
2013-10-08,1.8676684224487086
2013-10-09,2.2382371585891665
2013-10-10,2.9248129808934102
2013-10-11,3.601502651117005
2013-10-12,3.3128976679011286
2013-10-13,2.524554254872447
2013-10-14,3.0108190337309764
2013-10-15,2.1509390733171205
2013-10-16,1.8787033022772426
2013-10-17,4.177065900555772
2013-10-18,4.796550923145919
2013-10-19,3.998817283847401
2013-10-20,2.0914831298771377
2013-10-21,2.7526799952958982
2013-10-22,3.4189563569985295
2013-10-23,2.726705989903024
2013-10-24,3.7575484780959947
2013-10-25,3.2709345111731665
2013-10-26,5.051301542122008
2013-10-27,5.571286688645875
2013-10-28,5.551288102365705
2013-10-29,4.38937472589209
2013-10-30,4.246897524312592
2013-10-31,4.709169471107714
2013-11-01,5.170558780221793
2013-11-02,4.189880067287449
2013-11-03,4.041161162522867
2013-11-04,3.186718746208045
2013-11-05,4.849121857664698
2013-11-06,5.068833871573351
2013-11-07,4.556387680752339
2013-11-08,4.914172636299725
2013-11-09,4.872130179370517
2013-11-10,4.466081861771134
2013-11-11,3.920201371309774
2013-11-12,2.778613733460787
2013-11-13,3.1584357948818638
2013-11-14,3.0126289612613775
2013-11-15,3.523648416831419
2013-11-16,2.1190179151795276
2013-11-17,3.068396164665905
2013-11-18,2.7617615965140483
2013-11-19,4.240149105891283
2013-11-20,4.6259519932163515
2013-11-21,4.192715132069527
2013-11-22,3.475959411681173
2013-11-23,2.565672851855715
2013-11-24,2.3883506260404523
2013-11-25,2.465654090746323
2013-11-26,3.606790373403415
2013-11-27,3.7076427513707584
2013-11-28,3.923229526086537
2013-11-29,3.498853338767761
2013-11-30,3.2904960276069977
2013-12-01,1.9761259545164804
2013-12-02,1.6496632311322628
2013-12-03,2.3119252049850236
2013-12-04,3.6604069031280306
2013-12-05,3.331273372076077
2013-12-06,3.5102619179100043
2013-12-07,3.1775984859887116
2013-12-08,2.8044712611063902
2013-12-09,2.511918209837843
2013-12-10,2.481959489479406
2013-12-11,2.511669629682565
2013-12-12,1.8851516109838982
2013-12-13,1.6228731351986596
2013-12-14,2.225886506136214
2013-12-15,2.426208577113314
2013-12-16,2.536166561429846
2013-12-17,2.2814327112506345
2013-12-18,1.994791022470661
2013-12-19,1.9144655964201078
2013-12-20,1.7807309824970652
2013-12-21,1.708476192966553
2013-12-22,1.5959247906411351
2013-12-23,1.6129536775404756
2013-12-24,1.4051520941246385
2013-12-25,1.3956144345379695
2013-12-26,1.3585009946097577
2013-12-27,1.347303673550687
2013-12-28,1.2199036602125355
2013-12-29,1.1772636463999693
2013-12-30,1.2377683467573373
2013-12-31,1.2014090291750548
2014-01-01,1.8496167130933234
2014-01-02,2.010042445270347
2014-01-03,1.8898452827992942
2014-01-04,1.9061875079282966
2014-01-05,1.8415918050928688
2014-01-06,1.8090954455216584
2014-01-07,1.8640327523493334
2014-01-08,1.2854742835088462
2014-01-09,1.5631876536637885
2014-01-10,1.5938384208078238
2014-01-11,1.6222405567147298
2014-01-12,1.593756791177653
2014-01-13,1.6292536127007884
2014-01-14,1.5386956376124825
2014-01-15,1.3949204341236812
2014-01-16,1.22725310338578
2014-01-17,1.2348701114154548
2014-01-18,1.4308198481936742
2014-01-19,1.4960534292972634
2014-01-20,1.4771462930306145
2014-01-21,1.513519670015304
2014-01-22,1.4088978894224664
2014-01-23,1.3972101434367288
2014-01-24,1.3594859159826598
2014-01-25,1.4076515207703726
2014-01-26,1.4752656868730747
2014-01-27,1.4084134112438298
2014-01-28,1.399116770417204
2014-01-29,1.3095247520261726
2014-01-30,1.2630616677718915
2014-01-31,1.280269153292289
2014-02-01,1.2360529476139919
2014-02-02,1.164930117315376
2014-02-03,1.2108224402223018
2014-02-04,1.1776159949190417
2014-02-05,1.1211170635653647
2014-02-06,1.165557996440235
2014-02-07,1.1605678278944467
2014-02-08,1.1158149537913813
2014-02-09,1.0601077145792237
2014-02-10,1.027181895405661
2014-02-11,1.01683758073029
2014-02-12,0.9459807988429364
2014-02-13,0.9140743897425243
2014-02-14,0.9792488860790172
2014-02-15,0.9950114510978931
2014-02-16,0.9985710771221242
2014-02-17,1.1451572284857297
2014-02-18,1.0767368127167358
2014-02-19,1.0372906599012957
2014-02-20,1.0599909445594564
2014-02-21,1.175676793988236
2014-02-22,1.4056547926424015
2014-02-23,1.554500899832496
2014-02-24,1.5609749783131492
2014-02-25,1.435531942772035
2014-02-26,1.5325249764597073
2014-02-27,1.463860865299536
2014-02-28,1.371691744251139
2014-03-01,1.549777973172943
2014-03-02,2.221171770353006
2014-03-03,2.0202008630054507
2014-03-04,1.9730699486758987
2014-03-05,2.214025120899243
2014-03-06,2.085306755447617
2014-03-07,2.066235333587539
2014-03-08,2.4113564011145647
2014-03-09,2.0347548137967895
2014-03-10,2.0738096105604544
2014-03-11,1.9478722413030847
2014-03-12,1.9739619995126523
2014-03-13,1.8484916109560854
2014-03-14,1.8160578054916667
2014-03-15,1.6465419081382635
2014-03-16,1.54587880700711
2014-03-17,1.4316905222314704
2014-03-18,1.337221392542873
2014-03-19,1.222312871387079
2014-03-20,1.1116379073216447
2014-03-21,1.126549231302787
2014-03-22,1.0648724309753406
2014-03-23,1.1159544248867463
2014-03-24,1.074781251789489
2014-03-25,1.0288685679122656
2014-03-26,1.0025835586923446
2014-03-27,0.9562289617292001
2014-03-28,0.9049385866323447
2014-03-29,0.8792677097865292
2014-03-30,0.8473763096037454
2014-03-31,0.809411393279091
2014-04-01,0.7641172166457744
2014-04-02,0.8218613361017175
2014-04-03,0.8654236898167483
2014-04-04,0.837013898139649
2014-04-05,0.810908242840617
2014-04-06,0.7831758731888043
2014-04-07,0.7705463824340807
2014-04-08,0.7520886303065701
2014-04-09,0.8389033475131239
2014-04-10,1.0899324354105984
2014-04-11,1.2262410119614904
2014-04-12,1.564107191529459
2014-04-13,1.7490209326978547
2014-04-14,1.7373495785606932
2014-04-15,2.203338907649771
2014-04-16,2.114481660466635
2014-04-17,2.305900809903383
2014-04-18,2.189228173119766
2014-04-19,2.8784131235377264
2014-04-20,3.4225764922051813
2014-04-21,3.121757003711127
2014-04-22,2.7358465058222428
2014-04-23,2.2868405469737234
2014-04-24,1.8925200559986768
2014-04-25,1.9886313341658373
2014-04-26,1.8332882447727217
2014-04-27,2.162372220602976
2014-04-28,2.5514591376942186
2014-04-29,2.3089036021282614
2014-04-30,1.990257188552655
2014-05-01,2.125086350364818
2014-05-02,2.2910174024095107
2014-05-03,2.843204879945657
2014-05-04,3.0635041766712847
2014-05-05,2.2632937342990496
2014-05-06,2.5717407882029617
2014-05-07,1.5051195812653604
2014-05-08,1.73301145685625
2014-05-09,5.821316673182251
2014-05-10,7.704486845541041
2014-05-11,6.915229665454585
2014-05-12,6.9419376756152955
2014-05-13,6.096438518285821
2014-05-14,6.067624360695154
2014-05-15,5.661276445850497
2014-05-16,4.90564034342622
2014-05-17,3.757882026709365
2014-05-18,3.776914358460876
2014-05-19,3.5009445172221696
2014-05-20,2.896032301732334
2014-05-21,2.917432125808356
2014-05-22,3.622379623089648
2014-05-23,3.657464522694656
2014-05-24,3.183881494312576
2014-05-25,3.1066727770809903
2014-05-26,3.055956098006811
2014-05-27,2.483079501661022
2014-05-28,2.6825148605623945
2014-05-29,3.450073962268407
2014-05-30,4.14012656262181
2014-05-31,3.4616752456630686
2014-06-01,3.001542957249808
2014-06-02,3.112285395529516
2014-06-03,3.153463793273643
2014-06-04,3.4910237694173443
2014-06-05,3.153364196213777
2014-06-06,3.121361145338672
2014-06-07,3.085523968742322
2014-06-08,2.9045044323604086
2014-06-09,2.1967230571241547
2014-06-10,2.136803378488606
2014-06-11,1.7998068634125446
2014-06-12,1.7278513295779363
2014-06-13,1.862857922485182
2014-06-14,1.8129052555905347
2014-06-15,1.9638846990964756
2014-06-16,2.1793211202176033
2014-06-17,1.495460498204683
2014-06-18,1.2637015011731045
2014-06-19,1.3228881830917287
2014-06-20,1.3745180754917508
2014-06-21,1.3313993074826793
2014-06-22,1.5257550150214543
2014-06-23,1.6824530163897695
2014-06-24,1.7591170599397583
2014-06-25,1.6973316329102683
2014-06-26,1.7136913150256181
2014-06-27,1.5140898554090934
2014-06-28,1.4428751900652352
2014-06-29,2.0681415392759614
2014-06-30,2.131091997015092
2014-07-01,2.141676089319068
2014-07-02,2.259965754610512
2014-07-03,2.517473100456117
2014-07-04,1.9762010948430022
2014-07-05,1.3039505790902195
2014-07-06,1.4769901585025749
2014-07-07,2.195121229630692
2014-07-08,2.4760232381648457
2014-07-09,2.009077203800123
2014-07-10,2.0539877044656274
2014-07-11,2.021521856896898
2014-07-12,2.118194646321938
2014-07-13,1.480541771572411
2014-07-14,1.2740143815026883
2014-07-15,1.4699143505010568
2014-07-16,2.0543437060080345
2014-07-17,2.38567773283504
2014-07-18,2.2786186446881884
2014-07-19,1.5999363074432669
2014-07-20,1.615449071734533
2014-07-21,1.495707869081698
2014-07-22,1.7849991629031194
2014-07-23,1.5913488434140872
2014-07-24,1.5900381515391118
2014-07-25,1.5916891771189967
2014-07-26,1.5243236936665439
2014-07-27,1.5409086723738838
2014-07-28,1.2154642707760115
2014-07-29,1.6874298707075077
2014-07-30,1.1927834074696153
2014-07-31,1.0060096052109528
2014-08-01,0.8228975451002313
2014-08-02,1.2768512643227146
2014-08-03,1.433949812176241
2014-08-04,1.4570538156122914
2014-08-05,1.3039640974125344
2014-08-06,1.563760284317776
2014-08-07,1.647610795169418
2014-08-08,1.2063523784213195
2014-08-09,1.4701751128690657
2014-08-10,1.58547298943602
2014-08-11,1.5360709597532942
2014-08-12,1.726756873077804
2014-08-13,2.3042490471703716
2014-08-14,2.3401163717589366
2014-08-15,2.9848654430258894
2014-08-16,3.3249946692383534
2014-08-17,2.778362518246444
2014-08-18,2.0855452507426206
2014-08-19,4.189146339687188
2014-08-20,4.800667713736703
2014-08-21,4.1068409957157845
2014-08-22,4.5587959600952574
2014-08-23,3.4407539774468785
2014-08-24,5.457668671323728
2014-08-25,5.1187870403803615
2014-08-26,5.326792771345473
2014-08-27,4.049285516694057
2014-08-28,3.030188337990006
2014-08-29,3.2961767909372424
2014-08-30,3.037635243872738
2014-08-31,3.2187909524690013
2014-09-01,2.898775182860877
2014-09-02,2.9639259991811233
2014-09-03,2.922098650185375
2014-09-04,2.9133573873306404
2014-09-05,2.534051893095393
2014-09-06,3.3689713972514572
2014-09-07,2.633955212990952
2014-09-08,4.10570074516076
2014-09-09,3.6056850998855148
2014-09-10,3.6249646904429356
2014-09-11,3.6268739866071935
2014-09-12,3.213063201797045
2014-09-13,2.91481239475341
2014-09-14,2.623960854110412
2014-09-15,2.539522385775888
2014-09-16,2.3726728682464464
2014-09-17,2.6300105302549737
2014-09-18,2.201553257894026
2014-09-19,1.906626907879773
2014-09-20,1.797208094739121
2014-09-21,2.4342467962605405
2014-09-22,2.28048990862052
2014-09-23,2.7534099770208496
2014-09-24,3.215279556497167
2014-09-25,3.985752745237954
2014-09-26,4.935420985412952
2014-09-27,5.923594296452877
2014-09-28,4.17895856522342
2014-09-29,5.34018949899488
2014-09-30,4.821338686022767
2014-10-01,5.504115912619296
2014-10-02,6.261614382986063
2014-10-03,4.886433506141056
2014-10-04,3.7171455173871175
2014-10-05,4.739306752216866
2014-10-06,3.1636539530319587
2014-10-07,2.858532473487567
2014-10-08,4.697248701810441
2014-10-09,3.296178650518178
2014-10-10,4.402688475306539
2014-10-11,4.298103008992925
2014-10-12,4.037575239098772
2014-10-13,5.890313425522152
2014-10-14,5.118526144815459
2014-10-15,5.182987078145492
2014-10-16,4.092611984231946
2014-10-17,3.938886229946405
2014-10-18,1.5407786649253141
2014-10-19,1.1087601117318875
2014-10-20,1.080327611598703
2014-10-21,1.92695399494246
2014-10-22,4.109795616099115
2014-10-23,3.551081503690419
2014-10-24,3.1659023934768586
2014-10-25,2.2168516522507558
2014-10-26,2.812827750652562
2014-10-27,3.4087721950915757
2014-10-28,4.036963699803047
2014-10-29,5.910598798900307
2014-10-30,7.308083828046714
2014-10-31,6.032747979204243
2014-11-01,5.8120660134804885
2014-11-02,2.2073593801825555
2014-11-03,3.2476206065852087
2014-11-04,4.364434694333058
2014-11-05,5.493766538339857
2014-11-06,7.02425767266186
2014-11-07,6.678566677597468
2014-11-08,5.951084414138947
2014-11-09,5.273849679214838
2014-11-10,4.689608852700053
2014-11-11,4.15237777514871
2014-11-12,3.6222938310345936
2014-11-13,2.0661349948664784
2014-11-14,1.8021789060076683
2014-11-15,5.0186658709158065
2014-11-16,5.19297209929653
2014-11-17,6.0848280881519115
2014-11-18,5.529464735190321
2014-11-19,4.837624150993148
2014-11-20,4.470563575078293
2014-11-21,3.9757991022150794
2014-11-22,3.250401835464716
2014-11-23,3.1500111628068295
2014-11-24,4.055171483018771
2014-11-25,3.9799816460358977
2014-11-26,4.072081412514912
2014-11-27,3.3498013874086383
2014-11-28,1.870348196268303
2014-11-29,1.6813305367751528
2014-11-30,2.302752116695495
2014-12-01,3.025480215069754
2014-12-02,3.616583942515852
2014-12-03,4.10837748535479
2014-12-04,4.204716809302816
2014-12-05,3.9785998307738266
2014-12-06,3.6478260311939605
2014-12-07,3.3812827805833803
2014-12-08,2.563191254550471
2014-12-09,2.051053449864592
2014-12-10,1.5827592448756762
2014-12-11,2.2256352442852636
2014-12-12,2.514512427740446
2014-12-13,2.449914275000838
2014-12-14,2.887693788322768
2014-12-15,4.104331500695739
2014-12-16,4.293990564798308
2014-12-17,3.8080622418508634
2014-12-18,3.587628844851579
2014-12-19,2.795845407885102
2014-12-20,3.0334010885955593
2014-12-21,3.9207054439501134
2014-12-22,3.7623703753215576
2014-12-23,3.5558633896102925
2014-12-24,3.282142115139652
2014-12-25,3.442499007513879
2014-12-26,2.956745891825395
2014-12-27,2.245686704894767
2014-12-28,1.4781872968313003
2014-12-29,1.9046828810237997
2014-12-30,2.2265278235861783
2014-12-31,2.8883269410632852
2015-01-01,3.0997156429207067
2015-01-02,3.7690131816556693
2015-01-03,3.6969550862463443
2015-01-04,3.4922218684493105
2015-01-05,3.26801404324629
2015-01-06,3.028552579932352
2015-01-07,2.9835049044611943
2015-01-08,2.632287964453434
2015-01-09,2.47069046672987
2015-01-10,2.8120011921104413
2015-01-11,2.9887680854568006
2015-01-12,2.688947751720562
2015-01-13,2.4833765604902602
2015-01-14,2.316210962122504
2015-01-15,2.1994187826618297
2015-01-16,2.0101107314204913
2015-01-17,1.9326768373852166
2015-01-18,1.914477298735847
2015-01-19,1.798022100209943
2015-01-20,1.61218092899088
2015-01-21,1.6888034730409391
2015-01-22,1.7493394029567921
2015-01-23,1.5775441264220589
2015-01-24,1.5215708422783245
2015-01-25,1.5550360799262244
2015-01-26,1.703453406283355
2015-01-27,1.6571711739800499
2015-01-28,1.4990011038492712
2015-01-29,1.3160676988298463
2015-01-30,1.3288800465030977
2015-01-31,1.5512452179346374
2015-02-01,1.4907223960713425
2015-02-02,1.4716844229849357
2015-02-03,1.4615917588480993
2015-02-04,1.3639616082198318
2015-02-05,1.3231429668916002
2015-02-06,1.2875516482540943
2015-02-07,1.2367969345039227
2015-02-08,1.1745476542040818
2015-02-09,1.2483899426271705
2015-02-10,1.1920840266601127
2015-02-11,1.1279180845940604
2015-02-12,1.0788824654945328
2015-02-13,1.0400979243840285
2015-02-14,1.0658042574423716
2015-02-15,1.0813948185886137
2015-02-16,1.081024808357908
2015-02-17,1.0474913889030029
2015-02-18,0.9945695119739151
2015-02-19,0.9730103380915385
2015-02-20,1.0155764731229022
2015-02-21,1.033001546514583
2015-02-22,1.02362812933995
2015-02-23,0.996477113396467
2015-02-24,0.9515840096867074
2015-02-25,0.8578512611909759
2015-02-26,0.7771740326120169
2015-02-27,0.8634125354722152
2015-02-28,0.9643666971942185
2015-03-01,1.236656946214271
2015-03-02,1.3951848970208163
2015-03-03,1.8236618513433414
2015-03-04,1.9576478315886474
2015-03-05,2.743510673613367
2015-03-06,2.346060308034797
2015-03-07,2.1642791839251467
2015-03-08,2.7032923795794486
2015-03-09,2.973780446622965
2015-03-10,3.2609303883842458
2015-03-11,2.970439845635505
2015-03-12,2.494553640336932
2015-03-13,2.314134201779175
2015-03-14,2.0014311904558095
2015-03-15,1.5114974220947697
2015-03-16,1.9644500250488353
2015-03-17,2.2743950582884094
2015-03-18,2.154042462738494
2015-03-19,1.8749572505637437
2015-03-20,1.8507112308843292
2015-03-21,1.7012285747766522
2015-03-22,1.5879783339311706
2015-03-23,1.414985448164691
2015-03-24,1.272465182681023
2015-03-25,1.1662582706340912
2015-03-26,1.120471548384575
2015-03-27,1.0505969897808103
2015-03-28,0.9664351176250894
2015-03-29,0.9066493201914856
2015-03-30,0.9007249978460617
2015-03-31,0.983518237339521
2015-04-01,1.5349281079752946
2015-04-02,2.5142891025494465
2015-04-03,2.454058009995373
2015-04-04,2.4089644203984024
2015-04-05,2.2458818166177807
2015-04-06,1.8894061400333784
2015-04-07,1.7658063181161527
2015-04-08,1.581346378675592
2015-04-09,1.6101553761419
2015-04-10,1.8144831188296282
2015-04-11,1.7871048958217688
2015-04-12,1.7208162710350332
2015-04-13,1.6069885236952304
2015-04-14,3.326832239251318
2015-04-15,4.176996128664566
2015-04-16,4.185624221306163
2015-04-17,5.135913029805588
2015-04-18,5.140228390678959
2015-04-19,4.694677453458992
2015-04-20,4.3089584114076445
2015-04-21,3.526191385859245
2015-04-22,3.7859009237719174
2015-04-23,3.6181835372627145
2015-04-24,3.1901699888882917
2015-04-25,2.922874007907585
2015-04-26,3.2246889043492315
2015-04-27,5.171401485610347
2015-04-28,5.189291875120612
2015-04-29,4.304143543024375
2015-04-30,3.663002673747531
2015-05-01,4.258421344141258
2015-05-02,3.4089407149734927
2015-05-03,3.2673146250711262
2015-05-04,2.6384173354652973
2015-05-05,3.7006008983931538
2015-05-06,3.0399627988647606
2015-05-07,2.938367743275323
2015-05-08,4.456235268066006
2015-05-09,3.538921543319778
2015-05-10,2.84838098979896
2015-05-11,1.3749568767065747
2015-05-12,2.0514925195152354
2015-05-13,1.3854680511272441
2015-05-14,1.6326076124952549
2015-05-15,2.496433513500301
2015-05-16,2.324439616499033
2015-05-17,2.250094455906533
2015-05-18,6.999324447127967
2015-05-19,7.018193779945197
2015-05-20,7.857723582021097
2015-05-21,7.194526933793709
2015-05-22,6.641606908423355
2015-05-23,6.191909213798792
2015-05-24,5.586491096472945
2015-05-25,5.134863350632757
2015-05-26,4.563801569584647
2015-05-27,3.5121264272811827
2015-05-28,2.6144343624054414
2015-05-29,2.8783382064384826
2015-05-30,3.7587117809523
2015-05-31,3.0565249086177224
2015-06-01,2.5311983412286496
2015-06-02,2.894852680606516
2015-06-03,2.87517717855048
2015-06-04,2.2957703145544985
2015-06-05,3.8864288136335645
2015-06-06,4.521285937740804
2015-06-07,4.241212057135819
2015-06-08,3.7268344301317584
2015-06-09,3.510129001873317
2015-06-10,3.4090862169335105
2015-06-11,3.1904809860438927
2015-06-12,3.347910957160359
2015-06-13,3.2343532684991403
2015-06-14,3.0677118020849394
2015-06-15,3.213094688952986
2015-06-16,2.6932157802803554
2015-06-17,2.2972051044688833
2015-06-18,1.733252608046619
2015-06-19,1.8625936357836488
2015-06-20,2.3282947913543937
2015-06-21,1.9719066294268432
2015-06-22,2.351892726561415
2015-06-23,2.4873583711730025
2015-06-24,2.3058834455537496
2015-06-25,2.422394808624048
2015-06-26,1.8444532177936124
2015-06-27,2.273919903844483
2015-06-28,2.3466302489687307
2015-06-29,2.2317757488444077
2015-06-30,2.64446958829575
2015-07-01,2.56765706369005
2015-07-02,2.3842523728099447
2015-07-03,2.179919643142515
2015-07-04,2.210221138969192
2015-07-05,2.2005652599582746
2015-07-06,2.0139243591252147
2015-07-07,1.7886844766921188
2015-07-08,1.4922845697912392
2015-07-09,1.2004067210746576
2015-07-10,0.9951627117315971
2015-07-11,1.1266010421796564
2015-07-12,1.4681583484866267
2015-07-13,1.745925754149943
2015-07-14,1.552887367256046
2015-07-15,0.9847459443487672
2015-07-16,1.3675770089144506
2015-07-17,1.0437345549599553
2015-07-18,1.0302388945698064
2015-07-19,1.0524144236491022
2015-07-20,1.3800481005806124
2015-07-21,1.47524498808406
2015-07-22,1.3937771049073997
2015-07-23,1.7230926537204543
2015-07-24,1.801100018028564
2015-07-25,2.0340513214966744
2015-07-26,1.6972031200740967
2015-07-27,1.8320690459045958
2015-07-28,2.4243567315874883
2015-07-29,3.1835856532277185
2015-07-30,2.793351783303339
2015-07-31,2.051758800257071
2015-08-01,1.499984706720258
2015-08-02,2.340526333745527
2015-08-03,2.5813418284579583
2015-08-04,2.1814250426372204
2015-08-05,2.35653929848279
2015-08-06,2.4034487318301974
2015-08-07,2.4144220770218157
2015-08-08,2.291511434937765
2015-08-09,1.680453597483885
2015-08-10,1.6384600952069106
2015-08-11,1.7956917827736354
2015-08-12,1.7308858314174405
2015-08-13,1.596031495003285
2015-08-14,1.803058819453411
2015-08-15,1.7728147351711492
2015-08-16,2.111595356194858
2015-08-17,2.2656830384188518
2015-08-18,4.099860268494911
2015-08-19,4.6426049548378465
2015-08-20,5.454529448499469
2015-08-21,3.4750043201487117
2015-08-22,2.238833159934724
2015-08-23,4.510246767719978
2015-08-24,6.2626377146448835
2015-08-25,6.336216437333747
2015-08-26,5.236859466031662
2015-08-27,3.782178277650312
2015-08-28,4.656264485368409
2015-08-29,4.310938117132695
2015-08-30,3.803724165946153
2015-08-31,3.5116414856862463
2015-09-01,3.150709994708077
2015-09-02,2.6870239304445693
2015-09-03,2.278015535314753
2015-09-04,2.1923521395596373
2015-09-05,2.1504493867867946
2015-09-06,3.2371915371156335
2015-09-07,2.1488742102776497
2015-09-08,3.7246478939104444
2015-09-09,4.140413497073693
2015-09-10,4.530936257564675
2015-09-11,4.907665216163851
2015-09-12,4.428152510122995
2015-09-13,4.760256685720537
2015-09-14,3.9206443990524917
2015-09-15,3.126157347872958
2015-09-16,2.975377328304724
2015-09-17,2.5147317854976325
2015-09-18,2.7102286680499903
2015-09-19,2.167077007869769
2015-09-20,1.876884863661177
2015-09-21,2.2626548941209017
2015-09-22,2.656617398864644
2015-09-23,2.3475885829570093
2015-09-24,1.994337266656256
2015-09-25,3.0631448508020753
2015-09-26,2.8752219997863935
2015-09-27,2.8599213948374014
2015-09-28,2.6465002432837794
2015-09-29,3.38708225765298
2015-09-30,2.919384496108431
2015-10-01,2.9912907772989272
2015-10-02,5.996340490572448
2015-10-03,4.790056718044312
2015-10-04,3.709843488295439
2015-10-05,2.7924879174117483
2015-10-06,5.725544838919512
2015-10-07,5.370814370124048
2015-10-08,5.518399123349352
2015-10-09,5.087761298339215
2015-10-10,5.365509193943575
2015-10-11,3.767349922142576
2015-10-12,2.5536221465458286
2015-10-13,6.510621349747583
2015-10-14,7.331291429564853
2015-10-15,6.954322949363592
2015-10-16,5.94983105157412
2015-10-17,5.337309562344926
2015-10-18,4.403142161126177
2015-10-19,4.022416959420016
2015-10-20,4.213714966109438
2015-10-21,4.183438740632763
2015-10-22,4.168621911158153
2015-10-23,4.16769637384055
2015-10-24,3.3858533626170266
2015-10-25,3.5287786011149636
2015-10-26,2.904588697205777
2015-10-27,1.8410288995931998
2015-10-28,2.0317669520928336
2015-10-29,2.320820820327167
2015-10-30,3.079205805705633
2015-10-31,2.4926328542204996
2015-11-01,2.331142766005851
2015-11-02,1.2565035954373864
2015-11-03,3.262664326059932
2015-11-04,3.6009349603473453
2015-11-05,4.066259437780093
2015-11-06,5.987219677640789
2015-11-07,5.731367576504259
2015-11-08,4.726171797848883
2015-11-09,2.9318885397864864
2015-11-10,2.552433737652888
2015-11-11,1.335495284797922
2015-11-12,4.159232198787331
2015-11-13,2.685181994671211
2015-11-14,5.304588698542845
2015-11-15,1.169397477646036
2015-11-16,1.1261148251457302
2015-11-17,3.703479636297812
2015-11-18,3.7145207199243693
2015-11-19,1.871400417373134
2015-11-20,2.918771765701492
2015-11-21,4.625169844247631
2015-11-22,1.5829073511007252
2015-11-23,2.6744194694597008
2015-11-24,3.4073316573228505
2015-11-25,7.241164383942286
2015-11-26,6.480369742202522
2015-11-27,5.505403735991717
2015-11-28,5.747802760766876
2015-11-29,4.564981473834442
2015-11-30,2.1067585704327207
2015-12-01,2.531765811350754
2015-12-02,1.72205510902848
2015-12-03,3.062663425996131
2015-12-04,6.564014340795833
2015-12-05,4.189334425652736
2015-12-06,2.4944357371057353
2015-12-07,3.513298563900587
2015-12-08,3.352040339197345
2015-12-09,3.269556174325031
2015-12-10,3.867716851782818
2015-12-11,3.3856873138260655
2015-12-12,2.7382954438866474
2015-12-13,4.259261794619252
2015-12-14,3.924313610488286
2015-12-15,3.723296507009808
2015-12-16,4.475459446402841
2015-12-17,4.727493071587829
2015-12-18,4.13011282956946
2015-12-19,3.8476741118442552
2015-12-20,4.111160945927315
2015-12-21,4.143333166609351
2015-12-22,4.379856473106596
2015-12-23,3.930414154320979
2015-12-24,3.7486555857524206
2015-12-25,3.740838579067133
2015-12-26,3.5834313779842715
2015-12-27,3.172636575269
2015-12-28,2.963165481860934
2015-12-29,2.9563245415520063
2015-12-30,3.1316185576781685
2015-12-31,2.7880322916941824
2016-01-01,4.090917941734
2016-01-02,4.192800630959961
2016-01-03,4.169061997996028
2016-01-04,4.017366866842892
2016-01-05,3.7649843422711515
2016-01-06,3.4731431488260505
2016-01-07,3.334059556095254
2016-01-08,3.242727354372308
2016-01-09,3.3686270953993107
2016-01-10,3.3174681230109857
2016-01-11,3.220221652143393
2016-01-12,3.1326086891117795
2016-01-13,3.014228073018785
2016-01-14,2.949918705857017
2016-01-15,2.848890836094519
2016-01-16,2.7274840096270836
2016-01-17,2.6445490461592853
2016-01-18,2.508204062389143
2016-01-19,2.2976236188565156
2016-01-20,1.811357360088253
2016-01-21,2.4511791471013
2016-01-22,2.7218266350039824
2016-01-23,2.848269576903125
2016-01-24,2.8691627873528294
2016-01-25,2.795098481733515
2016-01-26,2.787841629359296
2016-01-27,2.850606044764601
2016-01-28,2.8659611465926114
2016-01-29,2.8644384401641965
2016-01-30,2.869312302042046
2016-01-31,2.749221314761791
2016-02-01,2.712742033761756
2016-02-02,2.625247322631153
2016-02-03,2.5070065590656836
2016-02-04,2.47507882886728
2016-02-05,2.4097213579498993
2016-02-06,2.1594972166248225
2016-02-07,2.0084915798487577
2016-02-08,1.9496400066572948
2016-02-09,1.9047141258049347
2016-02-10,1.8692795698350464
2016-02-11,1.840199064494834
2016-02-12,1.959864348143825
2016-02-13,1.9667507174997687
2016-02-14,2.0851507095017707
2016-02-15,2.0200822909812364
2016-02-16,1.9578511733160833
2016-02-17,2.0540359859777415
2016-02-18,1.9408314855680535
2016-02-19,1.944774063648925
2016-02-20,1.7109855798143057
2016-02-21,1.604327896709407
2016-02-22,1.5953981379889892
2016-02-23,1.6355439319481078
2016-02-24,1.5968314585939292
2016-02-25,1.547664701675742
2016-02-26,1.6111901553485541
2016-02-27,1.6960843770465857
2016-02-28,1.667232724927101
2016-02-29,1.73956137547754
2016-03-01,1.7593278301896633
2016-03-02,1.6840326468189086
2016-03-03,1.7140174902420813
2016-03-04,1.684863739090524
2016-03-05,1.5543604797193495
2016-03-06,1.5042829550932981
2016-03-07,1.460666101893481
2016-03-08,1.4146885429163578
2016-03-09,1.3494368138200021
2016-03-10,1.3316097472979476
2016-03-11,1.2742612507404927
2016-03-12,1.2743583140498898
2016-03-13,1.2886438344807334
2016-03-14,1.3794828591623756
2016-03-15,1.4141697402863165
2016-03-16,1.394396975869355
2016-03-17,1.4308929450266679
2016-03-18,1.4552151520582484
2016-03-19,1.3937479738062968
2016-03-20,1.3539383346999414
2016-03-21,1.2866297021067918
2016-03-22,1.2388907578296056
2016-03-23,1.208517050387959
2016-03-24,1.2736342030620973
2016-03-25,1.320483909789274
2016-03-26,1.2811546238335247
2016-03-27,1.250688077384936
2016-03-28,1.205592886774971
2016-03-29,1.1811276834484783
2016-03-30,1.151400612202291
2016-03-31,1.1791032679774005
2016-04-01,1.167480567294785
2016-04-02,1.1388568281290492
2016-04-03,1.1096722194898518
2016-04-04,1.113434001382394
2016-04-05,1.1139157060356422
2016-04-06,1.089927057628155
2016-04-07,1.065080359632921
2016-04-08,1.3460420176729997
2016-04-09,1.690287367187049
2016-04-10,2.3252296956417364
2016-04-11,2.5292453123621024
2016-04-12,2.4287922019963126
2016-04-13,2.1712838026419536
2016-04-14,2.065480671931201
2016-04-15,2.1794070364646534
2016-04-16,2.216815423892145
2016-04-17,2.120068517857345
2016-04-18,2.006602777700366
2016-04-19,1.837554770760896
2016-04-20,1.6839252128473199
2016-04-21,1.5840552300528674
2016-04-22,1.5118296072376465
2016-04-23,1.4991030103712433
2016-04-24,1.409085322607659
2016-04-25,1.486244429808024
2016-04-26,1.570227780619432
2016-04-27,1.491942618053105
2016-04-28,1.4102505341291074
2016-04-29,1.3376581758630581
2016-04-30,1.2753505448929143
2016-05-01,1.2022631515140259
2016-05-02,1.1403655034628701
2016-05-03,1.1842616881244614
2016-05-04,1.272533271303288
2016-05-05,1.4920818510261507
2016-05-06,1.6784351151860586
2016-05-07,2.310432440333933
2016-05-08,2.397755608590092
2016-05-09,3.198960482695325
2016-05-10,2.700197842085882
2016-05-11,2.3921905892481736
2016-05-12,2.4464084008101645
2016-05-13,3.0968579125066094
2016-05-14,2.781244306014749
2016-05-15,2.7678877541823237
2016-05-16,1.6137960445037662
2016-05-17,1.4926448960183012
2016-05-18,2.928666691339147
2016-05-19,5.209527310287262
2016-05-20,4.472420891526179
2016-05-21,5.374614454811192
2016-05-22,5.095611951477354
2016-05-23,4.422670993626971
2016-05-24,3.818435021388594
2016-05-25,3.12973264604926
2016-05-26,2.7743283427130674
2016-05-27,2.4205407652959954
2016-05-28,2.4258872842108654
2016-05-29,2.443143049788948
2016-05-30,2.528885144796659
2016-05-31,2.4463539198421826
2016-06-01,2.4860995141417197
2016-06-02,2.4597511733901474
2016-06-03,2.538882867921262
2016-06-04,2.612861851892308
2016-06-05,2.610909791097083
2016-06-06,2.9450109679809384
2016-06-07,2.2863609400238443
2016-06-08,2.098176298425383
2016-06-09,2.733110069542131
2016-06-10,3.32534020109922
2016-06-11,3.9058514831291475
2016-06-12,4.190699339248223
2016-06-13,3.5138207171010305
2016-06-14,3.5857937185412374
2016-06-15,3.5596333507314455
2016-06-16,2.7062667301436933
2016-06-17,2.2729035583867834
2016-06-18,2.502207366101228
2016-06-19,2.384236241938964
2016-06-20,2.1676903862204178
2016-06-21,2.2604338975778857
2016-06-22,2.4026258744320184
2016-06-23,1.7389747552300325
2016-06-24,2.5158728749081094
2016-06-25,2.939216798647
2016-06-26,3.007520094478648
2016-06-27,2.2815005652386473
2016-06-28,1.9747907428349245
2016-06-29,1.572626541379066
2016-06-30,2.737545708230009
2016-07-01,3.015620990390548
2016-07-02,3.1348990389536304
2016-07-03,2.647701547172142
2016-07-04,1.7851168450666546
2016-07-05,2.0140760834033107
2016-07-06,1.8180754296048447
2016-07-07,2.0371257692769147
2016-07-08,2.137571506455009
2016-07-09,2.1823801323523604
2016-07-10,2.02101266329813
2016-07-11,2.007764229627977
2016-07-12,2.063779020706071
2016-07-13,2.3716695269040615
2016-07-14,2.268215634326388
2016-07-15,2.320171714642357
2016-07-16,2.2596161861264057
2016-07-17,2.2526673694663084
2016-07-18,2.140756441744313
2016-07-19,3.3016158134308116
2016-07-20,2.576020377761944
2016-07-21,2.569915596042171
2016-07-22,3.2034920679585572
2016-07-23,2.4133225764851156
2016-07-24,2.054020681584406
2016-07-25,2.130259998671797
2016-07-26,2.8782350938749324
2016-07-27,3.437036307299403
2016-07-28,4.303908538688208
2016-07-29,3.315985268229778
2016-07-30,4.1428291507066834
2016-07-31,6.38969925338165
2016-08-01,5.847180506332391
2016-08-02,5.3977400643387226
2016-08-03,4.960674510945822
2016-08-04,3.967689744526252
2016-08-05,3.6234031372113833
2016-08-06,3.8591465055762115
2016-08-07,3.6083480547355267
2016-08-08,3.5154784385260296
2016-08-09,3.4834050358633286
2016-08-10,3.1711989451623324
2016-08-11,2.9784260263363014
2016-08-12,2.579063556950715
2016-08-13,2.577515162026215
2016-08-14,2.366338117938496
2016-08-15,2.355427683011795
2016-08-16,2.3000767395897084
2016-08-17,2.1027721821604595
2016-08-18,2.006300201550159
2016-08-19,2.1026656132498154
2016-08-20,2.0266749247187006
2016-08-21,2.1382843597324728
2016-08-22,2.063983180389347
2016-08-23,1.8001656003101758
2016-08-24,1.8214993106859525
2016-08-25,1.8338325666875608
2016-08-26,1.5413001541469717
2016-08-27,1.711057582698885
2016-08-28,2.1656802672565885
2016-08-29,2.0674510267864976
2016-08-30,1.7991716618072862
2016-08-31,1.800529028345163
2016-09-01,2.1113034167540783
2016-09-02,2.5139518029518517
2016-09-03,3.0296246988071878
2016-09-04,3.021133061146843
2016-09-05,3.3821454725573026
2016-09-06,2.848907540805276
2016-09-07,3.6008475985160966
2016-09-08,3.1515713647819044
2016-09-09,2.7919884197238343
2016-09-10,2.440013499347926
2016-09-11,2.472142404612571
2016-09-12,2.1829064093476447
2016-09-13,1.8994648821035776
2016-09-14,1.906990056896024
2016-09-15,2.2902110287851465
2016-09-16,2.1033028380273873
2016-09-17,2.171498463551764
2016-09-18,2.0157518836333668
2016-09-19,2.1997276571860302
2016-09-20,2.015360656285327
2016-09-21,1.5587924764595604
2016-09-22,1.9549600540535987
2016-09-23,1.9887590241200346
2016-09-24,1.6911067511494926
2016-09-25,1.562040768836825
2016-09-26,1.6475749169969327
2016-09-27,1.8650269087939408
2016-09-28,1.6836464874784014
2016-09-29,2.3355264363611066
2016-09-30,2.9348975086680724
2016-10-01,2.8681933695460824
2016-10-02,2.8943448686633126
2016-10-03,2.557195520645453
2016-10-04,2.447432503828272
2016-10-05,2.2727063234463936
2016-10-06,2.1580015013719853
2016-10-07,2.0110516231619613
2016-10-08,1.6404588839139813
2016-10-09,1.5411556622175884
2016-10-10,1.6199826901687788
2016-10-11,1.296008838334547
2016-10-12,1.006336420062464
2016-10-13,1.3562159055184528
2016-10-14,2.8375274411981817
2016-10-15,3.4159540390312646
2016-10-16,3.836185568593117
2016-10-17,3.445332685944896
2016-10-18,3.414305018769367
2016-10-19,3.0804888717733814
2016-10-20,2.4811084180234686
2016-10-21,2.161338135573782
2016-10-22,2.360334614239759
2016-10-23,2.202510616600083
2016-10-24,2.3107363426927985
2016-10-25,2.2344985001814965
2016-10-26,2.1516951490533236
2016-10-27,2.136536983199818
2016-10-28,2.1640955151160064
2016-10-29,1.9512485175277754
2016-10-30,1.7732946355506338
2016-10-31,1.2500904271138882
2016-11-01,2.877409589380906
2016-11-02,2.3954599723322936
2016-11-03,3.0388925286774464
2016-11-04,2.8447506305382073
2016-11-05,3.8723216394788995
2016-11-06,3.5928176547500104
2016-11-07,3.4321016929176125
2016-11-08,2.7086212502447147
2016-11-09,2.547510382889946
2016-11-10,2.5481242929123606
2016-11-11,2.356022508223819
2016-11-12,2.2194980777698454
2016-11-13,1.5932981358665945
2016-11-14,1.624517246916779
2016-11-15,2.247157710496046
2016-11-16,2.6099521071040805
2016-11-17,2.5011976989022706
2016-11-18,2.597130724995934
2016-11-19,2.3052387404499806
2016-11-20,2.058627670132348
2016-11-21,2.0111460961548953
2016-11-22,2.0464283851720064
2016-11-23,1.9403633829795004
2016-11-24,1.7850745366763956
2016-11-25,1.7513324882470556
2016-11-26,1.6350538883367163
2016-11-27,1.5568744577117584
2016-11-28,1.4800840865025278
2016-11-29,1.2542699926577312
2016-11-30,1.10869198962879
2016-12-01,0.9158349201724921
2016-12-02,1.0481438285881393
2016-12-03,1.205339398878312
2016-12-04,2.950897455273309
2016-12-05,2.5399693711676092
2016-12-06,3.1167753447623703
2016-12-07,2.964484381935538
2016-12-08,2.705698460744188
2016-12-09,2.529805774732369
2016-12-10,2.2490201655960935
2016-12-11,2.390864022006826
2016-12-12,1.8153999115332573
2016-12-13,0.7451220017344009
2016-12-14,2.3530112379097288
2016-12-15,4.538318000151165
2016-12-16,4.591573158876539
2016-12-17,4.663489466885449
2016-12-18,4.698978247289593
2016-12-19,4.5611821780773
2016-12-20,3.5839157149182483
2016-12-21,3.2803645696766908
2016-12-22,3.5275824483956244
2016-12-23,3.4557072517499305
2016-12-24,3.1651586190881513
2016-12-25,2.649220574277289
2016-12-26,2.67117166072979
2016-12-27,2.5595606813891307
2016-12-28,2.053334244992632
2016-12-29,2.1382559931286553
2016-12-30,1.955584855242059
2016-12-31,1.875385182895721
2017-01-01,1.7836137167938364
2017-01-02,1.6318983305066073
2017-01-03,1.6159066229767987
2017-01-04,1.5370806576418476
2017-01-05,1.4727281899115863
2017-01-06,1.3599891601606584
2017-01-07,1.2927549953605855
2017-01-08,1.2633263901482967
2017-01-09,1.2127399223893711
2017-01-10,1.1367806927859962
2017-01-11,1.1163913371422078
2017-01-12,1.0478912506901743
2017-01-13,1.0107933309351276
2017-01-14,1.0363261955745924
2017-01-15,1.0554151427534086
2017-01-16,0.9690578583820192
2017-01-17,1.0235872096699865
2017-01-18,1.0365037039696987
2017-01-19,0.9916793447257769
2017-01-20,0.9440283639455374
2017-01-21,0.659351240853493
2017-01-22,0.9821937915227962
2017-01-23,1.26336290726093
2017-01-24,1.2020716423008686
2017-01-25,0.9838287151908616
2017-01-26,0.5764579523629562
2017-01-27,0.649525006389309
2017-01-28,1.4058727153115762
2017-01-29,2.803168700563966
2017-01-30,3.0929147490422584
2017-01-31,2.8450027205757955
2017-02-01,2.6614578475236534
2017-02-02,2.4826175095687075
2017-02-03,2.248501191683639
2017-02-04,2.0696629692959223
2017-02-05,1.8543441474523357
2017-02-06,1.7543202311640924
2017-02-07,1.6831701127028524
2017-02-08,1.5950658183012578
2017-02-09,1.4569884179787111
2017-02-10,1.351934423177391
2017-02-11,1.2299955974791092
2017-02-12,1.1742781329063914
2017-02-13,1.1399519441867059
2017-02-14,0.8904798697205425
2017-02-15,1.0706107543441585
2017-02-16,1.077788606026543
2017-02-17,1.0381794643802704
2017-02-18,0.9689578524678657
2017-02-19,0.9053725863466481
2017-02-20,0.8199128609428957
2017-02-21,0.7791791563152263
2017-02-22,0.7598144164070868
2017-02-23,0.7663657251860417
2017-02-24,0.7335310802223031
2017-02-25,0.7027328968064227
2017-02-26,0.6553455926067507
2017-02-27,0.6765512784498009
2017-02-28,0.6781438289033003
2017-03-01,0.6764251973754777
2017-03-02,0.6267684652756825
2017-03-03,0.5632890143714785
2017-03-04,0.6092394804367463
2017-03-05,0.847083171305536
2017-03-06,1.185185979059004
2017-03-07,1.682678127906168
2017-03-08,2.442593593267471
2017-03-09,2.529927626946402
2017-03-10,2.2200000888984164
2017-03-11,2.2404646393759604
2017-03-12,2.3471541691108415
2017-03-13,2.1402915776104496
2017-03-14,2.0653268428771225
2017-03-15,2.1406510358445625
2017-03-16,2.664477552759276
2017-03-17,3.2167662445034435
2017-03-18,3.0005293911089175
2017-03-19,2.9773442549494002
2017-03-20,2.5204141256485535
2017-03-21,2.4754173558824384
2017-03-22,2.492871909478008
2017-03-23,2.3736718988878103
2017-03-24,2.1764990084067333
2017-03-25,1.9548080182141376
2017-03-26,1.7353940889902257
2017-03-27,1.518579907308846
2017-03-28,1.3180880969189814
2017-03-29,1.214952851598273
2017-03-30,1.1216152099711458
2017-03-31,1.0287897532786532
2017-04-01,0.9715631062972987
2017-04-02,0.8724035276051216
2017-04-03,0.8847564500010673
2017-04-04,0.816394590618231
2017-04-05,0.9834828643099256
2017-04-06,1.0771012160295856
2017-04-07,1.1760686660934851
2017-04-08,1.3760506937781625
2017-04-09,1.2912694297570317
2017-04-10,1.1260408245676015
2017-04-11,0.9834229847919876
2017-04-12,1.166294554630782
2017-04-13,1.3860495144627607
2017-04-14,1.2596050653344508
2017-04-15,1.1865847158714398
2017-04-16,1.0236231943920473
2017-04-17,1.0929873969675512
2017-04-18,1.1386350859587824
2017-04-19,1.1499385991149875
2017-04-20,1.2064642921608821
2017-04-21,1.2422284957634382
2017-04-22,1.6357032680514612
2017-04-23,1.928263103000355
2017-04-24,1.983313797718557
2017-04-25,1.7393825466721267
2017-04-26,2.4884005078470177
2017-04-27,2.278706587750135
2017-04-28,2.0428126321239466
2017-04-29,1.8431352486339734
2017-04-30,2.447945157472766
2017-05-01,1.8982700886336106
2017-05-02,1.9423697738365067
2017-05-03,1.8962654869163384
2017-05-04,2.247265110297529
2017-05-05,2.2264543296541772
2017-05-06,2.3116000974922932
2017-05-07,2.340849614109317
2017-05-08,2.7634180672244155
2017-05-09,2.7334657275523453
2017-05-10,2.650504677691394
2017-05-11,2.4877769904973963
2017-05-12,3.32051199018624
2017-05-13,4.220892048400306
2017-05-14,4.412049959119222
2017-05-15,3.9310842310099168
2017-05-16,4.369216159179978
2017-05-17,3.66407135873594
2017-05-18,2.886140956058918
2017-05-19,3.315886439624807
2017-05-20,3.173385396704383
2017-05-21,3.221268096525491
2017-05-22,3.236238555291547
2017-05-23,4.445489907350726
2017-05-24,3.519073125448138
2017-05-25,3.5713275268805327
2017-05-26,3.8686150754184214
2017-05-27,3.0008510227692438
2017-05-28,3.2733932456753383
2017-05-29,3.4737971412445297
2017-05-30,3.2699340687366627
2017-05-31,2.766543838732389
2017-06-01,2.2894994712498424
2017-06-02,2.22268303490819
2017-06-03,2.2105236587719963
2017-06-04,2.533411288767593
2017-06-05,2.4293120705560307
2017-06-06,2.1636112064898736
2017-06-07,1.8791523155231582
2017-06-08,2.1023689123569707
2017-06-09,2.0397599549942154
2017-06-10,1.945505004417957
2017-06-11,1.8391027726417608
2017-06-12,1.7564800924876645
2017-06-13,2.0778759437651
2017-06-14,2.870289030509084
2017-06-15,2.5521936077176277
2017-06-16,2.126519051190812
2017-06-17,2.5446182719896178
2017-06-18,3.1859425727397506
2017-06-19,2.657747014121728
2017-06-20,2.2488491434308804
2017-06-21,2.4159538210866556
2017-06-22,2.4762277767444707
2017-06-23,2.3972700258036106
2017-06-24,1.7536357142949917
2017-06-25,1.4909813003626882
2017-06-26,1.4551382640252095
2017-06-27,1.5044209778525963
2017-06-28,1.674520315752541
2017-06-29,2.121397576056041
2017-06-30,1.9507156270360086
2017-07-01,1.9528961911031086
2017-07-02,1.4596587057433508
2017-07-03,1.2783106690666948
2017-07-04,1.4623390989985734
2017-07-05,1.6927846125321966
2017-07-06,1.633185161646465
2017-07-07,1.253924110439033
2017-07-08,1.328299053504241
2017-07-09,1.500114920056197
2017-07-10,2.325454162558416
2017-07-11,2.0249616878751637
2017-07-12,1.684828091088087
2017-07-13,1.662110188070703
2017-07-14,1.4594194455303944
2017-07-15,1.6909038321131096
2017-07-16,2.0988998809721915
2017-07-17,2.067635293339535
2017-07-18,1.3842944921994376
2017-07-19,1.2681847508483133
2017-07-20,2.178792818768258
2017-07-21,2.4821670430296705
2017-07-22,2.738735139835634
2017-07-23,2.600569390148086
2017-07-24,2.4776343717585445
2017-07-25,2.3048675531189944
2017-07-26,2.0438308656430735
2017-07-27,1.982626281107189
2017-07-28,1.8690074396486969
2017-07-29,2.137044008274041
2017-07-30,2.3902795114281976
2017-07-31,2.4296617477853633
2017-08-01,3.180423473456168
2017-08-02,3.6094003882038272
2017-08-03,3.1880528813116484
2017-08-04,2.2969873155018923
2017-08-05,1.9819909590078924
2017-08-06,2.627368232651237
2017-08-07,2.9269016700296273
2017-08-08,2.9501255644825886
2017-08-09,2.6795983567344193
2017-08-10,2.448590148938915
2017-08-11,2.662759337316713
2017-08-12,4.091247498046382
2017-08-13,3.7707915550832016
2017-08-14,3.387430995269808
2017-08-15,2.823091177497974
2017-08-16,4.010991656127386
2017-08-17,4.169381713688613
2017-08-18,3.0886423873523765
2017-08-19,2.989694870363839
2017-08-20,3.1179596012019304
2017-08-21,3.1462083432818417
2017-08-22,4.155386494007653
2017-08-23,3.9978429362422325
2017-08-24,3.029132293542479
2017-08-25,2.7662561142094173
2017-08-26,4.207447297010975
2017-08-27,2.611094419022982
2017-08-28,2.379247412999069
2017-08-29,2.2850537146383103
2017-08-30,4.578147818011295
2017-08-31,5.258956353408145
2017-09-01,4.058304094675913
2017-09-02,3.5019448281563235
2017-09-03,3.4569596949016774
2017-09-04,4.394090541863598
2017-09-05,4.451040539073688
2017-09-06,4.043075449165798
2017-09-07,2.941512042989163
2017-09-08,4.735116119667021
2017-09-09,2.955050167141139
2017-09-10,5.3941920614042616
2017-09-11,6.567862572055295
2017-09-12,6.469593815851917
2017-09-13,6.73316806756081
2017-09-14,4.745877176871029
2017-09-15,5.29945454040858
2017-09-16,4.68779265611095
2017-09-17,2.5524270075426707
2017-09-18,4.308972531739497
2017-09-19,6.134702340192572
2017-09-20,6.130047714795186
2017-09-21,5.422400028602631
2017-09-22,5.895827252275903
2017-09-23,5.521218163431324
2017-09-24,3.8266401847029194
2017-09-25,3.294392301828363
2017-09-26,2.9822206697665092
2017-09-27,2.5027562602831397
2017-09-28,2.3966749302449837
2017-09-29,4.770635646481764
2017-09-30,4.479592669771381
2017-10-01,2.9805296448185783
2017-10-02,3.827415903017232
2017-10-03,5.610878016619881
2017-10-04,4.4316987115653586
2017-10-05,3.3592017789895467
2017-10-06,4.316792392721656
2017-10-07,4.5136171890084285
2017-10-08,6.279482354976297
2017-10-09,5.918286607068163
2017-10-10,5.917457537170274
2017-10-11,4.467737869398583
2017-10-12,2.2253039695352563
2017-10-13,3.551181543720573
2017-10-14,3.2580458649920376
2017-10-15,3.0655715317445993
2017-10-16,3.830685495566691
2017-10-17,2.573887710336326
2017-10-18,4.280376509245527
2017-10-19,6.472462345734183
2017-10-20,6.076562305039815
2017-10-21,6.224174615479249
2017-10-22,5.770355320424349
2017-10-23,5.88376414568675
2017-10-24,5.400384386061857
2017-10-25,3.998377571965209
2017-10-26,3.1068642258723087
2017-10-27,3.638089941932343
2017-10-28,5.140128644132715
2017-10-29,6.124051117761051
2017-10-30,5.2591150251441
2017-10-31,3.7182868878865074
2017-11-01,3.067023774811891
2017-11-02,4.506276178365958
2017-11-03,4.5789379432881105
2017-11-04,1.9965601747696187
2017-11-05,2.3641777279279443
2017-11-06,1.431899275657533
2017-11-07,3.3164387225296017
2017-11-08,3.4754350086251375
2017-11-09,6.308498253507058
2017-11-10,5.910500178427148
2017-11-11,4.46501336134056
2017-11-12,5.330668855965603
2017-11-13,4.771368927838788
2017-11-14,3.969401416396533
2017-11-15,3.9874665751263354
2017-11-16,4.611988546107705
2017-11-17,4.2383586689368515
2017-11-18,4.571985572012335
2017-11-19,3.863891662555423
2017-11-20,4.297013491380803
2017-11-21,4.358903538605606
2017-11-22,4.520380581785399
2017-11-23,4.6269419775374026
2017-11-24,4.258048356853506
2017-11-25,3.96447012622751
2017-11-26,2.6643345266738265
2017-11-27,2.2528498301421913
2017-11-28,3.5183129337874472
2017-11-29,3.064938124540095
2017-11-30,1.2370032832882971
2017-12-01,0.6393687742756649
2017-12-02,1.9976524651852854
2017-12-03,3.756181853806619
2017-12-04,4.2796210319795005
2017-12-05,4.314827044116708
2017-12-06,3.8819243283765594
2017-12-07,3.858399686129039
2017-12-08,4.62822681670999
2017-12-09,4.635490211252246
2017-12-10,4.465908028056641
2017-12-11,3.9442775475116534
2017-12-12,3.115811101350157
2017-12-13,2.8176879039840808
2017-12-14,3.402999780766959
2017-12-15,3.7646228376779582
2017-12-16,3.8733114441436665
2017-12-17,3.7045621280651675
2017-12-18,3.5288704748039046
2017-12-19,3.1654934112652082
2017-12-20,2.759536269920638
2017-12-21,2.835331069677203
2017-12-22,2.6858149993982434
2017-12-23,2.4788731550661245
2017-12-24,2.7521765148812367
2017-12-25,2.5364181729523025
2017-12-26,2.5801157686912
2017-12-27,2.5004762249068837
2017-12-28,2.389973074161014
2017-12-29,2.268009161178622
2017-12-30,2.137510611971206
2017-12-31,2.010131402848062
2018-01-01,3.3410829453711193
2018-01-02,3.207080348605033
2018-01-03,3.044798371887728
2018-01-04,3.1437822836660105
2018-01-05,3.1684598056031508
2018-01-06,3.0848107058108436
2018-01-07,2.9036408281704946
2018-01-08,3.144740484553077
2018-01-09,2.9453873110906144
2018-01-10,2.3927179343570453
2018-01-11,2.5161595719702854
2018-01-12,2.4141495181318064
2018-01-13,2.7286479122908625
2018-01-14,2.893934792426875
2018-01-15,2.7785547628658733
2018-01-16,2.6245445189981864
2018-01-17,2.4430159637000304
2018-01-18,2.7217658182074196
2018-01-19,2.701946150406332
2018-01-20,2.5454470241596536
2018-01-21,2.4792589520114943
2018-01-22,2.363938765970444
2018-01-23,2.115711231016927
2018-01-24,2.0200978312432087
2018-01-25,2.171393490702188
2018-01-26,2.226001413952238
2018-01-27,2.145023752505133
2018-01-28,2.101819798098541
2018-01-29,2.2725258243970865
2018-01-30,2.2193387276548777
2018-01-31,2.1391875940846603
2018-02-01,2.154271038188639
2018-02-02,2.108301935656769
2018-02-03,2.123657607794946
2018-02-04,2.0820423896154225
2018-02-05,2.013492139939449
2018-02-06,1.8628164477990694
2018-02-07,1.6296431691189803
2018-02-08,1.8338411598543483
2018-02-09,2.6140939261502076
2018-02-10,2.8473177285679774
2018-02-11,2.9575423980647
2018-02-12,2.766909679559902
2018-02-13,2.5547492838094708
2018-02-14,2.7336196762097873
2018-02-15,2.629850088015847
2018-02-16,2.6320248585192862
2018-02-17,2.4149685511852685
2018-02-18,2.319103633417814
2018-02-19,2.261838089384984
2018-02-20,2.1800083580112477
2018-02-21,2.150994181607382
2018-02-22,2.0694853296042375
2018-02-23,2.0198405144573335
2018-02-24,1.9412085923662887
2018-02-25,1.8347292514701574
2018-02-26,1.7396948515007045
2018-02-27,1.7388078949635486
2018-02-28,1.6822344474927073
2018-03-01,1.6392236143423458
2018-03-02,1.607914013073819
2018-03-03,1.5155104989868349
2018-03-04,1.4598052921638522
2018-03-05,1.4343285560976993
2018-03-06,1.4017096979199564
2018-03-07,1.3958080532794306
2018-03-08,1.4088085819524556
2018-03-09,1.4102822894008176
2018-03-10,1.4167447220835065
2018-03-11,1.3859549925858592
2018-03-12,1.3591902720814992
2018-03-13,1.1620311578625537
2018-03-14,1.4185508834162441
2018-03-15,1.6423693068662062
2018-03-16,1.985052146003917
2018-03-17,1.9193325975765547
2018-03-18,3.707862941136053
2018-03-19,4.505332789256953
2018-03-20,5.143397593150618
2018-03-21,4.604053710807098
2018-03-22,3.6707134972580153
2018-03-23,3.7312111178389817
2018-03-24,3.61568412668808
2018-03-25,3.389458585958427
2018-03-26,3.055446458144592
2018-03-27,2.5844105280862113
2018-03-28,2.352824328793139
2018-03-29,2.1683774357779835
2018-03-30,2.0630437847149357
2018-03-31,2.2108941177184733
2018-04-01,2.34398580682045
2018-04-02,2.243160881234977
2018-04-03,2.2285532039487475
2018-04-04,2.672276126774627
2018-04-05,2.4413205447951736
2018-04-06,2.1819713493670974
2018-04-07,2.113316627621569
2018-04-08,2.074852504057146
2018-04-09,2.009190495006148
2018-04-10,1.9254241453493572
2018-04-11,1.827810198947585
2018-04-12,1.7899801777677613
2018-04-13,2.0309197300230486
2018-04-14,2.2708128319328216
2018-04-15,2.095884191724259
2018-04-16,2.384252367981905
2018-04-17,2.7969850936862963
2018-04-18,2.5620581839225656
2018-04-19,2.3465528304863894
2018-04-20,2.0081667075758904
2018-04-21,2.422836129158787
2018-04-22,2.27337146028133
2018-04-23,2.495699735102285
2018-04-24,2.323221529711008
2018-04-25,2.3446854027028543
2018-04-26,2.4716742915421226
2018-04-27,2.6567472515013333
2018-04-28,2.6590685170097044
2018-04-29,2.4094477875209805
2018-04-30,2.0434817231265563
2018-05-01,2.1292363491993966
2018-05-02,2.0472857296359797
2018-05-03,2.2963355251117687
2018-05-04,2.853994386431585
2018-05-05,2.6854402551064536
2018-05-06,2.8616746228026977
2018-05-07,2.6001423547638574
2018-05-08,2.1370267553514695
2018-05-09,2.4933105945235634
2018-05-10,2.5125135830633387
2018-05-11,3.237188712876672
2018-05-12,3.272617110091003
2018-05-13,3.3347279408630324
2018-05-14,3.0895151732686084
2018-05-15,3.22147898072749
2018-05-16,3.1318689964507014
2018-05-17,3.56095426763009
2018-05-18,3.3716876458814955
2018-05-19,3.5389265590459362
2018-05-20,2.871245710518184
2018-05-21,3.2246173314533437
2018-05-22,4.188190662206028
2018-05-23,3.7139513864147458
2018-05-24,3.810784896695392
2018-05-25,2.590223694212207
2018-05-26,2.24694122851813
2018-05-27,5.888599958736505
2018-05-28,6.466530358435553
2018-05-29,6.3919653656419335
2018-05-30,5.443875681254746
2018-05-31,5.195738731052692
2018-06-01,5.200412157670576
2018-06-02,3.8266953317210994
2018-06-03,3.7497444532693445
2018-06-04,3.7189520309937723
2018-06-05,4.309827336763194
2018-06-06,5.219145266074265
2018-06-07,3.975062430307288
2018-06-08,3.0655364300977674
2018-06-09,2.926119924639002
2018-06-10,3.236550746690673
2018-06-11,3.7709228537240445
2018-06-12,3.5991042116601397
2018-06-13,3.633256850625178
2018-06-14,2.737860489655772
2018-06-15,3.473828458773935
2018-06-16,3.5757300994685837
2018-06-17,3.259065398218469
2018-06-18,3.6069494404013644
2018-06-19,2.917324132582163
2018-06-20,2.0409952863544607
2018-06-21,1.9914412037521185
2018-06-22,2.3763734998228236
2018-06-23,2.0777636638678105
2018-06-24,2.531443496756852
2018-06-25,2.220627040635449
2018-06-26,2.386137114427163
2018-06-27,2.1271423676041255
2018-06-28,1.8245456206571242
2018-06-29,1.9837572631956994
2018-06-30,1.841497123767587
2018-07-01,2.6403547223749153
2018-07-02,2.6364234078978113
2018-07-03,3.675113436103905
2018-07-04,3.816488952937408
2018-07-05,4.134723759390044
2018-07-06,2.9085013125471453
2018-07-07,2.153986093852719
2018-07-08,1.9023032601681529
2018-07-09,1.7642497717964247
2018-07-10,1.4408972624994776
2018-07-11,1.5966230790082283
2018-07-12,2.1761387793841216
2018-07-13,1.7162095091160456
2018-07-14,2.2189786902555952
2018-07-15,2.12460074102831
2018-07-16,1.7807175401586746
2018-07-17,1.941680438901546
2018-07-18,1.698569179536837
2018-07-19,1.244644222769656
2018-07-20,1.6141440807852123
2018-07-21,1.654835866270523
2018-07-22,1.8874656564392942
2018-07-23,1.744994108735083
2018-07-24,1.8489302598948891
2018-07-25,1.8617134130543938
2018-07-26,2.1235524483978314
2018-07-27,2.3007197550509284
2018-07-28,1.893261311629648
2018-07-29,2.2350656708100702
2018-07-30,2.2695461316601984
2018-07-31,1.8888090140276514
2018-08-01,2.334654752674411
2018-08-02,2.585776247266552
2018-08-03,2.2134815596899404
2018-08-04,2.7567389276868504
2018-08-05,2.732467599771147
2018-08-06,2.158904208780394
2018-08-07,1.5406373795890183
2018-08-08,1.1148887596342332
2018-08-09,1.9595242484230921
2018-08-10,1.7098052214500443
2018-08-11,1.4561709921277455
2018-08-12,1.3367973870078012
2018-08-13,1.8517066273025218
2018-08-14,1.0846186705829823
2018-08-15,1.1387513218376468
2018-08-16,1.9880033405490238
2018-08-17,2.8311171140311937
2018-08-18,3.314738071555839
2018-08-19,2.7186661226243096
2018-08-20,2.470918366601506
2018-08-21,2.955874553386079
2018-08-22,3.07785981871892
2018-08-23,2.862986243835033
2018-08-24,2.8690634773403296
2018-08-25,2.9393700486403107
2018-08-26,2.7412675118446153
2018-08-27,2.2428608804594496
2018-08-28,2.5767073727576215
2018-08-29,2.5277695123028288
2018-08-30,2.6582837900865526
2018-08-31,2.228751398547546
2018-09-01,3.5054335975997657
2018-09-02,3.704107918255938
2018-09-03,3.539264078187675
2018-09-04,3.4377143098948157
2018-09-05,2.9889583338452232
2018-09-06,2.624831000088989
2018-09-07,2.4264016427965287
2018-09-08,2.287753235547893
2018-09-09,2.3093397865786343
2018-09-10,2.425548870380269
2018-09-11,2.7187667497124783
2018-09-12,3.2700890620867806
2018-09-13,2.8770630688301884
2018-09-14,3.0767411090449244
2018-09-15,3.7612261551373902
2018-09-16,3.313226222879698
2018-09-17,3.2238696572725334
2018-09-18,4.282140406913926
2018-09-19,3.4203921189808124
2018-09-20,3.8407205818458263
2018-09-21,3.532700032633502
2018-09-22,3.5799344686299985
2018-09-23,2.8294396048917942
2018-09-24,2.73676717226847
2018-09-25,3.5140300058500147
2018-09-26,4.1376328752578795
2018-09-27,4.581638347592887
2018-09-28,2.8974882518143747
2018-09-29,3.308159204970205
2018-09-30,5.507845005651808
2018-10-01,5.8256536803734615
2018-10-02,5.137932345318542
2018-10-03,4.150398340370759
2018-10-04,1.130772470695663
2018-10-05,1.7183485659740936
2018-10-06,2.778516883663649
2018-10-07,6.142604407740352
2018-10-08,4.186140606952099
2018-10-09,3.980551231645884
2018-10-10,7.041566466475408
2018-10-11,7.606164470636774
2018-10-12,6.5469610271163985
2018-10-13,5.717620269284022
2018-10-14,3.4914337156732427
2018-10-15,2.9784575751125435
2018-10-16,2.6479128247570265
2018-10-17,4.668228023881919
2018-10-18,3.974519363847069
2018-10-19,3.5669920029895756
2018-10-20,5.394433101058344
2018-10-21,6.8536094799205225
2018-10-22,6.42388242510339
2018-10-23,7.147373667010054
2018-10-24,6.916736862316533
2018-10-25,6.324072662425798
2018-10-26,5.6785176452881725
2018-10-27,5.589213151979107
2018-10-28,5.232785312428218
2018-10-29,4.456464722871076
2018-10-30,4.1480809541345955
2018-10-31,3.3106346734462293
2018-11-01,2.4120504534833604
2018-11-02,1.8914591086806694
2018-11-03,1.7737524727176293
2018-11-04,4.211485807375124
2018-11-05,4.134663570189759
2018-11-06,3.4402808023783624
2018-11-07,4.242036789274823
2018-11-08,3.5989555114483522
2018-11-09,3.026913230538982
2018-11-10,3.958013714789552
2018-11-11,3.741498426237798
2018-11-12,3.5335084188589456
2018-11-13,3.101030724676481
2018-11-14,3.082909834549025
2018-11-15,2.9716307817382743
2018-11-16,1.6750802367488875
2018-11-17,2.132538990658419
2018-11-18,2.4261361721083623
2018-11-19,2.751310241734586
2018-11-20,2.9320453460808364
2018-11-21,3.1364779722053
2018-11-22,1.8970770248087099
2018-11-23,1.452317819054343
2018-11-24,2.8031872740308947
2018-11-25,4.373841525677063
2018-11-26,4.7779585646598655
2018-11-27,4.943270219078772
2018-11-28,4.5859462784378255
2018-11-29,2.147677201623415
2018-11-30,3.129574867689091
2018-12-01,3.3990704399582223
2018-12-02,3.9115826164761653
2018-12-03,3.37432195183114
2018-12-04,1.5440227578072803
2018-12-05,2.26949631604934
2018-12-06,2.801800684433412
2018-12-07,3.6237851877350584
2018-12-08,3.4657439519370468
2018-12-09,3.5515894775521097
2018-12-10,3.0837162951711377
2018-12-11,2.9572879340203633
2018-12-12,2.8630610873113276
2018-12-13,2.6421316253571296
2018-12-14,2.537347435760132
2018-12-15,2.624252950039161
2018-12-16,2.2458640132756176
2018-12-17,2.4144990112643603
2018-12-18,2.329570453618974
2018-12-19,1.8926793879330484
2018-12-20,1.7249651868327478
2018-12-21,1.9653004916970171
2018-12-22,1.604136545992291
2018-12-23,1.2761386211964594
2018-12-24,1.684594463942251
2018-12-25,2.1179096882939783
2018-12-26,2.3004764658412618
2018-12-27,2.2307238373460643
2018-12-28,1.8146509542620388
2018-12-29,1.7072795162238725
2018-12-30,2.3252085243408014
2018-12-31,2.5356080949871127
2019-01-01,2.558634554139475
2019-01-02,2.3210257988909757
2019-01-03,2.2716915546834264
2019-01-04,2.2300205459050035
2019-01-05,2.0061207500492895
2019-01-06,1.8005494488339835
2019-01-07,1.8066576459576336
2019-01-08,1.888141791819617
2019-01-09,1.8908229464335875
2019-01-10,1.6934925715063072
2019-01-11,1.551397079787439
2019-01-12,1.5329359748825362
2019-01-13,1.4745726833940833
2019-01-14,1.4410425347592493
2019-01-15,1.4918510507039808
2019-01-16,1.4640038934360458
2019-01-17,1.3542138184826293
2019-01-18,1.2187606063717593
2019-01-19,1.3527742095706872
2019-01-20,1.3043835708060947
2019-01-21,1.2223564604816135
2019-01-22,1.1160556689918897
2019-01-23,1.0682318172919614
2019-01-24,0.9839674352312009
2019-01-25,0.9401118038532379
2019-01-26,0.9514628014734207
2019-01-27,1.0013687950143666
2019-01-28,1.4010440683959215
2019-01-29,1.7217795312943842
2019-01-30,1.9300102612837389
2019-01-31,1.7019741111380946
2019-02-01,1.5479012332065125
2019-02-02,1.472276679637238
2019-02-03,1.4970896468792643
2019-02-04,1.4338265320727437
2019-02-05,1.2336498962460472
2019-02-06,1.4501817538065735
2019-02-07,1.4415299288371033
2019-02-08,1.3849000897828168
2019-02-09,1.2106417422447848
2019-02-10,1.6212389169832757
2019-02-11,1.9840630256426308
2019-02-12,2.192987661277397
2019-02-13,2.1326574676808616
2019-02-14,1.9564027470618017
2019-02-15,1.7012666342997853
2019-02-16,1.6561353931087948
2019-02-17,2.0568757365556913
2019-02-18,2.1338288158680094
2019-02-19,1.835082399117538
2019-02-20,1.864745590337845
2019-02-21,1.8064599947711812
2019-02-22,1.7897714347253075
2019-02-23,1.702351518838996
2019-02-24,1.5630382832132634
2019-02-25,1.4287095667614327
2019-02-26,1.2825895240745973
2019-02-27,1.0869187067160526
2019-02-28,1.0600667539663675
2019-03-01,1.2501106388861973
2019-03-02,1.161002145134996
2019-03-03,1.3581623691175
2019-03-04,1.2044002313914042
2019-03-05,1.3179641649163456
2019-03-06,1.2565570768008012
2019-03-07,1.323618147039921
2019-03-08,1.1903878153572307
2019-03-09,1.1331669161755553
2019-03-10,1.2990122285472923
2019-03-11,1.3579806634662894
2019-03-12,1.3096274438663735
2019-03-13,1.244240858245732
2019-03-14,1.1702214847415933
2019-03-15,1.0682855692533395
2019-03-16,0.9872012566216347
2019-03-17,0.9260710519762899
2019-03-18,0.8656822257359337
2019-03-19,0.7889509244401894
2019-03-20,0.7771187827864596
2019-03-21,0.9582174902159094
2019-03-22,0.9194181910195739
2019-03-23,0.8448715957632345
2019-03-24,0.8556934192748039
2019-03-25,0.8515017053386346
2019-03-26,0.8133363490491301
2019-03-27,0.7833403310304391
2019-03-28,0.7594166791095847
2019-03-29,0.7090759653882812
2019-03-30,0.686666055985327
2019-03-31,0.6900336703291057
2019-04-01,0.6775393380776435
2019-04-02,0.6977665895993521
2019-04-03,0.8277686802471185
2019-04-04,0.8559048551842615
2019-04-05,0.8527301190024801
2019-04-06,0.8377653869070002
2019-04-07,0.8105414743879611
2019-04-08,0.7864006752421753
2019-04-09,0.9507197608990584
2019-04-10,1.3798276721714142
2019-04-11,1.4034974946574539
2019-04-12,1.7365128123162583
2019-04-13,1.665517986750601
2019-04-14,1.5683476539994547
2019-04-15,1.3757150310323614
2019-04-16,1.2566293343778445
2019-04-17,1.2828003830009063
2019-04-18,1.5951033657156375
2019-04-19,2.104490770199463
2019-04-20,2.397565956783744
2019-04-21,3.4911046317331302
2019-04-22,3.75143761214024
2019-04-23,3.173093727320958
2019-04-24,3.792692318943009
2019-04-25,3.816712525715124
2019-04-26,3.739476198032918
2019-04-27,3.2458580803362245
2019-04-28,2.7456221057668277
2019-04-29,1.9211134176537614
2019-04-30,2.246456716750389
2019-05-01,2.3881689030441553
2019-05-02,2.7753809379516574
2019-05-03,2.3357264271681264
2019-05-04,2.1754939687198305
2019-05-05,2.1966169087903826
2019-05-06,1.9431994797888594
2019-05-07,1.6620008549050997
2019-05-08,1.988561429377334
2019-05-09,2.0800855426897096
2019-05-10,2.762826968212379
2019-05-11,2.429682069630875
2019-05-12,2.606961236344295
2019-05-13,2.6397685922295113
2019-05-14,3.120379687521504
2019-05-15,3.0678354730244677
2019-05-16,3.539282401227367
2019-05-17,2.9073416843860502
2019-05-18,3.2978765908938423
2019-05-19,3.2334625078081545
2019-05-20,3.3747626258942143
2019-05-21,3.281018096352264
2019-05-22,3.3627681650173513
2019-05-23,2.807818468876232
2019-05-24,3.42145115792903
2019-05-25,4.015447885285394
2019-05-26,3.92026655226743
2019-05-27,4.024245143637558
2019-05-28,3.489466826615728
2019-05-29,3.3810353216365296
2019-05-30,3.4313700753748018
2019-05-31,3.1827973332442343
2019-06-01,4.3582420999601785
2019-06-02,3.271402002634211
2019-06-03,3.1588503543164306
2019-06-04,3.0038934281856995
2019-06-05,2.7006141712191716
2019-06-06,4.266510887957684
2019-06-07,4.0860575363827
2019-06-08,4.301785069444209
2019-06-09,4.650081778810136
2019-06-10,3.0461929928702567
2019-06-11,2.754216828413982
2019-06-12,2.490852897435171
2019-06-13,2.5572979015912267
2019-06-14,2.5135480495708653
2019-06-15,2.579582440754068
2019-06-16,2.8185401372606145
2019-06-17,2.1075824105916388
2019-06-18,1.9571758103285655
2019-06-19,1.890841588365768
2019-06-20,1.5414791754273691
2019-06-21,1.3265792112832075
2019-06-22,1.1681872041890404
2019-06-23,1.4549797535433056
2019-06-24,1.849830281528512
2019-06-25,2.0065183420940995
2019-06-26,1.744275584449799
2019-06-27,1.987296264858108
2019-06-28,2.3278905669690793
2019-06-29,1.7809152226210292
2019-06-30,1.3281608533205063
2019-07-01,1.557124313884194
2019-07-02,1.2254573139621479
2019-07-03,1.210185969371758
2019-07-04,1.1455016874604922
2019-07-05,1.0567770890370551
2019-07-06,1.003297392517672
2019-07-07,1.1620663953285237
2019-07-08,1.1600355211221591
2019-07-09,1.0951837035997558
2019-07-10,0.9448835794168253
2019-07-11,1.4196800926180648
2019-07-12,1.7892535369624598
2019-07-13,2.1440492013390617
2019-07-14,2.228440908007477
2019-07-15,2.6123125220867287
2019-07-16,2.89236984655
2019-07-17,3.0149226662261497
2019-07-18,2.2694052354126097
2019-07-19,1.8790340213467798
2019-07-20,3.8055876254399217
2019-07-21,3.5036867655913326
2019-07-22,1.9985408456418454
2019-07-23,2.886195654318244
2019-07-24,3.5408210094848496
2019-07-25,2.733665573228116
2019-07-26,2.7488922433318717
2019-07-27,2.7756857064746514
2019-07-28,4.318285989131262
2019-07-29,3.47498222360846
2019-07-30,3.150330086932857
2019-07-31,3.6748571407180375
2019-08-01,3.3264242593889644
2019-08-02,2.2595880637932857
2019-08-03,1.9503011836128488
2019-08-04,1.8610646615997593
2019-08-05,1.0777483607643905
2019-08-06,0.9905654036972643
2019-08-07,0.9820816222075412
2019-08-08,1.2299835010050286
2019-08-09,1.740171177505374
2019-08-10,3.0217724825582715
2019-08-11,4.003539761134785
2019-08-12,3.7782993327372645
2019-08-13,2.4315923258403074
2019-08-14,2.4270228218880727
2019-08-15,3.0961901028431402
2019-08-16,2.8359328763311935
2019-08-17,1.4284500337735233
2019-08-18,1.3144290833999535
2019-08-19,4.4028295838167395
2019-08-20,3.4698148457730484
2019-08-21,3.198194444568734
2019-08-22,2.999483002690092
2019-08-23,3.6925521521442763
2019-08-24,3.962711846516176
2019-08-25,5.174167379499997
2019-08-26,4.781975245588881
2019-08-27,4.2213948402449715
2019-08-28,4.0606246346898
2019-08-29,3.7459609684088875
2019-08-30,4.171350415226177
2019-08-31,3.5188281544328848
2019-09-01,2.6423007147557813
2019-09-02,2.602201027869466
2019-09-03,2.3776303597128057
2019-09-04,2.2362229079668134
2019-09-05,3.41056260931704
2019-09-06,3.440210175718008
2019-09-07,3.464195081086963
2019-09-08,3.3600860595979323
2019-09-09,3.1249882046517343
2019-09-10,2.8048255605080685
2019-09-11,2.375549209452683
2019-09-12,3.134272128360568
2019-09-13,3.312391415745619
2019-09-14,3.53032882106569
2019-09-15,3.5660496406544864
2019-09-16,2.4150860972614643
2019-09-17,2.2112649029047633
2019-09-18,2.467204315593231
2019-09-19,2.0588441945205402
2019-09-20,3.2161170647625132
2019-09-21,5.569359933451589
2019-09-22,3.4722594715797546
2019-09-23,2.7606716750717415
2019-09-24,2.843081848739459
2019-09-25,1.7303788250744532
2019-09-26,4.521792994212997
2019-09-27,4.623508965304496
2019-09-28,6.40807237728265
2019-09-29,6.882850573375219
2019-09-30,4.0715002386059895
2019-10-01,5.12941628946888
2019-10-02,5.848770550683218
2019-10-03,5.9547658755893424
2019-10-04,5.874184698095394
2019-10-05,5.568493993123892
2019-10-06,4.772318358143224
2019-10-07,4.616916984727456
2019-10-08,5.039747633456483
2019-10-09,5.579318047739226
2019-10-10,5.717543586662936
2019-10-11,5.18581453283535
2019-10-12,4.823901376989857
2019-10-13,5.88588766824339
2019-10-14,7.046532934697908
2019-10-15,3.373389606146424
2019-10-16,2.1426259753954167
2019-10-17,1.7193781481243933
2019-10-18,2.8147482056995163
2019-10-19,3.566640820427808
2019-10-20,2.7080745919543388
2019-10-21,0.7641800374528697
2019-10-22,2.577775490577111
2019-10-23,4.061367498945607
2019-10-24,2.858642657063347
2019-10-25,3.9109737032109364
2019-10-26,3.439969707505646
2019-10-27,3.538651929056967
2019-10-28,4.495287714818417
2019-10-29,3.1691875484083134
2019-10-30,1.6962151365662743
2019-10-31,2.6567267242903267
2019-11-01,5.504466088504719
2019-11-02,4.745196980100391
2019-11-03,6.5890031932446185
2019-11-04,7.188298263733374
2019-11-05,7.222652966559163
2019-11-06,6.316177272294006
2019-11-07,5.4175003235443455
2019-11-08,3.3626152193868095
2019-11-09,4.25501804222979
2019-11-10,4.0397726842661
2019-11-11,4.643864280239716
2019-11-12,5.918831779370668
2019-11-13,6.183933510987481
2019-11-14,4.836795710128482
2019-11-15,3.8074204428055745
2019-11-16,4.267864535117251
2019-11-17,5.708284096126247
2019-11-18,4.622333625467467
2019-11-19,5.521956943321689
2019-11-20,3.5782903144023543
2019-11-21,3.6674124802746295
2019-11-22,3.2202752888952064
2019-11-23,3.9877792082017933
2019-11-24,4.900413314965307
2019-11-25,4.51100296219078
2019-11-26,4.927212971342216
2019-11-27,3.6160897139425527
2019-11-28,2.4366345970608365
2019-11-29,2.8562411876904057
2019-11-30,2.3471160572103673
2019-12-01,0.47111268349443697
2019-12-02,1.7233711284937299
2019-12-03,1.5767949092635387
2019-12-04,5.50042404707579
2019-12-05,5.635171647112721
2019-12-06,5.048436568590428
2019-12-07,3.813212289244713
2019-12-08,4.317087638196679
2019-12-09,5.685691739349409
2019-12-10,5.740750145224361
2019-12-11,5.434088684139445
2019-12-12,5.192526056825724
2019-12-13,4.169938443651009
2019-12-14,2.0629865631410964
2019-12-15,4.330406197347734
2019-12-16,4.797182509136445
2019-12-17,3.66082643169006
2019-12-18,3.782610551894352
2019-12-19,3.47904914478461
2019-12-20,3.3968776607935944
2019-12-21,3.1081407514431496
2019-12-22,3.7925719045815574
2019-12-23,3.2205447818314834
2019-12-24,1.8463676982376092
2019-12-25,2.558171364067879
2019-12-26,3.166821451017458
2019-12-27,3.5033477395745365
2019-12-28,3.6564196484783347
2019-12-29,3.6687427673003317
2019-12-30,3.4579642113119635
2019-12-31,2.933921441653839
2020-01-01,3.1119281816314097
2020-01-02,3.1557469379064362
2020-01-03,3.524171244209337
2020-01-04,3.3526591681591333
2020-01-05,3.1778688336884824
2020-01-06,3.1670146435018087
2020-01-07,3.232557109396307
2020-01-08,3.193647218038486
2020-01-09,3.0328571798294455
2020-01-10,2.993792855383413
2020-01-11,3.1442981777496017
2020-01-12,2.9515692567294347
2020-01-13,2.747247384678398
2020-01-14,2.553091106059678
2020-01-15,2.4902901998539555
2020-01-16,2.3103473112766606
2020-01-17,2.3503275127326297
2020-01-18,2.1684301580208367
2020-01-19,1.9331547277614096
2020-01-20,2.367165444982559
2020-01-21,2.451017764175602
2020-01-22,2.5076737423285005
2020-01-23,2.1617658459277456
2020-01-24,2.2423121573922
2020-01-25,2.3428436553080867
2020-01-26,2.2509436310252298
2020-01-27,2.1123717295717284
2020-01-28,1.9628622630630441
2020-01-29,1.8966345099239803
2020-01-30,1.93124550673487
2020-01-31,1.8853205376931916
2020-02-01,1.7844895383930048
2020-02-02,1.6346726815370456
2020-02-03,1.7195658615847542
2020-02-04,1.7123007754342994
2020-02-05,1.4973351026443695
2020-02-06,1.564149764572308
2020-02-07,1.5037003763873307
2020-02-08,1.5149485191010452
2020-02-09,1.495317245501878
2020-02-10,1.5872897355627864
2020-02-11,1.672178394602241
2020-02-12,1.6713947391902635
2020-02-13,1.5574278697264792
2020-02-14,1.4241722469855886
2020-02-15,1.4039290956601531
2020-02-16,1.4606973553876756
2020-02-17,1.4865985303564446
2020-02-18,1.4694848805955525
2020-02-19,1.4090823293621844
2020-02-20,1.4162760743593363
2020-02-21,1.368149013484843
2020-02-22,1.2547097718405593
2020-02-23,1.2991045989004908
2020-02-24,1.2609537403235174
2020-02-25,1.169823241377778
2020-02-26,1.2031375857886093
2020-02-27,1.1724998330528127
2020-02-28,1.2253934831931659
2020-02-29,1.1290939882737536
2020-03-01,1.3399848239709027
2020-03-02,1.2863935517861789
2020-03-03,1.5152543332924377
2020-03-04,1.878179424223429
2020-03-05,1.8228114691767634
2020-03-06,1.9020512972574968
2020-03-07,1.9147818764126887
2020-03-08,2.1128242493718696
2020-03-09,2.022492154204575
2020-03-10,2.054219985734118
2020-03-11,2.0364568425389353
2020-03-12,2.0775168008963503
2020-03-13,2.1353284369911147
2020-03-14,1.9764967873039745
2020-03-15,1.8063629447947842
2020-03-16,1.6887847612813807
2020-03-17,1.6459476029807616
2020-03-18,1.5671347201530823
2020-03-19,1.3810209706027832
2020-03-20,1.3172235581528218
2020-03-21,1.4466448822780456
2020-03-22,1.5264427634645301
2020-03-23,1.5220942623890539
2020-03-24,1.9910523469767232
2020-03-25,2.1731173742348178
2020-03-26,2.203273584687634
2020-03-27,2.0142939268352564
2020-03-28,1.8523259527574099
2020-03-29,1.6705706496868895
2020-03-30,1.5611980395777774
2020-03-31,1.500329208608443
2020-04-01,1.4237137937623037
2020-04-02,1.2824682146625654
2020-04-03,1.1736490650286808
2020-04-04,1.0951899684915454
2020-04-05,1.0071846387712466
2020-04-06,1.3081921201965916
2020-04-07,1.7240197155834165
2020-04-08,2.4428629831041295
2020-04-09,3.105121123910454
2020-04-10,3.531381860703867
2020-04-11,3.7531256756805105
2020-04-12,3.8530117628980545
2020-04-13,3.9192211993474633
2020-04-14,3.49803897605823
2020-04-15,2.8349753461764404
2020-04-16,2.4348704469056988
2020-04-17,2.4882940162323406
2020-04-18,2.2529907324728122
2020-04-19,2.7080182423344783
2020-04-20,2.6792594614316196
2020-04-21,2.462931483842512
2020-04-22,2.3092332605389263
2020-04-23,2.230135971104877
2020-04-24,2.37031937987998
2020-04-25,2.6574861976218456
2020-04-26,2.8031843614986784
2020-04-27,3.433279459236117
2020-04-28,3.051522063543191
2020-04-29,3.1123163287796305
2020-04-30,3.682528639993131
2020-05-01,5.20139812507992
2020-05-02,3.684043761584105
2020-05-03,5.346877178833999
2020-05-04,5.5666151649377085
2020-05-05,4.470635361192667
2020-05-06,4.545902451273599
2020-05-07,3.6888269613703133
2020-05-08,4.09184155504066
2020-05-09,4.129980097009029
2020-05-10,4.6935530280501965
2020-05-11,3.620773141266074
2020-05-12,3.6299076422106045
2020-05-13,4.101987557875607
2020-05-14,3.6090042240545106
2020-05-15,4.268034395845052
2020-05-16,4.597705175431083
2020-05-17,4.125247437545778
2020-05-18,3.9106919086835834
2020-05-19,4.582600076688732
2020-05-20,4.579358324785245
2020-05-21,3.9814779685580857
2020-05-22,3.4778927660547545
2020-05-23,3.4412150196597766
2020-05-24,3.9806120142291417
2020-05-25,3.744203969892961
2020-05-26,3.7036226537279946
2020-05-27,3.3313537633652004
2020-05-28,3.475829795352003
2020-05-29,3.7607533109591924
2020-05-30,3.0048211836299705
2020-05-31,3.502215522405349
2020-06-01,4.056144189457114
2020-06-02,4.19619441542964
2020-06-03,3.9369434829453818
2020-06-04,3.7269818532482897
2020-06-05,3.664648407023219
2020-06-06,3.394336225685711
2020-06-07,3.2315915694000292
2020-06-08,3.9386327365242404
2020-06-09,4.009575390355054
2020-06-10,2.7662685235600906
2020-06-11,2.2695303881834183
2020-06-12,2.283040493601425
2020-06-13,2.5192819466012972
2020-06-14,2.1497971831654676
2020-06-15,2.3963481216361773
2020-06-16,2.050116430576259
2020-06-17,2.0178380383813046
2020-06-18,1.7883065223075965
2020-06-19,1.9472254092896617
2020-06-20,2.069953548863593
2020-06-21,1.501345866527993
2020-06-22,1.6793123846831743
2020-06-23,1.9324636157220996
2020-06-24,1.7762133219221992
2020-06-25,2.1828008374038483
2020-06-26,3.1400451728462593
2020-06-27,3.923788018478703
2020-06-28,3.2510407056087525
2020-06-29,2.7742774434047974
2020-06-30,2.938409669236857
2020-07-01,3.1254633712603863
2020-07-02,2.612118134826033
2020-07-03,1.9828400783651343
2020-07-04,2.7139741583869013
2020-07-05,3.2742553849298766
2020-07-06,3.02711962877797
2020-07-07,3.1401108786237852
2020-07-08,2.533788532729022
2020-07-09,1.905375228869091
2020-07-10,2.3472952708839525
2020-07-11,2.7222315892177735
2020-07-12,3.2418914281987443
2020-07-13,2.9015802358947447
2020-07-14,3.3690347926717936
2020-07-15,2.5114076217683743
2020-07-16,2.422818993392828
2020-07-17,2.713488207331161
2020-07-18,2.8066795906015085
2020-07-19,2.9849918756748086
2020-07-20,2.7721283240240604
2020-07-21,4.473490454110983
2020-07-22,5.013102146296623
2020-07-23,3.045882560960334
2020-07-24,3.7524927092589913
2020-07-25,4.466560922919217
2020-07-26,4.724480493330393
2020-07-27,4.119636659423578
2020-07-28,3.226723983342974
2020-07-29,1.6246058774887873
2020-07-30,4.1951060780687826
2020-07-31,3.0002132502188497
2020-08-01,2.994213150081137
2020-08-02,2.7823402018158374
2020-08-03,2.7928906229278776
2020-08-04,2.418751106828423
2020-08-05,2.465007817195795
2020-08-06,2.320939493940308
2020-08-07,2.7493369440096735
2020-08-08,1.8485803506753264
2020-08-09,1.389328451688376
2020-08-10,2.2222072490106197
2020-08-11,2.7032649809938363
2020-08-12,3.729478775934126
2020-08-13,3.9064055151248147
2020-08-14,3.8506814974400285
2020-08-15,3.021011551431052
2020-08-16,2.270037956926433
2020-08-17,2.2219921792585464
2020-08-18,2.5616998459094247
2020-08-19,2.9031353217750433
2020-08-20,2.7851905219834774
2020-08-21,2.6333349049277444
2020-08-22,2.9182536677626034
2020-08-23,3.1002834593022675
2020-08-24,3.289820885897741
2020-08-25,4.120224691293191
2020-08-26,3.3751067357037523
2020-08-27,3.826342004871714
2020-08-28,4.707068766043364
2020-08-29,4.106089139423943
2020-08-30,3.691784770938064
2020-08-31,3.471514723120218
2020-09-01,2.8293310300143255
2020-09-02,2.070031626005181
2020-09-03,3.1447460990156477
2020-09-04,5.058712492845477
2020-09-05,3.2275417398133426
2020-09-06,4.224245039069265
2020-09-07,6.087546338874106
2020-09-08,5.058928889557388
2020-09-09,3.5247470836796
2020-09-10,4.3596486020696705
2020-09-11,4.222454836140727
2020-09-12,2.7788551150474246
2020-09-13,2.0428407622903206
2020-09-14,3.7479289174654653
2020-09-15,3.3910312566873664
2020-09-16,3.9688638880266995
2020-09-17,4.5538010990789495
2020-09-18,3.514730726005915
2020-09-19,2.301441397588595
2020-09-20,1.6793718615980038
2020-09-21,2.349886173546899
2020-09-22,3.5521830711614073
2020-09-23,4.1830373993379295
2020-09-24,3.5961760519236936
2020-09-25,3.0591726196487308
2020-09-26,2.384024624849082
2020-09-27,2.944118115353438
2020-09-28,4.281558387137967
2020-09-29,3.736259614906758
2020-09-30,3.751428668949111
2020-10-01,3.8746328721588768
2020-10-02,4.057447481230383
2020-10-03,3.758511490988658
2020-10-04,3.450024894967801
2020-10-05,3.212514507720015
2020-10-06,2.909245772646652
2020-10-07,2.8088912052595805
2020-10-08,2.4500598091395687
2020-10-09,2.2145835534892866
2020-10-10,2.3353111562042965
2020-10-11,1.8296300484895556
2020-10-12,2.236837625112552
2020-10-13,2.5707382609544314
2020-10-14,2.7416706938741906
2020-10-15,2.544787859113342
2020-10-16,2.759171104162953
2020-10-17,2.8059767015385875
2020-10-18,2.2508821895039786
2020-10-19,2.562587021230169
2020-10-20,2.0289177923928587
2020-10-21,3.186612966284166
2020-10-22,3.323777951504698
2020-10-23,2.6098198518874787
2020-10-24,3.3533188337315476
2020-10-25,3.768842570583477
2020-10-26,2.7364498795590197
2020-10-27,4.241112227343451
2020-10-28,4.973730194404151
2020-10-29,4.872008421854746
2020-10-30,4.434542426132201
2020-10-31,3.173576450915867
2020-11-01,3.834483617061433
2020-11-02,3.257342971604109
2020-11-03,3.672995999981783
2020-11-04,2.915655164113149
2020-11-05,3.296674716259859
2020-11-06,3.5774535007726938
2020-11-07,5.610010492609384
2020-11-08,3.2859455208143022
2020-11-09,5.752212873644165
2020-11-10,5.787957984892552
2020-11-11,5.305999550609179
2020-11-12,3.099167511804178
2020-11-13,1.7332304625270318
2020-11-14,3.6032740188185475
2020-11-15,2.0363088452771714
2020-11-16,1.0450889864809518
2020-11-17,1.2034887161577055
2020-11-18,2.373538481943905
2020-11-19,4.471968487159243
2020-11-20,4.896943949769714
2020-11-21,6.1504509920469
2020-11-22,5.662782114668469
2020-11-23,4.5353471293744105
2020-11-24,3.3391704471602712
2020-11-25,3.191241684352374
2020-11-26,2.6290082763515037
2020-11-27,3.4497419212041462
2020-11-28,2.711762029645009
2020-11-29,3.2391219279074255
2020-11-30,3.2056027404762495
2020-12-01,4.366957524058888
2020-12-02,2.5620054129514878
2020-12-03,0.5987164142895368
2020-12-04,0.631154122473285
2020-12-05,1.3845705425611015
2020-12-06,1.2518849221782435
2020-12-07,1.0819330518017407
2020-12-08,1.5027990315882138
2020-12-09,3.8274094289101055
2020-12-10,4.723509064736414
2020-12-11,4.592827617212011
2020-12-12,4.657599856058766
2020-12-13,4.487346457059562
2020-12-14,4.3516313478982465
2020-12-15,4.223983711829286
2020-12-16,1.9756700855260796
2020-12-17,1.0705974711468849
2020-12-18,2.7686511125426554
2020-12-19,3.364146196356812
2020-12-20,3.958263079160164
2020-12-21,3.68144072370065
2020-12-22,2.8928878605892328
2020-12-23,2.4170848996069156
2020-12-24,2.8692655150722017
2020-12-25,3.396758397996946
2020-12-26,3.749806029281582
2020-12-27,3.470573529446362
2020-12-28,2.689661604470063
2020-12-29,2.816102975848687
2020-12-30,2.186484561358743
2020-12-31,0.9858385218566317
