date,storage,std
20110101,46.42,0
20110102,46.54,0
20110103,46.64,0
20110104,46.69,0
20110105,46.7,0
20110106,46.74,0
20110107,46.76,0
20110108,46.78,0
20110109,46.77,0
20110110,46.74,0
20110111,46.7,0
20110112,46.45,0
20110113,46.45,0
20110114,46.13,0
20110115,45.77,0
20110116,45.45,0
20110117,45.17,0
20110118,44.95,0
20110119,44.69,0
20110120,44.44,0
20110121,44.2,0
20110122,43.94,0
20110123,43.68,0
20110124,43.45,0
20110125,43.16,0
20110126,42.59,0
20110127,42.59,0
20110128,42.34,0
20110129,42.05,0
20110130,41.79,0
20110131,41.56,0
20110201,41.3,0
20110202,40.98,0
20110203,40.66,0
20110204,40.48,0
20110205,40.42,0
20110206,40.35,0
20110207,40.29,0
20110208,40.21,0
20110209,40.12,0
20110210,40.04,0
20110211,39.94,0
20110212,39.85,0
20110213,39.64,0
20110214,39.32,0
20110215,38.97,0
20110216,38.63,0
20110217,38.27,0
20110218,37.91,0
20110219,37.55,0
20110220,37.18,0
20110221,36.81,0
20110222,36.44,0
20110223,36.09,0
20110224,35.86,0
20110225,35.61,0
20110226,35.38,0
20110227,35.13,0
20110228,34.85,0
20110301,34.51,0
20110302,34.17,0
20110303,33.83,0
20110304,33.5,0
20110305,33.5,0
20110306,33.38,0
20110307,33.37,0
20110308,33.37,0
20110309,33.38,0
20110310,33.39,0
20110311,33.4,0
20110312,33.4,0
20110313,33.35,0
20110314,33.14,0
20110315,32.79,0
20110316,32.43,0
20110317,32.08,0
20110318,31.72,0
20110319,31.43,0
20110320,31.12,0
20110321,30.77,0
20110322,30.46,0
20110323,30.16,0
20110324,29.84,0
20110325,29.57,0
20110326,29.28,0
20110327,29.03,0
20110328,28.76,0
20110329,0,0
20110330,28.2,0
20110331,27.89,0
20110401,27.57,0
20110402,27.26,0
20110403,26.92,0
20110404,26.57,0
20110405,26.21,0
20110406,25.86,0
20110407,25.51,0
20110408,25.17,0
20110409,24.85,0
20110410,24.79,0
20110411,24.74,0
20110412,24.7,0
20110413,24.66,0
20110414,24.64,0
20110415,24.63,0
20110416,24.63,0
20110417,24.67,0
20110418,24.72,0
20110419,24.63,0
20110420,24.36,0
20110421,24.12,0
20110422,24.01,0
20110423,24.17,0
20110424,24.42,0
20110425,24.71,0
20110426,24.88,0
20110427,24.96,0
20110428,25.04,0
20110429,25.11,0
20110430,25.17,0
20110501,25.02,0
20110502,24.88,0
20110503,24.73,0
20110504,24.53,0
20110505,24.3,0
20110506,24.04,0
20110507,23.72,0
20110508,23.36,0
20110509,22.99,0
20110510,22.62,0
20110511,22.24,0
20110512,21.86,0
20110513,21.47,0
20110514,21.08,0
20110515,20.71,0
20110516,20.33,0
20110517,19.98,0
20110518,19.63,0
20110519,19.29,0
20110520,19.14,0
20110521,18.94,0
20110522,18.66,0
20110523,18.36,0
20110524,18.05,0
20110525,17.72,0
20110526,17.57,0
20110527,17.43,0
20110528,17.34,0
20110529,17.24,0
20110530,17.13,0
20110531,17.12,0
20110601,17.13,0
20110602,17.14,0
20110603,17.16,0
20110604,17.27,0
20110605,17.36,0
20110606,17.45,0
20110607,17.61,0
20110608,17.94,0
20110609,18.23,0
20110610,18.46,0
20110611,18.68,0
20110612,18.88,0
20110613,19.14,0
20110614,19.56,0
20110615,19.83,0
20110616,20.05,0
20110617,20.3,0
20110618,20.49,0
20110619,20.72,0
20110620,21.47,0
20110621,21.92,0
20110622,22.04,0
20110623,22.07,0
20110624,22.11,0
20110625,22.09,0
20110626,21.98,0
20110627,22.04,0
20110628,22.42,0
20110629,23.07,0
20110630,23.72,0
20110701,23.94,0
20110702,23.97,0
20110703,23.89,0
20110704,23.9,0
20110705,23.94,0
20110706,23.9,0
20110707,23.84,0
20110708,23.88,0
20110709,23.98,0
20110710,24.03,0
20110711,24.05,0
20110712,23.94,0
20110713,23.72,0
20110714,23.54,0
20110715,23.6,0
20110716,24.13,0
20110717,25.1,0
20110718,26.46,0
20110719,28.28,0
20110720,30.12,0
20110721,31.77,0
20110722,32.89,0
20110723,33.83,0
20110724,34.79,0
20110725,35.88,0
20110726,37.35,0
20110727,38.47,0
20110728,38.98,0
20110729,39.2,0
20110730,39.49,0
20110731,39.64,0
20110801,39.73,0
20110802,40.09,0
20110803,40.27,0
20110804,41.14,0
20110805,42.42,0
20110806,43.71,0
20110807,44.78,0
20110808,45.63,0
20110809,46.19,0
20110810,46.43,0
20110811,47.05,0
20110812,47.45,0
20110813,47.69,0
20110814,48.13,0
20110815,48.61,0
20110816,49.17,0
20110817,49.45,0
20110818,49.24,0
20110819,48.96,0
20110820,48.66,0
20110821,48.29,0
20110822,48.16,0
20110823,48.25,0
20110824,48.2,0
20110825,48.13,0
20110826,48.09,0
20110827,47.98,0
20110828,47.87,0
20110829,47.82,0
20110830,47.65,0
20110831,47.79,0
20110901,48.34,0
20110902,48.68,0
20110903,48.53,0
20110904,48.68,0
20110905,48.54,0
20110906,48.39,0
20110907,48.02,0
20110908,47.65,0
20110909,47.79,0
20110910,47.88,0
20110911,47.9,0
20110912,47.99,0
20110913,48.17,0
20110914,48.14,0
20110915,48.03,0
20110916,47.93,0
20110917,48.03,0
20110918,48.27,0
20110919,48.34,0
20110920,48.41,0
20110921,48.46,0
20110922,48.38,0
20110923,48.24,0
20110924,48.06,0
20110925,47.86,0
20110926,47.63,0
20110927,47.32,0
20110928,46.97,0
20110929,46.55,0
20110930,46.18,0
20111001,45.81,0
20111002,45.7,0
20111003,45.71,0
20111004,45.63,0
20111005,45.44,0
20111006,45.15,0
20111007,44.86,0
20111008,44.57,0
20111009,44.29,0
20111010,44.26,0
20111011,44.32,0
20111012,44.83,0
20111013,45.63,0
20111014,46.09,0
20111015,46.37,0
20111016,46.7,0
20111017,46.97,0
20111018,47.07,0
20111019,47,0
20111020,46.86,0
20111021,46.84,0
20111022,46.92,0
20111023,46.85,0
20111024,46.88,0
20111025,47.31,0
20111026,47.83,0
20111027,48.13,0
20111028,48.24,0
20111029,48.19,0
20111030,48.08,0
20111031,47.99,0
20111101,47.93,0
20111102,47.86,0
20111103,48.2,0
20111104,49.35,0
20111105,49.23,0
20111106,49.35,0
20111107,49.42,0
20111108,49.45,0
20111109,49.45,0
20111110,49.38,0
20111111,49.19,0
20111112,48.96,0
20111113,48.74,0
20111114,48.52,0
20111115,48.29,0
20111116,48.06,0
20111117,47.8,0
20111118,47.54,0
20111119,47.27,0
20111120,47,0
20111121,46.68,0
20111122,46.39,0
20111123,46.17,0
20111124,45.9,0
20111125,45.66,0
20111126,45.41,0
20111127,45.24,0
20111128,45.16,0
20111129,45.32,0
20111130,45.19,0
20111201,45.32,0
20111202,45.2,0
20111203,45.07,0
20111204,44.94,0
20111205,44.83,0
20111206,44.66,0
20111207,44.51,0
20111208,44.32,0
20111209,44.17,0
20111210,44,0
20111211,43.86,0
20111212,43.72,0
20111213,43.55,0
20111214,43.43,0
20111215,43.31,0
20111216,43.18,0
20111217,43.04,0
20111218,42.88,0
20111219,42.72,0
20111220,42.55,0
20111221,42.35,0
20111222,46.39,0
20111223,41.95,0
20111224,41.85,0
20111225,41.69,0
20111226,41.52,0
20111227,41.36,0
20111228,41.22,0
20111229,41.07,0
20111230,40.9,0
20111231,40.77,0
20120101,40.97,0
20120102,,0
20120103,,0
20120104,,0
20120105,,0
20120106,,0
20120107,,0
20120108,,0
20120109,,0
20120110,,0
20120111,,0
20120112,,0
20120113,,0
20120114,,0
20120115,,0
20120116,,0
20120117,,0
20120118,,0
20120119,,0
20120120,,0
20120121,,0
20120122,,0
20120123,,0
20120124,,0
20120125,,0
20120126,,0
20120127,,0
20120128,,0
20120129,,0
20120130,,0
20120131,,0
20120201,,0
20120202,,0
20120203,,0
20120204,,0
20120205,,0
20120206,,0
20120207,,0
20120208,,0
20120209,,0
20120210,,0
20120211,,0
20120212,,0
20120213,,0
20120214,,0
20120215,,0
20120216,,0
20120217,,0
20120218,,0
20120219,,0
20120220,,0
20120221,,0
20120222,,0
20120223,,0
20120224,,0
20120225,,0
20120226,,0
20120227,,0
20120228,,0
20120229,,0
20120301,,0
20120302,,0
20120303,,0
20120304,,0
20120305,,0
20120306,,0
20120307,,0
20120308,,0
20120309,,0
20120310,,0
20120311,,0
20120312,,0
20120313,,0
20120314,,0
20120315,,0
20120316,,0
20120317,,0
20120318,,0
20120319,,0
20120320,,0
20120321,,0
20120322,,0
20120323,,0
20120324,,0
20120325,,0
20120326,,0
20120327,,0
20120328,,0
20120329,,0
20120330,,0
20120331,,0
20120401,,0
20120402,,0
20120403,,0
20120404,,0
20120405,,0
20120406,,0
20120407,,0
20120408,,0
20120409,,0
20120410,,0
20120411,,0
20120412,,0
20120413,,0
20120414,,0
20120415,,0
20120416,,0
20120417,,0
20120418,,0
20120419,,0
20120420,,0
20120421,,0
20120422,,0
20120423,,0
20120424,,0
20120425,,0
20120426,,0
20120427,,0
20120428,,0
20120429,,0
20120430,,0
20120501,,0
20120502,,0
20120503,,0
20120504,,0
20120505,,0
20120506,,0
20120507,,0
20120508,,0
20120509,,0
20120510,,0
20120511,,0
20120512,,0
20120513,,0
20120514,,0
20120515,,0
20120516,,0
20120517,,0
20120518,,0
20120519,,0
20120520,,0
20120521,,0
20120522,,0
20120523,,0
20120524,,0
20120525,,0
20120526,,0
20120527,,0
20120528,,0
20120529,,0
20120530,,0
20120531,8.45,0
20120601,7.94,0
20120602,7.75,0
20120603,7.75,0
20120604,7.76,0
20120605,7.75,0
20120606,7.75,0
20120607,7.76,0
20120608,7.76,0
20120609,7.77,0
20120610,7.77,0
20120611,7.77,0
20120612,7.77,0
20120613,7.78,0
20120614,,0
20120615,7.79,0
20120616,7.78,0
20120617,7.78,0
20120618,,0
20120619,,0
20120620,,0
20120621,,0
20120622,,0
20120623,,0
20120624,,0
20120625,,0
20120626,8.33,0
20120627,8.45,0
20120628,8.58,0
20120629,8.75,0
20120630,8.92,0
20120701,8.94,0
20120702,8.66,0
20120703,8.42,0
20120704,8.31,0
20120705,8.94,0
20120706,9.65,0
20120707,10.14,0
20120708,10.2,0
20120709,10.14,0
20120710,9.99,0
20120711,9.85,0
20120712,9.71,0
20120713,9.6,0
20120714,9.52,0
20120715,9.44,0
20120716,9.37,0
20120717,9.29,0
20120718,9.22,0
20120719,9.16,0
20120720,9.11,0
20120721,9.05,0
20120722,8.98,0
20120723,8.92,0
20120724,8.87,0
20120725,8.85,0
20120726,8.82,0
20120727,8.8,0
20120728,8.78,0
20120729,8.85,0
20120730,9.03,0
20120731,9.37,0
20120801,9.69,0
20120802,9.93,0
20120803,10.18,0
20120804,10.37,0
20120805,10.5,0
20120806,10.64,0
20120807,11.32,0
20120808,13.96,0
20120809,16.42,0
20120810,18.22,0
20120811,19.98,0
20120812,21.28,0
20120813,22.42,0
20120814,23.7,0
20120815,24.57,0
20120816,25.1,0
20120817,25.47,0
20120818,25.4,0
20120819,25.23,0
20120820,25.08,0
20120821,24.91,0
20120822,24.7,0
20120823,24.39,0
20120824,24.23,0
20120825,24.1,0
20120826,23.9,0
20120827,23.9,0
20120828,23.88,0
20120829,24.01,0
20120830,24.13,0
20120831,24.73,0
20120901,24.73,0
20120902,26.33,0
20120903,27.1,0
20120904,27.89,0
20120905,28.89,0
20120906,29.85,0
20120907,30.5,0
20120908,30.95,0
20120909,31.31,0
20120910,31.62,0
20120911,31.88,0
20120912,32.11,0
20120913,32.23,0
20120914,32.33,0
20120915,32.36,0
20120916,32.36,0
20120917,32.28,0
20120918,32.23,0
20120919,32.23,0
20120920,32.18,0
20120921,32.21,0
20120922,32.14,0
20120923,32.06,0
20120924,31.9,0
20120925,31.72,0
20120926,31.55,0
20120927,31.37,0
20120928,31.27,0
20120929,31.29,0
20120930,31.22,0
20121001,30.99,0
20121002,30.78,0
20121003,30.51,0
20121004,30.11,0
20121005,29.48,0
20121006,28.63,0
20121007,27.71,0
20121008,27.17,0
20121009,26.97,0
20121010,27.08,0
20121011,27.04,0
20121012,26.99,0
20121013,26.9,0
20121014,26.95,0
20121015,27.46,0
20121016,28.01,0
20121017,28.58,0
20121018,29.02,0
20121019,29.27,0
20121020,29.48,0
20121021,29.74,0
20121022,29.96,0
20121023,30.15,0
20121024,30.3,0
20121025,30.23,0
20121026,30.07,0
20121027,29.85,0
20121028,29.54,0
20121029,29.21,0
20121030,28.86,0
20121031,28.52,0
20121101,28.42,0
20121102,28.61,0
20121103,28.91,0
20121104,29.16,0
20121105,29.34,0
20121106,29.49,0
20121107,29.52,0
20121108,29.43,0
20121109,29.27,0
20121110,29.02,0
20121111,28.76,0
20121112,28.51,0
20121113,28.24,0
20121114,27.99,0
20121115,27.73,0
20121116,27.38,0
20121117,27.03,0
20121118,26.69,0
20121119,26.33,0
20121120,25.96,0
20121121,25.59,0
20121122,25.21,0
20121123,24.85,0
20121124,24.49,0
20121125,24.15,0
20121126,23.85,0
20121127,23.6,0
20121128,23.36,0
20121129,23.1,0
20121130,22.81,0
20121201,0,0
20121202,22.23,0
20121203,21.89,0
20121204,21.57,0
20121205,21.33,0
20121206,21.11,0
20121207,20.67,0
20121208,19.49,0
20121209,18.27,0
20121210,17.52,0
20121211,17.18,0
20121212,16.89,0
20121213,16.59,0
20121214,16.3,0
20121215,16.01,0
20121216,15.73,0
20121217,15.46,0
20121218,15.19,0
20121219,14.94,0
20121220,14.7,0
20121221,14.45,0
20121222,14.23,0
20121223,14.01,0
20121224,13.8,0
20121225,13.59,0
20121226,13.37,0
20121227,13.17,0
20121228,12.97,0
20121229,12.76,0
20121230,12.55,0
20121231,12.32,0
20130101,,0
20130102,,0
20130103,,0
20130104,,0
20130105,,0
20130106,,0
20130107,,0
20130108,,0
20130109,,0
20130110,,0
20130111,,0
20130112,,0
20130113,,0
20130114,,0
20130115,,0
20130116,,0
20130117,,0
20130118,,0
20130119,,0
20130120,,0
20130121,,0
20130122,11.49,0
20130123,11.48,0
20130124,11.48,0
20130125,11.48,0
20130126,11.47,0
20130127,11.46,0
20130128,11.46,0
20130129,11.45,0
20130130,11.45,0
20130131,11.44,0
20130201,11.43,0
20130202,12.14,0
20130203,11.42,0
20130204,11.41,0
20130205,,0
20130206,,0
20130207,,0
20130208,,0
20130209,,0
20130210,,0
20130211,,0
20130212,,0
20130213,,0
20130214,,0
20130215,,0
20130216,,0
20130217,,0
20130218,,0
20130219,,0
20130220,,0
20130221,,0
20130222,,0
20130223,,0
20130224,,0
20130225,,0
20130226,,0
20130227,,0
20130228,,0
20130301,,0
20130302,,0
20130303,,0
20130304,,0
20130305,,0
20130306,,0
20130307,,0
20130308,,0
20130309,,0
20130310,,0
20130311,,0
20130312,,0
20130313,,0
20130314,,0
20130315,,0
20130316,,0
20130317,,0
20130318,,0
20130319,,0
20130320,,0
20130321,,0
20130322,,0
20130323,,0
20130324,,0
20130325,,0
20130326,,0
20130327,,0
20130328,,0
20130329,,0
20130330,,0
20130331,,0
20130401,,0
20130402,,0
20130403,,0
20130404,,0
20130405,,0
20130406,,0
20130407,,0
20130408,,0
20130409,,0
20130410,,0
20130411,,0
20130412,,0
20130413,,0
20130414,,0
20130415,,0
20130416,,0
20130417,,0
20130418,,0
20130419,,0
20130420,,0
20130421,,0
20130422,,0
20130423,,0
20130424,,0
20130425,,0
20130426,,0
20130427,,0
20130428,,0
20130429,,0
20130430,,0
20130501,,0
20130502,,0
20130503,,0
20130504,,0
20130505,,0
20130506,,0
20130507,,0
20130508,,0
20130509,,0
20130510,,0
20130511,,0
20130512,,0
20130513,,0
20130514,,0
20130515,,0
20130516,,0
20130517,,0
20130518,,0
20130519,,0
20130520,,0
20130521,,0
20130522,,0
20130523,,0
20130524,,0
20130525,,0
20130526,,0
20130527,,0
20130528,,0
20130529,,0
20130530,,0
20130531,,0
20130601,,0
20130602,,0
20130603,,0
20130604,,0
20130605,,0
20130606,,0
20130607,,0
20130608,,0
20130609,,0
20130610,,0
20130611,5.11,0
20130612,5.06,0
20130613,5.03,0
20130614,5.12,0
20130615,7.79,0
20130616,5.85,0
20130617,6.41,0
20130618,7.8,0
20130619,8.24,0
20130620,9.21,0
20130621,9.77,0
20130622,10.22,0
20130623,10.55,0
20130624,10.7,0
20130625,10.77,0
20130626,8.33,0
20130627,12.71,0
20130628,14.55,0
20130629,15.88,0
20130630,16.48,0
20130701,16.73,0
20130702,16.85,0
20130703,17.07,0
20130704,18,0
20130705,20.55,0
20130706,24.08,0
20130707,27.1,0
20130708,29.26,0
20130709,30.6,0
20130710,31.47,0
20130711,31.92,0
20130712,32.55,0
20130713,33.33,0
20130714,34.47,0
20130715,35.39,0
20130716,35.6,0
20130717,35.74,0
20130718,36.11,0
20130719,36.54,0
20130720,38.12,0
20130721,41.55,0
20130722,44.59,0
20130723,47.13,0
20130724,48.45,0
20130725,48.66,0
20130726,48.06,0
20130727,47.31,0
20130728,46.69,0
20130729,47.08,0
20130730,47.79,0
20130731,48.59,0
20130801,49.45,0
20130802,48.2,0
20130803,48.59,0
20130804,48.29,0
20130805,47.31,0
20130806,47.52,0
20130807,47.93,0
20130808,48.89,0
20130809,49.41,0
20130810,49.26,0
20130811,49.45,0
20130812,49.45,0
20130813,49.45,0
20130814,49.45,0
20130815,49.45,0
20130816,49.45,0
20130817,49.41,0
20130818,49.33,0
20130819,49.16,0
20130820,48.89,0
20130821,48.7,0
20130822,48.82,0
20130823,49.13,0
20130824,49.35,0
20130825,49.45,0
20130826,49.45,0
20130827,49.41,0
20130828,49.27,0
20130829,49.05,0
20130830,48.75,0
20130831,48.48,0
20130901,47.91,0
20130902,47.63,0
20130903,47.41,0
20130904,47.31,0
20130905,47.08,0
20130906,46.89,0
20130907,46.69,0
20130908,46.5,0
20130909,46.61,0
20130910,46.7,0
20130911,46.66,0
20130912,46.45,0
20130913,46.61,0
20130914,46.93,0
20130915,47.01,0
20130916,47.01,0
20130917,46.8,0
20130918,46.73,0
20130919,46.84,0
20130920,47.31,0
20130921,48.09,0
20130922,49.21,0
20130923,49.45,0
20130924,49.45,0
20130925,49.45,0
20130926,49.33,0
20130927,49.21,0
20130928,49.03,0
20130929,48.77,0
20130930,48.49,0
20131001,48.27,0
20131002,48.13,0
20131003,48.03,0
20131004,47.93,0
20131005,47.79,0
20131006,47.61,0
20131007,47.37,0
20131008,47.2,0
20131009,47.13,0
20131010,47.12,0
20131011,47.12,0
20131012,47,0
20131013,46.81,0
20131014,46.58,0
20131015,46.37,0
20131016,46.26,0
20131017,46.14,0
20131018,46.05,0
20131019,46.06,0
20131020,46.19,0
20131021,46.89,0
20131022,47.28,0
20131023,47.31,0
20131024,47.31,0
20131025,47.31,0
20131026,47.3,0
20131027,,0
20131028,47.08,0
20131029,46.94,0
20131030,46.77,0
20131031,,0
20131101,46.37,0
20131102,46.15,0
20131103,45.89,0
20131104,45.63,0
20131105,45.41,0
20131106,45.19,0
20131107,44.96,0
20131108,44.7,0
20131109,49.45,0
20131110,44.18,0
20131111,43.9,0
20131112,43.54,0
20131113,43.31,0
20131114,43.04,0
20131115,42.83,0
20131116,42.57,0
20131117,42.3,0
20131118,42.08,0
20131119,41.93,0
20131120,41.79,0
20131121,41.61,0
20131122,41.39,0
20131123,41.18,0
20131124,41.34,0
20131125,41.98,0
20131126,42.23,0
20131127,42.24,0
20131128,42.18,0
20131129,42.08,0
20131130,42.02,0
20131201,0,0
20131202,41.79,0
20131203,41.68,0
20131204,41.56,0
20131205,41.48,0
20131206,41.36,0
20131207,41.24,0
20131208,41.12,0
20131209,41.01,0
20131210,40.9,0
20131211,40.79,0
20131212,40.65,0
20131213,40.49,0
20131214,40.47,0
20131215,40.43,0
20131216,40.33,0
20131217,40.21,0
20131218,40.12,0
20131219,40,0
20131220,39.88,0
20131221,39.87,0
20131222,39.85,0
20131223,39.69,0
20131224,39.52,0
20131225,39.29,0
20131226,39.04,0
20131227,38.84,0
20131228,38.73,0
20131229,38.67,0
20131230,38.63,0
20131231,38.61,0
20140101,38.58,0
20140102,38.55,0
20140103,38.49,0
20140104,38.49,0
20140105,38.48,0
20140106,38.47,0
20140107,38.48,0
20140108,38.5,0
20140109,38.55,0
20140110,38.61,0
20140111,38.56,0
20140112,38.35,0
20140113,38.12,0
20140114,37.89,0
20140115,37.6,0
20140116,37.26,0
20140117,36.98,0
20140118,36.71,0
20140119,36.44,0
20140120,36.21,0
20140121,35.94,0
20140122,35.62,0
20140123,35.33,0
20140124,35.03,0
20140125,34.73,0
20140126,34.46,0
20140127,34.19,0
20140128,34.12,0
20140129,34.12,0
20140130,34.1,0
20140131,34.07,0
20140201,34.05,0
20140202,34.01,0
20140203,33.99,0
20140204,33.97,0
20140205,33.95,0
20140206,33.92,0
20140207,33.78,0
20140208,33.51,0
20140209,33.21,0
20140210,32.89,0
20140211,32.57,0
20140212,32.22,0
20140213,31.85,0
20140214,31.48,0
20140215,31.11,0
20140216,30.75,0
20140217,31.11,0
20140218,30.01,0
20140219,29.62,0
20140220,29.24,0
20140221,28.85,0
20140222,28.47,0
20140223,28.08,0
20140224,27.7,0
20140225,27.55,0
20140226,27.49,0
20140227,27.44,0
20140228,27.37,0
20140301,27.34,0
20140302,27.3,0
20140303,27.27,0
20140304,27.23,0
20140305,27.19,0
20140306,27.16,0
20140307,27.12,0
20140308,27.1,0
20140309,27.06,0
20140310,27.02,0
20140311,26.99,0
20140312,26.85,0
20140313,26.55,0
20140314,26.21,0
20140315,25.82,0
20140316,25.43,0
20140317,25.04,0
20140318,24.65,0
20140319,24.25,0
20140320,,0
20140321,23.44,0
20140322,23.03,0
20140323,22.63,0
20140324,22.23,0
20140325,21.82,0
20140326,21.42,0
20140327,21.02,0
20140328,20.64,0
20140329,20.35,0
20140330,20.05,0
20140331,20.01,0
20140401,19.98,0
20140402,19.94,0
20140403,19.91,0
20140404,19.87,0
20140405,19.83,0
20140406,19.8,0
20140407,19.77,0
20140408,19.72,0
20140409,19.66,0
20140410,19.61,0
20140411,19.55,0
20140412,19.33,0
20140413,18.94,0
20140414,18.54,0
20140415,18.15,0
20140416,17.76,0
20140417,17.36,0
20140418,16.97,0
20140419,16.58,0
20140420,16.17,0
20140421,15.77,0
20140422,15.36,0
20140423,14.96,0
20140424,14.55,0
20140425,14.15,0
20140426,15.36,0
20140427,13.35,0
20140428,12.96,0
20140429,12.92,0
20140430,12.88,0
20140501,12.83,0
20140502,12.79,0
20140503,12.75,0
20140504,12.71,0
20140505,12.67,0
20140506,12.63,0
20140507,12.59,0
20140508,12.56,0
20140509,12.55,0
20140510,12.56,0
20140511,12.58,0
20140512,12.66,0
20140513,12.74,0
20140514,12.8,0
20140515,0,0
20140516,12.36,0
20140517,12.04,0
20140518,11.74,0
20140519,11.42,0
20140520,11.09,0
20140521,10.75,0
20140522,10.39,0
20140523,10.04,0
20140524,9.69,0
20140525,9.33,0
20140526,8.99,0
20140527,8.67,0
20140528,8.39,0
20140529,8.18,0
20140530,7.97,0
20140531,7.86,0
20140601,7.77,0
20140602,7.69,0
20140603,7.64,0
20140604,7.63,0
20140605,7.63,0
20140606,7.64,0
20140607,7.65,0
20140608,7.66,0
20140609,7.68,0
20140610,7.7,0
20140611,7.72,0
20140612,7.74,0
20140613,7.76,0
20140614,7.78,0
20140615,7.8,0
20140616,7.82,0
20140617,7.84,0
20140618,7.85,0
20140619,7.86,0
20140620,7.87,0
20140621,8.2,0
20140622,9.13,0
20140623,9.97,0
20140624,10.7,0
20140625,11.08,0
20140626,11.28,0
20140627,11.35,0
20140628,11.35,0
20140629,11.33,0
20140630,11.29,0
20140701,11.26,0
20140702,11.25,0
20140703,11.23,0
20140704,11.22,0
20140705,11.23,0
20140706,11.3,0
20140707,11.46,0
20140708,11.57,0
20140709,11.66,0
20140710,11.74,0
20140711,11.85,0
20140712,11.93,0
20140713,12.1,0
20140714,12.59,0
20140715,14.04,0
20140716,15.58,0
20140717,16.73,0
20140718,18.2,0
20140719,19.76,0
20140720,21.02,0
20140721,22.61,0
20140722,24.75,0
20140723,27.17,0
20140724,29.19,0
20140725,31.52,0
20140726,33.31,0
20140727,34.42,0
20140728,34.85,0
20140729,35.55,0
20140730,35.94,0
20140731,36.33,0
20140801,36.72,0
20140802,38.49,0
20140803,40.87,0
20140804,42.1,0
20140805,44.98,0
20140806,48.34,0
20140807,49.45,0
20140808,49.24,0
20140809,47.86,0
20140810,47.65,0
20140811,48.4,0
20140812,49.17,0
20140813,49.45,0
20140814,49.45,0
20140815,49.45,0
20140816,49.45,0
20140817,49.33,0
20140818,49.17,0
20140819,49.21,0
20140820,49.17,0
20140821,49.03,0
20140822,48.8,0
20140823,48.49,0
20140824,48.25,0
20140825,48.1,0
20140826,47.83,0
20140827,47.52,0
20140828,47.15,0
20140829,46.77,0
20140830,46.43,0
20140831,46.19,0
20140901,46.34,0
20140902,47.43,0
20140903,48.89,0
20140904,49.45,0
20140905,49.45,0
20140906,49.45,0
20140907,49.45,0
20140908,49.45,0
20140909,49.45,0
20140910,49.45,0
20140911,49.45,0
20140912,49.45,0
20140913,49.45,0
20140914,49.45,0
20140915,49.45,0
20140916,49.45,0
20140917,49.42,0
20140918,49.34,0
20140919,49.2,0
20140920,49.03,0
20140921,48.87,0
20140922,48.66,0
20140923,48.47,0
20140924,48.54,0
20140925,49.45,0
20140926,49.45,0
20140927,49.45,0
20140928,49.45,0
20140929,49.45,0
20140930,49.45,0
20141001,49.45,0
20141002,49.45,0
20141003,49.45,0
20141004,49.45,0
20141005,49.45,0
20141006,49.33,0
20141007,49.31,0
20141008,49.4,0
20141009,49.45,0
20141010,49.45,0
20141011,49.45,0
20141012,49.45,0
20141013,49.45,0
20141014,49.45,0
20141015,49.45,0
20141016,49.38,0
20141017,49.26,0
20141018,49.13,0
20141019,49.06,0
20141020,49.05,0
20141021,49.05,0
20141022,49.02,0
20141023,49.01,0
20141024,48.88,0
20141025,48.8,0
20141026,48.89,0
20141027,49.07,0
20141028,49.35,0
20141029,49.45,0
20141030,49.45,0
20141031,49.45,0
20141101,49.45,0
20141102,49.45,0
20141103,49.45,0
20141104,49.45,0
20141105,49.45,0
20141106,49.41,0
20141107,49.31,0
20141108,49.2,0
20141109,49.07,0
20141110,48.94,0
20141111,48.8,0
20141112,48.49,0
20141113,48.2,0
20141114,47.91,0
20141115,47.62,0
20141116,47.35,0
20141117,47.06,0
20141118,46.78,0
20141119,46.5,0
20141120,46.23,0
20141121,45.95,0
20141122,45.66,0
20141123,45.38,0
20141124,45.11,0
20141125,44.83,0
20141126,44.56,0
20141127,44.28,0
20141128,44.03,0
20141129,43.77,0
20141130,43.52,0
20141201,43.26,0
20141202,43.26,0
20141203,42.75,0
20141204,42.44,0
20141205,42.14,0
20141206,41.87,0
20141207,41.58,0
20141208,41.3,0
20141209,41.03,0
20141210,41.03,0
20141211,40.76,0
20141212,40.91,0
20141213,41.01,0
20141214,41.12,0
20141215,41.21,0
20141216,41.3,0
20141217,41.35,0
20141218,41.39,0
20141219,41.31,0
20141220,41.22,0
20141221,41.09,0
20141222,40.99,0
20141223,40.87,0
20141224,40.77,0
20141225,40.66,0
20141226,40.57,0
20141227,40.52,0
20141228,40.42,0
20141229,40.29,0
20141230,40.09,0
20141231,40.09,0
20150101,43.26,0
20150102,39.88,0
20150103,39.96,0
20150104,40.04,0
20150105,40.09,0
20150106,40.12,0
20150107,40.16,0
20150108,40.21,0
20150109,40.24,0
20150110,40.29,0
20150111,40.3,0
20150112,40.07,0
20150113,39.78,0
20150114,39.49,0
20150115,39.17,0
20150116,38.83,0
20150117,38.15,0
20150118,38.08,0
20150119,37.71,0
20150120,37.43,0
20150121,37.18,0
20150122,36.91,0
20150123,36.61,0
20150124,36.27,0
20150125,35.96,0
20150126,35.67,0
20150127,35.5,0
20150128,35.26,0
20150129,35.26,0
20150130,35.27,0
20150131,35.27,0
20150201,35.27,0
20150202,35.26,0
20150203,35.23,0
20150204,35.19,0
20150205,35.16,0
20150206,35.14,0
20150207,35.12,0
20150208,35.09,0
20150209,35.05,0
20150210,35.02,0
20150211,34.67,0
20150212,34.33,0
20150213,33.96,0
20150214,33.59,0
20150215,33.22,0
20150216,32.84,0
20150217,33.51,0
20150218,32.1,0
20150219,31.72,0
20150220,31.35,0
20150221,30.98,0
20150222,30.62,0
20150223,30.25,0
20150224,29.88,0
20150225,29.52,0
20150226,29.15,0
20150227,28.78,0
20150228,28.42,0
20150301,28.06,0
20150302,27.7,0
20150303,27.65,0
20150304,27.62,0
20150305,27.58,0
20150306,27.55,0
20150307,27.52,0
20150308,27.49,0
20150309,27.46,0
20150310,27.44,0
20150311,27.42,0
20150312,27.39,0
20150313,27.21,0
20150314,26.89,0
20150315,26.57,0
20150316,26.24,0
20150317,25.91,0
20150318,25.59,0
20150319,25.25,0
20150320,24.9,0
20150321,24.55,0
20150322,24.21,0
20150323,23.86,0
20150324,23.51,0
20150325,23.17,0
20150326,22.82,0
20150327,22.48,0
20150328,22.13,0
20150329,21.78,0
20150330,21.43,0
20150331,21.08,0
20150401,20.73,0
20150402,20.38,0
20150403,20.04,0
20150404,19.82,0
20150405,19.79,0
20150406,19.75,0
20150407,19.72,0
20150408,19.69,0
20150409,19.65,0
20150410,19.63,0
20150411,19.59,0
20150412,19.56,0
20150413,19.51,0
20150414,19.35,0
20150415,18.99,0
20150416,18.63,0
20150417,18.28,0
20150418,17.92,0
20150419,17.57,0
20150420,17.21,0
20150421,16.85,0
20150422,16.49,0
20150423,16.14,0
20150424,15.78,0
20150425,15.42,0
20150426,15.06,0
20150427,14.71,0
20150428,14.35,0
20150429,14,0
20150430,13.65,0
20150501,13.29,0
20150502,13.27,0
20150503,13.26,0
20150504,13.24,0
20150505,13.22,0
20150506,13.2,0
20150507,13.18,0
20150508,13.17,0
20150509,13.15,0
20150510,13.14,0
20150511,13.11,0
20150512,13.11,0
20150513,12.99,0
20150514,12.75,0
20150515,12.52,0
20150516,12.28,0
20150517,12.05,0
20150518,11.89,0
20150519,11.75,0
20150520,11.69,0
20150521,11.69,0
20150522,11.71,0
20150523,11.65,0
20150524,11.34,0
20150525,11.03,0
20150526,10.72,0
20150527,10.41,0
20150528,10.14,0
20150529,9.85,0
20150530,9.6,0
20150531,9.41,0
20150601,9.24,0
20150602,9.25,0
20150603,9.26,0
20150604,9.29,0
20150605,9.33,0
20150606,9.36,0
20150607,9.38,0
20150608,9.39,0
20150609,9.41,0
20150610,9.42,0
20150611,9.43,0
20150612,9.44,0
20150613,9.44,0
20150614,9.46,0
20150615,9.47,0
20150616,9.48,0
20150617,9.5,0
20150618,9.52,0
20150619,9.56,0
20150620,9.63,0
20150621,9.83,0
20150622,10.96,0
20150623,13.17,0
20150624,15.35,0
20150625,16.91,0
20150626,18.63,0
20150627,20.7,0
20150628,23.81,0
20150629,26.64,0
20150630,28.26,0
20150701,29,0
20150702,29.38,0
20150703,29.76,0
20150704,30.05,0
20150705,30.21,0
20150706,30.34,0
20150707,30.39,0
20150708,30.41,0
20150709,30.42,0
20150710,30.42,0
20150711,30.36,0
20150712,30.41,0
20150713,30.56,0
20150714,30.67,0
20150715,30.64,0
20150716,30.53,0
20150717,30.27,0
20150718,29.69,0
20150719,29.19,0
20150720,29.76,0
20150721,30.97,0
20150722,31.55,0
20150723,31.68,0
20150724,31.47,0
20150725,31.12,0
20150726,30.73,0
20150727,30.34,0
20150728,29.9,0
20150729,29.47,0
20150730,29.08,0
20150731,28.72,0
20150801,28.51,0
20150802,28.23,0
20150803,27.91,0
20150804,27.55,0
20150805,27.18,0
20150806,27.18,0
20150807,26.99,0
20150808,27.03,0
20150809,27.39,0
20150810,27.93,0
20150811,28.37,0
20150812,28.64,0
20150813,29.19,0
20150814,29.4,0
20150815,29.66,0
20150816,29.69,0
20150817,29.67,0
20150818,29.87,0
20150819,30,0
20150820,30,0
20150821,29.66,0
20150822,29.2,0
20150823,28.88,0
20150824,28.27,0
20150825,27.46,0
20150826,27.12,0
20150827,26.94,0
20150828,26.92,0
20150829,26.78,0
20150830,26.47,0
20150831,26.15,0
20150901,25.83,0
20150902,25.53,0
20150903,25.3,0
20150904,25.3,0
20150905,25.38,0
20150906,25.68,0
20150907,26.35,0
20150908,26.9,0
20150909,27.33,0
20150910,27.98,0
20150911,28.4,0
20150912,28.61,0
20150913,28.76,0
20150914,28.85,0
20150915,28.77,0
20150916,28.53,0
20150917,28.26,0
20150918,28.03,0
20150919,27.83,0
20150920,27.5,0
20150921,27.12,0
20150922,26.99,0
20150923,26.82,0
20150924,26.43,0
20150925,25.79,0
20150926,25.36,0
20150927,25.13,0
20150928,25.17,0
20150929,25.34,0
20150930,25.56,0
20151001,26.08,0
20151002,26.45,0
20151003,26.6,0
20151004,26.58,0
20151005,26.99,0
20151006,27.44,0
20151007,28.18,0
20151008,28.66,0
20151009,28.98,0
20151010,29.34,0
20151011,29.63,0
20151012,30,0
20151013,30.37,0
20151014,30.58,0
20151015,30.5,0
20151016,30.37,0
20151017,30.16,0
20151018,29.98,0
20151019,29.71,0
20151020,29.43,0
20151021,29.17,0
20151022,28.89,0
20151023,28.59,0
20151024,28.28,0
20151025,27.94,0
20151026,27.58,0
20151027,27.25,0
20151028,26.93,0
20151029,26.88,0
20151030,26.74,0
20151031,26.62,0
20151101,26.47,0
20151102,26.72,0
20151103,27.39,0
20151104,28.15,0
20151105,29.04,0
20151106,29.93,0
20151107,30.3,0
20151108,30.58,0
20151109,30.77,0
20151110,31.04,0
20151111,31.4,0
20151112,31.8,0
20151113,32.1,0
20151114,32.21,0
20151115,32.38,0
20151116,32.61,0
20151117,32.74,0
20151118,32.59,0
20151119,32.42,0
20151120,32.4,0
20151121,32.34,0
20151122,32.35,0
20151123,32.4,0
20151124,32.49,0
20151125,32.54,0
20151126,32.48,0
20151127,32.33,0
20151128,32.12,0
20151129,31.87,0
20151130,31.65,0
20151201,31.44,0
20151202,31.33,0
20151203,31.33,0
20151204,31.47,0
20151205,31.62,0
20151206,31.72,0
20151207,31.8,0
20151208,31.88,0
20151209,31.97,0
20151210,31.87,0
20151211,31.64,0
20151212,31.36,0
20151213,31.1,0
20151214,30.82,0
20151215,30.58,0
20151216,30.31,0
20151217,30.06,0
20151218,29.8,0
20151219,29.64,0
20151220,29.52,0
20151221,29.28,0
20151222,29.03,0
20151223,28.81,0
20151224,28.68,0
20151225,28.57,0
20151226,28.47,0
20151227,28.36,0
20151228,28.27,0
20151229,28.21,0
20151230,28.12,0
20151231,28.01,0
20160101,27.89,0
20160102,27.78,0
20160103,27.71,0
20160104,27.7,0
20160105,27.68,0
20160106,27.66,0
20160107,27.51,0
20160108,27.23,0
20160109,26.99,0
20160110,26.73,0
20160111,26.43,0
20160112,26.15,0
20160113,25.87,0
20160114,25.56,0
20160115,25.25,0
20160116,24.92,0
20160117,24.6,0
20160118,24.35,0
20160119,24.08,0
20160120,23.8,0
20160121,23.53,0
20160122,23.29,0
20160123,23.3,0
20160124,23.29,0
20160125,23.3,0
20160126,23.29,0
20160127,23.28,0
20160128,23.27,0
20160129,23.25,0
20160130,23.24,0
20160131,23.22,0
20160201,22.94,0
20160202,22.65,0
20160203,22.38,0
20160204,22.09,0
20160205,21.8,0
20160206,21.52,0
20160207,21.22,0
20160208,20.94,0
20160209,20.66,0
20160210,20.37,0
20160211,20.08,0
20160212,19.8,0
20160213,19.52,0
20160214,19.24,0
20160215,18.97,0
20160216,18.69,0
20160217,18.42,0
20160218,18.27,0
20160219,18.27,0
20160220,18.25,0
20160221,18.23,0
20160222,18.2,0
20160223,18.17,0
20160224,18.13,0
20160225,18.11,0
20160226,18.07,0
20160227,18.04,0
20160228,18.01,0
20160229,17.98,0
20160301,17.95,0
20160302,17.92,0
20160303,17.79,0
20160304,17.58,0
20160305,17.37,0
20160306,17.11,0
20160307,16.81,0
20160308,16.51,0
20160309,16.2,0
20160310,15.89,0
20160311,15.58,0
20160312,15.28,0
20160313,15,0
20160314,14.71,0
20160315,14.43,0
20160316,14.14,0
20160317,13.87,0
20160318,13.59,0
20160319,13.32,0
20160320,13.05,0
20160321,12.77,0
20160322,12.5,0
20160323,12.36,0
20160324,12.34,0
20160325,12.33,0
20160326,12.31,0
20160327,12.3,0
20160328,12.28,0
20160329,12.26,0
20160330,12.24,0
20160331,12.22,0
20160401,12.2,0
20160402,12.18,0
20160403,12.16,0
20160404,12.13,0
20160405,12.09,0
20160406,12.04,0
20160407,11.97,0
20160408,11.77,0
20160409,11.59,0
20160410,11.41,0
20160411,11.31,0
20160412,11.29,0
20160413,11.26,0
20160414,11.24,0
20160415,11.22,0
20160416,11.2,0
20160417,11.17,0
20160418,11.15,0
20160419,11.13,0
20160420,11.11,0
20160421,11.08,0
20160422,11.06,0
20160423,11.04,0
20160424,11.02,0
20160425,11,0
20160426,10.97,0
20160427,10.95,0
20160428,10.92,0
20160429,10.9,0
20160430,10.88,0
20160501,10.86,0
20160502,10.83,0
20160503,10.8,0
20160504,10.78,0
20160505,10.78,0
20160506,10.67,0
20160507,10.63,0
20160508,10.6,0
20160509,10.58,0
20160510,10.55,0
20160511,10.53,0
20160512,10.5,0
20160513,10.48,0
20160514,10.45,0
20160515,10.43,0
20160516,10.41,0
20160517,10.38,0
20160518,10.36,0
20160519,10.34,0
20160520,10.32,0
20160521,10.3,0
20160522,10.27,0
20160523,10.25,0
20160524,10.22,0
20160525,10.2,0
20160526,10.18,0
20160527,10.16,0
20160528,10.11,0
20160529,10.01,0
20160530,9.88,0
20160531,9.75,0
20160601,9.62,0
20160602,9.49,0
20160603,9.44,0
20160604,9.42,0
20160605,9.41,0
20160606,9.39,0
20160607,9.37,0
20160608,9.35,0
20160609,9.33,0
20160610,9.32,0
20160611,9.26,0
20160612,9.14,0
20160613,9.01,0
20160614,8.81,0
20160615,8.6,0
20160616,8.39,0
20160617,8.19,0
20160618,7.99,0
20160619,7.82,0
20160620,7.65,0
20160621,7.48,0
20160622,7.31,0
20160623,7.14,0
20160624,6.98,0
20160625,6.82,0
20160626,6.81,0
20160627,6.85,0
20160628,6.86,0
20160629,6.91,0
20160630,8.25,0
20160701,10.06,0
20160702,11.65,0
20160703,12.81,0
20160704,13.64,0
20160705,13.96,0
20160706,14.84,0
20160707,15.53,0
20160708,16,0
20160709,16.39,0
20160710,16.73,0
20160711,16.95,0
20160712,17.68,0
20160713,18.87,0
20160714,19.7,0
20160715,20.16,0
20160716,20.51,0
20160717,20.77,0
20160718,21.02,0
20160719,21.13,0
20160720,21.22,0
20160721,21.47,0
20160722,21.67,0
20160723,21.81,0
20160724,22.11,0
20160725,22.25,0
20160726,22.42,0
20160727,22.5,0
20160728,22.54,0
20160729,22.5,0
20160730,22.28,0
20160731,21.98,0
20160801,21.76,0
20160802,21.52,0
20160803,21.24,0
20160804,20.93,0
20160805,20.69,0
20160806,20.66,0
20160807,20.86,0
20160808,20.86,0
20160809,20.85,0
20160810,20.99,0
20160811,21.1,0
20160812,21.06,0
20160813,21,0
20160814,20.91,0
20160815,20.78,0
20160816,20.66,0
20160817,20.62,0
20160818,20.86,0
20160819,21.01,0
20160820,21.01,0
20160821,20.81,0
20160822,20.48,0
20160823,20.06,0
20160824,19.51,0
20160825,18.98,0
20160826,18.6,0
20160827,18.22,0
20160828,17.92,0
20160829,17.66,0
20160830,17.46,0
20160831,17.54,0
20160901,17.68,0
20160902,17.82,0
20160903,17.96,0
20160904,18.09,0
20160905,18.23,0
20160906,18.28,0
20160907,17.97,0
20160908,17.09,0
20160909,16.68,0
20160910,16.28,0
20160911,15.82,0
20160912,15.38,0
20160913,15.04,0
20160914,14.64,0
20160915,14.23,0
20160916,13.74,0
20160917,13.25,0
20160918,12.94,0
20160919,12.71,0
20160920,13.04,0
20160921,13.53,0
20160922,13.98,0
20160923,14.31,0
20160924,14.45,0
20160925,14.53,0
20160926,14.6,0
20160927,14.84,0
20160928,15.06,0
20160929,15.35,0
20160930,15.55,0
20161001,15.64,0
20161002,15.7,0
20161003,15.76,0
20161004,15.53,0
20161005,14.95,0
20161006,14.56,0
20161007,14.15,0
20161008,13.64,0
20161009,13.19,0
20161010,12.54,0
20161011,12.1,0
20161012,11.91,0
20161013,11.58,0
20161014,11.42,0
20161015,11.29,0
20161016,11.36,0
20161017,11.42,0
20161018,11.49,0
20161019,11.55,0
20161020,11.62,0
20161021,11.68,0
20161022,11.71,0
20161023,11.74,0
20161024,11.76,0
20161025,11.57,0
20161026,11.1,0
20161027,10.58,0
20161028,10.06,0
20161029,9.56,0
20161030,9.14,0
20161031,9.48,0
20161101,10.04,0
20161102,10.74,0
20161103,11.23,0
20161104,11.53,0
20161105,11.63,0
20161106,11.66,0
20161107,11.69,0
20161108,11.73,0
20161109,11.77,0
20161110,11.79,0
20161111,11.53,0
20161112,11.01,0
20161113,10.55,0
20161114,10.06,0
20161115,9.65,0
20161116,9.48,0
20161117,9.55,0
20161118,9.62,0
20161119,9.68,0
20161120,9.74,0
20161121,9.79,0
20161122,9.83,0
20161123,9.87,0
20161124,9.91,0
20161125,9.95,0
20161126,9.99,0
20161127,10.03,0
20161128,10.07,0
20161129,10.1,0
20161130,10.14,0
20161201,10.17,0
20161202,10.19,0
20161203,10.2,0
20161204,10.22,0
20161205,10.23,0
20161206,10.24,0
20161207,10.24,0
20161208,10.25,0
20161209,10.25,0
20161210,10.24,0
20161211,10.24,0
20161212,10.24,0
20161213,10.23,0
20161214,10.27,0
20161215,10.3,0
20161216,10.31,0
20161217,10.33,0
20161218,10.35,0
20161219,10.38,0
20161220,10.41,0
20161221,10.44,0
20161222,10.46,0
20161223,10.48,0
20161224,10.5,0
20161225,10.52,0
20161226,10.54,0
20161227,10.55,0
20161228,10.55,0
20161229,10.55,0
20161230,10.56,0
20161231,10.56,0
20170101,10.55,0
20170102,10.55,0
20170103,10.55,0
20170104,10.54,0
20170105,10.54,0
20170106,10.54,0
20170107,10.54,0
20170108,10.54,0
20170109,10.54,0
20170110,10.54,0
20170111,10.54,0
20170112,10.53,0
20170113,10.53,0
20170114,10.52,0
20170115,10.52,0
20170116,10.51,0
20170117,10.5,0
20170118,10.5,0
20170119,10.49,0
20170120,10.48,0
20170121,10.48,0
20170122,10.47,0
20170123,10.46,0
20170124,10.45,0
20170125,10.45,0
20170126,10.44,0
20170127,10.43,0
20170128,10.42,0
20170129,10.42,0
20170130,10.4,0
20170131,10.39,0
20170201,10.39,0
20170202,10.38,0
20170203,10.36,0
20170204,10.35,0
20170205,10.34,0
20170206,10.33,0
20170207,10.33,0
20170208,10.31,0
20170209,10.3,0
20170210,10.29,0
20170211,10.24,0
20170212,10.23,0
20170213,10.22,0
20170214,10.2,0
20170215,10.19,0
20170216,10.17,0
20170217,10.15,0
20170218,10.14,0
20170219,10.12,0
20170220,10.11,0
20170221,10.09,0
20170222,10.07,0
20170223,10.06,0
20170224,10.04,0
20170225,10.03,0
20170226,10.18,0
20170227,10.92,0
20170228,11.42,0
20170301,11.49,0
20170302,11.56,0
20170303,11.53,0
20170304,11.46,0
20170305,11.39,0
20170306,11.32,0
20170307,11.32,0
20170308,11.19,0
20170309,11.12,0
20170310,11.08,0
20170311,11.03,0
20170312,10.99,0
20170313,10.94,0
20170314,10.89,0
20170315,10.83,0
20170316,10.78,0
20170317,10.73,0
20170318,10.67,0
20170319,10.62,0
20170320,10.56,0
20170321,10.49,0
20170322,10.41,0
20170323,10.33,0
20170324,10.25,0
20170325,10.17,0
20170326,10.09,0
20170327,10.02,0
20170328,9.93,0
20170329,9.84,0
20170330,9.74,0
20170331,9.65,0
20170401,9.55,0
20170402,9.45,0
20170403,9.35,0
20170404,9.25,0
20170405,9.15,0
20170406,9.08,0
20170407,9.02,0
20170408,8.96,0
20170409,8.9,0
20170410,8.84,0
20170411,8.84,0
20170412,8.73,0
20170413,8.67,0
20170414,8.62,0
20170415,8.56,0
20170416,8.5,0
20170417,8.44,0
20170418,8.39,0
20170419,8.34,0
20170420,8.3,0
20170421,8.25,0
20170422,8.2,0
20170423,8.15,0
20170424,8.1,0
20170425,8.05,0
20170426,8,0
20170427,7.95,0
20170428,7.9,0
20170429,7.85,0
20170430,7.8,0
20170501,7.75,0
20170502,7.7,0
20170503,7.65,0
20170504,7.6,0
20170505,7.54,0
20170506,7.49,0
20170507,7.44,0
20170508,7.38,0
20170509,7.33,0
20170510,7.28,0
20170511,7.22,0
20170512,7.16,0
20170513,7.1,0
20170514,7.03,0
20170515,6.97,0
20170516,6.9,0
20170517,6.84,0
20170518,6.77,0
20170519,6.71,0
20170520,6.67,0
20170521,6.63,0
20170522,6.59,0
20170523,6.56,0
20170524,6.54,0
20170525,6.52,0
20170526,6.49,0
20170527,6.47,0
20170528,6.46,0
20170529,6.47,0
20170530,6.48,0
20170531,6.49,0
20170601,6.5,0
20170602,6.51,0
20170603,6.47,0
20170604,6.43,0
20170605,6.4,0
20170606,6.36,0
20170607,6.35,0
20170608,6.34,0
20170609,6.32,0
20170610,6.3,0
20170611,6.29,0
20170612,6.27,0
20170613,6.26,0
20170614,6.26,0
20170615,6.3,0
20170616,6.35,0
20170617,6.37,0
20170618,6.38,0
20170619,6.4,0
20170620,6.41,0
20170621,6.43,0
20170622,6.43,0
20170623,6.43,0
20170624,6.41,0
20170625,6.4,0
20170626,6.39,0
20170627,6.38,0
20170628,6.52,0
20170629,6.95,0
20170630,7.41,0
20170701,7.82,0
20170702,8,0
20170703,8,0
20170704,9,0
20170705,9,0
20170706,9,0
20170707,10,0
20170708,10,0
20170709,9.95,0
20170710,10.12,0
20170711,10.22,0
20170712,10.27,0
20170713,10.2,0
20170714,10.12,0
20170715,10.08,0
20170716,10.04,0
20170717,10,0
20170718,9.97,0
20170719,10.01,0
20170720,10.16,0
20170721,11.32,0
20170722,13.02,0
20170723,14.28,0
20170724,14.89,0
20170725,15.18,0
20170726,15.41,0
20170727,15.58,0
20170728,15.7,0
20170729,15.76,0
20170730,15.82,0
20170731,15.91,0
20170801,15.97,0
20170802,16.03,0
20170803,16.08,0
20170804,16.12,0
20170805,16.17,0
20170806,16.42,0
20170807,17.16,0
20170808,17.52,0
20170809,17.71,0
20170810,17.9,0
20170811,17.8,0
20170812,17.68,0
20170813,17.48,0
20170814,17.23,0
20170815,17.64,0
20170816,17.01,0
20170817,16.98,0
20170818,16.7,0
20170819,16.3,0
20170820,16,0
20170821,15.88,0
20170822,16.15,0
20170823,16.54,0
20170824,16.95,0
20170825,17.16,0
20170826,17.24,0
20170827,17.36,0
20170828,17.58,0
20170829,18.23,0
20170830,19.7,0
20170831,21.21,0
20170901,21.96,0
20170902,22.19,0
20170903,22.54,0
20170904,22.89,0
20170905,23.09,0
20170906,23.93,0
20170907,24.5,0
20170908,24.84,0
20170909,25.34,0
20170910,25.89,0
20170911,26.24,0
20170912,26.42,0
20170913,26.46,0
20170914,26.13,0
20170915,25.59,0
20170916,25.07,0
20170917,24.63,0
20170918,24.38,0
20170919,24.54,0
20170920,25.25,0
20170921,26.55,0
20170922,27.35,0
20170923,27.57,0
20170924,27.62,0
20170925,27.57,0
20170926,28.03,0
20170927,28.58,0
20170928,29.28,0
20170929,30.17,0
20170930,30.81,0
20171001,31.17,0
20171002,31.17,0
20171003,31.32,0
20171004,31.62,0
20171005,31.87,0
20171006,32.23,0
20171007,32.55,0
20171008,32.74,0
20171009,32.87,0
20171010,32.99,0
20171011,33.36,0
20171012,33.74,0
20171013,34.12,0
20171014,34.45,0
20171015,34.81,0
20171016,35.19,0
20171017,35.52,0
20171018,35.52,0
20171019,35.94,0
20171020,36.05,0
20171021,36.16,0
20171022,36.23,0
20171023,36.29,0
20171024,36.21,0
20171025,35.94,0
20171026,35.62,0
20171027,35.29,0
20171028,35.07,0
20171029,34.79,0
20171030,34.5,0
20171031,34.24,0
20171101,33.96,0
20171102,33.67,0
20171103,33.41,0
20171104,33.19,0
20171105,33.01,0
20171106,32.86,0
20171107,32.76,0
20171108,32.72,0
20171109,32.79,0
20171110,32.9,0
20171111,33.04,0
20171112,33.15,0
20171113,33.31,0
20171114,33.48,0
20171115,33.62,0
20171116,33.73,0
20171117,33.82,0
20171118,33.86,0
20171119,33.9,0
20171120,33.91,0
20171121,33.8,0
20171122,33.5,0
20171123,33.2,0
20171124,32.83,0
20171125,32.43,0
20171126,32.02,0
20171127,31.64,0
20171128,31.25,0
20171129,30.87,0
20171130,30.51,0
20171201,30.16,0
20171202,29.87,0
20171203,29.69,0
20171204,29.52,0
20171205,29.42,0
20171206,29.33,0
20171207,29.39,0
20171208,29.45,0
20171209,29.49,0
20171210,29.52,0
20171211,29.55,0
20171212,29.58,0
20171213,29.59,0
20171214,29.61,0
20171215,29.61,0
20171216,29.61,0
20171217,29.61,0
20171218,29.59,0
20171219,29.57,0
20171220,29.57,0
20171221,29.29,0
20171222,29.01,0
20171223,28.7,0
20171224,28.4,0
20171225,28.09,0
20171226,27.74,0
20171227,27.39,0
20171228,27.02,0
20171229,26.63,0
20171230,26.23,0
20171231,25.83,0
20180101,25.55,0
20180102,25.4,0
20180103,25.38,0
20180104,25.36,0
20180105,25.34,0
20180106,25.32,0
20180107,25.3,0
20180108,25.28,0
20180109,25.25,0
20180110,25.24,0
20180111,25.22,0
20180112,25.19,0
20180113,25.18,0
20180114,24.99,0
20180115,24.63,0
20180116,24.26,0
20180117,23.9,0
20180118,23.53,0
20180119,23.14,0
20180120,22.76,0
20180121,22.4,0
20180122,22.04,0
20180123,21.67,0
20180124,21.36,0
20180125,21.2,0
20180126,21.17,0
20180127,21.14,0
20180128,21.11,0
20180129,21.08,0
20180130,21.06,0
20180131,21.04,0
20180201,21.02,0
20180202,20.99,0
20180203,20.96,0
20180204,20.93,0
20180205,20.9,0
20180206,20.75,0
20180207,20.38,0
20180208,20.01,0
20180209,19.63,0
20180210,19.26,0
20180211,18.9,0
20180212,18.52,0
20180213,18.15,0
20180214,17.79,0
20180215,17.41,0
20180216,17.11,0
20180217,16.85,0
20180218,16.55,0
20180219,16.24,0
20180220,16.05,0
20180221,16.03,0
20180222,16,0
20180223,15.98,0
20180224,15.95,0
20180225,15.94,0
20180226,15.91,0
20180227,15.89,0
20180228,15.87,0
20180301,15.84,0
20180302,15.82,0
20180303,15.75,0
20180304,15.68,0
20180305,15.65,0
20180306,15.63,0
20180307,15.48,0
20180308,15.2,0
20180309,14.93,0
20180310,14.61,0
20180311,14.29,0
20180312,13.97,0
20180313,13.65,0
20180314,13.34,0
20180315,13.02,0
20180316,12.7,0
20180317,12.44,0
20180318,12.19,0
20180319,11.93,0
20180320,11.67,0
20180321,11.42,0
20180322,11.16,0
20180323,11.07,0
20180324,11.05,0
20180325,11.03,0
20180326,11,0
20180327,10.98,0
20180328,10.96,0
20180329,10.94,0
20180330,10.91,0
20180331,10.89,0
20180401,10.87,0
20180402,10.85,0
20180403,10.83,0
20180404,10.81,0
20180405,10.78,0
20180406,10.75,0
20180407,10.69,0
20180408,10.64,0
20180409,10.5,0
20180410,10.12,0
20180411,9.74,0
20180412,9.36,0
20180413,9.06,0
20180414,8.75,0
20180415,8.48,0
20180416,8.36,0
20180417,8.33,0
20180418,8.32,0
20180419,8.3,0
20180420,8.28,0
20180421,8.27,0
20180422,8.25,0
20180423,8.23,0
20180424,8.21,0
20180425,8.19,0
20180426,8.18,0
20180427,8.16,0
20180428,8.14,0
20180429,8.09,0
20180430,8.04,0
20180501,7.98,0
20180502,7.92,0
20180503,7.84,0
20180504,7.76,0
20180505,7.68,0
20180506,7.61,0
20180507,7.54,0
20180508,7.46,0
20180509,7.4,0
20180510,7.33,0
20180511,7.26,0
20180512,7.19,0
20180513,7.13,0
20180514,7.06,0
20180515,6.99,0
20180516,6.93,0
20180517,6.87,0
20180518,6.83,0
20180519,6.79,0
20180520,6.76,0
20180521,6.76,0
20180522,6.88,0
20180523,7.04,0
20180524,7.2,0
20180525,7.34,0
20180526,7.54,0
20180527,7.8,0
20180528,8.06,0
20180529,8.31,0
20180530,8.53,0
20180531,8.67,0
20180601,8.79,0
20180602,8.96,0
20180603,9.09,0
20180604,9.21,0
20180605,9.31,0
20180606,9.41,0
20180607,9.52,0
20180608,9.63,0
20180609,9.73,0
20180610,9.87,0
20180611,10.57,0
20180612,12.08,0
20180613,14.01,0
20180614,16.42,0
20180615,18.8,0
20180616,21.43,0
20180617,23.4,0
20180618,24.34,0
20180619,24.96,0
20180620,25.81,0
20180621,25.98,0
20180622,26.55,0
20180623,26.99,0
20180624,27.12,0
20180625,27.3,0
20180626,27.39,0
20180627,27.49,0
20180628,27.55,0
20180629,28.12,0
20180630,29.24,0
20180701,29.95,0
20180702,30.29,0
20180703,30.49,0
20180704,30.58,0
20180705,30.49,0
20180706,30.65,0
20180707,30.55,0
20180708,30.5,0
20180709,32,0
20180710,35,0
20180711,37,0
20180712,40,0
20180713,43,0
20180714,47,0
20180715,48,0
20180716,47.04,0
20180717,46.17,0
20180718,45.74,0
20180719,48.48,0
20180720,49.45,0
20180721,48.82,0
20180722,47.31,0
20180723,47.04,0
20180724,46.64,0
20180725,46.8,0
20180726,47.42,0
20180727,47.11,0
20180728,46.57,0
20180729,46.54,0
20180730,46.41,0
20180731,46.57,0
20180801,46.82,0
20180802,47.11,0
20180803,47.46,0
20180804,47.72,0
20180805,47.83,0
20180806,47.99,0
20180807,48.05,0
20180808,48.01,0
20180809,48.68,0
20180810,49.01,0
20180811,47.11,0
20180812,45.55,0
20180813,45.63,0
20180814,45.57,0
20180815,44.89,0
20180816,44.93,0
20180817,42.98,0
20180818,43.81,0
20180819,44.3,0
20180820,45.17,0
20180821,45.13,0
20180822,45.97,0
20180823,47.79,0
20180824,49.17,0
20180825,49.31,0
20180826,48.78,0
20180827,48.61,0
20180828,48.96,0
20180829,49.42,0
20180830,49.45,0
20180831,49.45,0
20180901,49.45,0
20180902,49.45,0
20180903,49.45,0
20180904,49.45,0
20180905,49.37,0
20180906,49.13,0
20180907,48.78,0
20180908,48.41,0
20180909,48.02,0
20180910,47.63,0
20180911,47.24,0
20180912,46.85,0
20180913,46.58,0
20180914,46.26,0
20180915,45.87,0
20180916,45.87,0
20180917,45.16,0
20180918,44.78,0
20180919,44.32,0
20180920,44.03,0
20180921,43.7,0
20180922,43.41,0
20180923,43.13,0
20180924,42.89,0
20180925,42.79,0
20180926,43.17,0
20180927,43.88,0
20180928,45.24,0
20180929,46.43,0
20180930,47.38,0
20181001,47.95,0
20181002,48.5,0
20181003,48.75,0
20181004,48.87,0
20181005,49.09,0
20181006,49.31,0
20181007,49.45,0
20181008,49.45,0
20181009,49.45,0
20181010,49.45,0
20181011,49.45,0
20181012,49.45,0
20181013,49.45,0
20181014,49.45,0
20181015,49.45,0
20181016,49.45,0
20181017,49.45,0
20181018,49.45,0
20181019,49.45,0
20181020,49.45,0
20181021,49.45,0
20181022,49.45,0
20181023,49.45,0
20181024,49.45,0
20181025,49.45,0
20181026,49.45,0
20181027,49.45,0
20181028,49.31,0
20181029,49.06,0
20181030,48.77,0
20181031,48.43,0
20181101,48.09,0
20181102,47.75,0
20181103,47.41,0
20181104,47.07,0
20181105,46.73,0
20181106,46.39,0
20181107,46.06,0
20181108,45.73,0
20181109,45.4,0
20181110,45.07,0
20181111,44.74,0
20181112,44.42,0
20181113,44.09,0
20181114,43.77,0
20181115,43.45,0
20181116,43.45,0
20181117,42.82,0
20181118,42.49,0
20181119,42.17,0
20181120,41.85,0
20181121,41.53,0
20181122,41.22,0
20181123,40.92,0
20181124,40.63,0
20181125,40.42,0
20181126,40.2,0
20181127,39.94,0
20181128,39.73,0
20181129,39.49,0
20181130,39.25,0
20181201,39.03,0
20181202,38.78,0
20181203,39,0
20181204,38,0
20181205,38,0
20181206,38,0
20181207,38,0
20181208,38,0
20181209,38,0
20181210,37.67,0
20181211,37.6,0
20181212,37.55,0
20181213,37.49,0
20181214,37.44,0
20181215,37.4,0
20181216,37.35,0
20181217,37.29,0
20181218,37.25,0
20181219,37.2,0
20181220,37.16,0
20181221,37.1,0
20181222,37.05,0
20181223,37.01,0
20181224,36.97,0
20181225,36.91,0
20181226,36.84,0
20181227,36.79,0
20181228,36.72,0
20181229,36.66,0
20181230,36.64,0
20181231,36.61,0
20190101,36.59,0
20190102,36.56,0
20190103,36.53,0
20190104,36.5,0
20190105,36.46,0
20190106,36.43,0
20190107,36.38,0
20190108,36.35,0
20190109,36.31,0
20190110,36.26,0
20190111,36.23,0
20190112,36.11,0
20190113,35.96,0
20190114,35.75,0
20190115,35.51,0
20190116,35.27,0
20190117,35.18,0
20190118,35.05,0
20190119,34.85,0
20190120,34.63,0
20190121,34.42,0
20190122,34.21,0
20190123,33.99,0
20190124,33.78,0
20190125,33.56,0
20190126,33.34,0
20190127,33.12,0
20190128,32.9,0
20190129,32.68,0
20190130,32.45,0
20190131,32.23,0
20190201,32,0
20190202,31.78,0
20190203,31.56,0
20190204,31.34,0
20190205,31.17,0
20190206,31.14,0
20190207,31.1,0
20190208,31.06,0
20190209,31.03,0
20190210,31,0
20190211,30.96,0
20190212,30.92,0
20190213,30.88,0
20190214,30.85,0
20190215,30.81,0
20190216,30.78,0
20190217,30.74,0
20190218,30.47,0
20190219,30.21,0
20190220,29.95,0
20190221,29.69,0
20190222,29.43,0
20190223,29.11,0
20190224,28.74,0
20190225,28.47,0
20190226,28.15,0
20190227,27.82,0
20190228,27.5,0
20190301,27.18,0
20190302,26.86,0
20190303,26.53,0
20190304,26.19,0
20190305,25.85,0
20190306,25.52,0
20190307,25.18,0
20190308,24.87,0
20190309,24.64,0
20190310,24.61,0
20190311,24.58,0
20190312,24.54,0
20190313,24.52,0
20190314,24.49,0
20190315,24.46,0
20190316,24.43,0
20190317,24.39,0
20190318,24.36,0
20190319,24.33,0
20190320,24.3,0
20190321,23.99,0
20190322,23.68,0
20190323,23.34,0
20190324,23.01,0
20190325,22.67,0
20190326,22.34,0
20190327,22,0
20190328,21.66,0
20190329,21.32,0
20190330,20.98,0
20190331,20.64,0
20190401,20.31,0
20190402,19.97,0
20190403,19.63,0
20190404,19.29,0
20190405,18.96,0
20190406,18.62,0
20190407,18.28,0
20190408,17.95,0
20190409,17.61,0
20190410,17.58,0
20190411,17.55,0
20190412,17.52,0
20190413,17.48,0
20190414,17.45,0
20190415,17.43,0
20190416,17.4,0
20190417,17.37,0
20190418,17.34,0
20190419,17.31,0
20190420,17.29,0
20190421,17.21,0
20190422,17.09,0
20190423,16.9,0
20190424,16.96,0
20190425,16.28,0
20190426,15.96,0
20190427,15.63,0
20190428,15.3,0
20190429,14.98,0
20190430,14.66,0
20190501,14.35,0
20190502,14.03,0
20190503,13.72,0
20190504,13.4,0
20190505,13.09,0
20190506,12.77,0
20190507,12.51,0
20190508,12.3,0
20190509,12.02,0
20190510,11.83,0
20190511,11.8,0
20190512,11.77,0
20190513,11.74,0
20190514,11.8,0
20190515,11.69,0
20190516,11.67,0
20190517,11.64,0
20190518,11.61,0
20190519,11.58,0
20190520,11.56,0
20190521,11.53,0
20190522,11.51,0
20190523,11.48,0
20190524,11.45,0
20190525,11.43,0
20190526,11.4,0
20190527,11.38,0
20190528,11.35,0
20190529,11.32,0
20190530,11.3,0
20190531,11.27,0
20190601,11.25,0
20190602,11.22,0
20190603,11.19,0
20190604,11.17,0
20190605,11.14,0
20190606,11.11,0
20190607,11.08,0
20190608,11.06,0
20190609,11.04,0
20190610,11.01,0
20190611,10.98,0
20190612,10.95,0
20190613,10.93,0
20190614,10.9,0
20190615,10.87,0
20190616,10.85,0
20190617,10.82,0
20190618,10.8,0
20190619,10.78,0
20190620,10.76,0
20190621,10.74,0
20190622,10.72,0
20190623,10.71,0
20190624,10.69,0
20190625,10.68,0
20190626,10.67,0
20190627,10.66,0
20190628,10.68,0
20190629,10.73,0
20190630,10.78,0
20190701,10.81,0
20190702,10.83,0
20190703,10.85,0
20190704,10.87,0
20190705,10.96,0
20190706,11.12,0
20190707,11.49,0
20190708,12.49,0
20190709,13.09,0
20190710,13.74,0
20190711,14.28,0
20190712,14.98,0
20190713,15.47,0
20190714,15.85,0
20190715,16.12,0
20190716,16.33,0
20190717,16.48,0
20190718,16.47,0
20190719,16.38,0
20190720,15.95,0
20190721,15.31,0
20190722,14.85,0
20190723,14.64,0
20190724,14.72,0
20190725,14.98,0
20190726,15.01,0
20190727,14.84,0
20190728,14.61,0
20190729,14.3,0
20190730,13.8,0
20190731,13.22,0
20190801,12.92,0
20190802,12.61,0
20190803,12.39,0
20190804,12.27,0
20190805,12.22,0
20190806,12.76,0
20190807,14.17,0
20190808,16.54,0
20190809,16.51,0
20190810,25.84,0
20190811,37.08,0
20190812,41.63,0
20190813,47.93,0
20190814,48.48,0
20190815,49.45,0
20190816,49.45,0
20190817,49.45,0
20190818,49.31,0
20190819,49.45,0
20190820,49.45,0
20190821,49.45,0
20190822,49.45,0
20190823,49.45,0
20190824,49.45,0
20190825,49.45,0
20190826,49.45,0
20190827,49.45,0
20190828,49.45,0
20190829,49.45,0
20190830,49.45,0
20190831,49.45,0
20190901,49.45,0
20190902,49.45,0
20190903,49.45,0
20190904,49.45,0
20190905,49.45,0
20190906,49.45,0
20190907,49.45,0
20190908,49.45,0
20190909,49.45,0
20190910,49.45,0
20190911,49.45,0
20190912,49.45,0
20190913,49.45,0
20190914,49.45,0
20190915,49.45,0
20190916,49.45,0
20190917,49.45,0
20190918,49.45,0
20190919,49.45,0
20190920,49.45,0
20190921,49.45,0
20190922,49.45,0
20190923,49.45,0
20190924,49.45,0
20190925,49.45,0
20190926,49.45,0
20190927,49.45,0
20190928,49.45,0
20190929,49.45,0
20190930,49.45,0
20191001,49.45,0
20191002,49.45,0
20191003,49.45,0
20191004,49.45,0
20191005,49.45,0
20191006,49.45,0
20191007,49.45,0
20191008,49.45,0
20191009,49.45,0
20191010,49.45,0
20191011,49.45,0
20191012,49.45,0
20191013,49.45,0
20191014,49.45,0
20191015,49.45,0
20191016,49.45,0
20191017,49.45,0
20191018,49.45,0
20191019,49.45,0
20191020,49.45,0
20191021,49.45,0
20191022,49.45,0
20191023,49.45,0
20191024,49.45,0
20191025,49.45,0
20191026,49.45,0
20191027,49.45,0
20191028,49.45,0
20191029,49.45,0
20191030,49.45,0
20191031,49.45,0
20191101,49.45,0
20191102,49.45,0
20191103,49.45,0
20191104,49.45,0
20191105,49.45,0
20191106,49.45,0
20191107,49.45,0
20191108,49.45,0
20191109,49.45,0
20191110,49.45,0
20191111,49.45,0
20191112,,0
20191113,49.45,0
20191114,49.45,0
20191115,49.45,0
20191116,49.45,0
20191117,49.45,0
20191118,49.45,0
20191119,49.45,0
20191120,49.41,0
20191121,49.31,0
20191122,49.19,0
20191123,49.05,0
20191124,48.88,0
20191125,48.74,0
20191126,48.54,0
20191127,48.36,0
20191128,48.23,0
20191129,48.09,0
20191130,47.94,0
20191201,47.8,0
20191202,47.69,0
20191203,47.64,0
20191204,47.64,0
20191205,47.61,0
20191206,47.53,0
20191207,47.38,0
20191208,47.24,0
20191209,47.11,0
20191210,46.94,0
20191211,46.77,0
20191212,46.59,0
20191213,46.42,0
20191214,46.25,0
20191215,46.11,0
20191216,46.01,0
20191217,45.86,0
20191218,45.73,0
20191219,45.61,0
20191220,45.5,0
20191221,45.41,0
20191222,40.93,0
20191223,40.86,0
20191224,45.17,0
20191225,45.11,0
20191226,45.04,0
20191227,44.98,0
20191228,45.02,0
20191229,45.07,0
20191230,45.12,0
20191231,45.16,0
20200101,45.16,0
20200102,45.16,0
20200103,45.13,0
20200104,45.08,0
20200105,45.03,0
20200106,44.96,0
20200107,44.9,0
20200108,44.82,0
20200109,44.74,0
20200110,44.66,0
20200111,44.6,0
20200112,44.53,0
20200113,44.45,0
20200114,44.29,0
20200115,43.9,0
20200116,43.52,0
20200117,43.14,0
20200118,42.78,0
20200119,42.43,0
20200120,42.1,0
20200121,41.79,0
20200122,41.51,0
20200123,41.24,0
20200124,40.95,0
20200125,40.65,0
20200126,40.35,0
20200127,40.06,0
20200128,39.78,0
20200129,39.5,0
20200130,39.22,0
20200131,38.92,0
20200201,38.64,0
20200202,38.48,0
20200203,38.43,0
20200204,38.39,0
20200205,38.35,0
20200206,38.32,0
20200207,38.27,0
20200208,38.22,0
20200209,38.18,0
20200210,38.14,0
20200211,38.11,0
20200212,38.06,0
20200213,38.02,0
20200214,37.76,0
20200215,37.49,0
20200216,37.21,0
20200217,36.94,0
20200218,36.67,0
20200219,36.41,0
20200220,36.14,0
20200221,35.87,0
20200222,35.61,0
20200223,35.34,0
20200224,35.05,0
20200225,34.77,0
20200226,34.39,0
20200227,33.89,0
20200228,33.38,0
20200229,33.07,0
20200301,32.79,0
20200302,32.72,0
20200303,32.74,0
20200304,32.74,0
20200305,32.7,0
20200306,32.65,0
20200307,32.59,0
20200308,32.54,0
20200309,32.48,0
20200310,32.42,0
20200311,32.36,0
20200312,32.3,0
20200313,32.25,0
20200314,32.19,0
20200315,32,0
20200316,31.72,0
20200317,31.41,0
20200318,31.08,0
20200319,30.77,0
20200320,30.44,0
20200321,30.12,0
20200322,29.8,0
20200323,29.46,0
20200324,29.13,0
20200325,28.81,0
20200326,28.49,0
20200327,28.16,0
20200328,27.82,0
20200329,27.48,0
20200330,27.17,0
20200331,26.86,0
20200401,26.56,0
20200402,26.42,0
20200403,26.37,0
20200404,26.3,0
20200405,26.23,0
20200406,26.16,0
20200407,26.09,0
20200408,26.02,0
20200409,25.96,0
20200410,25.95,0
20200411,25.94,0
20200412,25.93,0
20200413,25.89,0
20200414,25.83,0
20200415,25.77,0
20200416,25.59,0
20200417,25.25,0
20200418,24.92,0
20200419,24.58,0
20200420,24.22,0
20200421,23.84,0
20200422,23.48,0
20200423,23.11,0
20200424,22.75,0
20200425,22.38,0
20200426,22.02,0
20200427,21.66,0
20200428,21.3,0
20200429,20.94,0
20200430,20.7,0
20200501,20.55,0
20200502,20.44,0
20200503,20.38,0
20200504,20.37,0
20200505,20.36,0
20200506,20.33,0
20200507,20.31,0
20200508,20.28,0
20200509,20.25,0
20200510,20.21,0
20200511,20.18,0
20200512,20.13,0
20200513,20.09,0
20200514,20.01,0
20200515,19.95,0
20200516,19.61,0
20200517,19.26,0
20200518,19,0
20200519,18.73,0
20200520,18.46,0
20200521,18.21,0
20200522,17.98,0
20200523,17.73,0
20200524,17.48,0
20200525,17.32,0
20200526,17.29,0
20200527,17.21,0
20200528,17.13,0
20200529,17.11,0
20200530,17.13,0
20200531,17.13,0
20200601,17.16,0
20200602,17.2,0
20200603,17.22,0
20200604,17.24,0
20200605,17.25,0
20200606,17.27,0
20200607,17.29,0
20200608,17.36,0
20200609,17.42,0
20200610,17.45,0
20200611,17.52,0
20200612,17.57,0
20200613,17.57,0
20200614,17.59,0
20200615,17.6,0
20200616,17.61,0
20200617,17.72,0
20200618,17.94,0
20200619,18.15,0
20200620,18.62,0
20200621,19.04,0
20200622,19.26,0
20200623,19.42,0
20200624,19.66,0
20200625,19.91,0
20200626,20.08,0
20200627,20.21,0
20200628,20.33,0
20200629,20.44,0
20200630,20.55,0
20200701,20.65,0
20200702,20.84,0
20200703,21,0
20200704,21.15,0
20200705,21.39,0
20200706,21.85,0
20200707,22.34,0
20200708,23.07,0
20200709,,0
20200710,,0
20200711,,0
20200712,,0
20200713,,0
20200714,,0
20200715,,0
20200716,,0
20200717,,0
20200718,,0
20200719,,0
20200720,,0
20200721,,0
20200722,,0
20200723,29.49,0
20200724,29.42,0
20200725,29.2,0
20200726,28.91,0
20200727,28.63,0
20200728,28.49,0
20200729,28.37,0
20200730,28.13,0
20200731,27.86,0
20200801,27.84,0
20200802,27.73,0
20200803,27.6,0
20200804,27.62,0
20200805,28.97,0
20200806,,0
20200807,,0
20200808,,0
20200809,,0
20200810,,0
20200811,,0
20200812,,0
20200813,47.58,0
20200814,48.41,0
20200815,48.84,0
20200816,49.17,0
20200817,49.45,0
20200818,49.45,0
20200819,48.48,0
20200820,48.09,0
20200821,49.31,0
20200822,49.45,0
20200823,49.34,0
20200824,49.24,0
20200825,49.23,0
20200826,49.09,0
20200827,48.85,0
20200828,48.5,0
20200829,48.16,0
20200830,47.83,0
20200831,47.5,0
20200901,47.27,0
20200902,47.38,0
20200903,47.79,0
20200904,48.2,0
20200905,48.54,0
20200906,48.68,0
20200907,48.67,0
20200908,48.63,0
20200909,48.73,0
20200910,49.01,0
20200911,49.03,0
20200912,49.08,0
20200913,49.13,0
20200914,49.21,0
20200915,49.27,0
20200916,49.31,0
20200917,49.34,0
20200918,49.37,0
20200919,49.35,0
20200920,49.24,0
20200921,49.17,0
20200922,48.68,0
20200923,47.72,0
20200924,47.11,0
20200925,47.72,0
20200926,48.27,0
20200927,48.68,0
20200928,49.03,0
20200929,49.24,0
20200930,49.34,0
20201001,49.38,0
20201002,49.41,0
20201003,49.45,0
20201004,49.45,0
20201005,49.45,0
20201006,49.45,0
20201007,49.45,0
20201008,49.45,0
20201009,49.45,0
20201010,49.45,0
20201011,49.45,0
20201012,49.45,0
20201013,49.45,0
20201014,49.45,0
20201015,49.45,0
20201016,49.45,0
20201017,49.45,0
20201018,49.45,0
20201019,49.45,0
20201020,49.45,0
20201021,49.45,0
20201022,49.45,0
20201023,49.45,0
20201024,49.45,0
20201025,49.45,0
20201026,49.45,0
20201027,49.45,0
20201028,49.45,0
20201029,49.45,0
20201030,49.23,0
20201031,49.1,0
20201101,48.91,0
20201102,48.7,0
20201103,48.6,0
20201104,48.59,0
20201105,48.52,0
20201106,48.6,0
20201107,48.75,0
20201108,48.74,0
20201109,48.6,0
20201110,48.43,0
20201111,48.2,0
20201112,48.06,0
20201113,47.88,0
20201114,47.73,0
20201115,47.54,0
20201116,47.39,0
20201117,47.28,0
20201118,47.16,0
20201119,46.97,0
20201120,46.82,0
20201121,46.61,0
20201122,46.37,0
20201123,46.09,0
20201124,45.82,0
20201125,45.57,0
20201126,45.34,0
20201127,45.1,0
20201128,44.85,0
20201129,44.62,0
20201130,44.42,0
20201201,44.21,0
20201202,44.02,0
20201203,43.81,0
20201204,43.62,0
20201205,43.43,0
20201206,43.27,0
20201207,43.14,0
20201208,43.04,0
20201209,43.04,0
20201210,43.04,0
20201211,43.04,0
20201212,43.04,0
20201213,43.02,0
20201214,42.98,0
20201215,42.92,0
20201216,42.83,0
20201217,42.17310715,2.766542673
20201218,42.25034332,2.777792215
20201219,42.27902222,2.771376133
20201220,42.19983292,2.753830433
20201221,42.2171669,2.729459286
20201222,42.14271164,2.699866295
20201223,42.06601715,2.677154541
20201224,42.04893875,2.654579878
20201225,41.93538666,2.614614487
20201226,41.8567543,2.583181381
20201227,41.76527786,2.546512604
20201228,41.58873367,2.506112576
20201229,41.38246536,2.465717316
20201230,41.25162125,2.423771381
20201231,41.20703125,2.398089409
20210101,40.93753052,2.355410576
20210102,40.79866791,2.323081017
20210103,40.58210754,2.283331156
20210104,40.35746765,2.244026184
20210105,40.0897789,2.211752176
20210106,39.89851379,2.183439732
20210107,39.59431839,2.141822815
20210108,39.51022339,2.124401569
20210109,39.2126503,2.094257593
20210110,38.96590805,2.062437773
20210111,38.710392,2.035410881
20210112,38.45327377,2.005968332
20210113,38.15515137,1.971779823
20210114,37.91394806,1.945511341
20210115,37.6329155,1.909473419
20210116,37.27394104,1.873975396
20210117,37.09516525,1.853960633
20210118,36.77139282,1.817780972
20210119,36.54267883,1.793340445
20210120,36.16967773,1.753184557
20210121,35.99155426,1.729954958
20210122,35.74397278,1.709182382
20210123,35.36274719,1.669658422
20210124,35.06687927,1.643070817
20210125,34.81637192,1.618734002
20210126,34.69351959,1.61591661
20210127,34.28424072,1.584530711
20210128,34.04169846,1.564838648
20210129,33.83531952,1.55936265
20210130,33.5430603,1.54171598
20210131,33.29111481,1.529184103
20210201,33.07511139,1.523821235
20210202,32.85728455,1.52146244
20210203,32.60323334,1.511571407
20210204,32.34867096,1.509798527
20210205,32.08575058,1.504065156
20210206,31.95382309,1.50455153
20210207,31.73218536,1.509140611
20210208,31.47550964,1.500202417
20210209,31.28275108,1.50134027
20210210,31.07368469,1.492207527
20210211,30.88039017,1.493709564
20210212,30.78447342,1.493725538
20210213,30.62229538,1.485557318
20210214,30.48290062,1.48212862
