Date,Level
20110101,122.59
20110102,122.68
20110103,122.75
20110104,122.79
20110105,122.8
20110106,122.83
20110107,122.84
20110108,122.86
20110109,122.85
20110110,122.83
20110111,122.8
20110112,122.61
20110113,122.61
20110114,122.37
20110115,122.1
20110116,121.86
20110117,121.65
20110118,121.48
20110119,121.28
20110120,121.09
20110121,120.9
20110122,120.7
20110123,120.5
20110124,120.32
20110125,120.09
20110126,119.64
20110127,119.64
20110128,119.44
20110129,119.21
20110130,119
20110131,118.81
20110201,118.6
20110202,118.34
20110203,118.08
20110204,117.93
20110205,117.88
20110206,117.82
20110207,117.77
20110208,117.7
20110209,117.63
20110210,117.56
20110211,117.48
20110212,117.4
20110213,117.23
20110214,116.96
20110215,116.66
20110216,116.37
20110217,116.06
20110218,115.75
20110219,115.43
20110220,115.11
20110221,114.78
20110222,114.45
20110223,114.14
20110224,113.93
20110225,113.7
20110226,113.49
20110227,113.26
20110228,113
20110301,112.69
20110302,112.37
20110303,112.05
20110304,111.73
20110305,111.73
20110306,111.62
20110307,111.61
20110308,111.61
20110309,111.62
20110310,111.63
20110311,111.64
20110312,111.64
20110313,111.59
20110314,111.39
20110315,111.05
20110316,110.7
20110317,110.35
20110318,110
20110319,109.71
20110320,109.4
20110321,109.04
20110322,108.73
20110323,108.42
20110324,108.09
20110325,107.8
20110326,107.5
20110327,107.23
20110328,106.95
20110329,106.64
20110330,106.34
20110331,106
20110401,105.65
20110402,105.3
20110403,104.92
20110404,104.52
20110405,104.12
20110406,103.71
20110407,103.3
20110408,102.9
20110409,102.52
20110410,102.45
20110411,102.39
20110412,102.34
20110413,102.29
20110414,102.27
20110415,102.26
20110416,102.26
20110417,102.3
20110418,102.36
20110419,102.25
20110420,101.93
20110421,101.63
20110422,101.5
20110423,101.7
20110424,102
20110425,102.35
20110426,102.55
20110427,102.65
20110428,102.75
20110429,102.83
20110430,102.9
20110501,102.72
20110502,102.55
20110503,102.37
20110504,102.13
20110505,101.85
20110506,101.54
20110507,101.14
20110508,100.7
20110509,100.23
20110510,99.75
20110511,99.26
20110512,98.77
20110513,98.25
20110514,97.72
20110515,97.22
20110516,96.7
20110517,96.21
20110518,95.71
20110519,95.21
20110520,95
20110521,94.7
20110522,94.29
20110523,93.85
20110524,93.37
20110525,92.87
20110526,92.63
20110527,92.41
20110528,92.28
20110529,92.12
20110530,91.94
20110531,91.93
20110601,91.95
20110602,91.97
20110603,92
20110604,92.16
20110605,92.3
20110606,92.44
20110607,92.7
20110608,93.2
20110609,93.65
20110610,94
20110611,94.32
20110612,94.62
20110613,95
20110614,95.6
20110615,96
20110616,96.3
20110617,96.65
20110618,96.92
20110619,97.23
20110620,98.25
20110621,98.85
20110622,99
20110623,99.05
20110624,99.1
20110625,99.07
20110626,98.93
20110627,99
20110628,99.5
20110629,100.33
20110630,101.15
20110701,101.42
20110702,101.45
20110703,101.35
20110704,101.36
20110705,101.42
20110706,101.36
20110707,101.29
20110708,101.34
20110709,101.46
20110710,101.53
20110711,101.55
20110712,101.42
20110713,101.15
20110714,100.92
20110715,101
20110716,101.65
20110717,102.82
20110718,104.4
20110719,106.42
20110720,108.37
20110721,110.05
20110722,111.15
20110723,112.05
20110724,112.95
20110725,113.95
20110726,115.26
20110727,116.23
20110728,116.67
20110729,116.86
20110730,117.1
20110731,117.23
20110801,117.3
20110802,117.6
20110803,117.75
20110804,118.47
20110805,119.5
20110806,120.52
20110807,121.35
20110808,122
20110809,122.42
20110810,122.6
20110811,123.06
20110812,123.35
20110813,123.53
20110814,123.85
20110815,124.2
20110816,124.6
20110817,124.8
20110818,124.65
20110819,124.45
20110820,124.23
20110821,123.97
20110822,123.87
20110823,123.94
20110824,123.9
20110825,123.85
20110826,123.82
20110827,123.74
20110828,123.66
20110829,123.62
20110830,123.5
20110831,123.6
20110901,124
20110902,124.25
20110903,124.14
20110904,124.25
20110905,124.15
20110906,124.04
20110907,123.77
20110908,123.5
20110909,123.6
20110910,123.67
20110911,123.68
20110912,123.75
20110913,123.88
20110914,123.86
20110915,123.78
20110916,123.7
20110917,123.78
20110918,123.95
20110919,124
20110920,124.05
20110921,124.09
20110922,124.03
20110923,123.93
20110924,123.8
20110925,123.65
20110926,123.48
20110927,123.26
20110928,123
20110929,122.69
20110930,122.41
20111001,122.13
20111002,122.05
20111003,122.06
20111004,122
20111005,121.85
20111006,121.63
20111007,121.41
20111008,121.19
20111009,120.97
20111010,120.95
20111011,121
20111012,121.39
20111013,122
20111014,122.34
20111015,122.55
20111016,122.8
20111017,123
20111018,123.07
20111019,123.02
20111020,122.92
20111021,122.9
20111022,122.96
20111023,122.91
20111024,122.93
20111025,123.25
20111026,123.63
20111027,123.85
20111028,123.93
20111029,123.89
20111030,123.81
20111031,123.75
20111101,123.7
20111102,123.65
20111103,123.9
20111104,124.73
20111105,124.64
20111106,124.73
20111107,124.78
20111108,124.8
20111109,124.8
20111110,124.75
20111111,124.61
20111112,124.45
20111113,124.29
20111114,124.13
20111115,123.97
20111116,123.8
20111117,123.61
20111118,123.42
20111119,123.22
20111120,123.02
20111121,122.78
20111122,122.57
20111123,122.4
20111124,122.2
20111125,122.02
20111126,121.83
20111127,121.7
20111128,121.64
20111129,121.76
20111130,121.66
20111201,121.76
20111202,121.67
20111203,121.57
20111204,121.47
20111205,121.32
20111206,121.26
20111207,121.14
20111208,121
20111209,120.88
20111210,120.75
20111211,120.64
20111212,120.53
20111213,120.4
20111214,120.3
20111215,120.21
20111216,120.11
20111217,120
20111218,119.87
20111219,119.74
20111220,119.61
20111221,119.45
20111222,122.57
20111223,119.13
20111224,119.05
20111225,118.92
20111226,118.78
20111227,118.65
20111228,118.53
20111229,118.41
20111230,118.27
20111231,118.17
20120101,118.33
20120102,
20120103,
20120104,
20120105,
20120106,
20120107,
20120108,
20120109,
20120110,
20120111,
20120112,
20120113,
20120114,
20120115,
20120116,
20120117,
20120118,
20120119,
20120120,
20120121,
20120122,
20120123,
20120124,
20120125,
20120126,
20120127,
20120128,
20120129,
20120130,
20120131,
20120201,
20120202,
20120203,
20120204,
20120205,
20120206,
20120207,
20120208,
20120209,
20120210,
20120211,
20120212,
20120213,
20120214,
20120215,
20120216,
20120217,
20120218,
20120219,
20120220,
20120221,
20120222,
20120223,
20120224,
20120225,
20120226,
20120227,
20120228,
20120229,
20120301,
20120302,
20120303,
20120304,
20120305,
20120306,
20120307,
20120308,
20120309,
20120310,
20120311,
20120312,
20120313,
20120314,
20120315,
20120316,
20120317,
20120318,
20120319,
20120320,
20120321,
20120322,
20120323,
20120324,
20120325,
20120326,
20120327,
20120328,
20120329,
20120330,
20120331,
20120401,
20120402,
20120403,
20120404,
20120405,
20120406,
20120407,
20120408,
20120409,
20120410,
20120411,
20120412,
20120413,
20120414,
20120415,
20120416,
20120417,
20120418,
20120419,
20120420,
20120421,
20120422,
20120423,
20120424,
20120425,
20120426,
20120427,
20120428,
20120429,
20120430,
20120501,
20120502,
20120503,
20120504,
20120505,
20120506,
20120507,
20120508,
20120509,
20120510,
20120511,
20120512,
20120513,
20120514,
20120515,
20120516,
20120517,
20120518,
20120519,
20120520,
20120521,
20120522,
20120523,
20120524,
20120525,
20120526,
20120527,
20120528,
20120529,
20120530,
20120531,73.3
20120601,72.75
20120602,72.22
20120603,72.22
20120604,72.23
20120605,72.22
20120606,72.22
20120607,72.23
20120608,72.23
20120609,72.26
20120610,72.26
20120611,72.27
20120612,72.28
20120613,72.3
20120614,
20120615,72.32
20120616,72.3
20120617,72.31
20120618,
20120619,
20120620,
20120621,
20120622,
20120623,
20120624,
20120625,
20120626,73.85
20120627,74.2
20120628,74.55
20120629,75
20120630,75.45
20120701,75.5
20120702,74.75
20120703,74.1
20120704,73.8
20120705,75.5
20120706,77.3
20120707,78.5
20120708,78.65
20120709,78.5
20120710,78.15
20120711,77.8
20120712,77.45
20120713,77.2
20120714,77
20120715,76.8
20120716,76.6
20120717,76.4
20120718,76.22
20120719,76.08
20120720,75.95
20120721,75.8
20120722,75.6
20120723,75.44
20120724,75.33
20120725,75.27
20120726,75.2
20120727,75.14
20120728,75.09
20120729,75.27
20120730,75.75
20120731,76.6
20120801,77.4
20120802,78
20120803,78.6
20120804,79.05
20120805,79.35
20120806,79.66
20120807,81.2
20120808,86.5
20120809,90.8
20120810,93.63
20120811,96.2
20120812,98
20120813,99.5
20120814,101.12
20120815,102.18
20120816,102.82
20120817,103.25
20120818,103.17
20120819,102.97
20120820,102.79
20120821,102.59
20120822,102.34
20120823,101.97
20120824,101.77
20120825,101.61
20120826,101.37
20120827,101.37
20120828,101.34
20120829,101.5
20120830,101.65
20120831,102.37
20120901,102.37
20120902,104.25
20120903,105.13
20120904,106
20120905,107.08
20120906,108.1
20120907,108.77
20120908,109.23
20120909,109.59
20120910,109.9
20120911,110.16
20120912,110.38
20120913,110.5
20120914,110.6
20120915,110.63
20120916,110.63
20120917,110.55
20120918,110.5
20120919,110.5
20120920,110.45
20120921,110.48
20120922,110.41
20120923,110.33
20120924,110.18
20120925,110
20120926,109.83
20120927,109.65
20120928,109.55
20120929,109.57
20120930,109.5
20121001,109.27
20121002,109.05
20121003,108.78
20121004,108.36
20121005,107.71
20121006,106.8
20121007,105.8
20121008,105.2
20121009,104.98
20121010,105.1
20121011,105.06
20121012,105
20121013,104.9
20121014,104.96
20121015,105.53
20121016,106.13
20121017,106.75
20121018,107.22
20121019,107.49
20121020,107.71
20121021,107.98
20121022,108.21
20121023,108.41
20121024,108.56
20121025,108.49
20121026,108.32
20121027,108.1
20121028,107.77
20121029,107.42
20121030,107.05
20121031,106.68
20121101,106.58
20121102,106.78
20121103,107.11
20121104,107.37
20121105,107.56
20121106,107.72
20121107,107.75
20121108,107.66
20121109,107.49
20121110,107.22
20121111,106.95
20121112,106.67
20121113,106.38
20121114,106.11
20121115,105.82
20121116,105.44
20121117,105.05
20121118,104.66
20121119,104.25
20121120,103.83
20121121,103.4
20121122,102.95
20121123,102.52
20121124,102.09
20121125,101.67
20121126,101.3
20121127,101
20121128,100.7
20121129,100.37
20121130,100
20121201,99.64
20121202,99.25
20121203,98.81
20121204,98.38
20121205,98.06
20121206,97.77
20121207,97.17
20121208,95.5
20121209,93.7
20121210,92.55
20121211,92.02
20121212,91.56
20121213,91.08
20121214,90.6
20121215,90.12
20121216,89.65
20121217,89.18
20121218,88.72
20121219,88.28
20121220,87.85
20121221,87.41
20121222,87
20121223,86.6
20121224,86.2
20121225,85.8
20121226,85.39
20121227,85
20121228,84.6
20121229,84.2
20121230,83.78
20121231,83.3
20130101,
20130102,
20130103,
20130104,
20130105,
20130106,
20130107,
20130108,
20130109,
20130110,
20130111,
20130112,
20130113,
20130114,
20130115,
20130116,
20130117,
20130118,
20130119,
20130120,
20130121,
20130122,81.55
20130123,81.54
20130124,81.53
20130125,81.53
20130126,81.51
20130127,81.5
20130128,81.49
20130129,81.47
20130130,81.46
20130131,81.45
20130201,81.43
20130202,82.93
20130203,81.41
20130204,81.39
20130205,
20130206,
20130207,
20130208,
20130209,
20130210,
20130211,
20130212,
20130213,
20130214,
20130215,
20130216,
20130217,
20130218,
20130219,
20130220,
20130221,
20130222,
20130223,
20130224,
20130225,
20130226,
20130227,
20130228,
20130301,
20130302,
20130303,
20130304,
20130305,
20130306,
20130307,
20130308,
20130309,
20130310,
20130311,
20130312,
20130313,
20130314,
20130315,
20130316,
20130317,
20130318,
20130319,
20130320,
20130321,
20130322,
20130323,
20130324,
20130325,
20130326,
20130327,
20130328,
20130329,
20130330,
20130331,
20130401,
20130402,
20130403,
20130404,
20130405,
20130406,
20130407,
20130408,
20130409,
20130410,
20130411,
20130412,
20130413,
20130414,
20130415,
20130416,
20130417,
20130418,
20130419,
20130420,
20130421,
20130422,
20130423,
20130424,
20130425,
20130426,
20130427,
20130428,
20130429,
20130430,
20130501,
20130502,
20130503,
20130504,
20130505,
20130506,
20130507,
20130508,
20130509,
20130510,
20130511,
20130512,
20130513,
20130514,
20130515,
20130516,
20130517,
20130518,
20130519,
20130520,
20130521,
20130522,
20130523,
20130524,
20130525,
20130526,
20130527,
20130528,
20130529,
20130530,
20130531,
20130601,
20130602,
20130603,
20130604,
20130605,
20130606,
20130607,
20130608,
20130609,
20130610,
20130611,63.13
20130612,62.92
20130613,62.8
20130614,63.15
20130615,65
20130616,66
20130617,68
20130618,71
20130619,73.6
20130620,76.2
20130621,77.6
20130622,78.7
20130623,79.45
20130624,79.8
20130625,79.96
20130626,80.86
20130627,84.1
20130628,87.58
20130629,89.9
20130630,90.9
20130701,91.3
20130702,91.5
20130703,91.85
20130704,93.3
20130705,97
20130706,101.58
20130707,105.12
20130708,107.48
20130709,108.87
20130710,109.75
20130711,110.2
20130712,110.82
20130713,111.57
20130714,112.65
20130715,113.5
20130716,113.69
20130717,113.82
20130718,114.15
20130719,114.54
20130720,115.93
20130721,118.8
20130722,121.2
20130723,123.12
20130724,124.08
20130725,124.23
20130726,123.8
20130727,123.25
20130728,122.79
20130729,123.08
20130730,123.6
20130731,124.18
20130801,124.8
20130802,123.9
20130803,124.18
20130804,123.97
20130805,123.25
20130806,123.4
20130807,123.7
20130808,124.4
20130809,124.77
20130810,124.66
20130811,124.8
20130812,124.8
20130813,124.8
20130814,124.8
20130815,124.8
20130816,124.8
20130817,124.77
20130818,124.71
20130819,124.59
20130820,124.4
20130821,124.26
20130822,124.35
20130823,124.57
20130824,124.73
20130825,124.8
20130826,124.8
20130827,124.77
20130828,124.67
20130829,124.51
20130830,124.3
20130831,124.1
20130901,123.69
20130902,123.48
20130903,123.32
20130904,123.25
20130905,123.08
20130906,122.94
20130907,122.79
20130908,122.65
20130909,122.73
20130910,122.8
20130911,122.77
20130912,122.61
20130913,122.73
20130914,122.97
20130915,123.03
20130916,123.03
20130917,122.87
20130918,122.82
20130919,122.9
20130920,123.25
20130921,123.82
20130922,124.63
20130923,124.8
20130924,124.8
20130925,124.8
20130926,124.71
20130927,124.63
20130928,124.5
20130929,124.31
20130930,124.11
20131001,123.95
20131002,123.85
20131003,123.78
20131004,123.7
20131005,123.6
20131006,123.47
20131007,123.29
20131008,123.17
20131009,123.12
20131010,123.11
20131011,123.11
20131012,123.02
20131013,122.88
20131014,122.71
20131015,122.55
20131016,122.47
20131017,122.38
20131018,122.31
20131019,122.32
20131020,122.42
20131021,122.94
20131022,123.23
20131023,123.25
20131024,123.25
20131025,123.25
20131026,123.24
20131027,
20131028,123.08
20131029,122.98
20131030,122.85
20131031,
20131101,122.55
20131102,122.39
20131103,122.19
20131104,122
20131105,121.83
20131106,121.66
20131107,121.49
20131108,121.29
20131109,121.1
20131110,120.89
20131111,120.67
20131112,120.39
20131113,120.21
20131114,120
20131115,119.83
20131116,119.62
20131117,119.41
20131118,119.23
20131119,119.11
20131120,119
20131121,118.85
20131122,118.67
20131123,118.5
20131124,102.09
20131125,119.15
20131126,119.35
20131127,119.36
20131128,119.31
20131129,119.23
20131130,119.18
20131201,119.1
20131202,119
20131203,118.91
20131204,118.81
20131205,118.75
20131206,118.65
20131207,118.55
20131208,118.45
20131209,118.36
20131210,118.27
20131211,118.18
20131212,118.07
20131213,117.94
20131214,117.92
20131215,117.89
20131216,117.8
20131217,117.7
20131218,117.63
20131219,117.53
20131220,117.43
20131221,117.42
20131222,117.4
20131223,117.27
20131224,117.13
20131225,116.93
20131226,116.72
20131227,116.55
20131228,116.45
20131229,116.4
20131230,116.37
20131231,116.35
20140101,116.33
20140102,116.3
20140103,116.25
20140104,116.25
20140105,116.24
20140106,116.23
20140107,116.24
20140108,116.26
20140109,116.3
20140110,116.35
20140111,116.31
20140112,116.13
20140113,115.93
20140114,115.73
20140115,115.48
20140116,115.18
20140117,114.93
20140118,114.69
20140119,114.45
20140120,114.24
20140121,114
20140122,113.71
20140123,113.44
20140124,113.17
20140125,112.89
20140126,112.64
20140127,112.39
20140128,112.32
20140129,112.32
20140130,112.3
20140131,112.27
20140201,112.25
20140202,112.22
20140203,112.2
20140204,112.18
20140205,112.16
20140206,112.13
20140207,112
20140208,111.74
20140209,111.45
20140210,111.15
20140211,110.84
20140212,110.49
20140213,110.13
20140214,109.76
20140215,109.39
20140216,109.02
20140217,109.39
20140218,108.26
20140219,107.86
20140220,107.45
20140221,107.04
20140222,106.63
20140223,106.21
20140224,105.79
20140225,105.62
20140226,105.56
20140227,105.5
20140228,105.43
20140301,105.39
20140302,105.35
20140303,105.31
20140304,105.27
20140305,105.23
20140306,105.19
20140307,105.15
20140308,105.12
20140309,105.08
20140310,105.04
20140311,105
20140312,104.84
20140313,104.5
20140314,104.11
20140315,103.66
20140316,103.21
20140317,102.75
20140318,102.28
20140319,101.79
20140320,
20140321,100.79
20140322,100.28
20140323,99.77
20140324,99.25
20140325,98.72
20140326,98.19
20140327,97.65
20140328,97.13
20140329,96.72
20140330,96.3
20140331,96.25
20140401,96.2
20140402,96.15
20140403,96.1
20140404,96.05
20140405,96
20140406,95.95
20140407,95.9
20140408,95.83
20140409,95.75
20140410,95.67
20140411,95.59
20140412,95.27
20140413,94.7
20140414,94.12
20140415,93.53
20140416,92.93
20140417,92.31
20140418,91.69
20140419,91.06
20140420,90.39
20140421,89.71
20140422,89.02
20140423,88.31
20140424,87.59
20140425,86.86
20140426,89.02
20140427,85.35
20140428,84.58
20140429,84.5
20140430,84.42
20140501,84.34
20140502,84.26
20140503,84.18
20140504,84.1
20140505,84.02
20140506,83.94
20140507,83.86
20140508,83.79
20140509,83.78
20140510,83.8
20140511,83.84
20140512,84
20140513,84.15
20140514,84.27
20140515,
20140516,83.38
20140517,82.73
20140518,82.1
20140519,81.4
20140520,80.68
20140521,79.92
20140522,79.1
20140523,78.26
20140524,77.4
20140525,76.52
20140526,75.64
20140527,74.79
20140528,74.04
20140529,73.44
20140530,72.84
20140531,72.52
20140601,72.28
20140602,72.05
20140603,71.88
20140604,71.85
20140605,71.86
20140606,71.88
20140607,71.92
20140608,71.96
20140609,72
20140610,72.06
20140611,72.13
20140612,72.19
20140613,72.25
20140614,72.3
20140615,72.36
20140616,72.41
20140617,72.46
20140618,72.5
20140619,72.53
20140620,72.57
20140621,73.5
20140622,76
20140623,78.1
20140624,79.8
20140625,80.65
20140626,81.1
20140627,81.25
20140628,81.25
20140629,81.21
20140630,81.13
20140701,81.05
20140702,81.03
20140703,81
20140704,80.98
20140705,81
20140706,81.15
20140707,81.5
20140708,81.73
20140709,81.92
20140710,82.1
20140711,82.32
20140712,82.5
20140713,82.85
20140714,83.85
20140715,86.65
20140716,89.4
20140717,91.3
20140718,93.6
20140719,95.9
20140720,97.65
20140721,99.75
20140722,102.4
20140723,105.2
20140724,107.4
20140725,109.8
20140726,111.55
20140727,112.6
20140728,113
20140729,113.65
20140730,114
20140731,114.35
20140801,114.7
20140802,116.25
20140803,118.25
20140804,119.25
20140805,121.5
20140806,124
20140807,124.8
20140808,124.65
20140809,123.65
20140810,123.5
20140811,124.05
20140812,124.6
20140813,124.8
20140814,124.8
20140815,124.8
20140816,124.8
20140817,124.71
20140818,124.6
20140819,124.63
20140820,124.6
20140821,124.5
20140822,124.33
20140823,124.11
20140824,123.94
20140825,123.83
20140826,123.63
20140827,123.4
20140828,123.13
20140829,122.85
20140830,122.6
20140831,122.42
20140901,122.53
20140902,123.34
20140903,124.4
20140904,124.8
20140905,124.8
20140906,124.8
20140907,124.8
20140908,124.8
20140909,124.8
20140910,124.8
20140911,124.8
20140912,124.8
20140913,124.8
20140914,124.8
20140915,124.8
20140916,124.8
20140917,124.78
20140918,124.72
20140919,124.62
20140920,124.5
20140921,124.38
20140922,124.23
20140923,124.1
20140924,124.15
20140925,124.8
20140926,124.8
20140927,124.8
20140928,124.8
20140929,124.8
20140930,124.8
20141001,124.8
20141002,124.8
20141003,124.8
20141004,124.8
20141005,124.8
20141006,124.71
20141007,124.69
20141008,124.76
20141009,124.8
20141010,124.8
20141011,124.8
20141012,124.8
20141013,124.8
20141014,124.8
20141015,124.8
20141016,124.75
20141017,124.66
20141018,124.57
20141019,124.52
20141020,124.51
20141021,124.51
20141022,124.49
20141023,124.48
20141024,124.39
20141025,124.33
20141026,124.4
20141027,124.53
20141028,124.73
20141029,124.8
20141030,124.8
20141031,124.8
20141101,124.8
20141102,124.8
20141103,124.8
20141104,124.8
20141105,124.8
20141106,124.77
20141107,124.7
20141108,124.62
20141109,124.53
20141110,124.43
20141111,124.33
20141112,124.11
20141113,123.9
20141114,123.69
20141115,123.48
20141116,123.28
20141117,123.07
20141118,122.86
20141119,122.65
20141120,122.45
20141121,122.24
20141122,122.02
20141123,121.81
20141124,121.6
20141125,121.39
20141126,121.18
20141127,120.97
20141128,120.77
20141129,120.57
20141130,120.37
20141201,120.17
20141202,120.17
20141203,119.77
20141204,119.52
20141205,119.28
20141206,119.06
20141207,118.83
20141208,118.6
20141209,118.38
20141210,118.38
20141211,118.16
20141212,118.28
20141213,118.36
20141214,118.45
20141215,118.53
20141216,118.6
20141217,118.64
20141218,118.67
20141219,118.61
20141220,118.53
20141221,118.43
20141222,118.35
20141223,118.25
20141224,118.17
20141225,118.08
20141226,118
20141227,117.96
20141228,117.88
20141229,117.77
20141230,117.6
20141231,117.6
20150101,120.17
20150102,117.43
20150103,117.49
20150104,117.56
20150105,117.6
20150106,117.63
20150107,117.66
20150108,117.7
20150109,117.73
20150110,117.77
20150111,117.78
20150112,117.59
20150113,117.34
20150114,117.1
20150115,116.83
20150116,116.54
20150117,116.81
20150118,115.9
20150119,115.57
20150120,115.33
20150121,115.11
20150122,114.87
20150123,114.6
20150124,114.3
20150125,114.02
20150126,113.76
20150127,113.6
20150128,113.38
20150129,113.38
20150130,113.39
20150131,113.39
20150201,113.39
20150202,113.38
20150203,113.35
20150204,113.32
20150205,113.29
20150206,113.27
20150207,113.25
20150208,113.22
20150209,113.19
20150210,113.16
20150211,112.84
20150212,112.52
20150213,112.17
20150214,111.82
20150215,111.46
20150216,111.1
20150217,111.74
20150218,110.37
20150219,110
20150220,109.63
20150221,109.26
20150222,108.89
20150223,108.51
20150224,108.13
20150225,107.75
20150226,107.36
20150227,106.97
20150228,106.58
20150301,106.19
20150302,105.79
20150303,105.74
20150304,105.7
20150305,105.66
20150306,105.62
20150307,105.59
20150308,105.56
20150309,105.53
20150310,105.5
20150311,105.48
20150312,105.45
20150313,105.25
20150314,104.89
20150315,104.52
20150316,104.15
20150317,103.77
20150318,103.39
20150319,103
20150320,102.58
20150321,102.16
20150322,101.74
20150323,101.32
20150324,100.89
20150325,100.45
20150326,100.02
20150327,99.57
20150328,99.12
20150329,98.66
20150330,98.2
20150331,97.73
20150401,97.25
20150402,96.76
20150403,96.29
20150404,95.98
20150405,95.93
20150406,95.88
20150407,95.84
20150408,95.79
20150409,95.74
20150410,95.7
20150411,95.65
20150412,95.6
20150413,95.53
20150414,95.3
20150415,94.78
20150416,94.25
20150417,93.72
20150418,93.18
20150419,92.63
20150420,92.07
20150421,91.5
20150422,90.92
20150423,90.33
20150424,89.73
20150425,89.12
20150426,88.5
20150427,87.87
20150428,87.23
20150429,86.58
20150430,85.92
20150501,85.24
20150502,85.2
20150503,85.17
20150504,85.14
20150505,85.1
20150506,85.06
20150507,85.03
20150508,85
20150509,84.97
20150510,84.94
20150511,84.88
20150512,84.88
20150513,84.65
20150514,84.18
20150515,83.7
20150516,83.22
20150517,82.74
20150518,82.4
20150519,82.12
20150520,82
20150521,82
20150522,82.03
20150523,81.9
20150524,81.23
20150525,80.55
20150526,79.85
20150527,79.14
20150528,78.49
20150529,72.23
20150530,77.19
20150531,80.55
20150601,76.27
20150602,76.3
20150603,76.34
20150604,76.4
20150605,76.5
20150606,76.58
20150607,76.63
20150608,76.67
20150609,76.71
20150610,76.74
20150611,76.76
20150612,76.78
20150613,76.8
20150614,76.83
20150615,76.87
20150616,76.89
20150617,76.93
20150618,76.98
20150619,77.1
20150620,77.26
20150621,77.75
20150622,80.4
20150623,85
20150624,89
20150625,91.6
20150626,94.25
20150627,97.2
20150628,101.25
20150629,104.6
20150630,106.4
20150701,107.2
20150702,107.6
20150703,108
20150704,108.3
20150705,108.47
20150706,108.6
20150707,108.65
20150708,108.67
20150709,108.68
20150710,108.68
20150711,108.62
20150712,108.67
20150713,108.83
20150714,108.94
20150715,108.91
20150716,108.8
20150717,108.53
20150718,107.93
20150719,107.4
20150720,108
20150721,109.25
20150722,109.83
20150723,109.96
20150724,109.75
20150725,109.4
20150726,109
20150727,108.6
20150728,108.15
20150729,107.7
20150730,107.28
20150731,106.9
20150801,106.67
20150802,106.37
20150803,106.02
20150804,105.63
20150805,105.21
20150806,105.21
20150807,105
20150808,105.05
20150809,105.45
20150810,106.05
20150811,106.52
20150812,106.82
20150813,107.4
20150814,107.62
20150815,107.9
20150816,107.93
20150817,107.91
20150818,108.12
20150819,108.25
20150820,108.25
20150821,107.9
20150822,107.41
20150823,107.07
20150824,106.41
20150825,105.53
20150826,105.15
20150827,104.95
20150828,104.92
20150829,104.76
20150830,104.41
20150831,104.05
20150901,103.67
20150902,103.33
20150903,103.05
20150904,103.05
20150905,103.15
20150906,103.5
20150907,104.28
20150908,104.9
20150909,105.38
20150910,106.1
20150911,106.56
20150912,106.78
20150913,106.95
20150914,107.04
20150915,106.96
20150916,106.7
20150917,106.4
20150918,106.15
20150919,105.94
20150920,105.57
20150921,105.15
20150922,105
20150923,104.81
20150924,104.37
20150925,103.63
20150926,103.12
20150927,102.85
20150928,102.9
20150929,103.1
20150930,103.36
20151001,103.97
20151002,104.39
20151003,104.56
20151004,104.54
20151005,105
20151006,105.5
20151007,106.32
20151008,106.84
20151009,107.18
20151010,107.56
20151011,107.87
20151012,108.25
20151013,108.63
20151014,108.85
20151015,108.77
20151016,108.63
20151017,108.42
20151018,108.23
20151019,107.95
20151020,107.65
20151021,107.38
20151022,107.08
20151023,106.76
20151024,106.43
20151025,106.06
20151026,105.66
20151027,105.29
20151028,104.93
20151029,104.88
20151030,104.72
20151031,104.58
20151101,104.41
20151102,104.7
20151103,105.45
20151104,106.28
20151105,107.24
20151106,108.18
20151107,108.56
20151108,108.85
20151109,109.04
20151110,109.32
20151111,109.68
20151112,110.08
20151113,110.37
20151114,110.48
20151115,110.65
20151116,110.89
20151117,111
20151118,110.86
20151119,110.69
20151120,110.67
20151121,110.61
20151122,110.62
20151123,110.67
20151124,110.76
20151125,110.81
20151126,110.75
20151127,110.6
20151128,110.39
20151129,110.15
20151130,109.93
20151201,109.72
20151202,109.61
20151203,109.61
20151204,109.75
20151205,109.9
20151206,110
20151207,110.08
20151208,110.16
20151209,110.25
20151210,110.15
20151211,109.92
20151212,109.64
20151213,109.38
20151214,109.1
20151215,108.85
20151216,108.57
20151217,108.31
20151218,108.05
20151219,107.88
20151220,107.75
20151221,107.5
20151222,107.23
20151223,107
20151224,106.86
20151225,106.74
20151226,106.63
20151227,106.51
20151228,106.41
20151229,106.35
20151230,106.25
20151231,106.13
20160101,106
20160102,105.88
20160103,105.8
20160104,105.79
20160105,105.77
20160106,105.75
20160107,105.58
20160108,105.27
20160109,105
20160110,104.71
20160111,104.37
20160112,104.05
20160113,103.72
20160114,103.36
20160115,103
20160116,102.6
20160117,102.22
20160118,101.92
20160119,101.59
20160120,101.24
20160121,100.91
20160122,100.61
20160123,100.62
20160124,100.61
20160125,100.62
20160126,100.61
20160127,100.59
20160128,100.58
20160129,100.56
20160130,100.54
20160131,100.52
20160201,100.16
20160202,99.8
20160203,99.44
20160204,99.07
20160205,98.69
20160206,98.31
20160207,97.92
20160208,97.53
20160209,97.15
20160210,96.75
20160211,96.35
20160212,95.95
20160213,95.55
20160214,95.15
20160215,94.75
20160216,94.34
20160217,93.93
20160218,93.71
20160219,93.7
20160220,93.68
20160221,93.64
20160222,93.6
20160223,93.55
20160224,93.5
20160225,93.46
20160226,93.41
20160227,93.36
20160228,93.31
20160229,93.27
20160301,93.22
20160302,93.17
20160303,92.98
20160304,92.65
20160305,92.32
20160306,91.92
20160307,91.43
20160308,90.94
20160309,90.43
20160310,89.92
20160311,89.4
20160312,88.88
20160313,88.38
20160314,87.88
20160315,87.36
20160316,86.84
20160317,86.33
20160318,85.81
20160319,85.29
20160320,84.76
20160321,84.22
20160322,83.67
20160323,83.38
20160324,83.35
20160325,83.32
20160326,83.29
20160327,83.26
20160328,83.22
20160329,83.18
20160330,83.14
20160331,83.1
20160401,83.06
20160402,83.02
20160403,82.97
20160404,82.92
20160405,82.82
20160406,82.72
20160407,82.58
20160408,82.16
20160409,81.78
20160410,81.39
20160411,81.17
20160412,81.12
20160413,81.07
20160414,81.02
20160415,80.97
20160416,80.92
20160417,80.87
20160418,80.82
20160419,80.77
20160420,80.72
20160421,80.67
20160422,80.62
20160423,80.57
20160424,80.52
20160425,80.47
20160426,80.42
20160427,80.37
20160428,80.31
20160429,80.26
20160430,80.21
20160501,80.16
20160502,80.1
20160503,80.04
20160504,79.98
20160505,79.98
20160506,79.73
20160507,79.64
20160508,79.58
20160509,79.53
20160510,79.47
20160511,79.41
20160512,79.35
20160513,79.3
20160514,79.24
20160515,79.19
20160516,79.13
20160517,79.07
20160518,79.02
20160519,78.97
20160520,78.92
20160521,78.87
20160522,78.82
20160523,78.76
20160524,78.7
20160525,78.65
20160526,78.59
20160527,78.54
20160528,78.42
20160529,78.2
20160530,77.88
20160531,77.55
20160601,77.23
20160602,76.91
20160603,76.78
20160604,76.74
20160605,76.7
20160606,76.65
20160607,76.6
20160608,76.56
20160609,76.52
20160610,76.48
20160611,76.32
20160612,76.03
20160613,75.68
20160614,75.16
20160615,74.59
20160616,74.04
20160617,73.46
20160618,72.92
20160619,72.42
20160620,71.93
20160621,71.42
20160622,70.9
20160623,70.38
20160624,69.86
20160625,69.34
20160626,69.33
20160627,69.45
20160628,69.48
20160629,69.65
20160630,73.65
20160701,78.3
20160702,81.9
20160703,84.3
20160704,85.9
20160705,86.5
20160706,88.1
20160707,89.3
20160708,90.1
20160709,90.75
20160710,91.3
20160711,91.65
20160712,92.8
20160713,94.6
20160714,95.8
20160715,96.45
20160716,96.95
20160717,97.3
20160718,97.65
20160719,97.8
20160720,97.91
20160721,98.25
20160722,98.52
20160723,98.7
20160724,99.1
20160725,99.28
20160726,99.5
20160727,99.6
20160728,99.65
20160729,99.6
20160730,99.31
20160731,98.93
20160801,98.63
20160802,98.32
20160803,97.95
20160804,97.52
20160805,97.19
20160806,97.15
20160807,97.42
20160808,97.43
20160809,97.41
20160810,97.6
20160811,97.75
20160812,97.7
20160813,97.61
20160814,97.49
20160815,97.31
20160816,97.15
20160817,97.1
20160818,97.43
20160819,97.63
20160820,97.63
20160821,97.36
20160822,96.9
20160823,96.31
20160824,95.54
20160825,94.76
20160826,94.2
20160827,93.63
20160828,93.18
20160829,92.78
20160830,92.47
20160831,92.58
20160901,92.8
20160902,93.03
20160903,93.24
20160904,93.44
20160905,93.64
20160906,93.72
20160907,93.25
20160908,91.88
20160909,91.22
20160910,90.57
20160911,89.8
20160912,89.05
20160913,88.45
20160914,87.75
20160915,87
20160916,86.1
20160917,85.15
20160918,84.55
20160919,84.1
20160920,84.75
20160921,85.7
20160922,86.55
20160923,87.15
20160924,87.4
20160925,87.55
20160926,87.68
20160927,88.1
20160928,88.5
20160929,89
20160930,89.35
20161001,89.5
20161002,89.6
20161003,89.7
20161004,89.31
20161005,88.3
20161006,87.6
20161007,86.85
20161008,85.9
20161009,85.05
20161010,83.75
20161011,82.85
20161012,82.45
20161013,81.75
20161014,81.4
20161015,81.12
20161016,81.28
20161017,81.4
20161018,81.55
20161019,81.69
20161020,81.84
20161021,81.96
20161022,82.04
20161023,82.1
20161024,82.13
20161025,81.74
20161026,80.7
20161027,79.54
20161028,78.3
20161029,77.08
20161030,76.03
20161031,76.9
20161101,78.25
20161102,79.9
20161103,81
20161104,81.65
20161105,81.85
20161106,81.92
20161107,82
20161108,82.08
20161109,82.16
20161110,82.2
20161111,81.64
20161112,80.5
20161113,79.45
20161114,78.3
20161115,77.3
20161116,76.88
20161117,77.06
20161118,77.23
20161119,77.38
20161120,77.52
20161121,77.65
20161122,77.76
20161123,77.86
20161124,77.95
20161125,78.05
20161126,78.15
20161127,78.24
20161128,78.33
20161129,78.41
20161130,78.5
20161201,78.56
20161202,78.61
20161203,78.65
20161204,78.68
20161205,78.71
20161206,78.73
20161207,78.74
20161208,78.75
20161209,78.75
20161210,78.74
20161211,78.74
20161212,78.73
20161213,78.72
20161214,78.82
20161215,78.88
20161216,78.9
20161217,78.94
20161218,79
20161219,79.07
20161220,79.13
20161221,79.2
20161222,79.25
20161223,79.3
20161224,79.34
20161225,79.39
20161226,79.43
20161227,79.46
20161228,79.47
20161229,79.47
20161230,79.48
20161231,79.48
20170101,79.47
20170102,79.46
20170103,79.45
20170104,79.44
20170105,79.44
20170106,79.43
20170107,79.43
20170108,79.44
20170109,79.44
20170110,79.43
20170111,79.43
20170112,79.42
20170113,79.42
20170114,79.4
20170115,79.38
20170116,79.37
20170117,79.35
20170118,79.34
20170119,79.32
20170120,79.3
20170121,79.29
20170122,79.27
20170123,79.25
20170124,79.24
20170125,79.22
20170126,79.2
20170127,79.19
20170128,79.17
20170129,79.15
20170130,79.12
20170131,79.1
20170201,79.08
20170202,79.06
20170203,79.03
20170204,79
20170205,78.98
20170206,78.96
20170207,78.94
20170208,78.91
20170209,78.88
20170210,78.85
20170211,78.74
20170212,78.71
20170213,78.68
20170214,78.65
20170215,78.61
20170216,78.57
20170217,78.53
20170218,78.5
20170219,78.46
20170220,78.42
20170221,78.38
20170222,78.34
20170223,78.3
20170224,78.26
20170225,78.23
20170226,78.6
20170227,80.3
20170228,81.4
20170301,81.55
20170302,81.7
20170303,81.65
20170304,81.5
20170305,81.35
20170306,81.2
20170307,81.2
20170308,80.9
20170309,80.75
20170310,80.65
20170311,80.55
20170312,80.45
20170313,80.35
20170314,80.23
20170315,80.11
20170316,80
20170317,79.87
20170318,79.74
20170319,79.61
20170320,79.48
20170321,79.32
20170322,79.13
20170323,78.95
20170324,78.76
20170325,78.57
20170326,78.39
20170327,78.21
20170328,78
20170329,77.77
20170330,77.54
20170331,77.31
20170401,77.07
20170402,76.82
20170403,76.56
20170404,76.31
20170405,76.06
20170406,75.88
20170407,75.72
20170408,75.56
20170409,75.4
20170410,75.24
20170411,75.24
20170412,74.95
20170413,74.8
20170414,74.65
20170415,74.48
20170416,74.32
20170417,74.17
20170418,74.03
20170419,73.9
20170420,73.77
20170421,73.63
20170422,73.49
20170423,73.35
20170424,73.21
20170425,73.07
20170426,72.93
20170427,72.78
20170428,72.64
20170429,72.5
20170430,72.36
20170501,72.22
20170502,72.07
20170503,71.92
20170504,71.76
20170505,71.6
20170506,71.45
20170507,71.3
20170508,71.12
20170509,70.96
20170510,70.8
20170511,70.61
20170512,70.42
20170513,70.23
20170514,70.03
20170515,69.82
20170516,69.61
20170517,69.4
20170518,69.2
20170519,69
20170520,68.85
20170521,68.72
20170522,68.6
20170523,68.5
20170524,68.43
20170525,68.35
20170526,68.27
20170527,68.2
20170528,68.15
20170529,68.18
20170530,68.22
20170531,68.25
20170601,68.28
20170602,68.31
20170603,68.19
20170604,68.06
20170605,67.95
20170606,67.83
20170607,67.78
20170608,67.73
20170609,67.67
20170610,67.62
20170611,67.56
20170612,67.51
20170613,67.46
20170614,67.45
20170615,67.6
20170616,67.78
20170617,67.86
20170618,67.9
20170619,67.95
20170620,68
20170621,68.04
20170622,68.06
20170623,68.06
20170624,68
20170625,67.96
20170626,67.92
20170627,67.88
20170628,68.35
20170629,69.75
20170630,71.2
20170701,72.4
20170702,73.4
20170703,74.2
20170704,74.9
20170705,75.7
20170706,76.5
20170707,77.2
20170708,77.7
20170709,78.05
20170710,78.45
20170711,78.7
20170712,78.8
20170713,78.65
20170714,78.45
20170715,78.35
20170716,78.25
20170717,78.17
20170718,78.1
20170719,78.2
20170720,78.55
20170721,81.2
20170722,84.7
20170723,87.1
20170724,88.2
20170725,88.7
20170726,89.1
20170727,89.4
20170728,89.6
20170729,89.7
20170730,89.8
20170731,89.95
20170801,90.05
20170802,90.15
20170803,90.23
20170804,90.3
20170805,90.38
20170806,90.8
20170807,92
20170808,92.55
20170809,92.85
20170810,93.15
20170811,93
20170812,92.8
20170813,92.5
20170814,92.1
20170815,92.75
20170816,91.75
20170817,91.7
20170818,91.25
20170819,90.6
20170820,90.1
20170821,89.9
20170822,90.35
20170823,91
20170824,91.65
20170825,92
20170826,92.12
20170827,92.3
20170828,92.65
20170829,93.65
20170830,95.8
20170831,97.9
20170901,98.9
20170902,99.2
20170903,99.65
20170904,100.1
20170905,100.35
20170906,101.4
20170907,102.1
20170908,102.5
20170909,103.1
20170910,103.75
20170911,104.15
20170912,104.35
20170913,104.4
20170914,104.03
20170915,103.39
20170916,102.78
20170917,102.26
20170918,101.95
20170919,102.15
20170920,103
20170921,104.5
20170922,105.4
20170923,105.65
20170924,105.7
20170925,105.65
20170926,106.15
20170927,106.75
20170928,107.5
20170929,108.43
20170930,109.08
20171001,109.45
20171002,109.45
20171003,109.6
20171004,109.9
20171005,110.15
20171006,110.5
20171007,110.82
20171008,111
20171009,111.13
20171010,111.24
20171011,111.6
20171012,111.96
20171013,112.32
20171014,112.63
20171015,112.97
20171016,113.32
20171017,113.62
20171018,113.62
20171019,114
20171020,114.1
20171021,114.2
20171022,114.26
20171023,114.32
20171024,114.24
20171025,114
20171026,113.71
20171027,113.41
20171028,113.21
20171029,112.95
20171030,112.68
20171031,112.43
20171101,112.17
20171102,111.9
20171103,111.65
20171104,111.43
20171105,111.26
20171106,111.12
20171107,111.02
20171108,110.98
20171109,111.05
20171110,111.16
20171111,111.29
20171112,111.4
20171113,111.55
20171114,111.71
20171115,111.85
20171116,111.95
20171117,112.04
20171118,112.08
20171119,112.11
20171120,112.12
20171121,112.02
20171122,111.73
20171123,111.44
20171124,111.09
20171125,110.7
20171126,110.3
20171127,109.92
20171128,109.53
20171129,109.15
20171130,108.78
20171201,108.42
20171202,108.12
20171203,107.93
20171204,107.75
20171205,107.64
20171206,107.55
20171207,107.61
20171208,107.68
20171209,107.72
20171210,107.75
20171211,107.78
20171212,107.81
20171213,107.82
20171214,107.84
20171215,107.84
20171216,107.85
20171217,107.84
20171218,107.82
20171219,107.8
20171220,107.8
20171221,107.51
20171222,107.21
20171223,106.88
20171224,106.55
20171225,106.22
20171226,105.84
20171227,105.45
20171228,105.04
20171229,104.59
20171230,104.14
20171231,103.68
20180101,103.35
20180102,103.17
20180103,103.15
20180104,103.13
20180105,103.1
20180106,103.08
20180107,103.06
20180108,103.03
20180109,103
20180110,102.98
20180111,102.96
20180112,102.93
20180113,102.91
20180114,102.69
20180115,102.25
20180116,101.81
20180117,101.36
20180118,100.91
20180119,100.42
20180120,99.94
20180121,99.47
20180122,99
20180123,98.52
20180124,98.1
20180125,97.89
20180126,97.85
20180127,97.81
20180128,97.77
20180129,97.73
20180130,97.7
20180131,97.67
20180201,97.64
20180202,97.6
20180203,97.56
20180204,97.52
20180205,97.48
20180206,97.27
20180207,96.76
20180208,96.24
20180209,95.71
20180210,95.18
20180211,94.64
20180212,94.09
20180213,93.53
20180214,92.97
20180215,92.39
20180216,91.91
20180217,91.49
20180218,91.01
20180219,90.5
20180220,90.19
20180221,90.15
20180222,90.11
20180223,90.07
20180224,90.03
20180225,90
20180226,89.96
20180227,89.92
20180228,89.88
20180301,89.84
20180302,89.8
20180303,89.68
20180304,89.56
20180305,89.52
20180306,89.48
20180307,89.22
20180308,88.74
20180309,88.26
20180310,87.69
20180311,87.12
20180312,86.53
20180313,85.93
20180314,85.32
20180315,84.7
20180316,84.07
20180317,83.55
20180318,83.03
20180319,82.49
20180320,81.95
20180321,81.4
20180322,80.84
20180323,80.64
20180324,80.59
20180325,80.54
20180326,80.49
20180327,80.44
20180328,80.39
20180329,80.34
20180330,80.29
20180331,80.24
20180401,80.19
20180402,80.14
20180403,80.1
20180404,80.05
20180405,80
20180406,79.91
20180407,79.79
20180408,79.67
20180409,79.34
20180410,78.44
20180411,77.52
20180412,76.59
20180413,75.81
20180414,75
20180415,74.28
20180416,73.94
20180417,73.87
20180418,73.82
20180419,73.77
20180420,73.71
20180421,73.68
20180422,73.63
20180423,73.58
20180424,73.53
20180425,73.48
20180426,73.43
20180427,73.38
20180428,73.33
20180429,73.2
20180430,73.04
20180501,72.87
20180502,72.7
20180503,72.46
20180504,72.24
20180505,72.02
20180506,71.8
20180507,71.58
20180508,71.36
20180509,71.16
20180510,70.95
20180511,70.75
20180512,70.53
20180513,70.33
20180514,70.13
20180515,69.91
20180516,69.71
20180517,69.52
20180518,69.37
20180519,69.24
20180520,69.14
20180521,69.14
20180522,69.55
20180523,70.05
20180524,70.55
20180525,71
20180526,71.6
20180527,72.35
20180528,73.1
20180529,73.8
20180530,74.4
20180531,74.8
20180601,75.1
20180602,75.55
20180603,75.9
20180604,76.2
20180605,76.45
20180606,76.7
20180607,77
20180608,77.25
20180609,77.5
20180610,77.85
20180611,79.5
20180612,82.8
20180613,86.6
20180614,90.8
20180615,94.5
20180616,98.2
20180617,100.75
20180618,101.9
20180619,102.65
20180620,103.65
20180621,103.85
20180622,104.5
20180623,105
20180624,105.15
20180625,105.35
20180626,105.45
20180627,105.56
20180628,105.63
20180629,106.25
20180630,107.45
20180701,108.2
20180702,108.55
20180703,108.76
20180704,108.85
20180705,108.76
20180706,108.92
20180707,108.82
20180708,108.77
20180709,110.4
20180710,112.7
20180711,115.2
20180712,117.7
20180713,120.2
20180714,122.7
20180715,123.43
20180716,123.05
20180717,122.4
20180718,122.08
20180719,124.1
20180720,124.8
20180721,124.35
20180722,123.25
20180723,123.05
20180724,122.75
20180725,122.87
20180726,123.33
20180727,123.1
20180728,122.7
20180729,122.68
20180730,122.58
20180731,122.7
20180801,122.89
20180802,123.1
20180803,123.36
20180804,123.55
20180805,123.63
20180806,123.75
20180807,123.79
20180808,123.76
20180809,124.25
20180810,124.48
20180811,123.1
20180812,121.94
20180813,122
20180814,121.95
20180815,121.43
20180816,121.46
20180817,119.95
20180818,120.6
20180819,120.98
20180820,121.65
20180821,121.62
20180822,122.25
20180823,123.6
20180824,124.6
20180825,124.7
20180826,124.32
20180827,124.2
20180828,124.45
20180829,124.78
20180830,124.8
20180831,124.8
20180901,124.8
20180902,124.8
20180903,124.8
20180904,124.8
20180905,124.74
20180906,124.57
20180907,124.32
20180908,124.05
20180909,123.77
20180910,123.48
20180911,123.2
20180912,122.91
20180913,122.71
20180914,122.47
20180915,122.18
20180916,121.93
20180917,121.64
20180918,121.35
20180919,121
20180920,120.77
20180921,120.51
20180922,120.29
20180923,120.07
20180924,119.88
20180925,119.8
20180926,120.1
20180927,120.65
20180928,121.7
20180929,122.6
20180930,123.3
20181001,123.72
20181002,124.12
20181003,124.3
20181004,124.38
20181005,124.54
20181006,124.7
20181007,124.8
20181008,124.8
20181009,124.8
20181010,124.8
20181011,124.8
20181012,124.8
20181013,124.8
20181014,124.8
20181015,124.8
20181016,124.8
20181017,124.8
20181018,124.8
20181019,124.8
20181020,124.8
20181021,124.8
20181022,124.8
20181023,124.8
20181024,124.8
20181025,124.8
20181026,124.8
20181027,124.8
20181028,124.7
20181029,124.52
20181030,124.31
20181031,124.07
20181101,123.82
20181102,123.57
20181103,123.32
20181104,123.07
20181105,122.82
20181106,122.57
20181107,122.32
20181108,122.07
20181109,121.82
20181110,121.57
20181111,121.32
20181112,121.07
20181113,120.82
20181114,120.57
20181115,120.32
20181116,120.32
20181117,119.82
20181118,119.56
20181119,119.3
20181120,119.05
20181121,118.79
20181122,118.53
20181123,118.29
20181124,118.05
20181125,117.88
20181126,117.69
20181127,117.48
20181128,117.3
20181129,117.1
20181130,116.9
20181201,116.71
20181202,116.5
20181203,116.28
20181204,116.1
20181205,115.95
20181206,115.8
20181207,115.71
20181208,115.63
20181209,115.59
20181210,115.54
20181211,115.48
20181212,115.43
20181213,115.38
20181214,115.34
20181215,115.3
20181216,115.26
20181217,115.21
20181218,115.17
20181219,115.13
20181220,115.09
20181221,115.04
20181222,115
20181223,114.96
20181224,114.92
20181225,114.87
20181226,114.81
20181227,114.76
20181228,114.7
20181229,114.65
20181230,114.63
20181231,114.6
20190101,114.58
20190102,114.56
20190103,114.53
20190104,114.5
20190105,114.47
20190106,114.44
20190107,114.4
20190108,114.37
20190109,114.33
20190110,114.29
20190111,114.26
20190112,114.15
20190113,114.02
20190114,113.83
20190115,113.61
20190116,113.39
20190117,113.31
20190118,113.19
20190119,113
20190120,112.8
20190121,112.6
20190122,112.4
20190123,112.2
20190124,112
20190125,111.79
20190126,111.58
20190127,111.37
20190128,111.16
20190129,110.94
20190130,110.72
20190131,110.5
20190201,110.28
20190202,110.06
20190203,109.84
20190204,109.62
20190205,109.45
20190206,109.42
20190207,109.38
20190208,109.34
20190209,109.31
20190210,109.28
20190211,109.24
20190212,109.2
20190213,109.16
20190214,109.13
20190215,109.09
20190216,109.05
20190217,109.01
20190218,108.74
20190219,108.47
20190220,108.2
20190221,107.93
20190222,107.65
20190223,107.32
20190224,106.92
20190225,106.63
20190226,106.28
20190227,105.93
20190228,105.57
20190301,105.21
20190302,104.85
20190303,104.48
20190304,104.09
20190305,103.7
20190306,103.31
20190307,102.91
20190308,102.54
20190309,102.27
20190310,102.23
20190311,102.19
20190312,102.15
20190313,102.12
20190314,102.09
20190315,102.05
20190316,102.01
20190317,101.97
20190318,101.93
20190319,101.89
20190320,101.85
20190321,101.48
20190322,101.09
20190323,100.67
20190324,100.25
20190325,99.82
20190326,99.39
20190327,98.95
20190328,98.5
20190329,98.05
20190330,97.59
20190331,97.13
20190401,96.66
20190402,96.19
20190403,95.71
20190404,95.22
20190405,94.73
20190406,94.23
20190407,93.73
20190408,93.22
20190409,92.7
20190410,92.65
20190411,92.6
20190412,92.55
20190413,92.5
20190414,92.45
20190415,92.41
20190416,92.37
20190417,92.32
20190418,92.27
20190419,92.23
20190420,92.19
20190421,92.07
20190422,91.88
20190423,91.58
20190424,91.68
20190425,90.56
20190426,90.04
20190427,89.48
20190428,88.91
20190429,88.35
20190430,87.79
20190501,87.22
20190502,86.64
20190503,86.05
20190504,85.45
20190505,84.84
20190506,84.21
20190507,83.68
20190508,83.26
20190509,82.69
20190510,82.28
20190511,82.22
20190512,82.16
20190513,82.1
20190514,82.22
20190515,82
20190516,81.94
20190517,81.88
20190518,81.82
20190519,81.76
20190520,81.7
20190521,81.65
20190522,81.59
20190523,81.53
20190524,81.47
20190525,81.42
20190526,81.37
20190527,81.31
20190528,81.25
20190529,81.2
20190530,81.14
20190531,81.08
20190601,81.03
20190602,80.97
20190603,80.91
20190604,80.85
20190605,80.79
20190606,80.73
20190607,80.67
20190608,80.62
20190609,80.56
20190610,80.5
20190611,80.44
20190612,80.38
20190613,80.32
20190614,80.26
20190615,80.2
20190616,80.14
20190617,80.08
20190618,80.03
20190619,79.99
20190620,79.95
20190621,79.9
20190622,79.86
20190623,79.82
20190624,79.79
20190625,79.76
20190626,79.74
20190627,79.72
20190628,79.77
20190629,79.88
20190630,79.98
20190701,80.05
20190702,80.1
20190703,80.15
20190704,80.2
20190705,80.4
20190706,80.75
20190707,81.55
20190708,83.65
20190709,84.85
20190710,86.1
20190711,87.1
20190712,88.35
20190713,89.2
20190714,89.85
20190715,90.3
20190716,90.65
20190717,90.9
20190718,90.88
20190719,90.73
20190720,90.03
20190721,88.93
20190722,88.12
20190723,87.75
20190724,87.9
20190725,88.35
20190726,88.4
20190727,88.1
20190728,87.7
20190729,87.13
20190730,86.2
20190731,85.1
20190801,84.5
20190802,83.9
20190803,83.45
20190804,83.2
20190805,83.1
20190806,84.2
20190807,86.9
20190808,91
20190809,97.5
20190810,108.5
20190811,118.75
20190812,122.3
20190813,123.7
20190814,124.1
20190815,124.8
20190816,124.8
20190817,124.8
20190818,124.7
20190819,124.8
20190820,124.8
20190821,124.8
20190822,124.8
20190823,124.8
20190824,124.8
20190825,124.8
20190826,124.8
20190827,124.8
20190828,124.8
20190829,124.8
20190830,124.8
20190831,124.8
20190901,124.8
20190902,124.8
20190903,124.8
20190904,124.8
20190905,124.8
20190906,124.8
20190907,124.8
20190908,124.8
20190909,124.8
20190910,124.8
20190911,124.8
20190912,124.8
20190913,124.8
20190914,124.8
20190915,124.8
20190916,124.8
20190917,124.8
20190918,124.8
20190919,124.8
20190920,124.8
20190921,124.8
20190922,124.8
20190923,124.8
20190924,124.8
20190925,124.8
20190926,124.8
20190927,124.8
20190928,124.8
20190929,124.8
20190930,124.8
20191001,124.8
20191002,124.8
20191003,124.8
20191004,124.8
20191005,124.8
20191006,124.8
20191007,124.8
20191008,124.8
20191009,124.8
20191010,124.8
20191011,124.8
20191012,124.8
20191013,124.8
20191014,124.8
20191015,124.8
20191016,124.8
20191017,124.8
20191018,124.8
20191019,124.8
20191020,124.8
20191021,124.8
20191022,124.8
20191023,124.8
20191024,124.8
20191025,124.8
20191026,124.8
20191027,124.8
20191028,124.8
20191029,124.8
20191030,124.8
20191031,124.8
20191101,124.8
20191102,124.8
20191103,124.8
20191104,124.8
20191105,124.8
20191106,124.8
20191107,124.8
20191108,124.8
20191109,124.8
20191110,124.8
20191111,124.8
20191112,
20191113,124.8
20191114,124.8
20191115,124.8
20191116,124.8
20191117,124.8
20191118,124.8
20191119,124.8
20191120,124.77
20191121,124.7
20191122,124.61
20191123,124.51
20191124,124.39
20191125,124.29
20191126,124.15
20191127,124.02
20191128,123.92
20191129,123.82
20191130,123.71
20191201,123.61
20191202,123.53
20191203,123.49
20191204,123.49
20191205,123.47
20191206,123.41
20191207,123.3
20191208,123.2
20191209,123.1
20191210,122.98
20191211,122.85
20191212,122.72
20191213,122.59
20191214,122.46
20191215,122.36
20191216,122.28
20191217,122.17
20191218,122.07
20191219,121.98
20191220,121.9
20191221,121.83
20191222,121.77
20191223,121.72
20191224,121.7
20191225,121.6
20191226,121.6
20191227,121.5
20191228,121.5
20191229,121.6
20191230,121.6
20191231,121.6
20200101,121.64
20200102,121.64
20200103,121.62
20200104,121.58
20200105,121.54
20200106,121.49
20200107,121.44
20200108,121.38
20200109,121.32
20200110,121.26
20200111,121.21
20200112,121.16
20200113,121.1
20200114,120.97
20200115,120.67
20200116,120.37
20200117,120.08
20200118,119.79
20200119,119.51
20200120,119.25
20200121,119
20200122,118.77
20200123,118.55
20200124,118.31
20200125,118.07
20200126,117.82
20200127,117.58
20200128,117.34
20200129,117.11
20200130,116.87
20200131,116.62
20200201,116.38
20200202,116.24
20200203,116.2
20200204,116.16
20200205,116.13
20200206,116.1
20200207,116.06
20200208,116.02
20200209,115.98
20200210,115.95
20200211,115.92
20200212,115.88
20200213,115.84
20200214,115.62
20200215,115.38
20200216,115.14
20200217,114.9
20200218,114.66
20200219,114.42
20200220,114.18
20200221,113.94
20200222,113.7
20200223,113.45
20200224,113.19
20200225,112.93
20200226,112.57
20200227,112.1
20200228,111.62
20200229,111.32
20200301,111.05
20200302,110.98
20200303,111
20200304,111
20200305,110.96
20200306,110.91
20200307,110.86
20200308,110.81
20200309,110.75
20200310,110.69
20200311,110.63
20200312,110.57
20200313,110.52
20200314,110.46
20200315,110.28
20200316,110
20200317,109.69
20200318,109.36
20200319,109.04
20200320,108.71
20200321,108.38
20200322,108.04
20200323,107.69
20200324,107.34
20200325,107
20200326,106.65
20200327,106.3
20200328,105.93
20200329,105.55
20200330,105.2
20200331,104.86
20200401,104.51
20200402,104.35
20200403,104.3
20200404,104.22
20200405,104.14
20200406,104.06
20200407,103.98
20200408,103.9
20200409,103.83
20200410,103.81
20200411,103.8
20200412,103.79
20200413,103.75
20200414,103.68
20200415,103.61
20200416,103.39
20200417,103
20200418,102.6
20200419,102.19
20200420,101.76
20200421,101.29
20200422,100.84
20200423,100.38
20200424,99.92
20200425,99.45
20200426,98.98
20200427,98.5
20200428,98.02
20200429,97.54
20200430,97.2
20200501,97
20200502,96.85
20200503,96.77
20200504,96.75
20200505,96.73
20200506,96.7
20200507,96.66
20200508,96.62
20200509,96.58
20200510,96.53
20200511,96.48
20200512,96.42
20200513,96.36
20200514,96.25
20200515,96.16
20200516,95.67
20200517,95.18
20200518,94.8
20200519,94.4
20200520,94
20200521,93.62
20200522,93.26
20200523,92.88
20200524,92.5
20200525,92.25
20200526,92.19
20200527,92.07
20200528,91.95
20200529,91.92
20200530,91.94
20200531,91.95
20200601,92
20200602,92.05
20200603,92.09
20200604,92.12
20200605,92.14
20200606,92.16
20200607,92.2
20200608,92.3
20200609,92.4
20200610,92.45
20200611,92.55
20200612,92.63
20200613,92.64
20200614,92.66
20200615,92.68
20200616,92.69
20200617,92.87
20200618,93.2
20200619,93.52
20200620,94.23
20200621,94.85
20200622,95.18
20200623,95.4
20200624,95.75
20200625,96.1
20200626,96.35
20200627,96.52
20200628,96.69
20200629,96.85
20200630,97
20200701,97.14
20200702,97.4
20200703,97.62
20200704,97.82
20200705,98.15
20200706,98.75
20200707,99.4
20200708,100.33
20200709,
20200710,
20200711,
20200712,
20200713,
20200714,
20200715,
20200716,
20200717,
20200718,
20200719,
20200720,
20200721,
20200722,
20200723,107.72
20200724,107.64
20200725,107.41
20200726,107.1
20200727,106.8
20200728,106.65
20200729,106.52
20200730,106.26
20200731,105.97
20200801,105.95
20200802,105.83
20200803,105.68
20200804,105.7
20200805,107.17
20200806,
20200807,
20200808,
20200809,
20200810,
20200811,
20200812,
20200813,123.45
20200814,124.05
20200815,124.36
20200816,124.6
20200817,124.8
20200818,124.8
20200819,124.1
20200820,123.82
20200821,124.7
20200822,124.8
20200823,124.72
20200824,124.65
20200825,124.64
20200826,124.54
20200827,124.37
20200828,124.12
20200829,123.87
20200830,123.63
20200831,123.39
20200901,123.22
20200902,123.3
20200903,123.6
20200904,123.9
20200905,124.15
20200906,124.25
20200907,124.24
20200908,124.21
20200909,124.28
20200910,124.48
20200911,124.5
20200912,124.53
20200913,124.57
20200914,124.63
20200915,124.67
20200916,124.7
20200917,124.72
20200918,124.74
20200919,124.73
20200920,124.65
20200921,124.6
20200922,124.25
20200923,123.55
20200924,123.1
20200925,123.55
20200926,123.95
20200927,124.25
20200928,124.5
20200929,124.65
20200930,124.72
20201001,124.75
20201002,124.77
20201003,124.8
20201004,124.8
20201005,124.8
20201006,124.8
20201007,124.8
20201008,124.8
20201009,124.8
20201010,124.8
20201011,124.8
20201012,124.8
20201013,124.8
20201014,124.8
20201015,124.8
20201016,124.8
20201017,124.8
20201018,124.8
20201019,124.8
20201020,124.8
20201021,124.8
20201022,124.8
20201023,124.8
20201024,124.8
20201025,124.8
20201026,124.8
20201027,124.8
20201028,124.8
20201029,124.8
20201030,124.64
20201031,124.55
20201101,124.41
20201102,124.26
20201103,124.19
20201104,124.18
20201105,124.13
20201106,124.19
20201107,124.3
20201108,124.29
20201109,124.19
20201110,124.07
20201111,123.9
20201112,123.8
20201113,123.67
20201114,123.56
20201115,123.42
20201116,123.31
20201117,123.23
20201118,123.14
20201119,123
20201120,122.89
20201121,122.73
20201122,122.55
20201123,122.34
20201124,122.14
20201125,121.95
20201126,121.78
20201127,121.59
20201128,121.4
20201129,121.23
20201130,121.07
20201201,120.91
20201202,120.77
20201203,120.6
20201204,120.45
20201205,120.3
20201206,120.18
20201207,120.08
20201208,120
20201209,120
20201210,120
20201211,120
20201212,120
20201213,119.98
20201214,119.95
20201215,119.9
20201216,119.83
20201217,
20201218,
20201219,
20201220,
20201221,
20201222,
20201223,
20201224,
20201225,
20201226,
20201227,
20201228,
20201229,
20201230,
20201231,
,
