Date,observed Inflow,,,,,,
20110101,57.46128,,,,,,
20110102,87.33888,,,,,,
20110103,78.61632,,,,,,
20110104,65.44752,,,,,,
20110105,52.30704,,,,,,
20110106,61.05792,,,,,,
20110107,52.30704,,,,,,
20110108,56.69664,,,,,,
20110109,43.52784,,,,,,
20110110,39.13824,,,,,,
20110111,34.77696,,,,,,
20110112,43.3296,,,,,,
20110113,43.3296,,,,,,
20110114,47.20944,,,,,,
20110115,33.53088,,,,,,
20110116,46.75632,,,,,,
20110117,59.55696,,,,,,
20110118,76.29408,,,,,,
20110119,62.4456,,,,,,
20110120,66.58032,,,,,,
20110121,66.46704,,,,,,
20110122,62.61552,,,,,,
20110123,62.1624,,,,,,
20110124,69.5256,,,,,,
20110125,48.39888,,,,,,
20110126,53.07168,,,,,,
20110127,53.07168,,,,,,
20110128,60.85968,,,,,,
20110129,47.63424,,,,,,
20110130,55.45056,,,,,,
20110131,64.48464,,,,,,
20110201,56.27184,,,,,,
20110202,24.69504,,,,,,
20110203,14.16,,,,,,
20110204,19.90896,,,,,,
20110205,16.1424,,,,,,
20110206,12.23424,,,,,,
20110207,16.1424,,,,,,
20110208,10.93152,,,,,,
20110209,12.51744,,,,,,
20110210,12.51744,,,,,,
20110211,8.12784,,,,,,
20110212,7.70304,,,,,,
20110213,8.60928,,,,,,
20110214,11.10144,,,,,,
20110215,14.27328,,,,,,
20110216,17.58672,,,,,,
20110217,9.3456,,,,,,
20110218,12.40416,,,,,,
20110219,8.3544,,,,,,
20110220,9.68544,,,,,,
20110221,7.47648,,,,,,
20110222,7.75968,,,,,,
20110223,14.78304,,,,,,
20110224,51.62736,,,,,,
20110225,45.22704,,,,,,
20110226,52.08048,,,,,,
20110227,44.57568,,,,,,
20110228,33.61584,,,,,,
20110301,17.9832,,,,,,
20110302,14.16,,,,,,
20110303,14.16,,,,,,
20110304,16.0008,,,,,,
20110305,16.0008,,,,,,
20110306,39.95952,,,,,,
20110307,29.48112,,,,,,
20110308,26.904,,,,,,
20110309,33.72912,,,,,,
20110310,33.72912,,,,,,
20110311,35.1168,,,,,,
20110312,31.7184,,,,,,
20110313,28.80144,,,,,,
20110314,16.39728,,,,,,
20110315,7.3632,,,,,,
20110316,7.41984,,,,,,
20110317,7.6464,,,,,,
20110318,7.19328,,,,,,
20110319,29.11296,,,,,,
20110320,22.31616,,,,,,
20110321,5.8056,,,,,,
20110322,18.15312,,,,,,
20110323,18.06816,,,,,,
20110324,11.52624,,,,,,
20110325,25.54464,,,,,,
20110326,22.71264,,,,,,
20110327,31.83168,,,,,,
20110328,28.91472,,,,,,
20110329,0,,,,,,
20110330,17.7,,,,,,
20110331,17.36016,,,,,,
20110401,16.62384,,,,,,
20110402,17.89824,,,,,,
20110403,9.3456,,,,,,
20110404,5.49408,,,,,,
20110405,5.35248,,,,,,
20110406,4.248,,,,,,
20110407,4.87104,,,,,,
20110408,8.12784,,,,,,
20110409,15.49104,,,,,,
20110410,17.86992,,,,,,
20110411,20.532,,,,,,
20110412,23.27904,,,,,,
20110413,23.27904,,,,,,
20110414,31.46352,,,,,,
20110415,34.18224,,,,,,
20110416,36.92928,,,,,,
20110417,47.88912,,,,,,
20110418,53.3832,,,,,,
20110419,43.3296,,,,,,
20110420,26.70576,,,,,,
20110421,33.58752,,,,,,
20110422,78.92784,,,,,,
20110423,133.13232,,,,,,
20110424,101.55552,,,,,,
20110425,117.41472,,,,,,
20110426,79.35264,,,,,,
20110427,52.1088,,,,,,
20110428,52.1088,,,,,,
20110429,46.64304,,,,,,
20110430,43.92432,,,,,,
20110501,48.68208,,,,,,
20110502,51.4008,,,,,,
20110503,59.81184,,,,,,
20110504,53.63808,,,,,,
20110505,50.49456,,,,,,
20110506,43.21632,,,,,,
20110507,24.6384,,,,,,
20110508,15.68928,,,,,,
20110509,8.58096,,,,,,
20110510,8.83584,,,,,,
20110511,7.53312,,,,,,
20110512,8.72256,,,,,,
20110513,5.29584,,,,,,
20110514,4.41792,,,,,,
20110515,12.99888,,,,,,
20110516,9.85536,,,,,,
20110517,17.8416,,,,,,
20110518,16.992,,,,,,
20110519,18.03984,,,,,,
20110520,84.02544,,,,,,
20110521,60.83136,,,,,,
20110522,34.43712,,,,,,
20110523,28.37664,,,,,,
20110524,23.87376,,,,,,
20110525,20.02224,,,,,,
20110526,34.692,,,,,,
20110527,33.58752,,,,,,
20110528,56.66832,,,,,,
20110529,50.29632,,,,,,
20110530,46.35984,,,,,,
20110531,31.88832,,,,,,
20110601,36.98592,,,,,,
20110602,32.93616,,,,,,
20110603,29.1696,,,,,,
20110604,50.94768,,,,,,
20110605,46.78464,,,,,,
20110606,46.81296,,,,,,
20110607,72.04608,,,,,,
20110608,123.73008,,,,,,
20110609,114.86592,,,,,,
20110610,93.34272,,,,,,
20110611,89.0664,,,,,,
20110612,88.98144,,,,,,
20110613,106.79472,,,,,,
20110614,159.46992,,,,,,
20110615,156.43968,,,,,,
20110616,204.78192,,,,,,
20110617,206.19792,,,,,,
20110618,188.58288,,,,,,
20110619,211.2672,,,,,,
20110620,384.444,,,,,,
20110621,289.1472,,,,,,
20110622,186.99696,,,,,,
20110623,116.84832,,,,,,
20110624,84.87504,,,,,,
20110625,93.8808,,,,,,
20110626,115.03584,,,,,,
20110627,205.20672,,,,,,
20110628,325.19856,,,,,,
20110629,381.78192,,,,,,
20110630,357.08688,,,,,,
20110701,215.26032,,,,,,
20110702,154.71216,,,,,,
20110703,120.02016,,,,,,
20110704,149.33136,,,,,,
20110705,158.42208,,,,,,
20110706,126.42048,,,,,,
20110707,123.70176,,,,,,
20110708,155.73168,,,,,,
20110709,174.4512,,,,,,
20110710,161.1408,,,,,,
20110711,147.8304,,,,,,
20110712,122.08752,,,,,,
20110713,131.09328,,,,,,
20110714,122.56896,,,,,,
20110715,145.08336,,,,,,
20110716,281.52912,,,,,,
20110717,427.97184,,,,,,
20110718,558.3288,,,,,,
20110719,712.92768,,,,,,
20110720,749.40384,,,,,,
20110721,718.95984,,,,,,
20110722,549.91776,,,,,,
20110723,454.64928,,,,,,
20110724,421.91136,,,,,,
20110725,466.51536,,,,,,
20110726,593.47392,,,,,,
20110727,479.91072,,,,,,
20110728,310.9536,,,,,,
20110729,279.0936,,,,,,
20110730,298.66272,,,,,,
20110731,266.71776,,,,,,
20110801,243.21216,,,,,,
20110802,334.26096,,,,,,
20110803,276.20496,,,,,,
20110804,504.69072,,,,,,
20110805,639.55056,,,,,,
20110806,709.21776,,,,,,
20110807,900.12288,,,,,,
20110808,854.47104,,,,,,
20110809,768.06672,,,,,,
20110810,522.56064,,,,,,
20110811,445.53024,,,,,,
20110812,374.73024,,,,,,
20110813,326.01984,,,,,,
20110814,390.07968,,,,,,
20110815,405.74064,,,,,,
20110816,430.37904,,,,,,
20110817,339.18864,,,,,,
20110818,179.09568,,,,,,
20110819,156.07152,,,,,,
20110820,146.2728,,,,,,
20110821,128.09136,,,,,,
20110822,201.69504,,,,,,
20110823,277.8192,,,,,,
20110824,256.91904,,,,,,
20110825,282.492,,,,,,
20110826,321.51696,,,,,,
20110827,299.0592,,,,,,
20110828,298.80432,,,,,,
20110829,316.58928,,,,,,
20110830,280.16976,,,,,,
20110831,378.6384,,,,,,
20110901,513.49824,,,,,,
20110902,663.70752,,,,,,
20110903,939.74256,,,,,,
20110904,1096.35216,,,,,,
20110905,1303.03152,,,,,,
20110906,1114.61856,,,,,,
20110907,878.42976,,,,,,
20110908,641.98608,,,,,,
20110909,506.7864,,,,,,
20110910,427.09392,,,,,,
20110911,399.36864,,,,,,
20110912,426.47088,,,,,,
20110913,453.79968,,,,,,
20110914,392.60016,,,,,,
20110915,365.44128,,,,,,
20110916,365.07312,,,,,,
20110917,436.75104,,,,,,
20110918,279.06528,,,,,,
20110919,225.34224,,,,,,
20110920,225.852,,,,,,
20110921,221.3208,,,,,,
20110922,175.584,,,,,,
20110923,157.884,,,,,,
20110924,144.68688,,,,,,
20110925,135.70944,,,,,,
20110926,126.36384,,,,,,
20110927,102.8016,,,,,,
20110928,85.69632,,,,,,
20110929,63.8616,,,,,,
20110930,76.63392,,,,,,
20111001,75.55776,,,,,,
20111002,164.56752,,,,,,
20111003,204.01728,,,,,,
20111004,173.00688,,,,,,
20111005,133.75536,,,,,,
20111006,103.67952,,,,,,
20111007,101.30064,,,,,,
20111008,98.32704,,,,,,
20111009,102.54672,,,,,,
20111010,187.22352,,,,,,
20111011,216.61968,,,,,,
20111012,363.94032,,,,,,
20111013,459.46368,,,,,,
20111014,348.36432,,,,,,
20111015,292.06416,,,,,,
20111016,310.6704,,,,,,
20111017,288.80736,,,,,,
20111018,233.66832,,,,,,
20111019,180.28512,,,,,,
20111020,157.43088,,,,,,
20111021,192.2928,,,,,,
20111022,227.38128,,,,,,
20111023,179.18064,,,,,,
20111024,209.8512,,,,,,
20111025,344.20128,,,,,,
20111026,372.35136,,,,,,
20111027,301.15488,,,,,,
20111028,238.65264,,,,,,
20111029,184.90128,,,,,,
20111030,168.41904,,,,,,
20111031,177.39648,,,,,,
20111101,181.87104,,,,,,
20111102,180.51168,,,,,,
20111103,305.74272,,,,,,
20111104,576.56688,,,,,,
20111105,508.17408,,,,,,
20111106,330.23952,,,,,,
20111107,247.14864,,,,,,
20111108,188.41296,,,,,,
20111109,256.63584,,,,,,
20111110,242.136,,,,,,
20111111,139.0512,,,,,,
20111112,129.90384,,,,,,
20111113,129.87552,,,,,,
20111114,129.87552,,,,,,
20111115,130.1304,,,,,,
20111116,126.76032,,,,,,
20111117,117.8112,,,,,,
20111118,117.41472,,,,,,
20111119,111.75072,,,,,,
20111120,111.75072,,,,,,
20111121,94.70208,,,,,,
20111122,107.70096,,,,,,
20111123,124.15488,,,,,,
20111124,110.64624,,,,,,
20111125,110.90112,,,,,,
20111126,106.96464,,,,,,
20111127,132.5376,,,,,,
20111128,162.5568,,,,,,
20111129,231.17616,,,,,,
20111130,196.88064,,,,,,
20111201,187.87488,,,,,,
20111202,149.69952,,,,,,
20111203,145.39488,,,,,,
20111204,145.11168,,,,,,
20111205,144.54528,,,,,,
20111206,139.95744,,,,,,
20111207,135.6528,,,,,,
20111208,126.78864,,,,,,
20111209,135.53952,,,,,,
20111210,131.31984,,,,,,
20111211,136.84224,,,,,,
20111212,136.84224,,,,,,
20111213,127.60992,,,,,,
20111214,139.87248,,,,,,
20111215,144.06384,,,,,,
20111216,139.87248,,,,,,
20111217,135.42624,,,,,,
20111218,127.38336,,,,,,
20111219,127.35504,,,,,,
20111220,126.93024,,,,,,
20111221,114.35616,,,,,,
20111222,107.70096,,,,,,
20111223,113.59152,,,,,,
20111224,140.7504,,,,,,
20111225,120.27504,,,,,,
20111226,116.42352,,,,,,
20111227,114.72432,,,,,,
20111228,118.71744,,,,,,
20111229,118.0944,,,,,,
20111230,109.82496,,,,,,
20111231,82.60944,,,,,,
20120101,139.44768,,,,,,
20120102,,,,,,,
20120103,,,,,,,
20120104,,,,,,,
20120105,,,,,,,
20120106,,,,,,,
20120107,,,,,,,
20120108,,,,,,,
20120109,,,,,,,
20120110,,,,,,,
20120111,,,,,,,
20120112,,,,,,,
20120113,,,,,,,
20120114,,,,,,,
20120115,,,,,,,
20120116,,,,,,,
20120117,,,,,,,
20120118,,,,,,,
20120119,,,,,,,
20120120,,,,,,,
20120121,,,,,,,
20120122,,,,,,,
20120123,,,,,,,
20120124,,,,,,,
20120125,,,,,,,
20120126,,,,,,,
20120127,,,,,,,
20120128,,,,,,,
20120129,,,,,,,
20120130,,,,,,,
20120131,,,,,,,
20120201,,,,,,,
20120202,,,,,,,
20120203,,,,,,,
20120204,,,,,,,
20120205,,,,,,,
20120206,,,,,,,
20120207,,,,,,,
20120208,,,,,,,
20120209,,,,,,,
20120210,,,,,,,
20120211,,,,,,,
20120212,,,,,,,
20120213,,,,,,,
20120214,,,,,,,
20120215,,,,,,,
20120216,,,,,,,
20120217,,,,,,,
20120218,,,,,,,
20120219,,,,,,,
20120220,,,,,,,
20120221,,,,,,,
20120222,,,,,,,
20120223,,,,,,,
20120224,,,,,,,
20120225,,,,,,,
20120226,,,,,,,
20120227,,,,,,,
20120228,,,,,,,
20120229,,,,,,,
20120301,,,,,,,
20120302,,,,,,,
20120303,,,,,,,
20120304,,,,,,,
20120305,,,,,,,
20120306,,,,,,,
20120307,,,,,,,
20120308,,,,,,,
20120309,,,,,,,
20120310,,,,,,,
20120311,,,,,,,
20120312,,,,,,,
20120313,,,,,,,
20120314,,,,,,,
20120315,,,,,,,
20120316,,,,,,,
20120317,,,,,,,
20120318,,,,,,,
20120319,,,,,,,
20120320,,,,,,,
20120321,,,,,,,
20120322,,,,,,,
20120323,,,,,,,
20120324,,,,,,,
20120325,,,,,,,
20120326,,,,,,,
20120327,,,,,,,
20120328,,,,,,,
20120329,,,,,,,
20120330,,,,,,,
20120331,,,,,,,
20120401,,,,,,,
20120402,,,,,,,
20120403,,,,,,,
20120404,,,,,,,
20120405,,,,,,,
20120406,,,,,,,
20120407,,,,,,,
20120408,,,,,,,
20120409,,,,,,,
20120410,,,,,,,
20120411,,,,,,,
20120412,,,,,,,
20120413,,,,,,,
20120414,,,,,,,
20120415,,,,,,,
20120416,,,,,,,
20120417,,,,,,,
20120418,,,,,,,
20120419,,,,,,,
20120420,,,,,,,
20120421,,,,,,,
20120422,,,,,,,
20120423,,,,,,,
20120424,,,,,,,
20120425,,,,,,,
20120426,,,,,,,
20120427,,,,,,,
20120428,,,,,,,
20120429,,,,,,,
20120430,,,,,,,
20120501,,,,,,,
20120502,,,,,,,
20120503,,,,,,,
20120504,,,,,,,
20120505,,,,,,,
20120506,,,,,,,
20120507,,,,,,,
20120508,,,,,,,
20120509,,,,,,,
20120510,,,,,,,
20120511,,,,,,,
20120512,,,,,,,
20120513,,,,,,,
20120514,,,,,,,
20120515,,,,,,,
20120516,,,,,,,
20120517,,,,,,,
20120518,,,,,,,
20120519,,,,,,,
20120520,,,,,,,
20120521,,,,,,,
20120522,,,,,,,
20120523,,,,,,,
20120524,,,,,,,
20120525,,,,,,,
20120526,,,,,,,
20120527,,,,,,,
20120528,,,,,,,
20120529,,,,,,,
20120530,,,,,,,
20120531,9.54384,,,,,,
20120601,11.38464,,,,,,
20120602,11.29968,,,,,,
20120603,7.67472,,,,,,
20120604,8.80752,,,,,,
20120605,6.57024,,,,,,
20120606,7.67472,,,,,,
20120607,8.80752,,,,,,
20120608,8.80752,,,,,,
20120609,8.38272,,,,,,
20120610,7.67472,,,,,,
20120611,8.80752,,,,,,
20120612,8.80752,,,,,,
20120613,9.94032,,,,,,
20120614,,,,,,,
20120615,8.80752,,,,,,
20120616,7.5048,,,,,,
20120617,8.69424,,,,,,
20120618,,,,,,,
20120619,,,,,,,
20120620,,,,,,,
20120621,,,,,,,
20120622,,,,,,,
20120623,,,,,,,
20120624,,,,,,,
20120625,,,,,,,
20120626,48.93696,,,,,,
20120627,49.78656,,,,,,
20120628,50.4096,,,,,,
20120629,62.53056,,,,,,
20120630,64.428,,,,,,
20120701,37.07088,,,,,,
20120702,21.35328,,,,,,
20120703,30.84048,,,,,,
20120704,77.11536,,,,,,
20120705,311.03856,,,,,,
20120706,331.57056,,,,,,
20120707,261.3936,,,,,,
20120708,118.63248,,,,,,
20120709,77.3136,,,,,,
20120710,49.67328,,,,,,
20120711,50.4096,,,,,,
20120712,43.10304,,,,,,
20120713,48.65376,,,,,,
20120714,55.30896,,,,,,
20120715,56.10192,,,,,,
20120716,56.10192,,,,,,
20120717,56.0736,,,,,,
20120718,58.65072,,,,,,
20120719,63.80496,,,,,,
20120720,63.74832,,,,,,
20120721,61.53936,,,,,,
20120722,55.28064,,,,,,
20120723,60.29328,,,,,,
20120724,66.52368,,,,,,
20120725,72.75408,,,,,,
20120726,87.19728,,,,,,
20120727,86.46096,,,,,,
20120728,87.70704,,,,,,
20120729,116.45184,,,,,,
20120730,154.0608,,,,,,
20120731,116.5368,,,,,,
20120801,112.91184,,,,,,
20120802,88.13184,,,,,,
20120803,91.0488,,,,,,
20120804,70.68672,,,,,,
20120805,51.03264,,,,,,
20120806,52.64688,,,,,,
20120807,236.69856,,,,,,
20120808,877.83504,,,,,,
20120809,823.57392,,,,,,
20120810,607.06752,,,,,,
20120811,594.5784,,,,,,
20120812,446.40816,,,,,,
20120813,392.85504,,,,,,
20120814,431.93664,,,,,,
20120815,297.47328,,,,,,
20120816,188.66784,,,,,,
20120817,156.07152,,,,,,
20120818,110.5896,,,,,,
20120819,90.22752,,,,,,
20120820,100.536,,,,,,
20120821,94.90032,,,,,,
20120822,80.9952,,,,,,
20120823,48.03072,,,,,,
20120824,75.41616,,,,,,
20120825,86.03616,,,,,,
20120826,85.61136,,,,,,
20120827,85.61136,,,,,,
20120828,186.65712,,,,,,
20120829,192.20784,,,,,,
20120830,189.744,,,,,,
20120831,344.85264,,,,,,
20120901,344.85264,,,,,,
20120902,395.14896,,,,,,
20120903,398.91552,,,,,,
20120904,402.37056,,,,,,
20120905,474.0768,,,,,,
20120906,466.8552,,,,,,
20120907,365.328,,,,,,
20120908,301.26816,,,,,,
20120909,271.0224,,,,,,
20120910,255.24816,,,,,,
20120911,240.80496,,,,,,
20120912,249.7824,,,,,,
20120913,223.75632,,,,,,
20120914,217.46928,,,,,,
20120915,194.1336,,,,,,
20120916,184.16496,,,,,,
20120917,167.42784,,,,,,
20120918,167.39952,,,,,,
20120919,167.39952,,,,,,
20120920,156.43968,,,,,,
20120921,165.30384,,,,,,
20120922,131.9712,,,,,,
20120923,128.5728,,,,,,
20120924,105.12384,,,,,,
20120925,95.04192,,,,,,
20120926,99.17664,,,,,,
20120927,95.66496,,,,,,
20120928,121.6344,,,,,,
20120929,160.716,,,,,,
20120930,148.62336,,,,,,
20121001,158.22384,,,,,,
20121002,176.51856,,,,,,
20121003,161.05584,,,,,,
20121004,147.03744,,,,,,
20121005,138.56976,,,,,,
20121006,359.74896,,,,,,
20121007,163.74624,,,,,,
20121008,178.61424,,,,,,
20121009,156.38304,,,,,,
20121010,127.24176,,,,,,
20121011,95.80656,,,,,,
20121012,98.32704,,,,,,
20121013,87.05568,,,,,,
20121014,133.07568,,,,,,
20121015,249.55584,,,,,,
20121016,205.20672,,,,,,
20121017,215.14704,,,,,,
20121018,177.59472,,,,,,
20121019,117.61296,,,,,,
20121020,102.32016,,,,,,
20121021,117.92448,,,,,,
20121022,107.50272,,,,,,
20121023,98.21376,,,,,,
20121024,82.4112,,,,,,
20121025,86.376,,,,,,
20121026,74.14176,,,,,,
20121027,66.72192,,,,,,
20121028,40.27104,,,,,,
20121029,53.69472,,,,,,
20121030,43.01808,,,,,,
20121031,40.95072,,,,,,
20121101,102.5184,,,,,,
20121102,154.68384,,,,,,
20121103,181.04976,,,,,,
20121104,161.31072,,,,,,
20121105,139.67424,,,,,,
20121106,135.59616,,,,,,
20121107,153.83424,,,,,,
20121108,116.56512,,,,,,
20121109,86.376,,,,,,
20121110,68.93088,,,,,,
20121111,69.21408,,,,,,
20121112,67.5432,,,,,,
20121113,64.39968,,,,,,
20121114,70.2336,,,,,,
20121115,65.19264,,,,,,
20121116,39.30816,,,,,,
20121117,36.16464,,,,,,
20121118,38.40192,,,,,,
20121119,32.79456,,,,,,
20121120,31.0104,,,,,,
20121121,29.736,,,,,,
20121122,24.29856,,,,,,
20121123,32.36976,,,,,,
20121124,32.34144,,,,,,
20121125,37.21248,,,,,,
20121126,51.08928,,,,,,
20121127,69.61056,,,,,,
20121128,71.508,,,,,,
20121129,63.66336,,,,,,
20121130,53.21328,,,,,,
20121201,57.7728,,,,,,
20121202,50.268,,,,,,
20121203,38.77008,,,,,,
20121204,42.7632,,,,,,
20121205,69.89376,,,,,,
20121206,78.7296,,,,,,
20121207,98.95008,,,,,,
20121208,61.28448,,,,,,
20121209,77.65344,,,,,,
20121210,57.40464,,,,,,
20121211,60.85968,,,,,,
20121212,55.11072,,,,,,
20121213,50.21136,,,,,,
20121214,51.51408,,,,,,
20121215,51.06096,,,,,,
20121216,54.06288,,,,,,
20121217,53.6664,,,,,,
20121218,56.3568,,,,,,
20121219,60.12336,,,,,,
20121220,61.42608,,,,,,
20121221,60.01008,,,,,,
20121222,64.45632,,,,,,
20121223,67.4016,,,,,,
20121224,66.29712,,,,,,
20121225,66.24048,,,,,,
20121226,64.34304,,,,,,
20121227,68.42112,,,,,,
20121228,67.71312,,,,,,
20121229,66.63696,,,,,,
20121230,63.2952,,,,,,
20121231,53.18496,,,,,,
20130101,,,,,,,
20130102,,,,,,,
20130103,,,,,,,
20130104,,,,,,,
20130105,,,,,,,
20130106,,,,,,,
20130107,,,,,,,
20130108,,,,,,,
20130109,,,,,,,
20130110,,,,,,,
20130111,,,,,,,
20130112,,,,,,,
20130113,,,,,,,
20130114,,,,,,,
20130115,,,,,,,
20130116,,,,,,,
20130117,,,,,,,
20130118,,,,,,,
20130119,,,,,,,
20130120,,,,,,,
20130121,,,,,,,
20130122,11.63952,,,,,,
20130123,10.13856,,,,,,
20130124,10.13856,,,,,,
20130125,11.63952,,,,,,
20130126,8.60928,,,,,,
20130127,10.13856,,,,,,
20130128,10.13856,,,,,,
20130129,8.60928,,,,,,
20130130,10.13856,,,,,,
20130131,10.13856,,,,,,
20130201,8.60928,,,,,,
20130202,32.4264,,,,,,
20130203,9.99696,,,,,,
20130204,8.6376,,,,,,
20130205,,,,,,,
20130206,,,,,,,
20130207,,,,,,,
20130208,,,,,,,
20130209,,,,,,,
20130210,,,,,,,
20130211,,,,,,,
20130212,,,,,,,
20130213,,,,,,,
20130214,,,,,,,
20130215,,,,,,,
20130216,,,,,,,
20130217,,,,,,,
20130218,,,,,,,
20130219,,,,,,,
20130220,,,,,,,
20130221,,,,,,,
20130222,,,,,,,
20130223,,,,,,,
20130224,,,,,,,
20130225,,,,,,,
20130226,,,,,,,
20130227,,,,,,,
20130228,,,,,,,
20130301,,,,,,,
20130302,,,,,,,
20130303,,,,,,,
20130304,,,,,,,
20130305,,,,,,,
20130306,,,,,,,
20130307,,,,,,,
20130308,,,,,,,
20130309,,,,,,,
20130310,,,,,,,
20130311,,,,,,,
20130312,,,,,,,
20130313,,,,,,,
20130314,,,,,,,
20130315,,,,,,,
20130316,,,,,,,
20130317,,,,,,,
20130318,,,,,,,
20130319,,,,,,,
20130320,,,,,,,
20130321,,,,,,,
20130322,,,,,,,
20130323,,,,,,,
20130324,,,,,,,
20130325,,,,,,,
20130326,,,,,,,
20130327,,,,,,,
20130328,,,,,,,
20130329,,,,,,,
20130330,,,,,,,
20130331,,,,,,,
20130401,,,,,,,
20130402,,,,,,,
20130403,,,,,,,
20130404,,,,,,,
20130405,,,,,,,
20130406,,,,,,,
20130407,,,,,,,
20130408,,,,,,,
20130409,,,,,,,
20130410,,,,,,,
20130411,,,,,,,
20130412,,,,,,,
20130413,,,,,,,
20130414,,,,,,,
20130415,,,,,,,
20130416,,,,,,,
20130417,,,,,,,
20130418,,,,,,,
20130419,,,,,,,
20130420,,,,,,,
20130421,,,,,,,
20130422,,,,,,,
20130423,,,,,,,
20130424,,,,,,,
20130425,,,,,,,
20130426,,,,,,,
20130427,,,,,,,
20130428,,,,,,,
20130429,,,,,,,
20130430,,,,,,,
20130501,,,,,,,
20130502,,,,,,,
20130503,,,,,,,
20130504,,,,,,,
20130505,,,,,,,
20130506,,,,,,,
20130507,,,,,,,
20130508,,,,,,,
20130509,,,,,,,
20130510,,,,,,,
20130511,,,,,,,
20130512,,,,,,,
20130513,,,,,,,
20130514,,,,,,,
20130515,,,,,,,
20130516,,,,,,,
20130517,,,,,,,
20130518,,,,,,,
20130519,,,,,,,
20130520,,,,,,,
20130521,,,,,,,
20130522,,,,,,,
20130523,,,,,,,
20130524,,,,,,,
20130525,,,,,,,
20130526,,,,,,,
20130527,,,,,,,
20130528,,,,,,,
20130529,,,,,,,
20130530,,,,,,,
20130531,,,,,,,
20130601,,,,,,,
20130602,,,,,,,
20130603,,,,,,,
20130604,,,,,,,
20130605,,,,,,,
20130606,,,,,,,
20130607,,,,,,,
20130608,,,,,,,
20130609,,,,,,,
20130610,,,,,,,
20130611,5.60736,,,,,,
20130612,6.42864,,,,,,
20130613,13.62192,,,,,,
20130614,50.46624,,,,,,
20130615,176.46192,,,,,,
20130616,113.73312,,,,,,
20130617,212.88144,,,,,,
20130618,333.55296,,,,,,
20130619,327.2376,,,,,,
20130620,355.52928,,,,,,
20130621,233.3568,,,,,,
20130622,210.1344,,,,,,
20130623,167.11632,,,,,,
20130624,112.45872,,,,,,
20130625,106.87968,,,,,,
20130626,219.08352,,,,,,
20130627,574.3296,,,,,,
20130628,675.91344,,,,,,
20130629,514.9992,,,,,,
20130630,279.46176,,,,,,
20130701,164.256,,,,,,
20130702,123.78672,,,,,,
20130703,154.65552,,,,,,
20130704,389.5416,,,,,,
20130705,922.32576,,,,,,
20130706,1253.13168,,,,,,
20130707,1088.79072,,,,,,
20130708,814.45488,,,,,,
20130709,543.99888,,,,,,
20130710,402.88032,,,,,,
20130711,319.08144,,,,,,
20130712,399.53856,,,,,,
20130713,448.84368,,,,,,
20130714,571.46928,,,,,,
20130715,505.48368,,,,,,
20130716,273.91104,,,,,,
20130717,252.756,,,,,,
20130718,326.86944,,,,,,
20130719,351.84768,,,,,,
20130720,678.80208,,,,,,
20130721,1240.61424,,,,,,
20130722,1119.46128,,,,,,
20130723,1072.08192,,,,,,
20130724,804.82608,,,,,,
20130725,640.8816,,,,,,
20130726,822.9792,,,,,,
20130727,1417.38768,,,,,,
20130728,1619.42256,,,,,,
20130729,1513.5624,,,,,,
20130730,1350.94896,,,,,,
20130731,859.25712,,,,,,
20130801,719.10144,,,,,,
20130802,1485.29904,,,,,,
20130803,2497.3992,,,,,,
20130804,2702.88912,,,,,,
20130805,2383.86432,,,,,,
20130806,1513.95888,,,,,,
20130807,951.8352,,,,,,
20130808,788.31552,,,,,,
20130809,655.83456,,,,,,
20130810,417.4368,,,,,,
20130811,304.92144,,,,,,
20130812,299.71056,,,,,,
20130813,371.44512,,,,,,
20130814,288.63744,,,,,,
20130815,145.45152,,,,,,
20130816,165.02064,,,,,,
20130817,157.82736,,,,,,
20130818,118.00944,,,,,,
20130819,90.56736,,,,,,
20130820,58.56576,,,,,,
20130821,67.26,,,,,,
20130822,157.85568,,,,,,
20130823,217.29936,,,,,,
20130824,189.85728,,,,,,
20130825,148.70832,,,,,,
20130826,116.6784,,,,,,
20130827,102.97152,,,,,,
20130828,70.9416,,,,,,
20130829,43.49952,,,,,,
20130830,20.64528,,,,,,
20130831,25.2048,,,,,,
20130901,20.02224,,,,,,
20130902,20.98512,,,,,,
20130903,42.31008,,,,,,
20130904,82.63776,,,,,,
20130905,37.83552,,,,,,
20130906,51.42912,,,,,,
20130907,46.64304,,,,,,
20130908,51.00432,,,,,,
20130909,147.46224,,,,,,
20130910,151.85184,,,,,,
20130911,90.45408,,,,,,
20130912,42.25344,,,,,,
20130913,164.99232,,,,,,
20130914,217.61088,,,,,,
20130915,140.184,,,,,,
20130916,140.184,,,,,,
20130917,64.17312,,,,,,
20130918,90.4824,,,,,,
20130919,147.46224,,,,,,
20130920,269.40816,,,,,,
20130921,370.34064,,,,,,
20130922,485.51808,,,,,,
20130923,377.16576,,,,,,
20130924,245.13792,,,,,,
20130925,145.45152,,,,,,
20130926,104.30256,,,,,,
20130927,108.86208,,,,,,
20130928,86.00784,,,,,,
20130929,58.56576,,,,,,
20130930,53.97792,,,,,,
20131001,72.27264,,,,,,
20131002,86.0928,,,,,,
20131003,85.3848,,,,,,
20131004,80.91024,,,,,,
20131005,71.96112,,,,,,
20131006,58.14096,,,,,,
20131007,34.692,,,,,,
20131008,61.56768,,,,,,
20131009,92.91792,,,,,,
20131010,110.84448,,,,,,
20131011,115.31904,,,,,,
20131012,75.01968,,,,,,
20131013,52.56192,,,,,,
20131014,39.16656,,,,,,
20131015,43.55616,,,,,,
20131016,77.68176,,,,,,
20131017,72.98064,,,,,,
20131018,81.75984,,,,,,
20131019,116.82,,,,,,
20131020,156.26976,,,,,,
20131021,341.36928,,,,,,
20131022,244.26,,,,,,
20131023,124.26816,,,,,,
20131024,115.31904,,,,,,
20131025,115.31904,,,,,,
20131026,110.84448,,,,,,
20131027,,,,,,,
20131028,66.07056,,,,,,
20131029,70.34688,,,,,,
20131030,56.75328,,,,,,
20131031,,,,,,,
20131101,52.30704,,,,,,
20131102,41.29056,,,,,,
20131103,23.42064,,,,,,
20131104,27.81024,,,,,,
20131105,37.21248,,,,,,
20131106,36.9576,,,,,,
20131107,36.64608,,,,,,
20131108,22.91088,,,,,,
20131109,27.21552,,,,,,
20131110,19.31424,,,,,,
20131111,15.1512,,,,,,
20131112,19.42752,,,,,,
20131113,60.63312,,,,,,
20131114,48.05904,,,,,,
20131115,65.53248,,,,,,
20131116,48.82368,,,,,,
20131117,48.59712,,,,,,
20131118,60.29328,,,,,,
20131119,84.90336,,,,,,
20131120,89.00976,,,,,,
20131121,73.2072,,,,,,
20131122,60.94464,,,,,,
20131123,64.93776,,,,,,
20131124,185.01456,,,,,,
20131125,331.57056,,,,,,
20131126,214.83552,,,,,,
20131127,136.87056,,,,,,
20131128,112.23216,,,,,,
20131129,99.91296,,,,,,
20131130,112.23216,,,,,,
20131201,99.51648,,,,,,
20131202,91.72848,,,,,,
20131203,95.8632,,,,,,
20131204,91.6152,,,,,,
20131205,107.67264,,,,,,
20131206,91.6152,,,,,,
20131207,91.58688,,,,,,
20131208,91.41696,,,,,,
20131209,94.90032,,,,,,
20131210,94.90032,,,,,,
20131211,94.90032,,,,,,
20131212,84.05376,,,,,,
20131213,73.46208,,,,,,
20131214,100.84752,,,,,,
20131215,104.75568,,,,,,
20131216,89.0664,,,,,,
20131217,82.29792,,,,,,
20131218,91.21872,,,,,,
20131219,79.4376,,,,,,
20131220,78.53136,,,,,,
20131221,73.60368,,,,,,
20131222,67.31664,,,,,,
20131223,66.58032,,,,,,
20131224,62.64384,,,,,,
20131225,47.97408,,,,,,
20131226,44.68896,,,,,,
20131227,53.04336,,,,,,
20131228,56.18688,,,,,,
20131229,56.10192,,,,,,
20131230,53.1,,,,,,
20131231,53.3832,,,,,,
20140101,53.3832,,,,,,
20140102,43.896,,,,,,
20140103,43.81104,,,,,,
20140104,43.81104,,,,,,
20140105,32.68128,,,,,,
20140106,17.7,,,,,,
20140107,25.37472,,,,,,
20140108,29.22624,,,,,,
20140109,36.90096,,,,,,
20140110,40.72416,,,,,,
20140111,36.816,,,,,,
20140112,27.86688,,,,,,
20140113,34.77696,,,,,,
20140114,35.37168,,,,,,
20140115,30.50064,,,,,,
20140116,11.328,,,,,,
20140117,16.08576,,,,,,
20140118,20.87184,,,,,,
20140119,18.60624,,,,,,
20140120,29.14128,,,,,,
20140121,25.57296,,,,,,
20140122,15.03792,,,,,,
20140123,24.78,,,,,,
20140124,24.44016,,,,,,
20140125,21.60816,,,,,,
20140126,24.4968,,,,,,
20140127,15.91584,,,,,,
20140128,14.04672,,,,,,
20140129,16.4256,,,,,,
20140130,9.43056,,,,,,
20140131,5.9472,,,,,,
20140201,9.43056,,,,,,
20140202,5.91888,,,,,,
20140203,9.43056,,,,,,
20140204,9.43056,,,,,,
20140205,9.43056,,,,,,
20140206,5.91888,,,,,,
20140207,20.1072,,,,,,
20140208,16.11408,,,,,,
20140209,11.8944,,,,,,
20140210,12.40416,,,,,,
20140211,10.02528,,,,,,
20140212,11.41296,,,,,,
20140213,7.84464,,,,,,
20140214,6.11712,,,,,,
20140215,6.68352,,,,,,
20140216,6.45696,,,,,,
20140217,6.68352,,,,,,
20140218,5.63568,,,,,,
20140219,7.13664,,,,,,
20140220,5.664,,,,,,
20140221,5.5224,,,,,,
20140222,8.0712,,,,,,
20140223,5.04096,,,,,,
20140224,6.2304,,,,,,
20140225,6.20208,,,,,,
20140226,6.06048,,,,,,
20140227,7.47648,,,,,,
20140228,4.44624,,,,,,
20140301,4.72944,,,,,,
20140302,4.72944,,,,,,
20140303,5.01264,,,,,,
20140304,5.01264,,,,,,
20140305,5.01264,,,,,,
20140306,5.01264,,,,,,
20140307,5.01264,,,,,,
20140308,7.95792,,,,,,
20140309,5.01264,,,,,,
20140310,5.01264,,,,,,
20140311,5.01264,,,,,,
20140312,6.7968,,,,,,
20140313,5.35248,,,,,,
20140314,5.04096,,,,,,
20140315,4.04976,,,,,,
20140316,4.64448,,,,,,
20140317,3.65328,,,,,,
20140318,5.06928,,,,,,
20140319,3.8232,,,,,,
20140320,,,,,,,
20140321,4.21968,,,,,,
20140322,3.48336,,,,,,
20140323,4.87104,,,,,,
20140324,4.04976,,,,,,
20140325,3.31344,,,,,,
20140326,4.84272,,,,,,
20140327,4.64448,,,,,,
20140328,4.956,,,,,,
20140329,4.78608,,,,,,
20140330,3.2568,,,,,,
20140331,3.2568,,,,,,
20140401,3.2568,,,,,,
20140402,5.55072,,,,,,
20140403,4.41792,,,,,,
20140404,4.41792,,,,,,
20140405,4.41792,,,,,,
20140406,4.61616,,,,,,
20140407,4.58784,,,,,,
20140408,2.86032,,,,,,
20140409,3.42672,,,,,,
20140410,3.42672,,,,,,
20140411,3.42672,,,,,,
20140412,4.72944,,,,,,
20140413,5.46576,,,,,,
20140414,4.72944,,,,,,
20140415,5.21088,,,,,,
20140416,4.13472,,,,,,
20140417,2.91696,,,,,,
20140418,4.6728,,,,,,
20140419,4.58784,,,,,,
20140420,4.58784,,,,,,
20140421,4.27632,,,,,,
20140422,4.33296,,,,,,
20140423,3.99312,,,,,,
20140424,4.19136,,,,,,
20140425,4.41792,,,,,,
20140426,4.33296,,,,,,
20140427,4.8144,,,,,,
20140428,5.40912,,,,,,
20140429,4.956,,,,,,
20140430,4.956,,,,,,
20140501,4.956,,,,,,
20140502,5.0976,,,,,,
20140503,4.5312,,,,,,
20140504,5.0976,,,,,,
20140505,5.0976,,,,,,
20140506,5.32416,,,,,,
20140507,5.35248,,,,,,
20140508,6.96672,,,,,,
20140509,14.35824,,,,,,
20140510,18.60624,,,,,,
20140511,21.83472,,,,,,
20140512,41.14896,,,,,,
20140513,40.41264,,,,,,
20140514,35.45664,,,,,,
20140515,#VALUE!,,,,,,
20140516,31.40688,,,,,,
20140517,25.45968,,,,,,
20140518,30.3024,,,,,,
20140519,22.00464,,,,,,
20140520,20.78688,,,,,,
20140521,18.15312,,,,,,
20140522,14.83968,,,,,,
20140523,14.81136,,,,,,
20140524,14.61312,,,,,,
20140525,14.7264,,,,,,
20140526,13.50864,,,,,,
20140527,13.3104,,,,,,
20140528,4.5312,,,,,,
20140529,13.50864,,,,,,
20140530,10.59168,,,,,,
20140531,10.7616,,,,,,
20140601,8.60928,,,,,,
20140602,10.11024,,,,,,
20140603,17.2752,,,,,,
20140604,14.47152,,,,,,
20140605,12.77232,,,,,,
20140606,13.8768,,,,,,
20140607,16.08576,,,,,,
20140608,16.05744,,,,,,
20140609,16.05744,,,,,,
20140610,18.57792,,,,,,
20140611,19.71072,,,,,,
20140612,18.57792,,,,,,
20140613,18.57792,,,,,,
20140614,17.47344,,,,,,
20140615,18.60624,,,,,,
20140616,17.47344,,,,,,
20140617,17.50176,,,,,,
20140618,16.25568,,,,,,
20140619,15.12288,,,,,,
20140620,16.25568,,,,,,
20140621,119.02896,,,,,,
20140622,342.2472,,,,,,
20140623,342.21888,,,,,,
20140624,307.04544,,,,,,
20140625,196.45584,,,,,,
20140626,140.26896,,,,,,
20140627,83.62896,,,,,,
20140628,57.82944,,,,,,
20140629,55.90368,,,,,,
20140630,49.78656,,,,,,
20140701,49.72992,,,,,,
20140702,183.34368,,,,,,
20140703,188.24304,,,,,,
20140704,193.284,,,,,,
20140705,198.83472,,,,,,
20140706,198.83472,,,,,,
20140707,211.692,,,,,,
20140708,215.74176,,,,,,
20140709,8.52432,,,,,,
20140710,8.55264,,,,,,
20140711,8.58096,,,,,,
20140712,8.6376,,,,,,
20140713,8.66592,,,,,,
20140714,8.7792,,,,,,
20140715,41.14896,,,,,,
20140716,696.07728,,,,,,
20140717,729.15504,,,,,,
20140718,778.96992,,,,,,
20140719,826.6608,,,,,,
20140720,742.29552,,,,,,
20140721,698.05968,,,,,,
20140722,741.04944,,,,,,
20140723,938.29824,,,,,,
20140724,853.25328,,,,,,
20140725,989.95392,,,,,,
20140726,916.40688,,,,,,
20140727,726.57792,,,,,,
20140728,508.08912,,,,,,
20140729,532.33104,,,,,,
20140730,355.35936,,,,,,
20140731,360.5136,,,,,,
20140801,395.82864,,,,,,
20140802,855.00912,,,,,,
20140803,1250.69616,,,,,,
20140804,980.35344,,,,,,
20140805,1330.02048,,,,,,
20140806,1332.65424,,,,,,
20140807,1219.40256,,,,,,
20140808,1669.3224,,,,,,
20140809,1384.30992,,,,,,
20140810,822.5544,,,,,,
20140811,456.3768,,,,,,
20140812,429.50112,,,,,,
20140813,321.5736,,,,,,
20140814,347.45808,,,,,,
20140815,490.9272,,,,,,
20140816,337.26288,,,,,,
20140817,209.05824,,,,,,
20140818,130.44192,,,,,,
20140819,194.50176,,,,,,
20140820,166.57824,,,,,,
20140821,134.54832,,,,,,
20140822,102.54672,,,,,,
20140823,79.66416,,,,,,
20140824,103.70784,,,,,,
20140825,129.39408,,,,,,
20140826,89.09472,,,,,,
20140827,75.30288,,,,,,
20140828,56.32848,,,,,,
20140829,53.97792,,,,,,
20140830,66.04224,,,,,,
20140831,96.4296,,,,,,
20140901,222.51024,,,,,,
20140902,534.8232,,,,,,
20140903,657.78864,,,,,,
20140904,546.09456,,,,,,
20140905,493.7592,,,,,,
20140906,493.7592,,,,,,
20140907,428.56656,,,,,,
20140908,285.09744,,,,,,
20140909,363.3456,,,,,,
20140910,441.59376,,,,,,
20140911,363.3456,,,,,,
20140912,206.84928,,,,,,
20140913,180.76656,,,,,,
20140914,180.76656,,,,,,
20140915,180.76656,,,,,,
20140916,180.76656,,,,,,
20140917,171.6192,,,,,,
20140918,153.32448,,,,,,
20140919,135.02976,,,,,,
20140920,125.8824,,,,,,
20140921,125.8824,,,,,,
20140922,112.1472,,,,,,
20140923,121.29456,,,,,,
20140924,201.52512,,,,,,
20140925,445.6152,,,,,,
20140926,406.61856,,,,,,
20140927,560.93424,,,,,,
20140928,400.41648,,,,,,
20140929,228.71232,,,,,,
20140930,192.8592,,,,,,
20141001,323.2728,,,,,,
20141002,301.80624,,,,,,
20141003,177.93456,,,,,,
20141004,177.93456,,,,,,
20141005,177.93456,,,,,,
20141006,6.40032,,,,,,
20141007,6.372,,,,,,
20141008,218.71536,,,,,,
20141009,147.60384,,,,,,
20141010,216.02496,,,,,,
20141011,332.25024,,,,,,
20141012,358.33296,,,,,,
20141013,358.33296,,,,,,
20141014,227.91936,,,,,,
20141015,149.6712,,,,,,
20141016,126.81696,,,,,,
20141017,56.3568,,,,,,
20141018,101.35728,,,,,,
20141019,119.652,,,,,,
20141020,129.45072,,,,,,
20141021,125.54256,,,,,,
20141022,116.36688,,,,,,
20141023,120.95472,,,,,,
20141024,84.36528,,,,,,
20141025,98.07216,,,,,,
20141026,150.49248,,,,,,
20141027,177.96288,,,,,,
20141028,217.01616,,,,,,
20141029,145.90464,,,,,,
20141030,121.068,,,,,,
20141031,121.068,,,,,,
20141101,94.98528,,,,,,
20141102,67.5432,,,,,,
20141103,67.5432,,,,,,
20141104,67.5432,,,,,,
20141105,67.5432,,,,,,
20141106,64.45632,,,,,,
20141107,56.80992,,,,,,
20141108,52.2504,,,,,,
20141109,45.39696,,,,,,
20141110,43.10304,,,,,,
20141111,47.35104,,,,,,
20141112,47.66256,,,,,,
20141113,53.72304,,,,,,
20141114,52.50528,,,,,,
20141115,52.16544,,,,,,
20141116,55.59216,,,,,,
20141117,51.08928,,,,,,
20141118,51.28752,,,,,,
20141119,51.5424,,,,,,
20141120,55.62048,,,,,,
20141121,50.268,,,,,,
20141122,45.8784,,,,,,
20141123,51.06096,,,,,,
20141124,50.91936,,,,,,
20141125,50.63616,,,,,,
20141126,49.78656,,,,,,
20141127,49.75824,,,,,,
20141128,47.60592,,,,,,
20141129,47.60592,,,,,,
20141130,46.84128,,,,,,
20141201,46.18992,,,,,,
20141202,46.18992,,,,,,
20141203,47.40768,,,,,,
20141204,47.97408,,,,,,
20141205,51.42912,,,,,,
20141206,59.44368,,,,,,
20141207,56.18688,,,,,,
20141208,56.47008,,,,,,
20141209,59.95344,,,,,,
20141210,59.95344,,,,,,
20141211,135.62448,,,,,,
20141212,179.37888,,,,,,
20141213,163.32144,,,,,,
20141214,167.34288,,,,,,
20141215,163.51968,,,,,,
20141216,160.008,,,,,,
20141217,147.972,,,,,,
20141218,143.95056,,,,,,
20141219,107.84256,,,,,,
20141220,99.4032,,,,,,
20141221,101.83872,,,,,,
20141222,109.68336,,,,,,
20141223,101.6688,,,,,,
20141224,102.63168,,,,,,
20141225,98.61024,,,,,,
20141226,94.41888,,,,,,
20141227,109.79664,,,,,,
20141228,93.8808,,,,,,
20141229,82.09968,,,,,,
20141230,70.00704,,,,,,
20141231,70.00704,,,,,,
20150101,46.18992,,,,,,
20150102,51.51408,,,,,,
20150103,46.55808,,,,,,
20150104,51.03264,,,,,,
20150105,39.42144,,,,,,
20150106,35.48496,,,,,,
20150107,35.48496,,,,,,
20150108,39.42144,,,,,,
20150109,35.48496,,,,,,
20150110,39.42144,,,,,,
20150111,27.66864,,,,,,
20150112,52.64688,,,,,,
20150113,28.57488,,,,,,
20150114,32.2848,,,,,,
20150115,21.46656,,,,,,
20150116,14.4432,,,,,,
20150117,15.576,,,,,,
20150118,16.82208,,,,,,
20150119,14.4432,,,,,,
20150120,40.6392,,,,,,
20150121,40.9224,,,,,,
20150122,34.38048,,,,,,
20150123,23.87376,,,,,,
20150124,26.87568,,,,,,
20150125,33.78576,,,,,,
20150126,42.6216,,,,,,
20150127,25.65792,,,,,,
20150128,25.68624,,,,,,
20150129,17.50176,,,,,,
20150130,21.07008,,,,,,
20150131,17.50176,,,,,,
20150201,17.50176,,,,,,
20150202,13.96176,,,,,,
20150203,9.6288,,,,,,
20150204,9.6288,,,,,,
20150205,9.6288,,,,,,
20150206,13.19712,,,,,,
20150207,13.19712,,,,,,
20150208,9.6288,,,,,,
20150209,9.6288,,,,,,
20150210,9.6288,,,,,,
20150211,10.36512,,,,,,
20150212,11.38464,,,,,,
20150213,9.14736,,,,,,
20150214,10.13856,,,,,,
20150215,7.58976,,,,,,
20150216,7.3632,,,,,,
20150217,9.14736,,,,,,
20150218,6.17376,,,,,,
20150219,5.9472,,,,,,
20150220,8.52432,,,,,,
20150221,8.09952,,,,,,
20150222,8.55264,,,,,,
20150223,7.19328,,,,,,
20150224,7.05168,,,,,,
20150225,8.66592,,,,,,
20150226,6.20208,,,,,,
20150227,6.14544,,,,,,
20150228,8.58096,,,,,,
20150301,8.43936,,,,,,
20150302,6.59856,,,,,,
20150303,7.87296,,,,,,
20150304,5.18256,,,,,,
20150305,5.18256,,,,,,
20150306,5.18256,,,,,,
20150307,8.12784,,,,,,
20150308,8.12784,,,,,,
20150309,8.12784,,,,,,
20150310,8.12784,,,,,,
20150311,11.01648,,,,,,
20150312,7.98624,,,,,,
20150313,10.98816,,,,,,
20150314,11.97936,,,,,,
20150315,10.7616,,,,,,
20150316,10.67664,,,,,,
20150317,9.54384,,,,,,
20150318,10.42176,,,,,,
20150319,7.53312,,,,,,
20150320,7.5048,,,,,,
20150321,7.41984,,,,,,
20150322,9.14736,,,,,,
20150323,10.13856,,,,,,
20150324,8.0712,,,,,,
20150325,7.53312,,,,,,
20150326,10.13856,,,,,,
20150327,7.58976,,,,,,
20150328,7.61808,,,,,,
20150329,7.24992,,,,,,
20150330,7.98624,,,,,,
20150331,7.2216,,,,,,
20150401,6.0888,,,,,,
20150402,6.31536,,,,,,
20150403,6.88176,,,,,,
20150404,7.16496,,,,,,
20150405,6.00384,,,,,,
20150406,6.00384,,,,,,
20150407,8.29776,,,,,,
20150408,6.00384,,,,,,
20150409,6.00384,,,,,,
20150410,8.29776,,,,,,
20150411,6.00384,,,,,,
20150412,7.41984,,,,,,
20150413,7.10832,,,,,,
20150414,6.9384,,,,,,
20150415,7.90128,,,,,,
20150416,7.33488,,,,,,
20150417,8.9208,,,,,,
20150418,8.18448,,,,,,
20150419,8.32608,,,,,,
20150420,7.2216,,,,,,
20150421,7.95792,,,,,,
20150422,6.6552,,,,,,
20150423,7.44816,,,,,,
20150424,6.91008,,,,,,
20150425,6.82512,,,,,,
20150426,7.53312,,,,,,
20150427,6.96672,,,,,,
20150428,7.75968,,,,,,
20150429,8.01456,,,,,,
20150430,7.73136,,,,,,
20150501,7.3632,,,,,,
20150502,7.47648,,,,,,
20150503,9.14736,,,,,,
20150504,9.14736,,,,,,
20150505,7.44816,,,,,,
20150506,7.44816,,,,,,
20150507,9.14736,,,,,,
20150508,9.14736,,,,,,
20150509,9.204,,,,,,
20150510,9.204,,,,,,
20150511,7.08,,,,,,
20150512,7.08,,,,,,
20150513,7.90128,,,,,,
20150514,8.6376,,,,,,
20150515,8.32608,,,,,,
20150516,9.14736,,,,,,
20150517,10.3368,,,,,,
20150518,33.19104,,,,,,
20150519,14.18832,,,,,,
20150520,17.50176,,,,,,
20150521,13.62192,,,,,,
20150522,18.408,,,,,,
20150523,14.47152,,,,,,
20150524,12.82896,,,,,,
20150525,13.19712,,,,,,
20150526,11.7528,,,,,,
20150527,12.6024,,,,,,
20150528,23.2224,,,,,,
20150529,17.67168,,,,,,
20150530,26.11104,,,,,,
20150531,23.30736,,,,,,
20150601,26.67744,,,,,,
20150602,18.46464,,,,,,
20150603,19.76736,,,,,,
20150604,22.3728,,,,,,
20150605,24.69504,,,,,,
20150606,19.28592,,,,,,
20150607,15.40608,,,,,,
20150608,14.13168,,,,,,
20150609,14.10336,,,,,,
20150610,12.82896,,,,,,
20150611,11.52624,,,,,,
20150612,11.52624,,,,,,
20150613,11.52624,,,,,,
20150614,12.82896,,,,,,
20150615,14.13168,,,,,,
20150616,11.52624,,,,,,
20150617,14.13168,,,,,,
20150618,15.32112,,,,,,
20150619,24.80832,,,,,,
20150620,30.27408,,,,,,
20150621,74.34,,,,,,
20150622,381.44208,,,,,,
20150623,732.83664,,,,,,
20150624,831.56016,,,,,,
20150625,780.75408,,,,,,
20150626,799.98336,,,,,,
20150627,805.53408,,,,,,
20150628,1033.9632,,,,,,
20150629,942.68784,,,,,,
20150630,547.96368,,,,,,
20150701,260.79888,,,,,,
20150702,140.80704,,,,,,
20150703,141.09024,,,,,,
20150704,142.53456,,,,,,
20150705,101.244,,,,,,
20150706,94.39056,,,,,,
20150707,69.04416,,,,,,
20150708,59.50032,,,,,,
20150709,56.30016,,,,,,
20150710,62.5872,,,,,,
20150711,73.632,,,,,,
20150712,111.55248,,,,,,
20150713,146.49936,,,,,,
20150714,130.98,,,,,,
20150715,95.4384,,,,,,
20150716,74.82144,,,,,,
20150717,81.87312,,,,,,
20150718,72.41424,,,,,,
20150719,95.49504,,,,,,
20150720,445.6152,,,,,,
20150721,663.90576,,,,,,
20150722,460.65312,,,,,,
20150723,344.76768,,,,,,
20150724,275.07216,,,,,,
20150725,203.25264,,,,,,
20150726,167.39952,,,,,,
20150727,162.30192,,,,,,
20150728,144.12048,,,,,,
20150729,142.08144,,,,,,
20150730,151.56864,,,,,,
20150731,100.22448,,,,,,
20150801,58.45248,,,,,,
20150802,45.93504,,,,,,
20150803,34.86192,,,,,,
20150804,25.14816,,,,,,
20150805,23.30736,,,,,,
20150806,23.30736,,,,,,
20150807,39.16656,,,,,,
20150808,75.38784,,,,,,
20150809,178.72752,,,,,,
20150810,238.36944,,,,,,
20150811,203.56416,,,,,,
20150812,152.38992,,,,,,
20150813,264.28224,,,,,,
20150814,282.94512,,,,,,
20150815,366.82896,,,,,,
20150816,327.32256,,,,,,
20150817,283.03008,,,,,,
20150818,345.67392,,,,,,
20150819,402.17232,,,,,,
20150820,425.6496,,,,,,
20150821,518.93568,,,,,,
20150822,235.99056,,,,,,
20150823,304.21344,,,,,,
20150824,291.5544,,,,,,
20150825,207.69888,,,,,,
20150826,264.59376,,,,,,
20150827,197.07888,,,,,,
20150828,232.45056,,,,,,
20150829,205.32,,,,,,
20150830,123.67344,,,,,,
20150831,95.77824,,,,,,
20150901,73.2072,,,,,,
20150902,65.61744,,,,,,
20150903,63.26688,,,,,,
20150904,70.8,,,,,,
20150905,80.74032,,,,,,
20150906,150.97392,,,,,,
20150907,273.93936,,,,,,
20150908,231.82752,,,,,,
20150909,194.47344,,,,,,
20150910,267.08592,,,,,,
20150911,196.9656,,,,,,
20150912,134.6616,,,,,,
20150913,120.10512,,,,,,
20150914,96.48624,,,,,,
20150915,80.68368,,,,,,
20150916,98.07216,,,,,,
20150917,96.4296,,,,,,
20150918,98.2704,,,,,,
20150919,143.52576,,,,,,
20150920,129.25248,,,,,,
20150921,113.67648,,,,,,
20150922,192.63264,,,,,,
20150923,181.78608,,,,,,
20150924,153.01296,,,,,,
20150925,192.80256,,,,,,
20150926,313.55904,,,,,,
20150927,357.59664,,,,,,
20150928,425.98944,,,,,,
20150929,367.5936,,,,,,
20150930,292.91376,,,,,,
20151001,359.664,,,,,,
20151002,297.6432,,,,,,
20151003,204.44208,,,,,,
20151004,124.06992,,,,,,
20151005,263.6592,,,,,,
20151006,239.53056,,,,,,
20151007,260.9688,,,,,,
20151008,174.4512,,,,,,
20151009,121.71936,,,,,,
20151010,135.5112,,,,,,
20151011,117.58464,,,,,,
20151012,152.19168,,,,,,
20151013,153.40944,,,,,,
20151014,129.11088,,,,,,
20151015,98.18544,,,,,,
20151016,107.4744,,,,,,
20151017,85.12992,,,,,,
20151018,91.27536,,,,,,
20151019,62.98368,,,,,,
20151020,58.1976,,,,,,
20151021,67.42992,,,,,,
20151022,57.88608,,,,,,
20151023,53.12832,,,,,,
20151024,50.52288,,,,,,
20151025,38.17536,,,,,,
20151026,36.9576,,,,,,
20151027,46.02,,,,,,
20151028,49.36176,,,,,,
20151029,121.9176,,,,,,
20151030,100.8192,,,,,,
20151031,101.83872,,,,,,
20151101,93.05952,,,,,,
20151102,194.33184,,,,,,
20151103,297.10512,,,,,,
20151104,341.79408,,,,,,
20151105,339.84,,,,,,
20151106,309.87744,,,,,,
20151107,138.28656,,,,,,
20151108,109.8816,,,,,,
20151109,92.71968,,,,,,
20151110,127.0152,,,,,,
20151111,135.73776,,,,,,
20151112,155.98656,,,,,,
20151113,124.38144,,,,,,
20151114,92.69136,,,,,,
20151115,121.4928,,,,,,
20151116,138.28656,,,,,,
20151117,109.8816,,,,,,
20151118,74.08512,,,,,,
20151119,96.20304,,,,,,
20151120,103.90608,,,,,,
20151121,90.53904,,,,,,
20151122,80.20224,,,,,,
20151123,87.31056,,,,,,
20151124,100.8192,,,,,,
20151125,87.48048,,,,,,
20151126,64.96608,,,,,,
20151127,56.2152,,,,,,
20151128,57.37632,,,,,,
20151129,47.03952,,,,,,
20151130,54.14784,,,,,,
20151201,57.85776,,,,,,
20151202,73.71696,,,,,,
20151203,73.26384,,,,,,
20151204,68.42112,,,,,,
20151205,71.70624,,,,,,
20151206,55.56384,,,,,,
20151207,50.06976,,,,,,
20151208,50.06976,,,,,,
20151209,53.41152,,,,,,
20151210,54.0912,,,,,,
20151211,50.80608,,,,,,
20151212,49.39008,,,,,,
20151213,55.76208,,,,,,
20151214,48.93696,,,,,,
20151215,59.6136,,,,,,
20151216,50.72112,,,,,,
20151217,46.27488,,,,,,
20151218,36.9576,,,,,,
20151219,34.38048,,,,,,
20151220,33.30432,,,,,,
20151221,38.45856,,,,,,
20151222,32.02992,,,,,,
20151223,30.24576,,,,,,
20151224,16.4256,,,,,,
20151225,22.40112,,,,,,
20151226,25.43136,,,,,,
20151227,22.3728,,,,,,
20151228,28.20672,,,,,,
20151229,40.24272,,,,,,
20151230,35.4,,,,,,
20151231,29.33952,,,,,,
20160101,19.90896,,,,,,
20160102,17.44512,,,,,,
20160103,15.17952,,,,,,
20160104,12.57408,,,,,,
20160105,9.60048,,,,,,
20160106,9.60048,,,,,,
20160107,9.11904,,,,,,
20160108,10.62,,,,,,
20160109,22.34448,,,,,,
20160110,18.29472,,,,,,
20160111,14.35824,,,,,,
20160112,23.47728,,,,,,
20160113,22.42944,,,,,,
20160114,16.36896,,,,,,
20160115,18.37968,,,,,,
20160116,18.23808,,,,,,
20160117,23.33568,,,,,,
20160118,23.0808,,,,,,
20160119,16.48224,,,,,,
20160120,11.01648,,,,,,
20160121,17.61504,,,,,,
20160122,26.22432,,,,,,
20160123,16.08576,,,,,,
20160124,10.87488,,,,,,
20160125,16.08576,,,,,,
20160126,10.87488,,,,,,
20160127,8.26944,,,,,,
20160128,10.87488,,,,,,
20160129,8.26944,,,,,,
20160130,8.26944,,,,,,
20160131,8.26944,,,,,,
20160201,6.34368,,,,,,
20160202,7.5048,,,,,,
20160203,8.43936,,,,,,
20160204,8.72256,,,,,,
20160205,8.12784,,,,,,
20160206,8.55264,,,,,,
20160207,6.54192,,,,,,
20160208,8.496,,,,,,
20160209,10.81824,,,,,,
20160210,8.97744,,,,,,
20160211,9.85536,,,,,,
20160212,10.11024,,,,,,
20160213,12.20592,,,,,,
20160214,12.1776,,,,,,
20160215,13.50864,,,,,,
20160216,12.06432,,,,,,
20160217,12.43248,,,,,,
20160218,10.67664,,,,,,
20160219,11.328,,,,,,
20160220,9.17568,,,,,,
20160221,9.57216,,,,,,
20160222,10.50672,,,,,,
20160223,8.3544,,,,,,
20160224,8.32608,,,,,,
20160225,10.4784,,,,,,
20160226,8.32608,,,,,,
20160227,8.32608,,,,,,
20160228,8.32608,,,,,,
20160229,10.4784,,,,,,
20160301,8.29776,,,,,,
20160302,8.29776,,,,,,
20160303,7.53312,,,,,,
20160304,8.24112,,,,,,
20160305,8.2128,,,,,,
20160306,7.95792,,,,,,
20160307,8.43936,,,,,,
20160308,8.66592,,,,,,
20160309,8.496,,,,,,
20160310,8.86416,,,,,,
20160311,9.26064,,,,,,
20160312,9.88368,,,,,,
20160313,8.66592,,,,,,
20160314,9.26064,,,,,,
20160315,7.58976,,,,,,
20160316,8.32608,,,,,,
20160317,9.14736,,,,,,
20160318,8.29776,,,,,,
20160319,9.912,,,,,,
20160320,9.28896,,,,,,
20160321,8.94912,,,,,,
20160322,8.80752,,,,,,
20160323,8.38272,,,,,,
20160324,6.9384,,,,,,
20160325,6.91008,,,,,,
20160326,6.91008,,,,,,
20160327,6.91008,,,,,,
20160328,5.29584,,,,,,
20160329,5.29584,,,,,,
20160330,5.29584,,,,,,
20160331,5.29584,,,,,,
20160401,5.29584,,,,,,
20160402,6.0888,,,,,,
20160403,4.55952,,,,,,
20160404,4.61616,,,,,,
20160405,4.956,,,,,,
20160406,4.92768,,,,,,
20160407,4.78608,,,,,,
20160408,4.33296,,,,,,
20160409,5.0976,,,,,,
20160410,3.87984,,,,,,
20160411,3.62496,,,,,,
20160412,4.47456,,,,,,
20160413,4.44624,,,,,,
20160414,4.44624,,,,,,
20160415,4.5312,,,,,,
20160416,4.58784,,,,,,
20160417,4.55952,,,,,,
20160418,4.55952,,,,,,
20160419,4.70112,,,,,,
20160420,4.6728,,,,,,
20160421,4.6728,,,,,,
20160422,4.64448,,,,,,
20160423,4.61616,,,,,,
20160424,4.61616,,,,,,
20160425,4.61616,,,,,,
20160426,4.58784,,,,,,
20160427,4.58784,,,,,,
20160428,3.08688,,,,,,
20160429,4.55952,,,,,,
20160430,4.5312,,,,,,
20160501,4.78608,,,,,,
20160502,3.28512,,,,,,
20160503,3.22848,,,,,,
20160504,3.20016,,,,,,
20160505,3.20016,,,,,,
20160506,3.28512,,,,,,
20160507,3.2568,,,,,,
20160508,3.22848,,,,,,
20160509,4.61616,,,,,,
20160510,3.20016,,,,,,
20160511,3.20016,,,,,,
20160512,3.20016,,,,,,
20160513,4.61616,,,,,,
20160514,3.20016,,,,,,
20160515,4.61616,,,,,,
20160516,3.20016,,,,,,
20160517,3.05856,,,,,,
20160518,4.44624,,,,,,
20160519,4.3896,,,,,,
20160520,4.30464,,,,,,
20160521,4.30464,,,,,,
20160522,4.30464,,,,,,
20160523,2.91696,,,,,,
20160524,2.91696,,,,,,
20160525,4.30464,,,,,,
20160526,2.91696,,,,,,
20160527,4.30464,,,,,,
20160528,3.51168,,,,,,
20160529,3.93648,,,,,,
20160530,4.70112,,,,,,
20160531,3.90816,,,,,,
20160601,4.98432,,,,,,
20160602,4.58784,,,,,,
20160603,4.89936,,,,,,
20160604,5.21088,,,,,,
20160605,5.21088,,,,,,
20160606,3.90816,,,,,,
20160607,3.90816,,,,,,
20160608,5.21088,,,,,,
20160609,5.21088,,,,,,
20160610,5.21088,,,,,,
20160611,4.41792,,,,,,
20160612,4.92768,,,,,,
20160613,4.1064,,,,,,
20160614,4.5312,,,,,,
20160615,6.34368,,,,,,
20160616,8.97744,,,,,,
20160617,8.29776,,,,,,
20160618,14.0184,,,,,,
20160619,19.22928,,,,,,
20160620,20.41872,,,,,,
20160621,20.30544,,,,,,
20160622,19.22928,,,,,,
20160623,21.04176,,,,,,
20160624,21.72144,,,,,,
20160625,23.25072,,,,,,
20160626,26.16768,,,,,,
20160627,39.44976,,,,,,
20160628,42.7632,,,,,,
20160629,60.20832,,,,,,
20160630,488.91648,,,,,,
20160701,663.6792,,,,,,
20160702,604.32048,,,,,,
20160703,458.52912,,,,,,
20160704,347.628,,,,,,
20160705,215.91168,,,,,,
20160706,330.01296,,,,,,
20160707,323.49936,,,,,,
20160708,260.1192,,,,,,
20160709,236.38704,,,,,,
20160710,219.36672,,,,,,
20160711,180.70992,,,,,,
20160712,346.69344,,,,,,
20160713,554.364,,,,,,
20160714,559.63152,,,,,,
20160715,415.70928,,,,,,
20160716,338.7072,,,,,,
20160717,285.63552,,,,,,
20160718,268.10544,,,,,,
20160719,215.77008,,,,,,
20160720,191.61312,,,,,,
20160721,242.07936,,,,,,
20160722,241.9944,,,,,,
20160723,213.816,,,,,,
20160724,270.48432,,,,,,
20160725,218.37552,,,,,,
20160726,218.9136,,,,,,
20160727,189.29088,,,,,,
20160728,164.56752,,,,,,
20160729,205.65984,,,,,,
20160730,168.13584,,,,,,
20160731,126.4488,,,,,,
20160801,118.3776,,,,,,
20160802,123.16368,,,,,,
20160803,122.96544,,,,,,
20160804,116.65008,,,,,,
20160805,143.63904,,,,,,
20160806,212.8248,,,,,,
20160807,269.23824,,,,,,
20160808,200.42064,,,,,,
20160809,221.3208,,,,,,
20160810,271.95696,,,,,,
20160811,265.86816,,,,,,
20160812,217.89408,,,,,,
20160813,208.06704,,,,,,
20160814,199.62768,,,,,,
20160815,185.66592,,,,,,
20160816,192.7176,,,,,,
20160817,218.68704,,,,,,
20160818,310.61376,,,,,,
20160819,340.06656,,,,,,
20160820,311.74656,,,,,,
20160821,246.32736,,,,,,
20160822,198.86304,,,,,,
20160823,167.17296,,,,,,
20160824,121.69104,,,,,,
20160825,118.236,,,,,,
20160826,165.33216,,,,,,
20160827,160.03632,,,,,,
20160828,182.8056,,,,,,
20160829,192.8592,,,,,,
20160830,208.80336,,,,,,
20160831,243.6936,,,,,,
20160901,123.10704,,,,,,
20160902,102.03696,,,,,,
20160903,100.08288,,,,,,
20160904,98.412,,,,,,
20160905,98.86512,,,,,,
20160906,73.23552,,,,,,
20160907,56.75328,,,,,,
20160908,74.9064,,,,,,
20160909,353.1504,,,,,,
20160910,357.22848,,,,,,
20160911,335.50704,,,,,,
20160912,336.3,,,,,,
20160913,278.86704,,,,,,
20160914,234.80112,,,,,,
20160915,228.1176,,,,,,
20160916,202.96944,,,,,,
20160917,178.33104,,,,,,
20160918,207.69888,,,,,,
20160919,197.8152,,,,,,
20160920,172.01568,,,,,,
20160921,170.51472,,,,,,
20160922,157.71408,,,,,,
20160923,116.16864,,,,,,
20160924,55.28064,,,,,,
20160925,37.15584,,,,,,
20160926,33.5592,,,,,,
20160927,86.74416,,,,,,
20160928,84.8184,,,,,,
20160929,103.53792,,,,,,
20160930,77.5968,,,,,,
20161001,39.10992,,,,,,
20161002,30.07584,,,,,,
20161003,30.10416,,,,,,
20161004,24.83664,,,,,,
20161005,57.88608,,,,,,
20161006,119.56704,,,,,,
20161007,130.81008,,,,,,
20161008,114.24288,,,,,,
20161009,130.07376,,,,,,
20161010,114.95088,,,,,,
20161011,88.10352,,,,,,
20161012,64.8528,,,,,,
20161013,36.64608,,,,,,
20161014,46.3032,,,,,,
20161015,28.71648,,,,,,
20161016,33.38928,,,,,,
20161017,27.35712,,,,,,
20161018,31.91664,,,,,,
20161019,30.41568,,,,,,
20161020,31.94496,,,,,,
20161021,27.44208,,,,,,
20161022,21.60816,,,,,,
20161023,18.71952,,,,,,
20161024,14.04672,,,,,,
20161025,19.65408,,,,,,
20161026,9.51552,,,,,,
20161027,7.75968,,,,,,
20161028,9.60048,,,,,,
20161029,14.5848,,,,,,
20161030,41.09232,,,,,,
20161031,120.24672,,,,,,
20161101,190.42368,,,,,,
20161102,240.2952,,,,,,
20161103,170.40144,,,,,,
20161104,108.1824,,,,,,
20161105,40.12944,,,,,,
20161106,20.44704,,,,,,
20161107,21.97632,,,,,,
20161108,22.40112,,,,,,
20161109,22.42944,,,,,,
20161110,17.61504,,,,,,
20161111,15.37776,,,,,,
20161112,8.18448,,,,,,
20161113,18.2664,,,,,,
20161114,11.6112,,,,,,
20161115,39.61968,,,,,,
20161116,35.34336,,,,,,
20161117,32.0016,,,,,,
20161118,31.20864,,,,,,
20161119,28.54656,,,,,,
20161120,27.24384,,,,,,
20161121,25.9128,,,,,,
20161122,23.25072,,,,,,
20161123,21.91968,,,,,,
20161124,20.56032,,,,,,
20161125,22.17456,,,,,,
20161126,22.40112,,,,,,
20161127,21.04176,,,,,,
20161128,21.04176,,,,,,
20161129,19.65408,,,,,,
20161130,21.04176,,,,,,
20161201,16.79376,,,,,,
20161202,15.576,,,,,,
20161203,14.18832,,,,,,
20161204,12.80064,,,,,,
20161205,12.80064,,,,,,
20161206,11.41296,,,,,,
20161207,10.0536,,,,,,
20161208,10.0536,,,,,,
20161209,8.66592,,,,,,
20161210,7.30656,,,,,,
20161211,8.66592,,,,,,
20161212,7.27824,,,,,,
20161213,7.30656,,,,,,
20161214,22.45776,,,,,,
20161215,16.93536,,,,,,
20161216,11.41296,,,,,,
20161217,14.18832,,,,,,
20161218,17.02032,,,,,,
20161219,18.94608,,,,,,
20161220,17.4168,,,,,,
20161221,18.8328,,,,,,
20161222,16.0008,,,,,,
20161223,16.0008,,,,,,
20161224,14.55648,,,,,,
20161225,16.0008,,,,,,
20161226,14.55648,,,,,,
20161227,13.14048,,,,,,
20161228,10.30848,,,,,,
20161229,8.89248,,,,,,
20161230,10.30848,,,,,,
20161231,8.89248,,,,,,
20170101,7.47648,,,,,,
20170102,7.61808,,,,,,
20170103,7.61808,,,,,,
20170104,7.61808,,,,,,
20170105,9.03408,,,,,,
20170106,7.61808,,,,,,
20170107,9.03408,,,,,,
20170108,10.45008,,,,,,
20170109,9.03408,,,,,,
20170110,7.61808,,,,,,
20170111,9.03408,,,,,,
20170112,7.61808,,,,,,
20170113,9.03408,,,,,,
20170114,6.17376,,,,,,
20170115,6.17376,,,,,,
20170116,7.61808,,,,,,
20170117,6.03216,,,,,,
20170118,7.47648,,,,,,
20170119,6.03216,,,,,,
20170120,6.03216,,,,,,
20170121,7.47648,,,,,,
20170122,6.03216,,,,,,
20170123,6.03216,,,,,,
20170124,7.47648,,,,,,
20170125,6.03216,,,,,,
20170126,6.03216,,,,,,
20170127,7.47648,,,,,,
20170128,6.03216,,,,,,
20170129,6.03216,,,,,,
20170130,4.61616,,,,,,
20170131,6.03216,,,,,,
20170201,6.03216,,,,,,
20170202,6.03216,,,,,,
20170203,4.58784,,,,,,
20170204,4.58784,,,,,,
20170205,5.91888,,,,,,
20170206,5.77728,,,,,,
20170207,5.77728,,,,,,
20170208,4.3896,,,,,,
20170209,4.3896,,,,,,
20170210,4.3896,,,,,,
20170211,5.2392,,,,,,
20170212,4.3896,,,,,,
20170213,4.3896,,,,,,
20170214,4.3896,,,,,,
20170215,3.00192,,,,,,
20170216,3.00192,,,,,,
20170217,3.00192,,,,,,
20170218,4.3896,,,,,,
20170219,2.9736,,,,,,
20170220,2.9736,,,,,,
20170221,2.9736,,,,,,
20170222,2.9736,,,,,,
20170223,2.9736,,,,,,
20170224,2.9736,,,,,,
20170225,4.36128,,,,,,
20170226,59.50032,,,,,,
20170227,250.51872,,,,,,
20170228,172.752,,,,,,
20170301,32.34144,,,,,,
20170302,32.36976,,,,,,
20170303,10.78992,,,,,,
20170304,9.82704,,,,,,
20170305,9.74208,,,,,,
20170306,9.65712,,,,,,
20170307,9.65712,,,,,,
20170308,9.912,,,,,,
20170309,9.99696,,,,,,
20170310,9.14736,,,,,,
20170311,9.09072,,,,,,
20170312,9.03408,,,,,,
20170313,8.97744,,,,,,
20170314,5.97552,,,,,,
20170315,5.89056,,,,,,
20170316,9.00576,,,,,,
20170317,6.54192,,,,,,
20170318,6.40032,,,,,,
20170319,6.372,,,,,,
20170320,6.31536,,,,,,
20170321,6.11712,,,,,,
20170322,5.89056,,,,,,
20170323,7.27824,,,,,,
20170324,6.2304,,,,,,
20170325,6.11712,,,,,,
20170326,7.39152,,,,,,
20170327,7.27824,,,,,,
20170328,7.05168,,,,,,
20170329,7.44816,,,,,,
20170330,7.30656,,,,,,
20170331,7.13664,,,,,,
20170401,6.42864,,,,,,
20170402,7.08,,,,,,
20170403,5.86224,,,,,,
20170404,6.96672,,,,,,
20170405,6.76848,,,,,,
20170406,7.53312,,,,,,
20170407,7.30656,,,,,,
20170408,7.24992,,,,,,
20170409,7.16496,,,,,,
20170410,7.10832,,,,,,
20170411,7.10832,,,,,,
20170412,8.24112,,,,,,
20170413,8.3544,,,,,,
20170414,8.29776,,,,,,
20170415,7.33488,,,,,,
20170416,8.46768,,,,,,
20170417,9.57216,,,,,,
20170418,10.73328,,,,,,
20170419,12.3192,,,,,,
20170420,12.34752,,,,,,
20170421,11.12976,,,,,,
20170422,11.0448,,,,,,
20170423,10.95984,,,,,,
20170424,10.9032,,,,,,
20170425,10.81824,,,,,,
20170426,10.87488,,,,,,
20170427,9.74208,,,,,,
20170428,10.81824,,,,,,
20170429,10.73328,,,,,,
20170430,10.67664,,,,,,
20170501,10.81824,,,,,,
20170502,10.30848,,,,,,
20170503,10.4784,,,,,,
20170504,9.51552,,,,,,
20170505,9.43056,,,,,,
20170506,10.45008,,,,,,
20170507,10.36512,,,,,,
20170508,10.73328,,,,,,
20170509,9.88368,,,,,,
20170510,10.1952,,,,,,
20170511,6.91008,,,,,,
20170512,6.7968,,,,,,
20170513,6.68352,,,,,,
20170514,5.5224,,,,,,
20170515,5.3808,,,,,,
20170516,5.40912,,,,,,
20170517,5.18256,,,,,,
20170518,6.06048,,,,,,
20170519,6.54192,,,,,,
20170520,6.31536,,,,,,
20170521,6.88176,,,,,,
20170522,6.48528,,,,,,
20170523,7.10832,,,,,,
20170524,8.72256,,,,,,
20170525,7.75968,,,,,,
20170526,7.73136,,,,,,
20170527,8.66592,,,,,,
20170528,10.59168,,,,,,
20170529,14.95296,,,,,,
20170530,15.94416,,,,,,
20170531,14.95296,,,,,,
20170601,14.95296,,,,,,
20170602,14.5848,,,,,,
20170603,14.64144,,,,,,
20170604,13.56528,,,,,,
20170605,15.60432,,,,,,
20170606,14.75472,,,,,,
20170607,13.36704,,,,,,
20170608,13.33872,,,,,,
20170609,12.40416,,,,,,
20170610,13.3104,,,,,,
20170611,12.34752,,,,,,
20170612,13.25376,,,,,,
20170613,13.22544,,,,,,
20170614,17.02032,,,,,,
20170615,32.1432,,,,,,
20170616,42.9048,,,,,,
20170617,39.56304,,,,,,
20170618,35.73984,,,,,,
20170619,36.73104,,,,,,
20170620,36.78768,,,,,,
20170621,36.108,,,,,,
20170622,34.18224,,,,,,
20170623,34.18224,,,,,,
20170624,28.26336,,,,,,
20170625,28.29168,,,,,,
20170626,28.23504,,,,,,
20170627,28.20672,,,,,,
20170628,77.76672,,,,,,
20170629,173.09184,,,,,,
20170630,221.40576,,,,,,
20170701,211.15392,,,,,,
20170702,185.97744,,,,,,
20170703,154.85376,,,,,,
20170704,152.44656,,,,,,
20170705,161.11248,,,,,,
20170706,164.87904,,,,,,
20170707,144.48864,,,,,,
20170708,127.35504,,,,,,
20170709,114.72432,,,,,,
20170710,116.73504,,,,,,
20170711,96.4296,,,,,,
20170712,75.98256,,,,,,
20170713,41.4888,,,,,,
20170714,34.4088,,,,,,
20170715,48.0024,,,,,,
20170716,47.88912,,,,,,
20170717,50.57952,,,,,,
20170718,44.23584,,,,,,
20170719,60.06672,,,,,,
20170720,94.47552,,,,,,
20170721,426.86736,,,,,,
20170722,624.51264,,,,,,
20170723,502.99152,,,,,,
20170724,314.52192,,,,,,
20170725,209.17152,,,,,,
20170726,191.83968,,,,,,
20170727,174.93264,,,,,,
20170728,156.07152,,,,,,
20170729,137.09712,,,,,,
20170730,134.77488,,,,,,
20170731,144.5736,,,,,,
20170801,135.87936,,,,,,
20170802,135.228,,,,,,
20170803,131.43312,,,,,,
20170804,129.53568,,,,,,
20170805,131.65968,,,,,,
20170806,199.28784,,,,,,
20170807,382.57488,,,,,,
20170808,289.96848,,,,,,
20170809,238.42608,,,,,,
20170810,251.7648,,,,,,
20170811,244.71312,,,,,,
20170812,226.24848,,,,,,
20170813,221.71728,,,,,,
20170814,206.99088,,,,,,
20170815,217.97904,,,,,,
20170816,217.95072,,,,,,
20170817,169.97664,,,,,,
20170818,105.29376,,,,,,
20170819,32.53968,,,,,,
20170820,41.85696,,,,,,
20170821,116.14032,,,,,,
20170822,307.1304,,,,,,
20170823,368.83968,,,,,,
20170824,369.63264,,,,,,
20170825,323.78256,,,,,,
20170826,292.65888,,,,,,
20170827,305.45952,,,,,,
20170828,341.65248,,,,,,
20170829,468.4128,,,,,,
20170830,783.8976,,,,,,
20170831,783.78432,,,,,,
20170901,563.39808,,,,,,
20170902,350.1768,,,,,,
20170903,229.1088,,,,,,
20170904,228.34416,,,,,,
20170905,169.83504,,,,,,
20170906,170.54304,,,,,,
20170907,172.35552,,,,,,
20170908,173.14848,,,,,,
20170909,342.2472,,,,,,
20170910,361.10832,,,,,,
20170911,283.908,,,,,,
20170912,228.59904,,,,,,
20170913,185.52432,,,,,,
20170914,152.81472,,,,,,
20170915,101.61216,,,,,,
20170916,113.02512,,,,,,
20170917,113.39328,,,,,,
20170918,157.48752,,,,,,
20170919,290.22336,,,,,,
20170920,429.3312,,,,,,
20170921,536.29584,,,,,,
20170922,396.98976,,,,,,
20170923,245.61936,,,,,,
20170924,186.6288,,,,,,
20170925,157.09104,,,,,,
20170926,290.33664,,,,,,
20170927,283.36992,,,,,,
20170928,278.44224,,,,,,
20170929,340.1232,,,,,,
20170930,256.18272,,,,,,
20171001,169.86336,,,,,,
20171002,106.65312,,,,,,
20171003,158.11056,,,,,,
20171004,175.21584,,,,,,
20171005,160.60272,,,,,,
20171006,195.18144,,,,,,
20171007,213.5328,,,,,,
20171008,167.088,,,,,,
20171009,151.9368,,,,,,
20171010,145.19664,,,,,,
20171011,220.72608,,,,,,
20171012,165.8136,,,,,,
20171013,146.15952,,,,,,
20171014,129.2808,,,,,,
20171015,140.12736,,,,,,
20171016,146.78256,,,,,,
20171017,129.39408,,,,,,
20171018,129.39408,,,,,,
20171019,69.07248,,,,,,
20171020,59.7552,,,,,,
20171021,59.7552,,,,,,
20171022,45.11376,,,,,,
20171023,45.11376,,,,,,
20171024,24.44016,,,,,,
20171025,45.8784,,,,,,
20171026,40.7808,,,,,,
20171027,39.70464,,,,,,
20171028,78.0216,,,,,,
20171029,56.7816,,,,,,
20171030,54.48768,,,,,,
20171031,59.92512,,,,,,
20171101,54.62928,,,,,,
20171102,50.74944,,,,,,
20171103,58.6224,,,,,,
20171104,55.98864,,,,,,
20171105,59.95344,,,,,,
20171106,70.17696,,,,,,
20171107,83.85552,,,,,,
20171108,68.76096,,,,,,
20171109,65.47584,,,,,,
20171110,76.20912,,,,,,
20171111,83.03424,,,,,,
20171112,76.23744,,,,,,
20171113,90.00096,,,,,,
20171114,83.74224,,,,,,
20171115,66.9768,,,,,,
20171116,53.32656,,,,,,
20171117,50.63616,,,,,,
20171118,33.72912,,,,,,
20171119,30.21744,,,,,,
20171120,23.2224,,,,,,
20171121,27.38544,,,,,,
20171122,33.5592,,,,,,
20171123,33.47424,,,,,,
20171124,22.59936,,,,,,
20171125,17.9832,,,,,,
20171126,15.12288,,,,,,
20171127,21.948,,,,,,
20171128,20.58864,,,,,,
20171129,23.53392,,,,,,
20171130,25.31808,,,,,,
20171201,26.30928,,,,,,
20171202,45.48192,,,,,,
20171203,44.15088,,,,,,
20171204,43.64112,,,,,,
20171205,61.11456,,,,,,
20171206,65.16432,,,,,,
20171207,34.1256,,,,,,
20171208,37.2408,,,,,,
20171209,27.95184,,,,,,
20171210,24.83664,,,,,,
20171211,24.83664,,,,,,
20171212,24.83664,,,,,,
20171213,18.63456,,,,,,
20171214,21.74976,,,,,,
20171215,15.54768,,,,,,
20171216,18.63456,,,,,,
20171217,12.43248,,,,,,
20171218,9.3456,,,,,,
20171219,9.3456,,,,,,
20171220,9.3456,,,,,,
20171221,11.12976,,,,,,
20171222,10.84656,,,,,,
20171223,10.02528,,,,,,
20171224,11.29968,,,,,,
20171225,11.07312,,,,,,
20171226,10.95984,,,,,,
20171227,9.28896,,,,,,
20171228,10.3368,,,,,,
20171229,8.41104,,,,,,
20171230,8.46768,,,,,,
20171231,7.73136,,,,,,
20180101,8.24112,,,,,,
20180102,6.54192,,,,,,
20180103,7.47648,,,,,,
20180104,7.47648,,,,,,
20180105,4.6728,,,,,,
20180106,7.47648,,,,,,
20180107,7.47648,,,,,,
20180108,4.6728,,,,,,
20180109,4.6728,,,,,,
20180110,7.39152,,,,,,
20180111,7.3632,,,,,,
20180112,4.61616,,,,,,
20180113,7.3632,,,,,,
20180114,5.89056,,,,,,
20180115,4.55952,,,,,,
20180116,5.8056,,,,,,
20180117,4.44624,,,,,,
20180118,4.87104,,,,,,
20180119,5.29584,,,,,,
20180120,3.99312,,,,,,
20180121,4.84272,,,,,,
20180122,4.8144,,,,,,
20180123,5.32416,,,,,,
20180124,4.41792,,,,,,
20180125,5.32416,,,,,,
20180126,4.5312,,,,,,
20180127,4.5312,,,,,,
20180128,4.5312,,,,,,
20180129,4.5312,,,,,,
20180130,6.9384,,,,,,
20180131,6.9384,,,,,,
20180201,6.9384,,,,,,
20180202,4.27632,,,,,,
20180203,4.27632,,,,,,
20180204,4.5312,,,,,,
20180205,4.5312,,,,,,
20180206,5.55072,,,,,,
20180207,5.15424,,,,,,
20180208,4.41792,,,,,,
20180209,3.79488,,,,,,
20180210,5.18256,,,,,,
20180211,4.89936,,,,,,
20180212,3.59664,,,,,,
20180213,4.07808,,,,,,
20180214,4.72944,,,,,,
20180215,3.54,,,,,,
20180216,4.78608,,,,,,
20180217,5.43744,,,,,,
20180218,3.79488,,,,,,
20180219,3.93648,,,,,,
20180220,5.06928,,,,,,
20180221,4.6728,,,,,,
20180222,4.64448,,,,,,
20180223,4.64448,,,,,,
20180224,4.64448,,,,,,
20180225,6.59856,,,,,,
20180226,4.75776,,,,,,
20180227,4.72944,,,,,,
20180228,4.72944,,,,,,
20180301,4.72944,,,,,,
20180302,4.72944,,,,,,
20180303,3.70992,,,,,,
20180304,3.70992,,,,,,
20180305,4.89936,,,,,,
20180306,4.89936,,,,,,
20180307,3.73824,,,,,,
20180308,3.9648,,,,,,
20180309,5.0976,,,,,,
20180310,4.13472,,,,,,
20180311,5.46576,,,,,,
20180312,5.26752,,,,,,
20180313,4.33296,,,,,,
20180314,5.21088,,,,,,
20180315,4.84272,,,,,,
20180316,4.61616,,,,,,
20180317,5.26752,,,,,,
20180318,5.5224,,,,,,
20180319,4.61616,,,,,,
20180320,4.89936,,,,,,
20180321,5.5224,,,,,,
20180322,4.58784,,,,,,
20180323,4.78608,,,,,,
20180324,4.36128,,,,,,
20180325,4.33296,,,,,,
20180326,4.33296,,,,,,
20180327,4.30464,,,,,,
20180328,4.30464,,,,,,
20180329,4.30464,,,,,,
20180330,4.248,,,,,,
20180331,4.21968,,,,,,
20180401,4.21968,,,,,,
20180402,4.92768,,,,,,
20180403,6.34368,,,,,,
20180404,4.84272,,,,,,
20180405,4.8144,,,,,,
20180406,3.90816,,,,,,
20180407,4.27632,,,,,,
20180408,4.248,,,,,,
20180409,4.5312,,,,,,
20180410,4.33296,,,,,,
20180411,4.41792,,,,,,
20180412,4.44624,,,,,,
20180413,4.33296,,,,,,
20180414,2.60544,,,,,,
20180415,3.22848,,,,,,
20180416,4.72944,,,,,,
20180417,4.3896,,,,,,
20180418,4.6728,,,,,,
20180419,4.75776,,,,,,
20180420,3.59664,,,,,,
20180421,7.10832,,,,,,
20180422,4.75776,,,,,,
20180423,4.75776,,,,,,
20180424,4.75776,,,,,,
20180425,4.72944,,,,,,
20180426,4.72944,,,,,,
20180427,4.72944,,,,,,
20180428,4.72944,,,,,,
20180429,4.248,,,,,,
20180430,3.65328,,,,,,
20180501,2.94528,,,,,,
20180502,9.74208,,,,,,
20180503,3.2568,,,,,,
20180504,5.3808,,,,,,
20180505,5.2392,,,,,,
20180506,5.8056,,,,,,
20180507,5.72064,,,,,,
20180508,5.57904,,,,,,
20180509,7.61808,,,,,,
20180510,6.59856,,,,,,
20180511,8.04288,,,,,,
20180512,7.39152,,,,,,
20180513,9.3456,,,,,,
20180514,9.17568,,,,,,
20180515,6.91008,,,,,,
20180516,8.94912,,,,,,
20180517,9.71376,,,,,,
20180518,13.65024,,,,,,
20180519,15.576,,,,,,
20180520,18.5496,,,,,,
20180521,28.65984,,,,,,
20180522,70.54512,,,,,,
20180523,80.54208,,,,,,
20180524,82.94928,,,,,,
20180525,78.0216,,,,,,
20180526,87.02736,,,,,,
20180527,95.4384,,,,,,
20180528,97.704,,,,,,
20180529,92.6064,,,,,,
20180530,82.58112,,,,,,
20180531,59.27376,,,,,,
20180601,47.69088,,,,,,
20180602,66.86352,,,,,,
20180603,54.40272,,,,,,
20180604,49.02192,,,,,,
20180605,43.07472,,,,,,
20180606,43.07472,,,,,,
20180607,49.56,,,,,,
20180608,44.29248,,,,,,
20180609,44.3208,,,,,,
20180610,57.68784,,,,,,
20180611,240.09696,,,,,,
20180612,506.44656,,,,,,
20180613,647.70672,,,,,,
20180614,803.80656,,,,,,
20180615,795.67872,,,,,,
20180616,878.96784,,,,,,
20180617,663.36768,,,,,,
20180618,319.93104,,,,,,
20180619,219.56496,,,,,,
20180620,181.19136,,,,,,
20180621,183.91008,,,,,,
20180622,220.21632,,,,,,
20180623,232.39392,,,,,,
20180624,147.09408,,,,,,
20180625,161.8488,,,,,,
20180626,118.32096,,,,,,
20180627,121.37952,,,,,,
20180628,113.1384,,,,,,
20180629,287.95776,,,,,,
20180630,470.22528,,,,,,
20180701,338.65056,,,,,,
20180702,215.31696,,,,,,
20180703,171.02448,,,,,,
20180704,127.1568,,,,,,
20180705,171.02448,,,,,,
20180706,103.14144,,,,,,
20180707,70.9416,,,,,,
20180708,86.82912,,,,,,
20180709,635.41584,,,,,,
20180710,891.7968,,,,,,
20180711,1010.96736,,,,,,
20180712,1070.01456,,,,,,
20180713,1125.35184,,,,,,
20180714,1188.33552,,,,,,
20180715,1236.28128,,,,,,
20180716,1862.80464,,,,,,
20180717,2038.02048,,,,,,
20180718,2020.71696,,,,,,
20180719,1662.92208,,,,,,
20180720,1358.00064,,,,,,
20180721,1153.72848,,,,,,
20180722,893.04288,,,,,,
20180723,1361.14416,,,,,,
20180724,1363.4664,,,,,,
20180725,1139.68176,,,,,,
20180726,1412.96976,,,,,,
20180727,1283.77392,,,,,,
20180728,983.8368,,,,,,
20180729,649.8024,,,,,,
20180730,472.74576,,,,,,
20180731,266.80272,,,,,,
20180801,230.3832,,,,,,
20180802,243.77856,,,,,,
20180803,268.36032,,,,,,
20180804,229.50528,,,,,,
20180805,173.46,,,,,,
20180806,191.38656,,,,,,
20180807,155.56176,,,,,,
20180808,124.21152,,,,,,
20180809,359.9472,,,,,,
20180810,1351.11888,,,,,,
20180811,1148.03616,,,,,,
20180812,896.95104,,,,,,
20180813,779.59296,,,,,,
20180814,1627.38048,,,,,,
20180815,2829.05472,,,,,,
20180816,3487.4664,,,,,,
20180817,2837.97552,,,,,,
20180818,3774.46128,,,,,,
20180819,3274.86816,,,,,,
20180820,2672.89824,,,,,,
20180821,2063.33856,,,,,,
20180822,805.36416,,,,,,
20180823,732.27024,,,,,,
20180824,694.85952,,,,,,
20180825,599.5344,,,,,,
20180826,584.6664,,,,,,
20180827,287.78784,,,,,,
20180828,253.29408,,,,,,
20180829,289.91184,,,,,,
20180830,279.8016,,,,,,
20180831,293.87664,,,,,,
20180901,324.4056,,,,,,
20180902,201.38352,,,,,,
20180903,201.38352,,,,,,
20180904,154.9104,,,,,,
20180905,111.97728,,,,,,
20180906,61.65264,,,,,,
20180907,25.03488,,,,,,
20180908,37.46736,,,,,,
20180909,34.9752,,,,,,
20180910,33.04944,,,,,,
20180911,35.9664,,,,,,
20180912,30.8688,,,,,,
20180913,71.02656,,,,,,
20180914,53.15664,,,,,,
20180915,30.27408,,,,,,
20180916,40.95072,,,,,,
20180917,30.33072,,,,,,
20180918,29.4528,,,,,,
20180919,29.1696,,,,,,
20180920,30.33072,,,,,,
20180921,28.94304,,,,,,
20180922,30.81216,,,,,,
20180923,30.55728,,,,,,
20180924,31.37856,,,,,,
20180925,31.66176,,,,,,
20180926,174.28128,,,,,,
20180927,274.05264,,,,,,
20180928,492.45648,,,,,,
20180929,438.8184,,,,,,
20180930,358.5312,,,,,,
20181001,238.39776,,,,,,
20181002,254.96496,,,,,,
20181003,214.04256,,,,,,
20181004,163.09488,,,,,,
20181005,185.58096,,,,,,
20181006,185.58096,,,,,,
20181007,158.13888,,,,,,
20181008,112.40208,,,,,,
20181009,112.40208,,,,,,
20181010,112.40208,,,,,,
20181011,112.40208,,,,,,
20181012,113.76144,,,,,,
20181013,113.76144,,,,,,
20181014,113.76144,,,,,,
20181015,114.49776,,,,,,
20181016,115.23408,,,,,,
20181017,100.08288,,,,,,
20181018,82.09968,,,,,,
20181019,300.13536,,,,,,
20181020,183.34368,,,,,,
20181021,185.72256,,,,,,
20181022,112.40208,,,,,,
20181023,119.3688,,,,,,
20181024,126.3072,,,,,,
20181025,126.3072,,,,,,
20181026,127.66656,,,,,,
20181027,127.66656,,,,,,
20181028,81.92976,,,,,,
20181029,59.69856,,,,,,
20181030,45.99168,,,,,,
20181031,32.22816,,,,,,
20181101,28.06512,,,,,,
20181102,26.93232,,,,,,
20181103,25.85616,,,,,,
20181104,25.488,,,,,,
20181105,26.0544,,,,,,
20181106,26.30928,,,,,,
20181107,25.31808,,,,,,
20181108,25.00656,,,,,,
20181109,25.74288,,,,,,
20181110,26.02608,,,,,,
20181111,25.14816,,,,,,
20181112,24.86496,,,,,,
20181113,25.68624,,,,,,
20181114,25.99776,,,,,,
20181115,25.23312,,,,,,
20181116,25.23312,,,,,,
20181117,25.74288,,,,,,
20181118,21.97632,,,,,,
20181119,21.32496,,,,,,
20181120,25.2048,,,,,,
20181121,22.2312,,,,,,
20181122,22.42944,,,,,,
20181123,29.90592,,,,,,
20181124,29.70768,,,,,,
20181125,31.54848,,,,,,
20181126,43.38624,,,,,,
20181127,42.45168,,,,,,
20181128,53.69472,,,,,,
20181129,45.85008,,,,,,
20181130,46.52976,,,,,,
20181201,50.29632,,,,,,
20181202,42.96144,,,,,,
20181203,38.68512,,,,,,
20181204,39.73296,,,,,,
20181205,37.29744,,,,,,
20181206,37.6656,,,,,,
20181207,31.88832,,,,,,
20181208,35.62656,,,,,,
20181209,36.27792,,,,,,
20181210,36.73104,,,,,,
20181211,34.18224,,,,,,
20181212,38.85504,,,,,,
20181213,38.85504,,,,,,
20181214,42.59328,,,,,,
20181215,39.76128,,,,,,
20181216,39.76128,,,,,,
20181217,36.02304,,,,,,
20181218,38.34528,,,,,,
20181219,36.87264,,,,,,
20181220,36.50448,,,,,,
20181221,32.76624,,,,,,
20181222,36.50448,,,,,,
20181223,33.53088,,,,,,
20181224,33.38928,,,,,,
20181225,29.736,,,,,,
20181226,26.08272,,,,,,
20181227,29.736,,,,,,
20181228,26.08272,,,,,,
20181229,17.61504,,,,,,
20181230,16.48224,,,,,,
20181231,12.82896,,,,,,
20190101,16.45392,,,,,,
20190102,16.82208,,,,,,
20190103,13.1688,,,,,,
20190104,13.1688,,,,,,
20190105,12.744,,,,,,
20190106,12.6024,,,,,,
20190107,8.9208,,,,,,
20190108,12.57408,,,,,,
20190109,8.89248,,,,,,
20190110,8.89248,,,,,,
20190111,12.57408,,,,,,
20190112,11.8944,,,,,,
20190113,11.49792,,,,,,
20190114,7.61808,,,,,,
20190115,6.59856,,,,,,
20190116,6.45696,,,,,,
20190117,7.67472,,,,,,
20190118,7.5048,,,,,,
20190119,10.9032,,,,,,
20190120,8.43936,,,,,,
20190121,8.29776,,,,,,
20190122,8.15616,,,,,,
20190123,7.81632,,,,,,
20190124,8.18448,,,,,,
20190125,6.28704,,,,,,
20190126,6.14544,,,,,,
20190127,5.83392,,,,,,
20190128,5.72064,,,,,,
20190129,5.01264,,,,,,
20190130,5.86224,,,,,,
20190131,5.83392,,,,,,
20190201,5.49408,,,,,,
20190202,5.40912,,,,,,
20190203,6.372,,,,,,
20190204,6.57024,,,,,,
20190205,7.70304,,,,,,
20190206,8.0712,,,,,,
20190207,4.8144,,,,,,
20190208,4.8144,,,,,,
20190209,8.0712,,,,,,
20190210,8.0712,,,,,,
20190211,4.8144,,,,,,
20190212,4.8144,,,,,,
20190213,4.8144,,,,,,
20190214,8.0712,,,,,,
20190215,4.8144,,,,,,
20190216,4.8144,,,,,,
20190217,4.8144,,,,,,
20190218,4.21968,,,,,,
20190219,5.40912,,,,,,
20190220,5.26752,,,,,,
20190221,5.63568,,,,,,
20190222,3.8232,,,,,,
20190223,4.02144,,,,,,
20190224,4.89936,,,,,,
20190225,3.99312,,,,,,
20190226,3.8232,,,,,,
20190227,4.07808,,,,,,
20190228,2.91696,,,,,,
20190301,2.80368,,,,,,
20190302,3.6816,,,,,,
20190303,2.4072,,,,,,
20190304,1.92576,,,,,,
20190305,3.90816,,,,,,
20190306,4.36128,,,,,,
20190307,2.01072,,,,,,
20190308,3.76656,,,,,,
20190309,3.76656,,,,,,
20190310,3.20016,,,,,,
20190311,3.20016,,,,,,
20190312,3.20016,,,,,,
20190313,5.9472,,,,,,
20190314,5.9472,,,,,,
20190315,3.20016,,,,,,
20190316,3.20016,,,,,,
20190317,3.62496,,,,,,
20190318,6.20208,,,,,,
20190319,3.65328,,,,,,
20190320,3.65328,,,,,,
20190321,2.18064,,,,,,
20190322,2.29392,,,,,,
20190323,3.45504,,,,,,
20190324,3.99312,,,,,,
20190325,2.43552,,,,,,
20190326,3.93648,,,,,,
20190327,1.6992,,,,,,
20190328,1.64256,,,,,,
20190329,1.61424,,,,,,
20190330,1.72752,,,,,,
20190331,1.9824,,,,,,
20190401,1.67088,,,,,,
20190402,3.62496,,,,,,
20190403,2.94528,,,,,,
20190404,1.75584,,,,,,
20190405,3.20016,,,,,,
20190406,2.124,,,,,,
20190407,3.65328,,,,,,
20190408,2.74704,,,,,,
20190409,2.29392,,,,,,
20190410,2.88864,,,,,,
20190411,2.88864,,,,,,
20190412,2.86032,,,,,,
20190413,2.86032,,,,,,
20190414,2.86032,,,,,,
20190415,4.956,,,,,,
20190416,4.956,,,,,,
20190417,2.86032,,,,,,
20190418,2.86032,,,,,,
20190419,5.12592,,,,,,
20190420,5.12592,,,,,,
20190421,3.34176,,,,,,
20190422,4.30464,,,,,,
20190423,4.30464,,,,,,
20190424,4.78608,,,,,,
20190425,3.05856,,,,,,
20190426,3.28512,,,,,,
20190427,4.36128,,,,,,
20190428,2.91696,,,,,,
20190429,3.08688,,,,,,
20190430,4.27632,,,,,,
20190501,4.16304,,,,,,
20190502,4.33296,,,,,,
20190503,3.45504,,,,,,
20190504,4.27632,,,,,,
20190505,4.41792,,,,,,
20190506,3.03024,,,,,,
20190507,3.76656,,,,,,
20190508,4.64448,,,,,,
20190509,4.36128,,,,,,
20190510,3.85152,,,,,,
20190511,4.04976,,,,,,
20190512,4.04976,,,,,,
20190513,4.04976,,,,,,
20190514,4.04976,,,,,,
20190515,5.57904,,,,,,
20190516,4.21968,,,,,,
20190517,4.02144,,,,,,
20190518,4.02144,,,,,,
20190519,3.99312,,,,,,
20190520,3.99312,,,,,,
20190521,5.5224,,,,,,
20190522,3.9648,,,,,,
20190523,3.93648,,,,,,
20190524,3.93648,,,,,,
20190525,5.46576,,,,,,
20190526,5.46576,,,,,,
20190527,3.90816,,,,,,
20190528,3.87984,,,,,,
20190529,5.40912,,,,,,
20190530,3.87984,,,,,,
20190531,3.85152,,,,,,
20190601,5.3808,,,,,,
20190602,3.45504,,,,,,
20190603,3.42672,,,,,,
20190604,3.3984,,,,,,
20190605,3.3984,,,,,,
20190606,3.37008,,,,,,
20190607,3.37008,,,,,,
20190608,4.8144,,,,,,
20190609,3.31344,,,,,,
20190610,3.31344,,,,,,
20190611,3.28512,,,,,,
20190612,3.28512,,,,,,
20190613,3.2568,,,,,,
20190614,3.22848,,,,,,
20190615,3.20016,,,,,,
20190616,3.17184,,,,,,
20190617,3.14352,,,,,,
20190618,4.41792,,,,,,
20190619,5.83392,,,,,,
20190620,5.77728,,,,,,
20190621,4.33296,,,,,,
20190622,5.74896,,,,,,
20190623,5.74896,,,,,,
20190624,7.16496,,,,,,
20190625,7.16496,,,,,,
20190626,8.58096,,,,,,
20190627,8.58096,,,,,,
20190628,18.5496,,,,,,
20190629,27.07392,,,,,,
20190630,25.68624,,,,,,
20190701,21.83472,,,,,,
20190702,18.94608,,,,,,
20190703,18.66288,,,,,,
20190704,18.74784,,,,,,
20190705,40.80912,,,,,,
20190706,62.92704,,,,,,
20190707,131.71632,,,,,,
20190708,340.94448,,,,,,
20190709,209.76624,,,,,,
20190710,226.1352,,,,,,
20190711,189.68736,,,,,,
20190712,242.02272,,,,,,
20190713,173.51664,,,,,,
20190714,138.82464,,,,,,
20190715,102.17856,,,,,,
20190716,83.31744,,,,,,
20190717,73.00896,,,,,,
20190718,72.10272,,,,,,
20190719,55.19568,,,,,,
20190720,28.1784,,,,,,
20190721,9.51552,,,,,,
20190722,18.15312,,,,,,
20190723,104.86896,,,,,,
20190724,199.57104,,,,,,
20190725,256.74912,,,,,,
20190726,204.4704,,,,,,
20190727,143.52576,,,,,,
20190728,139.36272,,,,,,
20190729,123.24864,,,,,,
20190730,90.624,,,,,,
20190731,96.11808,,,,,,
20190801,184.39152,,,,,,
20190802,184.41984,,,,,,
20190803,144.54528,,,,,,
20190804,135.42624,,,,,,
20190805,160.12128,,,,,,
20190806,358.3896,,,,,,
20190807,643.40208,,,,,,
20190808,871.51968,,,,,,
20190809,1448.62464,,,,,,
20190810,3074.2776,,,,,,
20190811,5316.25872,,,,,,
20190812,5782.944,,,,,,
20190813,2557.80576,,,,,,
20190814,1100.06208,,,,,,
20190815,531.50976,,,,,,
20190816,523.92,,,,,,
20190817,621.73728,,,,,,
20190818,665.20848,,,,,,
20190819,489.34128,,,,,,
20190820,241.93776,,,,,,
20190821,241.93776,,,,,,
20190822,239.10576,,,,,,
20190823,239.10576,,,,,,
20190824,240.52176,,,,,,
20190825,236.24544,,,,,,
20190826,229.5336,,,,,,
20190827,232.02576,,,,,,
20190828,250.3488,,,,,,
20190829,250.3488,,,,,,
20190830,247.5168,,,,,,
20190831,247.5168,,,,,,
20190901,248.53632,,,,,,
20190902,249.44256,,,,,,
20190903,249.44256,,,,,,
20190904,347.9112,,,,,,
20190905,510.26976,,,,,,
20190906,1266.66864,,,,,,
20190907,1579.51968,,,,,,
20190908,1188.42048,,,,,,
20190909,1292.75136,,,,,,
20190910,1292.75136,,,,,,
20190911,1172.448,,,,,,
20190912,582.65568,,,,,,
20190913,408.77088,,,,,,
20190914,408.77088,,,,,,
20190915,408.77088,,,,,,
20190916,405.93888,,,,,,
20190917,262.49808,,,,,,
20190918,249.44256,,,,,,
20190919,249.44256,,,,,,
20190920,250.85856,,,,,,
20190921,252.27456,,,,,,
20190922,252.27456,,,,,,
20190923,250.85856,,,,,,
20190924,249.44256,,,,,,
20190925,334.43088,,,,,,
20190926,380.53584,,,,,,
20190927,324.85872,,,,,,
20190928,246.61056,,,,,,
20190929,246.61056,,,,,,
20190930,194.44512,,,,,,
20191001,194.44512,,,,,,
20191002,146.47104,,,,,,
20191003,146.47104,,,,,,
20191004,132.396,,,,,,
20191005,108.52224,,,,,,
20191006,108.52224,,,,,,
20191007,87.48048,,,,,,
20191008,86.74416,,,,,,
20191009,155.27856,,,,,,
20191010,223.81296,,,,,,
20191011,155.27856,,,,,,
20191012,86.74416,,,,,,
20191013,123.16368,,,,,,
20191014,130.92336,,,,,,
20191015,130.92336,,,,,,
20191016,233.72496,,,,,,
20191017,698.3712,,,,,,
20191018,466.74192,,,,,,
20191019,242.30592,,,,,,
20191020,242.30592,,,,,,
20191021,235.25424,,,,,,
20191022,213.16464,,,,,,
20191023,549.86112,,,,,,
20191024,680.35968,,,,,,
20191025,295.40592,,,,,,
20191026,191.07504,,,,,,
20191027,294.01824,,,,,,
20191028,398.34912,,,,,,
20191029,398.34912,,,,,,
20191030,268.67184,,,,,,
20191031,228.31584,,,,,,
20191101,221.34912,,,,,,
20191102,219.98976,,,,,,
20191103,219.98976,,,,,,
20191104,221.40576,,,,,,
20191105,222.82176,,,,,,
20191106,222.82176,,,,,,
20191107,170.65632,,,,,,
20191108,170.65632,,,,,,
20191109,169.24032,,,,,,
20191110,304.89312,,,,,,
20191111,304.89312,,,,,,
20191112,,,,,,,
20191113,167.82432,,,,,,
20191114,169.24032,,,,,,
20191115,170.65632,,,,,,
20191116,170.65632,,,,,,
20191117,169.24032,,,,,,
20191118,167.82432,,,,,,
20191119,167.82432,,,,,,
20191120,130.18704,,,,,,
20191121,111.89232,,,,,,
20191122,102.74496,,,,,,
20191123,98.18544,,,,,,
20191124,89.00976,,,,,,
20191125,98.15712,,,,,,
20191126,79.8624,,,,,,
20191127,84.42192,,,,,,
20191128,97.59072,,,,,,
20191129,97.33584,,,,,,
20191130,92.86128,,,,,,
20191201,96.91104,,,,,,
20191202,106.31328,,,,,,
20191203,66.18384,,,,,,
20191204,140.72208,,,,,,
20191205,131.77296,,,,,,
20191206,113.81808,,,,,,
20191207,91.41696,,,,,,
20191208,95.91984,,,,,,
20191209,95.91984,,,,,,
20191210,86.8008,,,,,,
20191211,82.128,,,,,,
20191212,82.128,,,,,,
20191213,82.128,,,,,,
20191214,81.78816,,,,,,
20191215,93.96576,,,,,,
20191216,102.71664,,,,,,
20191217,89.57616,,,,,,
20191218,93.96576,,,,,,
20191219,98.24208,,,,,,
20191220,91.6152,,,,,,
20191221,91.67184,,,,,,
20191222,95.94816,,,,,,
20191223,100.2528,,,,,,
20191224,91.67184,,,,,,
20191225,86.34768,,,,,,
20191226,86.34768,,,,,,
20191227,86.34768,,,,,,
20191228,57.85776,,,,,,
20191229,56.47008,,,,,,
20191230,56.47008,,,,,,
20191231,52.19376,,,,,,
20200101,39.30816,,,,,,
20200102,39.76128,,,,,,
20200103,31.18032,,,,,,
20200104,22.59936,,,,,,
20200105,22.59936,,,,,,
20200106,18.01152,,,,,,
20200107,17.16192,,,,,,
20200108,12.85728,,,,,,
20200109,12.85728,,,,,,
20200110,12.85728,,,,,,
20200111,17.1336,,,,,,
20200112,17.1336,,,,,,
20200113,12.85728,,,,,,
20200114,10.53504,,,,,,
20200115,8.0712,,,,,,
20200116,7.75968,,,,,,
20200117,12.1776,,,,,,
20200118,11.83776,,,,,,
20200119,9.28896,,,,,,
20200120,9.74208,,,,,,
20200121,9.40224,,,,,,
20200122,17.47344,,,,,,
20200123,21.24,,,,,,
20200124,18.35136,,,,,,
20200125,18.15312,,,,,,
20200126,15.03792,,,,,,
20200127,19.31424,,,,,,
20200128,15.68928,,,,,,
20200129,19.42752,,,,,,
20200130,16.05744,,,,,,
20200131,12.91392,,,,,,
20200201,16.5672,,,,,,
20200202,14.83968,,,,,,
20200203,13.48032,,,,,,
20200204,13.48032,,,,,,
20200205,17.33184,,,,,,
20200206,17.33184,,,,,,
20200207,13.48032,,,,,,
20200208,13.48032,,,,,,
20200209,13.36704,,,,,,
20200210,16.90704,,,,,,
20200211,16.90704,,,,,,
20200212,13.14048,,,,,,
20200213,13.14048,,,,,,
20200214,12.29088,,,,,,
20200215,17.2752,,,,,,
20200216,16.96368,,,,,,
20200217,17.44512,,,,,,
20200218,13.0272,,,,,,
20200219,12.744,,,,,,
20200220,12.43248,,,,,,
20200221,12.65904,,,,,,
20200222,13.76352,,,,,,
20200223,9.96864,,,,,,
20200224,6.14544,,,,,,
20200225,6.42864,,,,,,
20200226,8.89248,,,,,,
20200227,6.14544,,,,,,
20200228,4.70112,,,,,,
20200229,7.02336,,,,,,
20200301,4.87104,,,,,,
20200302,17.86992,,,,,,
20200303,25.82784,,,,,,
20200304,19.37088,,,,,,
20200305,5.8056,,,,,,
20200306,2.2656,,,,,,
20200307,2.2656,,,,,,
20200308,2.2656,,,,,,
20200309,4.58784,,,,,,
20200310,4.55952,,,,,,
20200311,4.55952,,,,,,
20200312,4.55952,,,,,,
20200313,7.90128,,,,,,
20200314,4.36128,,,,,,
20200315,6.06048,,,,,,
20200316,8.9208,,,,,,
20200317,7.02336,,,,,,
20200318,5.57904,,,,,,
20200319,8.60928,,,,,,
20200320,7.39152,,,,,,
20200321,7.39152,,,,,,
20200322,4.04976,,,,,,
20200323,3.00192,,,,,,
20200324,3.00192,,,,,,
20200325,5.91888,,,,,,
20200326,5.18256,,,,,,
20200327,4.87104,,,,,,
20200328,3.2568,,,,,,
20200329,2.29392,,,,,,
20200330,4.64448,,,,,,
20200331,3.14352,,,,,,
20200401,2.5488,,,,,,
20200402,4.50288,,,,,,
20200403,3.65328,,,,,,
20200404,1.24608,,,,,,
20200405,2.66208,,,,,,
20200406,2.66208,,,,,,
20200407,2.63376,,,,,,
20200408,2.91696,,,,,,
20200409,5.72064,,,,,,
20200410,19.76736,,,,,,
20200411,22.54272,,,,,,
20200412,22.54272,,,,,,
20200413,14.10336,,,,,,
20200414,5.69232,,,,,,
20200415,5.69232,,,,,,
20200416,8.15616,,,,,,
20200417,5.04096,,,,,,
20200418,4.78608,,,,,,
20200419,3.62496,,,,,,
20200420,3.87984,,,,,,
20200421,3.14352,,,,,,
20200422,3.8232,,,,,,
20200423,3.03024,,,,,,
20200424,3.34176,,,,,,
20200425,3.05856,,,,,,
20200426,3.08688,,,,,,
20200427,3.37008,,,,,,
20200428,3.28512,,,,,,
20200429,6.11712,,,,,,
20200430,4.47456,,,,,,
20200501,5.26752,,,,,,
20200502,18.1248,,,,,,
20200503,6.99504,,,,,,
20200504,9.71376,,,,,,
20200505,9.71376,,,,,,
20200506,7.3632,,,,,,
20200507,5.04096,,,,,,
20200508,5.04096,,,,,,
20200509,5.01264,,,,,,
20200510,2.66208,,,,,,
20200511,2.66208,,,,,,
20200512,3.51168,,,,,,
20200513,3.51168,,,,,,
20200514,3.37008,,,,,,
20200515,3.34176,,,,,,
20200516,3.34176,,,,,,
20200517,3.93648,,,,,,
20200518,29.93424,,,,,,
20200519,14.49984,,,,,,
20200520,14.47152,,,,,,
20200521,18.2664,,,,,,
20200522,18.86112,,,,,,
20200523,15.12288,,,,,,
20200524,16.45392,,,,,,
20200525,20.3904,,,,,,
20200526,25.54464,,,,,,
20200527,12.91392,,,,,,
20200528,13.11216,,,,,,
20200529,20.8152,,,,,,
20200530,20.07888,,,,,,
20200531,18.03984,,,,,,
20200601,26.196,,,,,,
20200602,25.79952,,,,,,
20200603,23.70384,,,,,,
20200604,21.60816,,,,,,
20200605,19.51248,,,,,,
20200606,19.51248,,,,,,
20200607,23.70384,,,,,,
20200608,36.30624,,,,,,
20200609,47.94576,,,,,,
20200610,44.49072,,,,,,
20200611,55.02576,,,,,,
20200612,50.94768,,,,,,
20200613,36.30624,,,,,,
20200614,38.43024,,,,,,
20200615,38.45856,,,,,,
20200616,36.36288,,,,,,
20200617,53.15664,,,,,,
20200618,85.69632,,,,,,
20200619,84.3936,,,,,,
20200620,170.0616,,,,,,
20200621,153.09792,,,,,,
20200622,90.08592,,,,,,
20200623,66.09888,,,,,,
20200624,95.74992,,,,,,
20200625,96.40128,,,,,,
20200626,74.65152,,,,,,
20200627,55.932,,,,,,
20200628,55.96032,,,,,,
20200629,53.63808,,,,,,
20200630,51.31584,,,,,,
20200701,49.9848,,,,,,
20200702,78.10656,,,,,,
20200703,68.5344,,,,,,
20200704,63.74832,,,,,,
20200705,96.03312,,,,,,
20200706,164.00112,,,,,,
20200707,179.09568,,,,,,
20200708,254.08704,,,,,,
20200709,,,,,,,
20200710,,,,,,,
20200711,,,,,,,
20200712,,,,,,,
20200713,,,,,,,
20200714,,,,,,,
20200715,,,,,,,
20200716,,,,,,,
20200717,,,,,,,
20200718,,,,,,,
20200719,,,,,,,
20200720,,,,,,,
20200721,,,,,,,
20200722,,,,,,,
20200723,154.00416,,,,,,
20200724,122.9088,,,,,,
20200725,90.53904,,,,,,
20200726,79.23936,,,,,,
20200727,85.78128,,,,,,
20200728,45.7368,,,,,,
20200729,65.7024,,,,,,
20200730,40.2144,,,,,,
20200731,45.00048,,,,,,
20200801,129.7056,,,,,,
20200802,102.06528,,,,,,
20200803,93.08784,,,,,,
20200804,143.18592,,,,,,
20200805,580.22016,,,,,,
20200806,,,,,,,
20200807,,,,,,,
20200808,,,,,,,
20200809,,,,,,,
20200810,,,,,,,
20200811,,,,,,,
20200812,,,,,,,
20200813,510.52464,,,,,,
20200814,382.82976,,,,,,
20200815,257.1456,,,,,,
20200816,266.32128,,,,,,
20200817,248.02656,,,,,,
20200818,495.62832,,,,,,
20200819,878.0616,,,,,,
20200820,423.1008,,,,,,
20200821,556.45968,,,,,,
20200822,201.83664,,,,,,
20200823,119.48208,,,,,,
20200824,124.06992,,,,,,
20200825,154.344,,,,,,
20200826,113.16672,,,,,,
20200827,81.1368,,,,,,
20200828,44.54736,,,,,,
20200829,45.312,,,,,,
20200830,49.61664,,,,,,
20200831,49.24848,,,,,,
20200901,79.06944,,,,,,
20200902,191.95296,,,,,,
20200903,255.55968,,,,,,
20200904,256.63584,,,,,,
20200905,237.01008,,,,,,
20200906,169.7784,,,,,,
20200907,119.48208,,,,,,
20200908,127.97808,,,,,,
20200909,191.38656,,,,,,
20200910,250.83024,,,,,,
20200911,168.504,,,,,,
20200912,173.12016,,,,,,
20200913,177.67968,,,,,,
20200914,212.71152,,,,,,
20200915,281.38752,,,,,,
20200916,246.63888,,,,,,
20200917,199.96752,,,,,,
20200918,200.02416,,,,,,
20200919,212.31504,,,,,,
20200920,284.1912,,,,,,
20200921,776.70432,,,,,,
20200922,1084.03296,,,,,,
20200923,908.44896,,,,,,
20200924,752.29248,,,,,,
20200925,372.09648,,,,,,
20200926,350.77152,,,,,,
20200927,309.6792,,,,,,
20200928,287.70288,,,,,,
20200929,241.9944,,,,,,
20200930,205.40496,,,,,,
20201001,187.11024,,,,,,
20201002,183.88176,,,,,,
20201003,188.4696,,,,,,
20201004,174.7344,,,,,,
20201005,174.7344,,,,,,
20201006,174.7344,,,,,,
20201007,176.1504,,,,,,
20201008,180.3984,,,,,,
20201009,229.73184,,,,,,
20201010,307.98,,,,,,
20201011,334.06272,,,,,,
20201012,247.54512,,,,,,
20201013,244.6848,,,,,,
20201014,243.9768,,,,,,
20201015,164.99232,,,,,,
20201016,86.74416,,,,,,
20201017,321.48864,,,,,,
20201018,347.57136,,,,,,
20201019,217.15776,,,,,,
20201020,191.07504,,,,,,
20201021,192.49104,,,,,,
20201022,193.90704,,,,,,
20201023,192.49104,,,,,,
20201024,191.07504,,,,,,
20201025,191.07504,,,,,,
20201026,164.99232,,,,,,
20201027,138.9096,,,,,,
20201028,156.09984,,,,,,
20201029,164.14272,,,,,,
20201030,109.23024,,,,,,
20201031,132.1128,,,,,,
20201101,109.23024,,,,,,
20201102,103.28304,,,,,,
20201103,139.87248,,,,,,
20201104,167.31456,,,,,,
20201105,149.01984,,,,,,
20201106,199.31616,,,,,,
20201107,222.19872,,,,,,
20201108,167.31456,,,,,,
20201109,126.13728,,,,,,
20201110,116.98992,,,,,,
20201111,94.61712,,,,,,
20201112,125.37264,,,,,,
20201113,111.94896,,,,,,
20201114,120.89808,,,,,,
20201115,107.10624,,,,,,
20201116,119.45376,,,,,,
20201117,132.90576,,,,,,
20201118,128.40288,,,,,,
20201119,106.03008,,,,,,
20201120,119.34048,,,,,,
20201121,97.02432,,,,,,
20201122,88.24512,,,,,,
20201123,74.11344,,,,,,
20201124,78.19152,,,,,,
20201125,82.72272,,,,,,
20201126,91.58688,,,,,,
20201127,83.00592,,,,,,
20201128,82.72272,,,,,,
20201129,90.42576,,,,,,
20201130,94.70208,,,,,,
20201201,94.81536,,,,,,
20201202,99.14832,,,,,,
20201203,94.95696,,,,,,
20201204,98.86512,,,,,,
20201205,98.10048,,,,,,
20201206,100.16784,,,,,,
20201207,105.09552,,,,,,
20201208,113.47824,,,,,,
20201209,101.83872,,,,,,
20201210,101.83872,,,,,,
20201211,100.42272,,,,,,
20201212,99.00672,,,,,,
20201213,90.53904,,,,,,
20201214,85.69632,,,,,,
20201215,71.6496,,,,,,
20201216,68.42112,,,,,,
20201217,,232.7515106,,,,,
20201218,,228.9524231,,,,,
20201219,,224.1612701,,,,,
20201220,,221.5626984,,,,,
20201221,,220.480957,,,,,
20201222,,220.7765656,,,,,
20201223,,218.4145966,,,,,
20201224,,216.2823639,,,,,
20201225,,215.2621918,,,,,
20201226,,215.6277008,,,,,
20201227,,213.043808,,,,,
20201228,,209.4828949,,,,,
20201229,,206.184967,,,,,
20201230,,198.9264221,,,,,
20201231,,191.3602753,,,,,
20210101,,194.9326172,,,,,
20210102,,196.4458008,,,,,
20210103,,189.8918152,,,,,
20210104,,188.2017059,,,,,
20210105,,183.1464691,,,,,
20210106,,187.5278168,,,,,
20210107,,186.9258728,,,,,
20210108,,178.8968811,,,,,
20210109,,171.3054504,,,,,
20210110,,169.013382,,,,,
20210111,,171.4117432,,,,,
20210112,,167.4272003,,,,,
20210113,,165.9855804,,,,,
20210114,,162.8962708,,,,,
20210115,,162.7122803,,,,,
,,,,,,,
,,,,,,,
,,,,,,,
,,,,,,,
