Date,Rainfall
20110101,0.103058916
20110102,0
20110103,0
20110104,0
20110105,0
20110106,0
20110107,0
20110108,0
20110109,0
20110110,0
20110111,0
20110112,0
20110113,0
20110114,0
20110115,0
20110116,0
20110117,0
20110118,0
20110119,0
20110120,0
20110121,0
20110122,0
20110123,0
20110124,0
20110125,0
20110126,0
20110127,0
20110128,0
20110129,0
20110130,0
20110131,0
20110201,0
20110202,0
20110203,0
20110204,0
20110205,0
20110206,0
20110207,0
20110208,0
20110209,0
20110210,0
20110211,0
20110212,0
20110213,0
20110214,0
20110215,0
20110216,0
20110217,0
20110218,0
20110219,0
20110220,0
20110221,0.89495746
20110222,0
20110223,0
20110224,0.421262053
20110225,4.059319139
20110226,0
20110227,0.311455804
20110228,0
20110301,0
20110302,0
20110303,0
20110304,0
20110305,0
20110306,0
20110307,0
20110308,0
20110309,0
20110310,0
20110311,0
20110312,0
20110313,0
20110314,0
20110315,0
20110316,0
20110317,0
20110318,0
20110319,0
20110320,0
20110321,0
20110322,0
20110323,0
20110324,0.697657948
20110325,0.013941218
20110326,7.73196059
20110327,0.523333548
20110328,2.309612574
20110329,0
20110330,0
20110331,0
20110401,0
20110402,0
20110403,0.697669546
20110404,0
20110405,0
20110406,0
20110407,0
20110408,0
20110409,0
20110410,2.527700625
20110411,5.714264856
20110412,0.839859164
20110413,0
20110414,1.219922673
20110415,4.361013858
20110416,2.103689844
20110417,3.766857541
20110418,0.039832052
20110419,3.210702069
20110420,7.955514828
20110421,12.97130831
20110422,29.87977767
20110423,12.04189903
20110424,10.23231774
20110425,0.814149824
20110426,11.25377677
20110427,0
20110428,0.030003129
20110429,7.560895298
20110430,0
20110501,3.889080793
20110502,0.687873194
20110503,0
20110504,1.229418207
20110505,0
20110506,0
20110507,0
20110508,0
20110509,0
20110510,0
20110511,0
20110512,2.318105994
20110513,0
20110514,0.626726058
20110515,5.746264547
20110516,4.456661912
20110517,0.06620231
20110518,24.99005218
20110519,0.286482919
20110520,6.412601079
20110521,0
20110522,0
20110523,0
20110524,6.770682926
20110525,6.449624461
20110526,5.056797326
20110527,4.591017554
20110528,0.402722185
20110529,0.849924415
20110530,0.075007811
20110531,9.218131522
20110601,0.465048492
20110602,8.915192048
20110603,15.185642
20110604,13.49156893
20110605,12.09921932
20110606,10.76992917
20110607,7.152270315
20110608,7.339666565
20110609,3.340448126
20110610,7.501154135
20110611,4.123232038
20110612,14.04437103
20110613,6.930424447
20110614,8.938570003
20110615,11.51143897
20110616,7.523045352
20110617,14.68125775
20110618,34.91664709
20110619,7.973647103
20110620,0.864861763
20110621,0.524849832
20110622,0.15751642
20110623,17.53014773
20110624,10.89098382
20110625,17.03893291
20110626,26.53403608
20110627,31.12698802
20110628,24.00490733
20110629,4.159443703
20110630,1.359818214
20110701,1.174875042
20110702,31.18805812
20110703,1.497772704
20110704,2.156197492
20110705,8.666937932
20110706,7.098893557
20110707,15.40903831
20110708,4.339367162
20110709,4.58668882
20110710,1.662235403
20110711,8.031547617
20110712,5.795050323
20110713,12.57557349
20110714,16.28032542
20110715,22.72083012
20110716,17.79673813
20110717,34.42433431
20110718,24.26657613
20110719,29.02901642
20110720,17.17593197
20110721,10.70423643
20110722,14.62380495
20110723,7.498583977
20110724,23.88478118
20110725,21.40918301
20110726,11.05374167
20110727,21.01268055
20110728,3.847067636
20110729,4.387979902
20110730,6.91708535
20110731,15.97221895
20110801,6.134727017
20110802,11.74931956
20110803,30.50789473
20110804,28.81129255
20110805,18.40968896
20110806,38.24196738
20110807,20.01674387
20110808,22.28357767
20110809,14.27352332
20110810,9.130745941
20110811,7.289098221
20110812,9.894836801
20110813,15.38541589
20110814,1.419767329
20110815,3.779366191
20110816,2.993881536
20110817,3.416260856
20110818,15.70881787
20110819,9.611727625
20110820,4.140588183
20110821,17.30671247
20110822,1.312294103
20110823,6.095830135
20110824,4.062810647
20110825,6.03954633
20110826,4.519226799
20110827,17.71393065
20110828,8.293977509
20110829,3.92494378
20110830,15.36103381
20110831,15.75444664
20110901,22.73076914
20110902,41.31331172
20110903,32.19137642
20110904,18.53922434
20110905,4.241708249
20110906,2.98485587
20110907,7.610364996
20110908,3.48856086
20110909,5.314987953
20110910,3.894945379
20110911,9.089680448
20110912,5.179547728
20110913,8.966465274
20110914,5.284218375
20110915,10.13647001
20110916,14.40349118
20110917,1.972172512
20110918,2.069540102
20110919,11.15515602
20110920,3.997668874
20110921,2.920364757
20110922,1.808108662
20110923,0.999837703
20110924,0.137411892
20110925,0
20110926,0
20110927,0.137411892
20110928,0.068705946
20110929,0
20110930,0
20111001,4.731448002
20111002,4.487271547
20111003,2.021057199
20111004,0.033523661
20111005,0
20111006,0
20111007,0.110337175
20111008,0.478916847
20111009,3.892075062
20111010,5.968335102
20111011,10.68264896
20111012,8.445481479
20111013,13.75450038
20111014,5.35663671
20111015,13.51146228
20111016,6.067182615
20111017,0.145378303
20111018,1.734723998
20111019,0.076206725
20111020,0
20111021,3.427524877
20111022,2.429758234
20111023,0
20111024,25.08336022
20111025,9.536039929
20111026,11.12457751
20111027,1.271043677
20111028,14.44682149
20111029,2.299793294
20111030,9.073916197
20111031,1.385408033
20111101,1.155815421
20111102,9.70368431
20111103,11.34150159
20111104,13.10704007
20111105,6.561539466
20111106,5.356278211
20111107,11.58529903
20111108,0.062506512
20111109,0
20111110,0
20111111,0
20111112,0
20111113,0
20111114,0
20111115,0
20111116,0
20111117,0
20111118,0
20111119,0
20111120,0
20111121,0
20111122,0
20111123,0
20111124,0
20111125,0
20111126,1.479852766
20111127,4.323507171
20111128,1.367881241
20111129,17.29251549
20111130,0.418537542
20111201,0.047504947
20111202,0
20111203,0
20111204,0
20111205,0.068705946
20111206,0
20111207,0
20111208,0
20111209,0
20111210,0
20111211,0
20111212,0
20111213,0
20111214,0
20111215,0
20111216,0
20111217,0
20111218,0
20111219,0
20111220,0
20111221,0
20111222,0
20111223,0
20111224,0
20111225,0
20111226,0
20111227,0
20111228,0
20111229,0
20111230,0
20111231,0.156356307
20120101,0
20120102,0
20120103,0
20120104,0
20120105,0
20120106,0
20120107,0
20120108,0
20120109,0
20120110,0
20120111,0
20120112,0
20120113,0
20120114,0
20120115,0
20120116,0
20120117,0
20120118,0
20120119,0
20120120,0
20120121,0
20120122,0
20120123,0
20120124,0
20120125,0
20120126,0
20120127,0
20120128,0
20120129,0
20120130,0
20120131,0
20120201,0
20120202,0
20120203,0
20120204,0
20120205,0
20120206,0
20120207,0
20120208,0
20120209,0
20120210,0
20120211,0.232041806
20120212,0
20120213,0
20120214,0
20120215,0
20120216,0
20120217,0
20120218,0
20120219,0
20120220,0
20120221,0
20120222,0
20120223,0
20120224,0
20120225,0
20120226,0
20120227,0
20120228,0
20120229,0
20120301,0
20120302,0
20120303,0
20120304,0
20120305,0
20120306,0
20120307,0
20120308,0
20120309,0
20120310,0
20120311,0
20120312,0
20120313,0
20120314,1.851427724
20120315,0
20120316,0
20120317,0.062380681
20120318,0
20120319,0
20120320,0
20120321,0
20120322,0
20120323,0
20120324,0
20120325,0
20120326,0
20120327,0
20120328,0
20120329,0.052783653
20120330,0
20120331,1.228520067
20120401,0
20120402,1.061591208
20120403,0
20120404,0.01860822
20120405,0
20120406,0
20120407,0
20120408,0
20120409,0
20120410,0
20120411,0
20120412,0
20120413,0
20120414,0
20120415,0
20120416,0.01860822
20120417,3.418020601
20120418,0
20120419,4.342687211
20120420,0
20120421,4.783017725
20120422,0.095970277
20120423,0.462725855
20120424,1.947762432
20120425,3.624367575
20120426,6.246509115
20120427,4.785698508
20120428,9.844590313
20120429,0.142417522
20120430,0.013956166
20120501,0.213626288
20120502,0.016282193
20120503,0.33065957
20120504,2.36682643
20120505,0
20120506,0
20120507,0
20120508,0
20120509,2.810767391
20120510,0
20120511,0.736154765
20120512,46.74658744
20120513,1.145141222
20120514,0
20120515,1.114748632
20120516,5.791827145
20120517,1.232156955
20120518,0
20120519,0
20120520,0
20120521,0
20120522,0.336460634
20120523,0
20120524,0
20120525,0.013956166
20120526,0
20120527,0
20120528,0
20120529,0
20120530,0.99692264
20120531,0
20120601,0
20120602,5.623896043
20120603,0.99692264
20120604,8.800725877
20120605,30.95720402
20120606,48.25805132
20120607,40.39619851
20120608,11.10120308
20120609,6.657221089
20120610,4.93906196
20120611,2.867194608
20120612,16.35290436
20120613,9.968916416
20120614,20.01067364
20120615,6.023857226
20120616,17.05817803
20120617,23.05392524
20120618,66.96087371
20120619,49.07883547
20120620,41.88333098
20120621,8.149530669
20120622,10.31931343
20120623,4.094134251
20120624,3.857887516
20120625,3.46991918
20120626,2.063457827
20120627,8.932709138
20120628,51.57831343
20120629,57.42513617
20120630,13.41450143
20120701,5.971574667
20120702,14.65472222
20120703,15.66239846
20120704,1.963274023
20120705,2.08288921
20120706,2.282324051
20120707,3.248259453
20120708,5.911616229
20120709,4.231808978
20120710,10.17360915
20120711,3.407108252
20120712,7.972090099
20120713,0.946246966
20120714,4.056202324
20120715,7.448509805
20120716,4.513240099
20120717,3.234459539
20120718,9.559234247
20120719,7.782564304
20120720,0.167211855
20120721,3.657619271
20120722,17.09917222
20120723,9.052497392
20120724,13.22167646
20120725,1.409315089
20120726,18.9259176
20120727,23.40610085
20120728,12.62279564
20120729,9.382188277
20120730,2.190297861
20120731,2.180499998
20120801,2.22373736
20120802,2.944144202
20120803,2.140021968
20120804,2.803896163
20120805,5.632087437
20120806,27.46732547
20120807,38.66458925
20120808,21.39272877
20120809,21.30789414
20120810,17.98117004
20120811,20.15134229
20120812,18.14542259
20120813,6.958669091
20120814,1.130603671
20120815,0.496148057
20120816,5.193085365
20120817,3.041524249
20120818,10.59192693
20120819,7.532539792
20120820,0.121180698
20120821,0.305031776
20120822,0
20120823,0
20120824,5.528331816
20120825,8.979485065
20120826,24.66453403
20120827,8.518309186
20120828,12.86622479
20120829,16.19296641
20120830,17.68518003
20120831,15.42305993
20120901,17.98774206
20120902,7.220668688
20120903,10.00062405
20120904,21.61159921
20120905,7.596874801
20120906,2.58874051
20120907,6.22331766
20120908,10.93064739
20120909,7.88485978
20120910,7.547271766
20120911,0.879863358
20120912,8.258264491
20120913,3.54982149
20120914,10.59310446
20120915,5.97086887
20120916,7.555012867
20120917,9.119265026
20120918,4.154475261
20120919,7.962923564
20120920,0.091000376
20120921,0
20120922,0.068705946
20120923,0.068705946
20120924,0
20120925,0.068705946
20120926,0
20120927,1.080160492
20120928,11.79366839
20120929,1.04993474
20120930,0.130978579
20121001,11.37924831
20121002,2.981147576
20121003,5.718811315
20121004,0.094806733
20121005,1.267633764
20121006,0
20121007,0.137498761
20121008,0.16460072
20121009,19.79689514
20121010,1.218650493
20121011,0
20121012,0.012240054
20121013,0.009792044
20121014,1.983982453
20121015,17.68405956
20121016,4.626167797
20121017,0.068705946
20121018,0.090009376
20121019,0
20121020,5.917806854
20121021,3.101101233
20121022,2.386330374
20121023,2.651772269
20121024,0
20121025,0
20121026,0.259647719
20121027,0
20121028,0
20121029,0
20121030,3.615097495
20121031,0.041409942
20121101,28.65248362
20121102,29.38605223
20121103,5.623970289
20121104,0.864725062
20121105,24.54001888
20121106,0.171590656
20121107,0
20121108,0
20121109,0.019798921
20121110,0
20121111,0
20121112,0
20121113,0.445046365
20121114,0
20121115,0
20121116,0
20121117,0
20121118,0
20121119,0
20121120,0
20121121,0
20121122,0
20121123,0.175018236
20121124,0.116500807
20121125,0
20121126,0
20121127,0
20121128,0
20121129,0
20121130,0
20121201,0
20121202,0
20121203,0
20121204,0.26494703
20121205,6.892410196
20121206,0.00659964
20121207,0
20121208,0
20121209,0
20121210,0
20121211,0
20121212,0
20121213,0
20121214,0
20121215,0
20121216,0
20121217,0
20121218,0
20121219,0
20121220,0
20121221,0
20121222,0
20121223,0
20121224,0
20121225,0
20121226,0
20121227,0
20121228,0
20121229,0
20121230,1.439639416
20121231,0
20130101,0.008571606
20130102,0
20130103,0
20130104,0
20130105,0
20130106,0
20130107,0
20130108,0
20130109,0
20130110,0
20130111,0
20130112,0
20130113,0
20130114,0
20130115,0
20130116,0
20130117,0
20130118,0
20130119,0
20130120,0
20130121,0
20130122,0
20130123,0
20130124,0
20130125,0
20130126,0
20130127,0
20130128,0
20130129,0
20130130,0
20130131,0
20130201,0
20130202,0
20130203,0
20130204,0
20130205,0
20130206,0
20130207,0
20130208,0.261710223
20130209,2.129073521
20130210,0.44677881
20130211,0
20130212,0
20130213,0
20130214,0
20130215,0.807753406
20130216,5.722235925
20130217,0.681046307
20130218,2.338519722
20130219,0
20130220,0.138347864
20130221,0
20130222,0
20130223,0
20130224,0
20130225,0
20130226,0
20130227,0
20130228,0
20130301,0
20130302,0
20130303,0
20130304,0
20130305,0
20130306,0
20130307,1.579709947
20130308,7.526693638
20130309,0
20130310,0.403286517
20130311,0.217872528
20130312,7.547199083
20130313,0
20130314,0.046115957
20130315,0
20130316,0
20130317,2.848146595
20130318,0
20130319,4.629692717
20130320,0
20130321,0
20130322,0
20130323,0
20130324,0
20130325,0
20130326,0
20130327,2.677399124
20130328,0
20130329,0.922319174
20130330,0
20130331,0.083912959
20130401,0
20130402,0.278597082
20130403,0.514540434
20130404,0.076317467
20130405,0
20130406,0.699914277
20130407,0
20130408,0
20130409,0
20130410,1.857303619
20130411,0
20130412,0
20130413,0
20130414,0
20130415,0
20130416,2.453712086
20130417,0
20130418,0
20130419,0
20130420,0
20130421,0
20130422,0
20130423,0
20130424,7.725063572
20130425,0.017051399
20130426,4.746118917
20130427,9.628712515
20130428,1.138151631
20130429,8.644772311
20130430,1.207056668
20130501,0
20130502,0
20130503,0
20130504,1.168302786
20130505,4.342845791
20130506,2.691059751
20130507,2.375445726
20130508,0
20130509,1.008150102
20130510,1.438577611
20130511,8.515701248
20130512,8.522595684
20130513,2.240870948
20130514,0
20130515,0
20130516,0
20130517,0
20130518,3.950953382
20130519,4.544280092
20130520,0
20130521,24.93813717
20130522,0.258061541
20130523,0
20130524,0.436021606
20130525,0
20130526,1.069256668
20130527,5.307930874
20130528,4.37579304
20130529,6.179449329
20130530,1.581209587
20130531,7.934604914
20130601,22.22284079
20130602,1.048762864
20130603,11.25538782
20130604,1.079084605
20130605,3.349879136
20130606,1.249643385
20130607,3.312890326
20130608,2.228512975
20130609,3.383053958
20130610,4.004549931
20130611,7.67182763
20130612,12.38482415
20130613,3.078274818
20130614,6.922708703
20130615,8.437896925
20130616,23.75635377
20130617,10.70279178
20130618,13.05343107
20130619,2.100776063
20130620,11.42610387
20130621,0.768715238
20130622,2.001958912
20130623,2.506193843
20130624,5.511717871
20130625,27.93074387
20130626,20.20378207
20130627,8.984524752
20130628,2.615855898
20130629,1.586059501
20130630,0
20130701,0.969427611
20130702,3.048642055
20130703,26.40941685
20130704,42.90102052
20130705,8.911284085
20130706,5.418545257
20130707,2.63257131
20130708,1.783697637
20130709,2.835021781
20130710,3.333341353
20130711,6.042716466
20130712,5.670265824
20130713,8.799913034
20130714,4.254962223
20130715,4.064645126
20130716,4.056508173
20130717,7.60328514
20130718,5.751727172
20130719,24.01870887
20130720,39.36782098
20130721,21.11925852
20130722,8.661501044
20130723,5.522912062
20130724,10.19895364
20130725,18.85288827
20130726,13.8685161
20130727,10.99022262
20130728,9.037886043
20130729,13.01355257
20130730,1.16534863
20130731,10.16753224
20130801,20.67589912
20130802,33.68981011
20130803,12.15323229
20130804,7.483920857
20130805,5.209921243
20130806,5.125512389
20130807,1.8592639
20130808,3.584724812
20130809,0.799610713
20130810,0.367877379
20130811,1.931736376
20130812,2.549701363
20130813,3.851141964
20130814,0.877706656
20130815,0.088656056
20130816,3.428694558
20130817,0.639434623
20130818,1.768887614
20130819,4.436643595
20130820,1.376408085
20130821,3.101242994
20130822,1.173140143
20130823,2.427139465
20130824,1.059996812
20130825,1.463373354
20130826,0.950318123
20130827,0.305715496
20130828,0.90328675
20130829,0.64123782
20130830,2.211374264
20130831,0.303408022
20130901,0.837355515
20130902,7.9214897
20130903,6.143731455
20130904,9.013343116
20130905,5.028148331
20130906,7.637439648
20130907,4.13039084
20130908,13.81566153
20130909,16.06387782
20130910,2.956688642
20130911,5.248772378
20130912,7.32572331
20130913,25.4852157
20130914,1.548728768
20130915,2.468280235
20130916,5.862291524
20130917,2.306546743
20130918,8.475248866
20130919,15.99468496
20130920,5.811726052
20130921,7.410177746
20130922,1.701849055
20130923,0.01542889
20130924,0.639180362
20130925,0.363678075
20130926,0.109406777
20130927,0
20130928,0
20130929,0
20130930,0.079151213
20131001,4.701474001
20131002,1.16427137
20131003,2.192160691
20131004,0.006831046
20131005,0
20131006,1.689965626
20131007,1.5522138
20131008,2.491477313
20131009,5.207238739
20131010,5.707297732
20131011,0.946527105
20131012,0.163223762
20131013,2.571222479
20131014,1.237164254
20131015,0.157109861
20131016,3.035521997
20131017,7.355524672
20131018,2.540478786
20131019,6.532805351
20131020,36.55696376
20131021,0.031101738
20131022,2.299472382
20131023,6.4416967
20131024,8.859301408
20131025,1.547945132
20131026,4.644231539
20131027,0.953753507
20131028,0
20131029,0
20131030,0.070211537
20131031,0
20131101,0
20131102,0.943059151
20131103,0.602295662
20131104,2.21728897
20131105,1.896257396
20131106,0
20131107,0
20131108,0
20131109,0
20131110,0
20131111,0
20131112,0
20131113,5.413622782
20131114,0
20131115,0
20131116,0
20131117,1.91687068
20131118,0.045061685
20131119,3.670151969
20131120,0
20131121,0
20131122,0
20131123,0
20131124,15.45239067
20131125,0.210355408
20131126,0.493597597
20131127,0.427275509
20131128,0
20131129,0
20131130,3.379967213
20131201,0
20131202,2.229413557
20131203,0
20131204,0
20131205,0
20131206,0
20131207,0
20131208,0
20131209,0
20131210,0
20131211,0
20131212,0
20131213,0
20131214,0
20131215,0
20131216,0
20131217,0
20131218,0
20131219,0
20131220,0
20131221,0
20131222,0
20131223,0
20131224,0
20131225,0
20131226,0
20131227,0
20131228,0
20131229,0
20131230,0
20131231,0
20140101,0
20140102,0
20140103,0
20140104,0
20140105,0
20140106,0
20140107,0
20140108,0
20140109,0
20140110,0
20140111,0
20140112,0
20140113,0
20140114,0
20140115,0
20140116,0
20140117,0.069640785
20140118,0
20140119,0
20140120,0
20140121,0
20140122,0
20140123,0
20140124,0
20140125,0
20140126,0
20140127,0
20140128,0
20140129,0
20140130,0
20140131,0
20140201,0
20140202,0
20140203,0
20140204,0
20140205,0
20140206,0
20140207,0
20140208,0
20140209,0
20140210,0
20140211,0
20140212,0
20140213,0
20140214,0
20140215,0
20140216,0
20140217,0
20140218,0
20140219,0
20140220,0
20140221,0
20140222,0.546995584
20140223,0
20140224,0
20140225,0
20140226,0.235383689
20140227,0
20140228,0.262093067
20140301,0
20140302,1.495291144
20140303,0.01088042
20140304,2.197794418
20140305,0.16080187
20140306,0.514671842
20140307,0.040646769
20140308,4.716357298
20140309,0.009648201
20140310,0.803550926
20140311,0
20140312,0
20140313,0
20140314,0
20140315,0
20140316,0
20140317,0
20140318,0
20140319,0
20140320,0
20140321,0
20140322,0
20140323,0.854775786
20140324,0.085842796
20140325,0
20140326,0
20140327,0
20140328,0
20140329,0
20140330,0
20140331,0
20140401,0
20140402,7.805371615
20140403,0.863478413
20140404,0
20140405,0
20140406,0
20140407,0
20140408,0
20140409,5.769573598
20140410,2.638725578
20140411,3.975443992
20140412,2.814302956
20140413,0.941736152
20140414,0.971020876
20140415,10.22890859
20140416,2.605019664
20140417,0.482133433
20140418,3.971938403
20140419,10.81973178
20140420,2.172531134
20140421,0.132279649
20140422,0
20140423,0
20140424,0
20140425,0
20140426,0.079374209
20140427,4.997776662
20140428,3.052004017
20140429,0.790058374
20140430,1.645836785
20140501,4.227664813
20140502,11.05079671
20140503,27.55684733
20140504,10.71918471
20140505,3.091767142
20140506,0.462003842
20140507,0.778521018
20140508,2.926918938
20140509,59.31640053
20140510,0.601025454
20140511,1.286799412
20140512,4.010041975
20140513,0
20140514,0
20140515,0
20140516,0.040646769
20140517,0
20140518,10.29573512
20140519,1.498041729
20140520,0.441516985
20140521,2.693784264
20140522,1.256703502
20140523,3.702052223
20140524,1.415097125
20140525,0
20140526,0
20140527,0.031423765
20140528,4.314292679
20140529,14.67587391
20140530,6.462266011
20140531,5.010384398
20140601,11.02603563
20140602,0
20140603,28.71478327
20140604,0
20140605,0.828442613
20140606,3.625019774
20140607,1.870720026
20140608,0.226765126
20140609,1.69511497
20140610,1.554286599
20140611,3.015755627
20140612,1.835753258
20140613,1.699822559
20140614,0.704360019
20140615,0.705437178
20140616,0.249338016
20140617,3.706722217
20140618,2.737442721
20140619,11.99120309
20140620,21.38531183
20140621,8.325548902
20140622,6.257251439
20140623,0.888051709
20140624,0.156653471
20140625,0.208905533
20140626,0.094091776
20140627,0
20140628,0.179393229
20140629,0.988207933
20140630,0.341206057
20140701,9.647391912
20140702,11.3427378
20140703,0.036000744
20140704,0.010285927
20140705,2.181704434
20140706,8.637037436
20140707,0.649732951
20140708,1.427229996
20140709,0.940936409
20140710,3.49831361
20140711,10.70765072
20140712,5.425436072
20140713,26.62587557
20140714,22.29129973
20140715,22.4809532
20140716,11.30067968
20140717,8.208560071
20140718,7.586427915
20140719,22.37269651
20140720,17.0683886
20140721,7.415284439
20140722,11.72328107
20140723,11.44820545
20140724,17.25789695
20140725,6.687848742
20140726,6.077884356
20140727,4.293416175
20140728,4.560580611
20140729,3.454751105
20140730,5.138901437
20140731,13.01460711
20140801,23.92931193
20140802,12.95042857
20140803,8.680397314
20140804,6.123837084
20140805,15.67370478
20140806,17.32092921
20140807,25.22885061
20140808,4.562487764
20140809,4.450036622
20140810,4.517310919
20140811,1.206173671
20140812,11.48041056
20140813,0.902133312
20140814,2.162294123
20140815,4.321335462
20140816,0.235320761
20140817,0.228464842
20140818,1.679348767
20140819,25.36516603
20140820,1.171858956
20140821,5.765264013
20140822,4.071702768
20140823,11.25559916
20140824,2.958363757
20140825,1.511430446
20140826,1.312112161
20140827,0.642725428
20140828,2.183073318
20140829,4.257672165
20140830,8.441102175
20140831,15.01759008
20140901,10.14001144
20140902,18.05696761
20140903,3.342840398
20140904,7.709636675
20140905,4.17542218
20140906,2.540897408
20140907,7.284115747
20140908,0.488459274
20140909,3.180217473
20140910,0.244185993
20140911,1.351490598
20140912,0
20140913,0.074915838
20140914,1.190555695
20140915,0.793202553
20140916,3.91316133
20140917,0.716194117
20140918,0.055865198
20140919,0.307900647
20140920,5.423264662
20140921,4.182628393
20140922,0
20140923,34.74808275
20140924,16.28246005
20140925,27.4430657
20140926,35.65736427
20140927,5.819619641
20140928,0.358104383
20140929,29.25107143
20140930,7.402551121
20141001,2.247130668
20141002,0
20141003,0
20141004,0.619423926
20141005,1.329362661
20141006,23.19590458
20141007,15.446252
20141008,11.57968479
20141009,9.596509755
20141010,4.473033416
20141011,5.223896017
20141012,3.637524083
20141013,6.307403583
20141014,0
20141015,0
20141016,1.766909962
20141017,0.361337307
20141018,5.517222727
20141019,4.165118093
20141020,3.913743767
20141021,4.295147002
20141022,2.713296045
20141023,2.939399671
20141024,4.691523017
20141025,5.256073687
20141026,10.20703362
20141027,10.8564906
20141028,13.78125008
20141029,1.097846609
20141030,0
20141031,0
20141101,0
20141102,0.077377789
20141103,1.182224274
20141104,0
20141105,0
20141106,0
20141107,0
20141108,0
20141109,0
20141110,0
20141111,0.050334077
20141112,2.798690355
20141113,0.140953143
20141114,1.131937537
20141115,3.641372514
20141116,0
20141117,0
20141118,0
20141119,0
20141120,0
20141121,0
20141122,0
20141123,0
20141124,0
20141125,0
20141126,0
20141127,0
20141128,0
20141129,0
20141130,0
20141201,0
20141202,0
20141203,0
20141204,0
20141205,0
20141206,0
20141207,0
20141208,0.373306529
20141209,0.584590107
20141210,0
20141211,16.4538216
20141212,0.251610198
20141213,0.380999841
20141214,5.410932248
20141215,0.090468479
20141216,2.414167261
20141217,0
20141218,0
20141219,0
20141220,0
20141221,0
20141222,0
20141223,0
20141224,0
20141225,0
20141226,0
20141227,0
20141228,0
20141229,0
20141230,0.071811281
20141231,0.036418155
20150101,0
20150102,0.113382563
20150103,0
20150104,0
20150105,0
20150106,0
20150107,0
20150108,0
20150109,0
20150110,0
20150111,0
20150112,0
20150113,0
20150114,0
20150115,0
20150116,0
20150117,0
20150118,0
20150119,0
20150120,0
20150121,1.248910651
20150122,0
20150123,0
20150124,0
20150125,0
20150126,0
20150127,0
20150128,0
20150129,0
20150130,0
20150131,0
20150201,0
20150202,0
20150203,0
20150204,0
20150205,0
20150206,0
20150207,0
20150208,0
20150209,0
20150210,0
20150211,0
20150212,0
20150213,0
20150214,0
20150215,0
20150216,0
20150217,0
20150218,0
20150219,0.092231914
20150220,0.737855315
20150221,0
20150222,0
20150223,0
20150224,0
20150225,0
20150226,0
20150227,0
20150228,0.033872306
20150301,0.274941246
20150302,0
20150303,0
20150304,1.577806994
20150305,0.136500455
20150306,0.823872805
20150307,6.585940053
20150308,1.366683165
20150309,1.8810071
20150310,0.054627232
20150311,0
20150312,0
20150313,0
20150314,0
20150315,3.687796608
20150316,3.220306138
20150317,0
20150318,0
20150319,0
20150320,0
20150321,0
20150322,0
20150323,0
20150324,0
20150325,0
20150326,0
20150327,0
20150328,0
20150329,0
20150330,0
20150331,0.205718537
20150401,4.388259731
20150402,2.695209935
20150403,0.664354481
20150404,0.941788174
20150405,0
20150406,0.468103257
20150407,0.996526523
20150408,4.111006665
20150409,0.167786047
20150410,0.044572348
20150411,3.670696037
20150412,3.533213777
20150413,12.89920457
20150414,2.693337521
20150415,0.414198498
20150416,0.734116137
20150417,3.649521907
20150418,0
20150419,0
20150420,0
20150421,0.091045395
20150422,6.693725313
20150423,0.029143463
20150424,4.97789127
20150425,6.863456726
20150426,6.558577453
20150427,11.07519296
20150428,0
20150429,1.253067397
20150430,8.461157272
20150501,6.442799067
20150502,2.901225593
20150503,17.2207464
20150504,0.264682844
20150505,6.025597245
20150506,4.122952901
20150507,3.378284089
20150508,0.843514435
20150509,1.192152617
20150510,0.023908662
20150511,8.892531385
20150512,2.523396383
20150513,18.12814018
20150514,11.68861224
20150515,10.77801333
20150516,9.932738577
20150517,14.77441174
20150518,8.095103002
20150519,3.713841786
20150520,17.99555311
20150521,0.735542743
20150522,0
20150523,0
20150524,0
20150525,0.27913487
20150526,0
20150527,0
20150528,8.237135405
20150529,0.029310996
20150530,17.74372725
20150531,0.007956166
20150601,11.29960022
20150602,7.690058076
20150603,14.09657708
20150604,4.004115564
20150605,11.63120083
20150606,0.985317498
20150607,0.458832502
20150608,2.562842958
20150609,1.534514129
20150610,6.262467998
20150611,0
20150612,0.69708501
20150613,2.662025804
20150614,4.146197432
20150615,1.445007649
20150616,4.46179201
20150617,2.243870586
20150618,3.260637508
20150619,6.60042611
20150620,15.80967641
20150621,23.82741944
20150622,42.86058923
20150623,21.49532008
20150624,35.5277317
20150625,16.46322622
20150626,44.00614397
20150627,24.38830786
20150628,1.689461187
20150629,0.652692096
20150630,2.367028425
20150701,0.982896863
20150702,0.215364241
20150703,4.859041775
20150704,1.392429117
20150705,0.204971589
20150706,0
20150707,0.013168432
20150708,2.15516982
20150709,4.699937123
20150710,2.437704276
20150711,2.860752831
20150712,2.138315875
20150713,4.015396208
20150714,1.057918305
20150715,2.783037953
20150716,1.173507612
20150717,2.386683057
20150718,11.42806644
20150719,8.162147783
20150720,14.82335218
20150721,2.274092659
20150722,1.811401892
20150723,4.391630337
20150724,5.752133302
20150725,1.710906084
20150726,4.078423264
20150727,3.326686107
20150728,3.271187808
20150729,0.254763474
20150730,0.040296419
20150731,0.633294481
20150801,3.084310555
20150802,4.194552648
20150803,1.267419338
20150804,1.5478729
20150805,2.795280152
20150806,4.432334968
20150807,8.616445767
20150808,3.55197767
20150809,2.016003129
20150810,2.945840122
20150811,2.561273408
20150812,2.171987282
20150813,2.866222166
20150814,1.797166756
20150815,0.896030566
20150816,8.856403788
20150817,6.361121873
20150818,9.591832682
20150819,21.12625078
20150820,1.639835497
20150821,0.966592879
20150822,8.662407475
20150823,16.33995843
20150824,4.210002119
20150825,2.375846386
20150826,0
20150827,1.458787029
20150828,4.279357847
20150829,0
20150830,0.458695764
20150831,0.609234151
20150901,0.140851256
20150902,0.162541099
20150903,0.543524414
20150904,1.172371303
20150905,2.228964205
20150906,17.60430733
20150907,14.75966305
20150908,22.0082551
20150909,2.123979634
20150910,1.744849653
20150911,5.728846197
20150912,0.833306597
20150913,1.610555541
20150914,0.287634904
20150915,0.759987364
20150916,2.562961092
20150917,0.843260199
20150918,0.024000498
20150919,2.580438807
20150920,5.915954908
20150921,1.573534546
20150922,0.094485469
20150923,0
20150924,0.718904018
20150925,26.26849016
20150926,4.297462632
20150927,0.346701769
20150928,18.15569242
20150929,2.606300281
20150930,16.73239957
20151001,2.607651214
20151002,4.604262302
20151003,1.477468072
20151004,1.606371211
20151005,11.78938502
20151006,20.80668636
20151007,2.650178613
20151008,4.587290709
20151009,4.460666275
20151010,1.446815802
20151011,0.970987094
20151012,10.31002511
20151013,0.198537335
20151014,0
20151015,0
20151016,0
20151017,0
20151018,0
20151019,0
20151020,0
20151021,0.041881636
20151022,0
20151023,0
20151024,0
20151025,0
20151026,0
20151027,0
20151028,1.60159704
20151029,9.364346365
20151030,2.147887647
20151031,5.964788683
20151101,3.760364126
20151102,16.45691291
20151103,12.14490294
20151104,26.47098732
20151105,32.8085889
20151106,0
20151107,0.113832198
20151108,0
20151109,0.17887482
20151110,11.97246047
20151111,5.456395795
20151112,5.866912256
20151113,8.777169231
20151114,0.18463894
20151115,0
20151116,2.665208461
20151117,0.017572131
20151118,0.030192323
20151119,3.780543687
20151120,3.028577929
20151121,1.048064526
20151122,0.451516579
20151123,2.794646012
20151124,2.441734816
20151125,0.737603858
20151126,0
20151127,0
20151128,0
20151129,0
20151130,2.997523641
20151201,1.67590602
20151202,0.160774712
20151203,1.061050605
20151204,0.094574079
20151205,0
20151206,0
20151207,0
20151208,0
20151209,0
20151210,0
20151211,0
20151212,0.052025937
20151213,0.016647195
20151214,0
20151215,0.60621318
20151216,0.176150218
20151217,0
20151218,0
20151219,0
20151220,0
20151221,0
20151222,0
20151223,0
20151224,0
20151225,0
20151226,0
20151227,0
20151228,0
20151229,0
20151230,0
20151231,0
20160101,0
20160102,0
20160103,0
20160104,0
20160105,0
20160106,0
20160107,0
20160108,0
20160109,0
20160110,0
20160111,0
20160112,0
20160113,0
20160114,0
20160115,0
20160116,0
20160117,0
20160118,0
20160119,0.158192308
20160120,1.438419757
20160121,0.188943521
20160122,0.039636973
20160123,0
20160124,0
20160125,0
20160126,0.273604602
20160127,0
20160128,0
20160129,0
20160130,0
20160131,0
20160201,0
20160202,0
20160203,0
20160204,0
20160205,0
20160206,0
20160207,0
20160208,0
20160209,0
20160210,0
20160211,0.595423295
20160212,0.501891086
20160213,0.01564043
20160214,0
20160215,0
20160216,0
20160217,0
20160218,0
20160219,0
20160220,0
20160221,0
20160222,0
20160223,0
20160224,0
20160225,0.720851094
20160226,0.613606623
20160227,0.026012968
20160228,0
20160229,0
20160301,0
20160302,0
20160303,0
20160304,0
20160305,0
20160306,0
20160307,0
20160308,0
20160309,0
20160310,0
20160311,0
20160312,0
20160313,0.391209096
20160314,2.192737758
20160315,0
20160316,0
20160317,0
20160318,0
20160319,1.164387067
20160320,0
20160321,0
20160322,0
20160323,0.065032423
20160324,0
20160325,0.151176751
20160326,0
20160327,0
20160328,0
20160329,0
20160330,0.292627394
20160331,0.128034762
20160401,0
20160402,0.274776809
20160403,0.184539358
20160404,0
20160405,0
20160406,1.267330527
20160407,0
20160408,0.48772501
20160409,0
20160410,0.418942869
20160411,2.126773834
20160412,0
20160413,6.462152834
20160414,0
20160415,0.493752134
20160416,0.917149331
20160417,0.561498754
20160418,0.752726421
20160419,0
20160420,0
20160421,0
20160422,0.390189573
20160423,0
20160424,0
20160425,0
20160426,2.476151834
20160427,0
20160428,0.263853371
20160429,0
20160430,0
20160501,0
20160502,0
20160503,2.882959321
20160504,1.844784465
20160505,1.012839332
20160506,9.363052676
20160507,6.803117851
20160508,4.398586392
20160509,7.03773125
20160510,0
20160511,15.49253252
20160512,0.364906443
20160513,14.15666384
20160514,0.044828739
20160515,7.772299836
20160516,6.275887276
20160517,0.864271649
20160518,0.252193915
20160519,0.160591379
20160520,0.532874761
20160521,1.321943715
20160522,0
20160523,0
20160524,0
20160525,0.246332628
20160526,0.17056502
20160527,0.5394439
20160528,3.340757827
20160529,4.794478723
20160530,1.448919443
20160531,5.008937721
20160601,6.427174866
20160602,6.343079415
20160603,6.960155378
20160604,5.03607133
20160605,2.937885412
20160606,6.892650859
20160607,2.960009351
20160608,1.408096361
20160609,18.92491847
20160610,6.416644458
20160611,8.652421782
20160612,0.729790579
20160613,2.709534686
20160614,4.099432466
20160615,1.883917093
20160616,0.882672568
20160617,1.041325599
20160618,3.721908207
20160619,5.968478352
20160620,3.411359781
20160621,1.452200244
20160622,1.179567914
20160623,6.849388003
20160624,1.91588585
20160625,2.149233855
20160626,2.988102928
20160627,8.82090215
20160628,12.10803904
20160629,52.03607772
20160630,22.84709482
20160701,9.579754586
20160702,12.32030983
20160703,8.998925348
20160704,5.123981804
20160705,17.08865047
20160706,3.381890279
20160707,12.13030336
20160708,3.210220849
20160709,4.252231543
20160710,13.27221442
20160711,9.156907368
20160712,2.511959743
20160713,8.057145034
20160714,1.818363143
20160715,2.610322632
20160716,4.893358836
20160717,3.597483486
20160718,3.282284642
20160719,3.524517822
20160720,0.99154223
20160721,5.806080331
20160722,5.027627796
20160723,1.663012018
20160724,2.406543642
20160725,0.702737042
20160726,1.724853034
20160727,13.9961999
20160728,9.690141842
20160729,22.63768526
20160730,3.022974158
20160731,8.540429225
20160801,1.577676009
20160802,4.652281954
20160803,7.33284363
20160804,2.303405902
20160805,6.584568029
20160806,2.805891223
20160807,4.172392913
20160808,2.816318855
20160809,1.645445794
20160810,2.571229141
20160811,0.75329348
20160812,0.513295655
20160813,3.355942289
20160814,4.016047228
20160815,1.428447649
20160816,1.555364159
20160817,1.343604803
20160818,3.441652408
20160819,1.66198066
20160820,0.63212948
20160821,0
20160822,1.302491888
20160823,1.392769651
20160824,2.178813311
20160825,1.167196621
20160826,3.402744398
20160827,3.438474985
20160828,4.748089542
20160829,0.613788063
20160830,5.547751248
20160831,11.41650194
20160901,4.056560675
20160902,2.702770722
20160903,1.982538982
20160904,0.904737259
20160905,0.045563247
20160906,0.060444631
20160907,1.381370638
20160908,0.710366995
20160909,0.199164161
20160910,0.687464088
20160911,0.634033889
20160912,0.57046916
20160913,0.681799243
20160914,2.906940279
20160915,2.36320791
20160916,2.573022957
20160917,2.625148225
20160918,0.158096145
20160919,0.400768593
20160920,0.294971405
20160921,0.303248107
20160922,2.05532743
20160923,0.776169018
20160924,4.027083288
20160925,1.768169637
20160926,1.643176945
20160927,3.499860913
20160928,0.116106053
20160929,9.541417653
20160930,3.940619597
20161001,1.075309038
20161002,0
20161003,0
20161004,0
20161005,0.060117958
20161006,0
20161007,0
20161008,0
20161009,0.607602179
20161010,0
20161011,0
20161012,2.644299229
20161013,7.057927211
20161014,3.475246096
20161015,2.079164743
20161016,0
20161017,0
20161018,0
20161019,0
20161020,0
20161021,0
20161022,0
20161023,0
20161024,0
20161025,0
20161026,0
20161027,0
20161028,0
20161029,0
20161030,0
20161031,3.055051491
20161101,13.43689694
20161102,2.94613043
20161103,0
20161104,0
20161105,0
20161106,0
20161107,0
20161108,0
20161109,0
20161110,0
20161111,0
20161112,0
20161113,0
20161114,0
20161115,1.05531466
20161116,0
20161117,0
20161118,0
20161119,0
20161120,0
20161121,0
20161122,0
20161123,0
20161124,0
20161125,0
20161126,0
20161127,0
20161128,0
20161129,0
20161130,0
20161201,0
20161202,0.465052545
20161203,2.337837771
20161204,1.56840267
20161205,0
20161206,0
20161207,0
20161208,0
20161209,0
20161210,0
20161211,0.229614478
20161212,0
20161213,13.34553472
20161214,22.53266933
20161215,2.500484624
20161216,0
20161217,0.016647195
20161218,0
20161219,0
20161220,0
20161221,0
20161222,0
20161223,0
20161224,0
20161225,0
20161226,0
20161227,0
20161228,0
20161229,0
20161230,0
20161231,0
20170101,0
20170102,0
20170103,0
20170104,0
20170105,0
20170106,0
20170107,0
20170108,0
20170109,0
20170110,0
20170111,0
20170112,0
20170113,0
20170114,0
20170115,0
20170116,0
20170117,0
20170118,0
20170119,0
20170120,0
20170121,0
20170122,0
20170123,0
20170124,0
20170125,0
20170126,0
20170127,0.589373419
20170128,22.39012313
20170129,0.65661481
20170130,0
20170131,0
20170201,0
20170202,0
20170203,0
20170204,0
20170205,0
20170206,0
20170207,0
20170208,0
20170209,0
20170210,0
20170211,0
20170212,0
20170213,0
20170214,0
20170215,0
20170216,0
20170217,0
20170218,0
20170219,0
20170220,0
20170221,0
20170222,0
20170223,0
20170224,0
20170225,0
20170226,0
20170227,0
20170228,0
20170301,0
20170302,0
20170303,0
20170304,0
20170305,0
20170306,0
20170307,3.103630126
20170308,0.718643308
20170309,0
20170310,0
20170311,0
20170312,0
20170313,0
20170314,0
20170315,3.946584553
20170316,10.33383713
20170317,0.007327815
20170318,0.86999098
20170319,0
20170320,0
20170321,0
20170322,1.749629353
20170323,0
20170324,0
20170325,0
20170326,0
20170327,0
20170328,0
20170329,0
20170330,0
20170331,0
20170401,0
20170402,0
20170403,0
20170404,0.067419695
20170405,3.555157283
20170406,4.118991251
20170407,16.13909553
20170408,0.502400888
20170409,1.350751914
20170410,3.67645361
20170411,6.643599543
20170412,2.385644231
20170413,0
20170414,0.104051873
20170415,0.187293366
20170416,0.878784275
20170417,11.87054418
20170418,4.323435618
20170419,2.459395811
20170420,1.32595829
20170421,11.56545298
20170422,1.193504457
20170423,0
20170424,0
20170425,0
20170426,1.561429553
20170427,0.239914685
20170428,2.199607346
20170429,2.485769872
20170430,16.85886442
20170501,0.184382041
20170502,5.419346894
20170503,3.080624878
20170504,5.131252361
20170505,0.177599378
20170506,0.126637846
20170507,4.780320845
20170508,15.27366652
20170509,0
20170510,2.539516022
20170511,18.95807698
20170512,3.297171075
20170513,0.313052401
20170514,0.124862254
20170515,10.50436605
20170516,0
20170517,2.72279477
20170518,1.582567506
20170519,25.82595857
20170520,0
20170521,11.13622427
20170522,0.047135646
20170523,6.059754249
20170524,24.30419042
20170525,0.581155709
20170526,0
20170527,27.47193182
20170528,7.156962668
20170529,0.699765902
20170530,1.022773862
20170531,3.157161812
20170601,0.218988001
20170602,1.564233705
20170603,2.355359903
20170604,2.515363294
20170605,7.172873511
20170606,1.079484401
20170607,4.890554211
20170608,0.199288502
20170609,0.516839254
20170610,1.299054724
20170611,7.074176101
20170612,12.9540153
20170613,6.674491788
20170614,7.667724313
20170615,3.268949776
20170616,1.85695361
20170617,3.659976648
20170618,1.062116296
20170619,0.364754319
20170620,0.367298807
20170621,4.640437982
20170622,1.764594369
20170623,1.765447115
20170624,2.449878333
20170625,6.236684156
20170626,16.63137461
20170627,16.56381681
20170628,15.60286849
20170629,9.351377577
20170630,6.398514538
20170701,2.51160455
20170702,3.232930508
20170703,3.804612994
20170704,2.539364478
20170705,1.43836751
20170706,1.435567076
20170707,1.627267039
20170708,0.389550541
20170709,1.063167363
20170710,1.02412341
20170711,0.568504132
20170712,1.955411838
20170713,1.403024736
20170714,5.744521072
20170715,2.469146028
20170716,3.400502553
20170717,4.945418778
20170718,8.451285509
20170719,17.82635966
20170720,58.17446555
20170721,7.241307823
20170722,4.601600949
20170723,1.670225417
20170724,1.321233908
20170725,1.586969068
20170726,1.111180495
20170727,1.052741061
20170728,4.832348532
20170729,1.77272888
20170730,4.881505132
20170731,7.628330354
20170801,1.103555648
20170802,0.598917405
20170803,0.351476063
20170804,7.62735637
20170805,5.951451189
20170806,3.340487129
20170807,3.15352617
20170808,1.651027376
20170809,0.07460587
20170810,5.445212801
20170811,0.38262105
20170812,8.492943312
20170813,0.008344492
20170814,0.057670395
20170815,8.299668034
20170816,15.83806594
20170817,5.161889551
20170818,6.872520303
20170819,9.626778948
20170820,5.473565626
20170821,9.726273569
20170822,13.82453322
20170823,1.342144862
20170824,6.095197
20170825,8.102887084
20170826,2.926742802
20170827,15.85938339
20170828,10.55755852
20170829,25.49809348
20170830,8.512841438
20170831,0.687705874
20170901,0.895043079
20170902,1.017536993
20170903,3.107419968
20170904,0.174795568
20170905,12.41702537
20170906,41.26256726
20170907,1.465512574
20170908,10.60523763
20170909,15.27539174
20170910,26.70037828
20170911,2.078581703
20170912,0.910143654
20170913,0
20170914,1.762244418
20170915,3.220287155
20170916,2.15583913
20170917,15.07509317
20170918,26.17405848
20170919,13.91265198
20170920,6.500913445
20170921,1.830577467
20170922,1.145290831
20170923,0.094485469
20170924,0
20170925,24.68079432
20170926,9.965225058
20170927,23.111806
20170928,24.40405508
20170929,13.27493989
20170930,0.997904189
20171001,1.295500842
20171002,9.290339266
20171003,0.562472093
20171004,0.851511724
20171005,6.330917398
20171006,18.5026147
20171007,8.611081555
20171008,0.065837767
20171009,1.564468
20171010,2.878216632
20171011,14.23920062
20171012,0.043502773
20171013,18.01518264
20171014,7.059300189
20171015,13.14882078
20171016,0.106897286
20171017,0.918639876
20171018,1.955747604
20171019,0.647663444
20171020,0
20171021,0
20171022,0
20171023,0
20171024,0
20171025,0
20171026,1.005339385
20171027,0.942472673
20171028,2.391981152
20171029,0
20171030,0
20171031,0
20171101,0
20171102,0.29617571
20171103,0
20171104,0
20171105,0.920133355
20171106,0.161154206
20171107,3.923459291
20171108,3.04713979
20171109,0
20171110,0
20171111,0
20171112,0
20171113,0
20171114,0
20171115,0.132279649
20171116,0
20171117,0.114666132
20171118,0
20171119,0.600148817
20171120,0
20171121,0
20171122,0
20171123,0
20171124,0
20171125,0
20171126,0
20171127,0
20171128,0
20171129,0
20171130,0
20171201,1.093023744
20171202,15.37531324
20171203,5.347680296
20171204,0.466105044
20171205,0.175561375
20171206,0.01612881
20171207,0
20171208,0
20171209,0
20171210,0
20171211,0
20171212,0
20171213,0.261879072
20171214,0.850759387
20171215,0
20171216,0
20171217,0
20171218,0
20171219,0
20171220,0
20171221,0
20171222,0
20171223,0
20171224,0
20171225,0
20171226,0
20171227,0
20171228,0
20171229,0
20171230,0
20171231,0
20180101,0
20180102,0
20180103,0
20180104,0
20180105,0
20180106,0
20180107,0
20180108,0
20180109,0
20180110,0
20180111,0
20180112,0
20180113,0
20180114,0
20180115,0
20180116,0
20180117,0
20180118,0
20180119,0
20180120,0
20180121,0
20180122,0
20180123,0
20180124,0
20180125,0
20180126,0
20180127,0
20180128,0
20180129,0
20180130,0
20180131,0
20180201,0
20180202,0
20180203,0
20180204,0
20180205,0
20180206,0
20180207,0
20180208,0.014615956
20180209,0
20180210,7.544256814
20180211,2.338925876
20180212,0
20180213,0
20180214,0
20180215,0
20180216,0
20180217,0
20180218,0
20180219,0
20180220,0
20180221,0
20180222,0
20180223,0
20180224,0
20180225,0
20180226,0
20180227,0
20180228,0
20180301,0
20180302,0
20180303,0
20180304,0
20180305,0
20180306,0
20180307,0
20180308,0
20180309,0
20180310,0
20180311,0
20180312,0
20180313,0
20180314,0.458835393
20180315,3.85016259
20180316,8.27415291
20180317,1.511291768
20180318,8.324456868
20180319,9.265428292
20180320,0.045749083
20180321,0
20180322,3.393617176
20180323,0
20180324,0
20180325,0.15264381
20180326,0
20180327,0
20180328,0
20180329,0
20180330,0.379827504
20180331,5.31058716
20180401,4.921664134
20180402,3.38250517
20180403,6.112843449
20180404,0.105140153
20180405,0.786266059
20180406,0
20180407,0
20180408,0.098758288
20180409,0
20180410,0
20180411,0.237842217
20180412,6.425464024
20180413,7.034963444
20180414,0.574300677
20180415,0.278175169
20180416,7.403666268
20180417,3.226692225
20180418,0
20180419,1.923745133
20180420,7.368675987
20180421,0.781873918
20180422,7.524452567
20180423,5.818561759
20180424,3.227546684
20180425,3.254118244
20180426,2.524647723
20180427,2.304759984
20180428,0
20180429,0
20180430,1.079799565
20180501,2.577970972
20180502,4.820124665
20180503,4.612678858
20180504,15.650802
20180505,0
20180506,0.012546894
20180507,0.502707779
20180508,1.335102677
20180509,15.86360117
20180510,0.647150389
20180511,19.89879763
20180512,11.07804143
20180513,3.891858434
20180514,7.489365935
20180515,8.639953653
20180516,6.453082577
20180517,0.200283438
20180518,0.04089655
20180519,3.14671672
20180520,17.80296723
20180521,12.70322319
20180522,13.72280043
20180523,0
20180524,15.26238004
20180525,9.63430359
20180526,39.61878916
20180527,9.980135056
20180528,12.08306326
20180529,6.561241483
20180530,37.51272549
20180531,3.531027963
20180601,0.8156555
20180602,11.69724014
20180603,9.375393828
20180604,4.530322318
20180605,18.78157913
20180606,10.6321698
20180607,3.560185344
20180608,15.57834884
20180609,21.53742325
20180610,26.37798347
20180611,12.41615456
20180612,20.64687748
20180613,28.69478801
20180614,23.43564384
20180615,17.37162121
20180616,8.864500638
20180617,1.570235123
20180618,12.27751301
20180619,3.0504674
20180620,4.768514998
20180621,7.022313062
20180622,3.779783263
20180623,1.029001864
20180624,2.500770305
20180625,1.695451136
20180626,1.594634801
20180627,16.08596106
20180628,2.054797189
20180629,10.96298644
20180630,1.108587912
20180701,3.656892826
20180702,3.099799454
20180703,5.950912904
20180704,0.771711487
20180705,1.887926221
20180706,1.674738884
20180707,33.36018237
20180708,24.88221077
20180709,48.86577208
20180710,14.38244532
20180711,42.18588806
20180712,29.7558744
20180713,23.01965803
20180714,19.68372606
20180715,6.245408602
20180716,12.18534093
20180717,18.10012129
20180718,6.045499569
20180719,6.750967875
20180720,9.424308856
20180721,12.09993207
20180722,16.6634621
20180723,5.997633128
20180724,6.318255239
20180725,13.09531092
20180726,6.080231812
20180727,1.896545807
20180728,1.628481558
20180729,4.142924621
20180730,1.239942908
20180731,3.499655837
20180801,2.975782243
20180802,0.765412095
20180803,4.580726862
20180804,4.404595179
20180805,3.234257994
20180806,1.065764945
20180807,8.239563848
20180808,14.14283199
20180809,29.9118846
20180810,5.19604223
20180811,3.765147485
20180812,9.315036873
20180813,30.43983209
20180814,25.96117095
20180815,31.88457675
20180816,93.05892179
20180817,11.26989204
20180818,6.805595183
20180819,9.227732445
20180820,7.230112905
20180821,7.372393219
20180822,4.445808065
20180823,4.066587787
20180824,2.634656781
20180825,0.687054463
20180826,0.271059446
20180827,6.425694499
20180828,8.473836869
20180829,9.58747088
20180830,5.779079027
20180831,8.23394456
20180901,1.186625623
20180902,3.358956249
20180903,2.579793109
20180904,0.045947514
20180905,0
20180906,0.046323728
20180907,0.960586369
20180908,0.80962656
20180909,0.596763885
20180910,0
20180911,7.052598308
20180912,7.451916203
20180913,0.178280063
20180914,0
20180915,2.881483453
20180916,1.595282894
20180917,2.411903496
20180918,3.972434024
20180919,0
20180920,0
20180921,9.135617321
20180922,0
20180923,0.142552268
20180924,20.78309631
20180925,4.45893812
20180926,27.17797367
20180927,7.184479708
20180928,8.43859761
20180929,15.05877437
20180930,5.201611832
20181001,3.882021998
20181002,19.85487851
20181003,0.033069852
20181004,6.044606894
20181005,6.454028944
20181006,11.78588256
20181007,5.333757242
20181008,0.110693424
20181009,18.51585451
20181010,17.71093977
20181011,0.045353513
20181012,0
20181013,0
20181014,0
20181015,16.90909286
20181016,6.380690237
20181017,20.92163638
20181018,9.673075726
20181019,7.850728144
20181020,5.438703279
20181021,1.70103108
20181022,0.190395981
20181023,0
20181024,0
20181025,0
20181026,0
20181027,0
20181028,0
20181029,0
20181030,0
20181031,0
20181101,0.009516766
20181102,0
20181103,1.570371062
20181104,3.355751907
20181105,1.053085784
20181106,0
20181107,0
20181108,0
20181109,0
20181110,0
20181111,0
20181112,0
20181113,0
20181114,0
20181115,0
20181116,0
20181117,0
20181118,0
20181119,2.290001892
20181120,3.626232953
20181121,0
20181122,0.104277194
20181123,0.912742441
20181124,3.789989376
20181125,1.262049796
20181126,0
20181127,0
20181128,0
20181129,0
20181130,0
20181201,0
20181202,0
20181203,0
20181204,0
20181205,1.936040676
20181206,0
20181207,0.370426126
20181208,0
20181209,0
20181210,0
20181211,0
20181212,0
20181213,0
20181214,0
20181215,0
20181216,0
20181217,0
20181218,0
20181219,0
20181220,0
20181221,0
20181222,0
20181223,0
20181224,0
20181225,0.551928699
20181226,0
20181227,0
20181228,1.584919874
20181229,0
20181230,0
20181231,0
20190101,0
20190102,0
20190103,0
20190104,0
20190105,0
20190106,0
20190107,0
20190108,0
20190109,0
20190110,0
20190111,0
20190112,0
20190113,0
20190114,0
20190115,0
20190116,0
20190117,0
20190118,0
20190119,0
20190120,0
20190121,0
20190122,0
20190123,0
20190124,0
20190125,0
20190126,0
20190127,0
20190128,0
20190129,0
20190130,0
20190131,0
20190201,0
20190202,0
20190203,0
20190204,0
20190205,0
20190206,0
20190207,0
20190208,0.634008497
20190209,0
20190210,0.700485826
20190211,2.321222479
20190212,0
20190213,0
20190214,0
20190215,0
20190216,0
20190217,0
20190218,0
20190219,0
20190220,0
20190221,0
20190222,0
20190223,0
20190224,0
20190225,0
20190226,0
20190227,0
20190228,0
20190301,0
20190302,0
20190303,0.177323781
20190304,0
20190305,0.517343476
20190306,0
20190307,0
20190308,0
20190309,0
20190310,0
20190311,0.080188639
20190312,0
20190313,0
20190314,0
20190315,0
20190316,0
20190317,0
20190318,0
20190319,0
20190320,0
20190321,1.924512386
20190322,0
20190323,0
20190324,0
20190325,0
20190326,0
20190327,0
20190328,0
20190329,0
20190330,0
20190331,2.058942616
20190401,0
20190402,0.147779085
20190403,0.60136921
20190404,0
20190405,0
20190406,0
20190407,0
20190408,0
20190409,3.056313889
20190410,1.269167095
20190411,1.63934959
20190412,8.110350229
20190413,0
20190414,0
20190415,0
20190416,0
20190417,0
20190418,11.5678306
20190419,14.04526582
20190420,4.654531044
20190421,5.152722762
20190422,0
20190423,1.563540767
20190424,7.493378473
20190425,0
20190426,0
20190427,0.24561708
20190428,1.738545589
20190429,0
20190430,13.03654936
20190501,15.16329066
20190502,0
20190503,0
20190504,0
20190505,0
20190506,0.02923584
20190507,10.49377621
20190508,2.016141971
20190509,7.619954879
20190510,0
20190511,0
20190512,6.775354082
20190513,4.651460003
20190514,2.805654157
20190515,0
20190516,3.040593584
20190517,7.259221519
20190518,9.697329999
20190519,0.397773211
20190520,0.208087571
20190521,1.042356815
20190522,1.731463194
20190523,2.085520208
20190524,7.266314149
20190525,13.04925582
20190526,8.710951433
20190527,2.421000592
20190528,0
20190529,6.180005292
20190530,0.02355149
20190531,14.65434434
20190601,19.39081359
20190602,0.098768167
20190603,2.98616337
20190604,0.196752787
20190605,0.041614667
20190606,30.31874208
20190607,1.69897849
20190608,0.823644768
20190609,0.051689785
20190610,1.597115132
20190611,6.685239436
20190612,12.32749439
20190613,11.03636175
20190614,14.64317694
20190615,6.036035637
20190616,0.495977392
20190617,0
20190618,0
20190619,1.789053757
20190620,1.73968601
20190621,1.202086881
20190622,8.760467094
20190623,4.224570518
20190624,5.736056067
20190625,0.888933013
20190626,4.653361318
20190627,0.999525428
20190628,1.430634081
20190629,1.112736866
20190630,4.285850742
20190701,2.984174988
20190702,2.541158297
20190703,10.44711978
20190704,6.608100418
20190705,9.806156402
20190706,22.33185838
20190707,16.88307808
20190708,9.315421288
20190709,3.751634312
20190710,11.50856826
20190711,6.756977832
20190712,2.544162359
20190713,1.561943051
20190714,2.084759797
20190715,4.04661255
20190716,3.482042635
20190717,6.538341423
20190718,4.259086896
20190719,2.618078385
20190720,8.635321892
20190721,8.237535781
20190722,8.92388134
20190723,12.86196546
20190724,3.219004475
20190725,4.656089358
20190726,7.854253615
20190727,1.906389406
20190728,0.976064209
20190729,1.421049307
20190730,2.702725554
20190731,2.856557315
20190801,0.213035783
20190802,1.882770874
20190803,7.340160295
20190804,20.69090339
20190805,14.61719516
20190806,33.31723968
20190807,65.1773384
20190808,82.00236938
20190809,97.60963472
20190810,75.24398164
20190811,27.37026803
20190812,3.131247491
20190813,4.472585252
20190814,2.676639958
20190815,11.7203911
20190816,2.003673259
20190817,18.03362101
20190818,3.591861133
20190819,4.28606765
20190820,13.57430222
20190821,8.136413932
20190822,6.837584265
20190823,1.026025864
20190824,6.490479887
20190825,2.70984235
20190826,1.785032221
20190827,12.07901381
20190828,4.805299245
20190829,2.861394115
20190830,3.318319569
20190831,1.532126159
20190901,6.180343606
20190902,9.177665446
20190903,4.175968858
20190904,12.6400656
20190905,35.35554159
20190906,12.36634322
20190907,6.789764275
20190908,13.14166592
20190909,16.82703223
20190910,2.461472845
20190911,6.380140362
20190912,1.556597034
20190913,2.445703255
20190914,0.730950482
20190915,2.440471554
20190916,0.459346006
20190917,1.120705952
20190918,5.823992738
20190919,0.068333597
20190920,0.955211106
20190921,3.396303962
20190922,0.427603513
20190923,25.54187008
20190924,20.80785447
20190925,7.81350406
20190926,8.39253741
20190927,0.511508074
20190928,3.113417121
20190929,0.320439989
20190930,0.354900628
20191001,0
20191002,14.07825841
20191003,9.109053557
20191004,0.300459556
20191005,5.560036798
20191006,5.273175516
20191007,4.689566684
20191008,13.66241441
20191009,4.950409636
20191010,0.46889567
20191011,5.423337438
20191012,5.047570288
20191013,1.435996138
20191014,17.63568791
20191015,0.726981208
20191016,32.6118778
20191017,4.921902113
20191018,8.094548136
20191019,11.62016149
20191020,6.3236278
20191021,13.53850108
20191022,39.11403763
20191023,5.518351535
20191024,7.374218887
20191025,10.24266871
20191026,12.80961315
20191027,3.768566078
20191028,5.643921601
20191029,0.973490663
20191030,6.058478356
20191031,3.63931639
20191101,5.328350269
20191102,0
20191103,0.186268638
20191104,0.029019853
20191105,0
20191106,0.158872023
20191107,7.751462519
20191108,2.403943592
20191109,28.08150175
20191110,0.486264409
20191111,0.880060906
20191112,0
20191113,0
20191114,0
20191115,0.559164365
20191116,0.97351206
20191117,0.997664974
20191118,0
20191119,0
20191120,0
20191121,1.279081725
20191122,0
20191123,0.102733779
20191124,0
20191125,0
20191126,0
20191127,0.051103907
20191128,0
20191129,0
20191130,0.163353898
20191201,0.260355618
20191202,18.0849257
20191203,2.927640565
20191204,0
20191205,0
20191206,0
20191207,0
20191208,0
20191209,0
20191210,0
20191211,0
20191212,0
20191213,0
20191214,0
20191215,0.62857433
20191216,0
20191217,0
20191218,0
20191219,0
20191220,0
20191221,0
20191222,0
20191223,0
20191224,0
20191225,0
20191226,0
20191227,0
20191228,0.725385487
20191229,0
20191230,0
20191231,0
20200101,0
20200102,0
20200103,0
20200104,0
20200105,0
20200106,0
20200107,0
20200108,0
20200109,0
20200110,0
20200111,0
20200112,0
20200113,0
20200114,0
20200115,0
20200116,0
20200117,0
20200118,0
20200119,0
20200120,0
20200121,0
20200122,0
20200123,0
20200124,0
20200125,0
20200126,0
20200127,0
20200128,0
20200129,0
20200130,0
20200131,0
20200201,0
20200202,0
20200203,0
20200204,0
20200205,0
20200206,0
20200207,0
20200208,0
20200209,0
20200210,0
20200211,0
20200212,0
20200213,0
20200214,0
20200215,0
20200216,0
20200217,0
20200218,0
20200219,0
20200220,0
20200221,0
20200222,0
20200223,0
20200224,0
20200225,0
20200226,0
20200227,0
20200228,0
20200229,0.742066145
20200301,0.896881854
20200302,4.008976294
20200303,3.008151171
20200304,0.196490036
20200305,0
20200306,0
20200307,0
20200308,0
20200309,0
20200310,0
20200311,0
20200312,0
20200313,0
20200314,0
20200315,0
20200316,0
20200317,0
20200318,0
20200319,0
20200320,0.257670136
20200321,0.865203873
20200322,0
20200323,0.425902843
20200324,0.97288349
20200325,2.872207246
20200326,0.78904891
20200327,0
20200328,0
20200329,0
20200330,0
20200331,0
20200401,0
20200402,0
20200403,0
20200404,0
20200405,0
20200406,4.727515874
20200407,11.99260497
20200408,1.164389849
20200409,5.800902724
20200410,9.064927265
20200411,2.233600823
20200412,0
20200413,0
20200414,0
20200415,0
20200416,0
20200417,0
20200418,0.174792577
20200419,2.117387923
20200420,0
20200421,0
20200422,0.202702165
20200423,5.094876365
20200424,14.67122693
20200425,0.692016973
20200426,3.250041922
20200427,5.413561281
20200428,1.05254273
20200429,8.075203409
20200430,0.29030927
20200501,0
20200502,5.951605243
20200503,9.683141922
20200504,3.768225673
20200505,0.577555145
20200506,3.175301991
20200507,0.099551795
20200508,11.66194886
20200509,0.953781659
20200510,0
20200511,0
20200512,1.117168903
20200513,0.852059603
20200514,8.681722045
20200515,10.00094265
20200516,15.09564703
20200517,0.958737373
20200518,20.92826307
20200519,2.101012543
20200520,0.766815311
20200521,0
20200522,1.280181361
20200523,2.846417998
20200524,2.194595759
20200525,13.2727018
20200526,7.351908768
20200527,6.162622799
20200528,6.917403489
20200529,2.18952848
20200530,21.09970311
20200531,2.663267174
20200601,0.55986997
20200602,1.548447381
20200603,7.521240024
20200604,15.86746937
20200605,3.305144317
20200606,1.206203278
20200607,9.234204163
20200608,8.564985566
20200609,2.743541688
20200610,2.486894668
20200611,6.865647193
20200612,4.454309256
20200613,0.759346581
20200614,11.62452476
20200615,3.766442169
20200616,3.946997253
20200617,4.848995928
20200618,14.34054513
20200619,2.045753822
20200620,0.954754698
20200621,0.911885215
20200622,10.58249464
20200623,0.786878407
20200624,1.506518284
20200625,3.688170612
20200626,4.522123158
20200627,4.197607895
20200628,1.178882525
20200629,8.884458452
20200630,15.77759671
20200701,0.869040481
20200702,1.782896948
20200703,7.92991347
20200704,14.9645939
20200705,5.541291758
20200706,12.61942522
20200707,10.82911918
20200708,9.857574147
20200709,12.17768303
20200710,4.608745262
20200711,0.152389258
20200712,2.698459432
20200713,1.335866598
20200714,5.641513076
20200715,1.942346741
20200716,16.19169458
20200717,20.38795737
20200718,11.58280852
20200719,3.685847528
20200720,18.86402257
20200721,7.21145844
20200722,0.381277369
20200723,0.289836004
20200724,8.805519909
20200725,1.111126661
20200726,0.605370795
20200727,1.750041083
20200728,3.415191384
20200729,5.720197804
20200730,16.14448646
20200731,2.487997052
20200801,6.174729829
20200802,4.285876925
20200803,16.75691706
20200804,32.32133786
20200805,44.58324403
20200806,47.63161881
20200807,55.62046404
20200808,36.11608473
20200809,20.28767236
20200810,8.717018747
20200811,5.96987174
20200812,10.09778437
20200813,0.436997859
20200814,0.768133019
20200815,10.92121575
20200816,7.951833087
20200817,5.511926369
20200818,9.320039839
20200819,2.577432983
20200820,0.465998594
20200821,2.611459408
20200822,1.167136957
20200823,3.731484534
20200824,2.02032292
20200825,1.67858371
20200826,0
20200827,0
20200828,0
20200829,0
20200830,0.031044446
20200831,0.102198267
20200901,13.93757196
20200902,19.76661921
20200903,23.3813194
20200904,3.650958205
20200905,6.421917925
20200906,1.344885096
20200907,14.82923144
20200908,5.428277173
20200909,1.579600404
20200910,16.73460928
20200911,4.615139304
20200912,10.00990325
20200913,9.89868778
20200914,7.678644449
20200915,0.663323608
20200916,3.059438661
20200917,2.018735939
20200918,6.616856041
20200919,6.118582107
20200920,21.0846417
20200921,26.06398225
20200922,19.67522696
20200923,2.109301304
20200924,3.186748486
20200925,0.213232045
20200926,1.771974195
20200927,0.861985531
20200928,0.46934997
20200929,1.307571387
20200930,3.646480774
20201001,2.367326139
20201002,0
20201003,2.797652895
20201004,0.886599722
20201005,0.413571235
20201006,3.491032496
20201007,13.29744178
20201008,5.431759025
20201009,5.258862574
20201010,15.19819252
20201011,10.39773741
20201012,5.02331309
20201013,7.766910017
20201014,7.660408343
20201015,11.72691521
20201016,4.28076508
20201017,0
20201018,0.604530532
20201019,8.500344455
20201020,3.107509989
20201021,11.01040426
20201022,9.098412069
20201023,8.91572653
20201024,10.91414169
20201025,0.354043106
20201026,0.431189679
20201027,0.097218916
20201028,0
20201029,0
20201030,0
20201031,0
20201101,0.449477357
20201102,0.294536777
20201103,4.65132363
20201104,0.735315144
20201105,1.520788462
20201106,15.81319345
20201107,0
20201108,0.056981774
20201109,0
20201110,0
20201111,0
20201112,0
20201113,0
20201114,3.956040005
20201115,0
20201116,0.956099747
20201117,2.683440417
20201118,0.061576034
20201119,0
20201120,0
20201121,0
20201122,0
20201123,0
20201124,0
20201125,0
20201126,0.368909669
20201127,0
20201128,1.291184902
20201129,0.042075288
20201130,0.04853532
20201201,0
20201202,0
20201203,0
20201204,0.153849281
20201205,0.228017896
20201206,1.109875217
20201207,0.310209893
20201208,2.135865825
20201209,6.853518113
20201210,0
20201211,0
20201212,0
20201213,0
20201214,0
20201215,0
20201216,0
20201217,0
20201218,0
20201219,0
20201220,0
20201221,0
20201222,0
20201223,0
20201224,0.441553175
20201225,0.027705586
20201226,0
20201227,0
20201228,0
20201229,0
20201230,0
20201231,0.025103869
,
