Date,Evapotranspiration,,
20110101,181500,,
20110102,134300,,
20110103,164400,,
20110104,172500,,
20110105,160100,,
20110106,157100,,
20110107,210700,,
20110108,143400,,
20110109,161800,,
20110110,164600,,
20110111,153200,,
20110112,166200,,
20110113,127700,,
20110114,181500,,
20110115,177400,,
20110116,147400,,
20110117,159800,,
20110118,151100,,
20110119,147000,,
20110120,167700,,
20110121,156500,,
20110122,176200,,
20110123,226300,,
20110124,169900,,
20110125,176900,,
20110126,153200,,
20110127,147500,,
20110128,196300,,
20110129,167100,,
20110130,168300,,
20110131,169500,,
20110201,201600,,
20110202,187200,,
20110203,175600,,
20110204,186800,,
20110205,196100,,
20110206,169400,,
20110207,195900,,
20110208,219900,,
20110209,182700,,
20110210,171700,,
20110211,195100,,
20110212,173500,,
20110213,191000,,
20110214,247800,,
20110215,182100,,
20110216,216500,,
20110217,202600,,
20110218,185500,,
20110219,176700,,
20110220,198300,,
20110221,85250,,
20110222,158900,,
20110223,153400,,
20110224,192800,,
20110225,85560,,
20110226,178300,,
20110227,191300,,
20110228,157900,,
20110301,174300,,
20110302,143800,,
20110303,183200,,
20110304,162100,,
20110305,150800,,
20110306,155200,,
20110307,151800,,
20110308,177700,,
20110309,167700,,
20110310,172300,,
20110311,124700,,
20110312,128700,,
20110313,149100,,
20110314,154500,,
20110315,147500,,
20110316,147300,,
20110317,135500,,
20110318,131000,,
20110319,135000,,
20110320,118400,,
20110321,137300,,
20110322,162300,,
20110323,119000,,
20110324,70000,,
20110325,40630,,
20110326,134800,,
20110327,35160,,
20110328,41440,,
20110329,81950,,
20110330,118100,,
20110331,83740,,
20110401,125500,,
20110402,130500,,
20110403,104900,,
20110404,112900,,
20110405,88410,,
20110406,105000,,
20110407,117400,,
20110408,77640,,
20110409,114300,,
20110410,25400,,
20110411,21670,,
20110412,36830,,
20110413,78900,,
20110414,28590,,
20110415,32300,,
20110416,19130,,
20110417,18890,,
20110418,28160,,
20110419,10860,,
20110420,18130,,
20110421,19780,,
20110422,13340,,
20110423,10860,,
20110424,11890,,
20110425,57820,,
20110426,20350,,
20110427,61540,,
20110428,56010,,
20110429,52890,,
20110430,47980,,
20110501,11340,,
20110502,4648,,
20110503,39610,,
20110504,29580,,
20110505,31650,,
20110506,28540,,
20110507,33180,,
20110508,35930,,
20110509,21500,,
20110510,27130,,
20110511,28520,,
20110512,3785,,
20110513,22620,,
20110514,6257,,
20110515,6845,,
20110516,6869,,
20110517,22250,,
20110518,9665,,
20110519,4803,,
20110520,11420,,
20110521,15420,,
20110522,14540,,
20110523,11690,,
20110524,5910,,
20110525,4123,,
20110526,2324,,
20110527,1371,,
20110528,128.5,,
20110529,1187,,
20110530,538.7,,
20110531,735.2,,
20110601,0,,
20110602,0,,
20110603,0,,
20110604,0,,
20110605,0,,
20110606,0,,
20110607,0,,
20110608,0,,
20110609,0,,
20110610,0,,
20110611,0,,
20110612,0,,
20110613,17.27,,
20110614,63.15,,
20110615,37.55,,
20110616,149.2,,
20110617,460.5,,
20110618,794.9,,
20110619,83.15,,
20110620,321.2,,
20110621,511.4,,
20110622,0,,
20110623,0,,
20110624,0,,
20110625,0,,
20110626,0,,
20110627,53.8,,
20110628,879.6,,
20110629,12.26,,
20110630,765.2,,
20110701,2023,,
20110702,1475,,
20110703,13620,,
20110704,9085,,
20110705,1236,,
20110706,12690,,
20110707,23430,,
20110708,17740,,
20110709,6804,,
20110710,3632,,
20110711,13660,,
20110712,8123,,
20110713,13080,,
20110714,15740,,
20110715,5586,,
20110716,35210,,
20110717,29540,,
20110718,18220,,
20110719,37380,,
20110720,36020,,
20110721,33950,,
20110722,44660,,
20110723,44450,,
20110724,51460,,
20110725,25140,,
20110726,26180,,
20110727,39070,,
20110728,47230,,
20110729,20210,,
20110730,23090,,
20110731,41530,,
20110801,52320,,
20110802,61720,,
20110803,47610,,
20110804,39920,,
20110805,41470,,
20110806,54770,,
20110807,59070,,
20110808,73280,,
20110809,29830,,
20110810,48910,,
20110811,46230,,
20110812,4501,,
20110813,59680,,
20110814,29670,,
20110815,23740,,
20110816,73340,,
20110817,67270,,
20110818,22630,,
20110819,46750,,
20110820,20680,,
20110821,1754,,
20110822,32040,,
20110823,11230,,
20110824,15410,,
20110825,36020,,
20110826,20190,,
20110827,51440,,
20110828,36520,,
20110829,33750,,
20110830,15080,,
20110831,5608,,
20110901,42480,,
20110902,38230,,
20110903,29110,,
20110904,32030,,
20110905,44870,,
20110906,32870,,
20110907,25510,,
20110908,10330,,
20110909,6080,,
20110910,26590,,
20110911,35610,,
20110912,40430,,
20110913,37150,,
20110914,21700,,
20110915,23250,,
20110916,32640,,
20110917,2406,,
20110918,8670,,
20110919,27670,,
20110920,22880,,
20110921,25140,,
20110922,18960,,
20110923,29830,,
20110924,41900,,
20110925,44900,,
20110926,44930,,
20110927,42180,,
20110928,47850,,
20110929,32120,,
20110930,44260,,
20111001,992,,
20111002,11300,,
20111003,11400,,
20111004,46120,,
20111005,40250,,
20111006,38180,,
20111007,35530,,
20111008,36780,,
20111009,13470,,
20111010,12820,,
20111011,13260,,
20111012,10850,,
20111013,11990,,
20111014,9800,,
20111015,8677,,
20111016,9409,,
20111017,26780,,
20111018,21030,,
20111019,49770,,
20111020,51010,,
20111021,10840,,
20111022,17730,,
20111023,44100,,
20111024,17650,,
20111025,16610,,
20111026,12180,,
20111027,16990,,
20111028,24550,,
20111029,26370,,
20111030,16100,,
20111031,14750,,
20111101,4717,,
20111102,15290,,
20111103,15080,,
20111104,2767,,
20111105,10610,,
20111106,20000,,
20111107,26410,,
20111108,40840,,
20111109,51930,,
20111110,47150,,
20111111,47820,,
20111112,45170,,
20111113,45540,,
20111114,40770,,
20111115,46750,,
20111116,44040,,
20111117,40560,,
20111118,32820,,
20111119,41630,,
20111120,39150,,
20111121,32800,,
20111122,37440,,
20111123,31610,,
20111124,30920,,
20111125,33750,,
20111126,7482,,
20111127,13160,,
20111128,7966,,
20111129,7910,,
20111130,29400,,
20111201,21740,,
20111202,24190,,
20111203,22990,,
20111204,24430,,
20111205,20480,,
20111206,21590,,
20111207,21690,,
20111208,16920,,
20111209,17310,,
20111210,17630,,
20111211,15510,,
20111212,13640,,
20111213,11200,,
20111214,9074,,
20111215,9656,,
20111216,7047,,
20111217,4751,,
20111218,2457,,
20111219,1072,,
20111220,0,,
20111221,0,,
20111222,0,,
20111223,0,,
20111224,0,,
20111225,0,,
20111226,0,,
20111227,0,,
20111228,0,,
20111229,0,,
20111230,0,,
20111231,1261,,
20120101,2193,,
20120102,0,,
20120103,1688,,
20120104,3034,,
20120105,4837,,
20120106,5975,,
20120107,6484,,
20120108,7500,,
20120109,9330,,
20120110,10670,,
20120111,12730,,
20120112,13670,,
20120113,14050,,
20120114,13450,,
20120115,16370,,
20120116,17520,,
20120117,16100,,
20120118,20170,,
20120119,19940,,
20120120,19890,,
20120121,18270,,
20120122,21530,,
20120123,20150,,
20120124,22730,,
20120125,26050,,
20120126,21140,,
20120127,23780,,
20120128,22110,,
20120129,23260,,
20120130,21940,,
20120131,20830,,
20120201,26360,,
20120202,30990,,
20120203,33040,,
20120204,32710,,
20120205,31650,,
20120206,25860,,
20120207,26900,,
20120208,30330,,
20120209,27510,,
20120210,25540,,
20120211,30950,,
20120212,34610,,
20120213,31660,,
20120214,27430,,
20120215,31080,,
20120216,28780,,
20120217,27050,,
20120218,29490,,
20120219,29300,,
20120220,27350,,
20120221,25390,,
20120222,36820,,
20120223,31360,,
20120224,30830,,
20120225,29120,,
20120226,32770,,
20120227,32730,,
20120228,28080,,
20120229,40210,,
20120301,31890,,
20120302,32470,,
20120303,27220,,
20120304,33510,,
20120305,32350,,
20120306,28430,,
20120307,27970,,
20120308,24320,,
20120309,27330,,
20120310,19420,,
20120311,22280,,
20120312,28070,,
20120313,23570,,
20120314,12860,,
20120315,27800,,
20120316,26250,,
20120317,18900,,
20120318,19150,,
20120319,10420,,
20120320,8383,,
20120321,2170,,
20120322,0,,
20120323,0,,
20120324,0,,
20120325,0,,
20120326,0,,
20120327,0,,
20120328,0,,
20120329,0,,
20120330,0,,
20120331,0,,
20120401,0,,
20120402,0,,
20120403,0,,
20120404,0,,
20120405,0,,
20120406,0,,
20120407,0,,
20120408,0,,
20120409,0,,
20120410,0,,
20120411,0,,
20120412,0,,
20120413,0,,
20120414,0,,
20120415,0,,
20120416,0,,
20120417,0,,
20120418,0,,
20120419,0,,
20120420,0,,
20120421,0,,
20120422,0,,
20120423,0,,
20120424,0,,
20120425,0,,
20120426,0,,
20120427,0,,
20120428,0,,
20120429,0,,
20120430,0,,
20120501,0,,
20120502,0,,
20120503,0,,
20120504,0,,
20120505,0,,
20120506,0,,
20120507,0,,
20120508,0,,
20120509,0,,
20120510,0,,
20120511,0,,
20120512,0,,
20120513,0,,
20120514,0,,
20120515,0,,
20120516,0,,
20120517,0,,
20120518,0,,
20120519,0,,
20120520,0,,
20120521,0,,
20120522,0,,
20120523,0,,
20120524,0,,
20120525,0,,
20120526,0,,
20120527,0,,
20120528,0,,
20120529,0,,
20120530,0,,
20120531,0,,
20120601,0,,
20120602,0,,
20120603,0,,
20120604,0,,
20120605,0,,
20120606,0,,
20120607,0,,
20120608,382.2,,
20120609,0,,
20120610,0,,
20120611,0,,
20120612,0,,
20120613,0,,
20120614,0,,
20120615,1119,,
20120616,104.3,,
20120617,781.9,,
20120618,778.1,,
20120619,4961,,
20120620,6358,,
20120621,21970,,
20120622,11760,,
20120623,23900,,
20120624,19810,,
20120625,15840,,
20120626,27940,,
20120627,8878,,
20120628,3774,,
20120629,4194,,
20120630,44750,,
20120701,17690,,
20120702,16870,,
20120703,13860,,
20120704,30400,,
20120705,26770,,
20120706,34510,,
20120707,32800,,
20120708,28700,,
20120709,22860,,
20120710,10580,,
20120711,26270,,
20120712,9344,,
20120713,10800,,
20120714,13510,,
20120715,9653,,
20120716,26000,,
20120717,21490,,
20120718,37050,,
20120719,35430,,
20120720,15470,,
20120721,5971,,
20120722,39200,,
20120723,31350,,
20120724,39550,,
20120725,24900,,
20120726,21710,,
20120727,42260,,
20120728,18880,,
20120729,55100,,
20120730,47890,,
20120731,48430,,
20120801,31820,,
20120802,36200,,
20120803,49550,,
20120804,21060,,
20120805,21220,,
20120806,16770,,
20120807,27570,,
20120808,29040,,
20120809,37750,,
20120810,39510,,
20120811,41210,,
20120812,15730,,
20120813,77320,,
20120814,48310,,
20120815,123500,,
20120816,32020,,
20120817,38100,,
20120818,33980,,
20120819,45630,,
20120820,56650,,
20120821,165200,,
20120822,143800,,
20120823,163700,,
20120824,58820,,
20120825,62310,,
20120826,79890,,
20120827,59960,,
20120828,33820,,
20120829,62700,,
20120830,85430,,
20120831,48490,,
20120901,105500,,
20120902,92520,,
20120903,119800,,
20120904,72570,,
20120905,99200,,
20120906,72750,,
20120907,65800,,
20120908,97860,,
20120909,82480,,
20120910,38620,,
20120911,63770,,
20120912,79750,,
20120913,93450,,
20120914,42190,,
20120915,60230,,
20120916,92100,,
20120917,114500,,
20120918,80020,,
20120919,60590,,
20120920,251800,,
20120921,196200,,
20120922,199600,,
20120923,216000,,
20120924,160100,,
20120925,158100,,
20120926,180500,,
20120927,140700,,
20120928,54950,,
20120929,42600,,
20120930,41410,,
20121001,49780,,
20121002,61750,,
20121003,29580,,
20121004,30220,,
20121005,16780,,
20121006,9204,,
20121007,6510,,
20121008,0,,
20121009,0,,
20121010,0,,
20121011,0,,
20121012,0,,
20121013,0,,
20121014,0,,
20121015,0,,
20121016,0,,
20121017,0,,
20121018,0,,
20121019,0,,
20121020,0,,
20121021,0,,
20121022,0,,
20121023,0,,
20121024,0,,
20121025,0,,
20121026,0,,
20121027,0,,
20121028,0,,
20121029,0,,
20121030,0,,
20121031,0,,
20121101,0,,
20121102,959.7,,
20121103,2331,,
20121104,2832,,
20121105,1707,,
20121106,957.8,,
20121107,403.2,,
20121108,0,,
20121109,0,,
20121110,0,,
20121111,0,,
20121112,0,,
20121113,0,,
20121114,0,,
20121115,0,,
20121116,0,,
20121117,0,,
20121118,0,,
20121119,0,,
20121120,0,,
20121121,0,,
20121122,0,,
20121123,0,,
20121124,0,,
20121125,0,,
20121126,0,,
20121127,0,,
20121128,0,,
20121129,0,,
20121130,0,,
20121201,0,,
20121202,0,,
20121203,0,,
20121204,0,,
20121205,0,,
20121206,0,,
20121207,0,,
20121208,0,,
20121209,0,,
20121210,0,,
20121211,0,,
20121212,0,,
20121213,0,,
20121214,0,,
20121215,0,,
20121216,0,,
20121217,0,,
20121218,0,,
20121219,0,,
20121220,0,,
20121221,0,,
20121222,0,,
20121223,0,,
20121224,0,,
20121225,0,,
20121226,0,,
20121227,0,,
20121228,0,,
20121229,0,,
20121230,0,,
20121231,0,,
20130101,0,,
20130102,0,,
20130103,0,,
20130104,0,,
20130105,0,,
20130106,0,,
20130107,0,,
20130108,0,,
20130109,0,,
20130110,0,,
20130111,0,,
20130112,0,,
20130113,0,,
20130114,0,,
20130115,0,,
20130116,0,,
20130117,0,,
20130118,0,,
20130119,0,,
20130120,0,,
20130121,0,,
20130122,0,,
20130123,0,,
20130124,0,,
20130125,0,,
20130126,0,,
20130127,0,,
20130128,0,,
20130129,0,,
20130130,0,,
20130131,0,,
20130201,0,,
20130202,0,,
20130203,0,,
20130204,0,,
20130205,0,,
20130206,0,,
20130207,0,,
20130208,0,,
20130209,0,,
20130210,0,,
20130211,0,,
20130212,0,,
20130213,0,,
20130214,0,,
20130215,0,,
20130216,0,,
20130217,0,,
20130218,0,,
20130219,0,,
20130220,0,,
20130221,0,,
20130222,0,,
20130223,0,,
20130224,0,,
20130225,0,,
20130226,0,,
20130227,0,,
20130228,0,,
20130301,0,,
20130302,0,,
20130303,0,,
20130304,0,,
20130305,0,,
20130306,0,,
20130307,0,,
20130308,0,,
20130309,1702,,
20130310,362.6,,
20130311,0,,
20130312,0,,
20130313,0,,
20130314,0,,
20130315,0,,
20130316,0,,
20130317,0,,
20130318,413.3,,
20130319,245.5,,
20130320,1978,,
20130321,2993,,
20130322,2907,,
20130323,3571,,
20130324,4093,,
20130325,3972,,
20130326,4959,,
20130327,1917,,
20130328,5852,,
20130329,4889,,
20130330,5905,,
20130331,5538,,
20130401,5781,,
20130402,6587,,
20130403,6882,,
20130404,2221,,
20130405,7219,,
20130406,8005,,
20130407,8013,,
20130408,8224,,
20130409,9144,,
20130410,2385,,
20130411,11300,,
20130412,8523,,
20130413,7479,,
20130414,8335,,
20130415,7633,,
20130416,8858,,
20130417,9261,,
20130418,10040,,
20130419,8454,,
20130420,8878,,
20130421,10280,,
20130422,9824,,
20130423,8123,,
20130424,3602,,
20130425,7774,,
20130426,3469,,
20130427,2367,,
20130428,3097,,
20130429,2583,,
20130430,3253,,
20130501,4469,,
20130502,4770,,
20130503,1984,,
20130504,2236,,
20130505,811.9,,
20130506,782.4,,
20130507,418,,
20130508,3371,,
20130509,1108,,
20130510,1216,,
20130511,815.6,,
20130512,1425,,
20130513,1406,,
20130514,3299,,
20130515,3034,,
20130516,2937,,
20130517,3456,,
20130518,850.6,,
20130519,608.4,,
20130520,3296,,
20130521,705.7,,
20130522,429.6,,
20130523,557.6,,
20130524,0,,
20130525,0,,
20130526,0,,
20130527,0,,
20130528,0,,
20130529,0,,
20130530,0,,
20130531,0,,
20130601,0,,
20130602,2088,,
20130603,9463,,
20130604,4036,,
20130605,7189,,
20130606,3429,,
20130607,2096,,
20130608,3174,,
20130609,1798,,
20130610,3634,,
20130611,5400,,
20130612,5014,,
20130613,4098,,
20130614,4655,,
20130615,5504,,
20130616,6399,,
20130617,6414,,
20130618,3339,,
20130619,7910,,
20130620,4094,,
20130621,7912,,
20130622,4892,,
20130623,6025,,
20130624,7424,,
20130625,4836,,
20130626,1583,,
20130627,2847,,
20130628,6481,,
20130629,8024,,
20130630,12800,,
20130701,12530,,
20130702,11270,,
20130703,8745,,
20130704,7342,,
20130705,22180,,
20130706,36030,,
20130707,25870,,
20130708,26460,,
20130709,45670,,
20130710,20050,,
20130711,35580,,
20130712,37190,,
20130713,30230,,
20130714,29020,,
20130715,31510,,
20130716,18880,,
20130717,27690,,
20130718,29940,,
20130719,59650,,
20130720,19210,,
20130721,37060,,
20130722,49140,,
20130723,31880,,
20130724,13580,,
20130725,39390,,
20130726,48180,,
20130727,61170,,
20130728,40670,,
20130729,29830,,
20130730,67130,,
20130731,38460,,
20130801,83330,,
20130802,12540,,
20130803,70180,,
20130804,88570,,
20130805,97510,,
20130806,50100,,
20130807,64260,,
20130808,76990,,
20130809,96370,,
20130810,271700,,
20130811,60200,,
20130812,67990,,
20130813,100100,,
20130814,67120,,
20130815,88980,,
20130816,142700,,
20130817,73930,,
20130818,86000,,
20130819,71530,,
20130820,96840,,
20130821,56040,,
20130822,51570,,
20130823,71810,,
20130824,89730,,
20130825,45100,,
20130826,32730,,
20130827,40140,,
20130828,192500,,
20130829,109600,,
20130830,55630,,
20130831,46640,,
20130901,83760,,
20130902,43730,,
20130903,74990,,
20130904,91330,,
20130905,34640,,
20130906,39930,,
20130907,73250,,
20130908,127500,,
20130909,62540,,
20130910,98730,,
20130911,63750,,
20130912,77700,,
20130913,100900,,
20130914,63900,,
20130915,63450,,
20130916,87970,,
20130917,78930,,
20130918,35900,,
20130919,56830,,
20130920,77610,,
20130921,105600,,
20130922,76790,,
20130923,198100,,
20130924,68330,,
20130925,64710,,
20130926,100900,,
20130927,101700,,
20130928,86530,,
20130929,214400,,
20130930,56050,,
20131001,66440,,
20131002,95660,,
20131003,62010,,
20131004,59710,,
20131005,156400,,
20131006,38900,,
20131007,47020,,
20131008,56170,,
20131009,72760,,
20131010,64150,,
20131011,130700,,
20131012,56530,,
20131013,115900,,
20131014,68670,,
20131015,57680,,
20131016,33780,,
20131017,24210,,
20131018,50630,,
20131019,28790,,
20131020,63900,,
20131021,124500,,
20131022,68520,,
20131023,56600,,
20131024,49140,,
20131025,38740,,
20131026,61800,,
20131027,28360,,
20131028,109600,,
20131029,58100,,
20131030,112100,,
20131031,118800,,
20131101,93450,,
20131102,41700,,
20131103,29130,,
20131104,36080,,
20131105,30850,,
20131106,84080,,
20131107,70360,,
20131108,68810,,
20131109,73320,,
20131110,73100,,
20131111,59110,,
20131112,57880,,
20131113,25210,,
20131114,63260,,
20131115,53780,,
20131116,52030,,
20131117,23020,,
20131118,50580,,
20131119,23940,,
20131120,49940,,
20131121,50610,,
20131122,48720,,
20131123,47710,,
20131124,19460,,
20131125,17410,,
20131126,45660,,
20131127,20280,,
20131128,38140,,
20131129,47890,,
20131130,38820,,
20131201,34050,,
20131202,15140,,
20131203,15520,,
20131204,36390,,
20131205,29580,,
20131206,32770,,
20131207,27330,,
20131208,25940,,
20131209,29560,,
20131210,22610,,
20131211,23550,,
20131212,20560,,
20131213,21350,,
20131214,21830,,
20131215,14370,,
20131216,11930,,
20131217,11830,,
20131218,8524,,
20131219,6522,,
20131220,3497,,
20131221,1507,,
20131222,0,,
20131223,0,,
20131224,0,,
20131225,0,,
20131226,0,,
20131227,0,,
20131228,0,,
20131229,0,,
20131230,0,,
20131231,0,,
20140101,0,,
20140102,0,,
20140103,0,,
20140104,0,,
20140105,0,,
20140106,0,,
20140107,0,,
20140108,0,,
20140109,0,,
20140110,0,,
20140111,0,,
20140112,0,,
20140113,0,,
20140114,0,,
20140115,0,,
20140116,0,,
20140117,0,,
20140118,0,,
20140119,0,,
20140120,0,,
20140121,0,,
20140122,0,,
20140123,0,,
20140124,0,,
20140125,0,,
20140126,0,,
20140127,0,,
20140128,0,,
20140129,0,,
20140130,0,,
20140131,0,,
20140201,0,,
20140202,0,,
20140203,0,,
20140204,0,,
20140205,0,,
20140206,0,,
20140207,0,,
20140208,0,,
20140209,0,,
20140210,0,,
20140211,0,,
20140212,0,,
20140213,0,,
20140214,0,,
20140215,0,,
20140216,0,,
20140217,0,,
20140218,0,,
20140219,0,,
20140220,0,,
20140221,0,,
20140222,0,,
20140223,0,,
20140224,0,,
20140225,0,,
20140226,0,,
20140227,0,,
20140228,0,,
20140301,0,,
20140302,0,,
20140303,0,,
20140304,0,,
20140305,0,,
20140306,0,,
20140307,0,,
20140308,0,,
20140309,0,,
20140310,0,,
20140311,0,,
20140312,0,,
20140313,0,,
20140314,0,,
20140315,0,,
20140316,0,,
20140317,0,,
20140318,0,,
20140319,0,,
20140320,0,,
20140321,0,,
20140322,0,,
20140323,0,,
20140324,0,,
20140325,0,,
20140326,0,,
20140327,0,,
20140328,0,,
20140329,0,,
20140330,0,,
20140331,0,,
20140401,0,,
20140402,0,,
20140403,0,,
20140404,0,,
20140405,0,,
20140406,0,,
20140407,0,,
20140408,0,,
20140409,0,,
20140410,0,,
20140411,0,,
20140412,0,,
20140413,0,,
20140414,0,,
20140415,0,,
20140416,0,,
20140417,0,,
20140418,0,,
20140419,0,,
20140420,6504,,
20140421,16750,,
20140422,16150,,
20140423,18280,,
20140424,18460,,
20140425,14700,,
20140426,2526,,
20140427,4704,,
20140428,5878,,
20140429,14020,,
20140430,3404,,
20140501,5637,,
20140502,5779,,
20140503,6185,,
20140504,3048,,
20140505,24990,,
20140506,7208,,
20140507,8999,,
20140508,5208,,
20140509,5789,,
20140510,23910,,
20140511,2047,,
20140512,49220,,
20140513,39090,,
20140514,41190,,
20140515,43300,,
20140516,46410,,
20140517,23860,,
20140518,13680,,
20140519,44940,,
20140520,12570,,
20140521,14590,,
20140522,12590,,
20140523,14900,,
20140524,40890,,
20140525,33960,,
20140526,50070,,
20140527,33950,,
20140528,18970,,
20140529,10050,,
20140530,13370,,
20140531,11380,,
20140601,11040,,
20140602,45410,,
20140603,16310,,
20140604,32700,,
20140605,14740,,
20140606,7040,,
20140607,3594,,
20140608,48840,,
20140609,1309,,
20140610,9484,,
20140611,12200,,
20140612,19930,,
20140613,20760,,
20140614,27330,,
20140615,15090,,
20140616,11470,,
20140617,20870,,
20140618,8923,,
20140619,13560,,
20140620,7825,,
20140621,6269,,
20140622,5834,,
20140623,15810,,
20140624,16400,,
20140625,33720,,
20140626,54200,,
20140627,53220,,
20140628,16300,,
20140629,33540,,
20140630,61560,,
20140701,39630,,
20140702,5085,,
20140703,50910,,
20140704,44000,,
20140705,1792,,
20140706,10830,,
20140707,45060,,
20140708,10590,,
20140709,16870,,
20140710,7846,,
20140711,15340,,
20140712,14520,,
20140713,14830,,
20140714,8345,,
20140715,18280,,
20140716,24060,,
20140717,29210,,
20140718,11020,,
20140719,8986,,
20140720,24410,,
20140721,27960,,
20140722,31130,,
20140723,40730,,
20140724,35120,,
20140725,17720,,
20140726,17880,,
20140727,41730,,
20140728,27550,,
20140729,65660,,
20140730,42480,,
20140731,52560,,
20140801,56400,,
20140802,43500,,
20140803,61150,,
20140804,29140,,
20140805,61640,,
20140806,59680,,
20140807,34840,,
20140808,32490,,
20140809,44890,,
20140810,78670,,
20140811,42080,,
20140812,53900,,
20140813,60600,,
20140814,123000,,
20140815,79090,,
20140816,166000,,
20140817,222700,,
20140818,25000,,
20140819,49130,,
20140820,89430,,
20140821,47190,,
20140822,58880,,
20140823,25080,,
20140824,189900,,
20140825,50900,,
20140826,54240,,
20140827,79750,,
20140828,27610,,
20140829,20590,,
20140830,39060,,
20140831,85850,,
20140901,58840,,
20140902,85900,,
20140903,50350,,
20140904,57910,,
20140905,74080,,
20140906,64670,,
20140907,52130,,
20140908,74600,,
20140909,91710,,
20140910,40370,,
20140911,190700,,
20140912,218400,,
20140913,40510,,
20140914,81050,,
20140915,85910,,
20140916,102000,,
20140917,32880,,
20140918,87860,,
20140919,71930,,
20140920,101400,,
20140921,34220,,
20140922,81740,,
20140923,72180,,
20140924,66330,,
20140925,70170,,
20140926,101000,,
20140927,52850,,
20140928,48770,,
20140929,113900,,
20140930,188400,,
20141001,59130,,
20141002,206300,,
20141003,217700,,
20141004,184100,,
20141005,165800,,
20141006,51770,,
20141007,86930,,
20141008,70480,,
20141009,109700,,
20141010,95140,,
20141011,81630,,
20141012,77770,,
20141013,82800,,
20141014,200000,,
20141015,166300,,
20141016,48290,,
20141017,62370,,
20141018,93090,,
20141019,99950,,
20141020,65610,,
20141021,56870,,
20141022,94220,,
20141023,63080,,
20141024,68120,,
20141025,61890,,
20141026,70080,,
20141027,53320,,
20141028,56710,,
20141029,163000,,
20141030,131100,,
20141031,145900,,
20141101,122400,,
20141102,116300,,
20141103,105600,,
20141104,113600,,
20141105,115500,,
20141106,122100,,
20141107,118500,,
20141108,106900,,
20141109,98320,,
20141110,106100,,
20141111,54430,,
20141112,71400,,
20141113,42610,,
20141114,35680,,
20141115,32380,,
20141116,98620,,
20141117,105500,,
20141118,108700,,
20141119,108800,,
20141120,103800,,
20141121,116100,,
20141122,102000,,
20141123,98170,,
20141124,92550,,
20141125,98460,,
20141126,107900,,
20141127,110000,,
20141128,89480,,
20141129,75850,,
20141130,93720,,
20141201,80910,,
20141202,68600,,
20141203,93600,,
20141204,83450,,
20141205,65240,,
20141206,64900,,
20141207,63760,,
20141208,75690,,
20141209,23420,,
20141210,69860,,
20141211,26710,,
20141212,25110,,
20141213,34240,,
20141214,34680,,
20141215,27650,,
20141216,23200,,
20141217,57520,,
20141218,59780,,
20141219,53070,,
20141220,47920,,
20141221,56850,,
20141222,50280,,
20141223,53300,,
20141224,48800,,
20141225,45420,,
20141226,45450,,
20141227,45280,,
20141228,39300,,
20141229,37290,,
20141230,34430,,
20141231,33920,,
20150101,30600,,
20150102,34050,,
20150103,35590,,
20150104,33850,,
20150105,37230,,
20150106,34240,,
20150107,33260,,
20150108,29000,,
20150109,33720,,
20150110,32270,,
20150111,35140,,
20150112,26990,,
20150113,33980,,
20150114,26400,,
20150115,32010,,
20150116,29290,,
20150117,23900,,
20150118,24700,,
20150119,20420,,
20150120,30000,,
20150121,22640,,
20150122,23010,,
20150123,25010,,
20150124,21250,,
20150125,22000,,
20150126,21970,,
20150127,24540,,
20150128,22980,,
20150129,19760,,
20150130,21030,,
20150131,21640,,
20150201,15210,,
20150202,15280,,
20150203,14620,,
20150204,14520,,
20150205,11160,,
20150206,9786,,
20150207,11460,,
20150208,8410,,
20150209,5589,,
20150210,5568,,
20150211,2958,,
20150212,1106,,
20150213,0,,
20150214,0,,
20150215,0,,
20150216,0,,
20150217,0,,
20150218,0,,
20150219,0,,
20150220,0,,
20150221,0,,
20150222,0,,
20150223,0,,
20150224,0,,
20150225,0,,
20150226,0,,
20150227,0,,
20150228,0,,
20150301,0,,
20150302,0,,
20150303,0,,
20150304,0,,
20150305,0,,
20150306,0,,
20150307,0,,
20150308,931.4,,
20150309,1383,,
20150310,1890,,
20150311,5671,,
20150312,5799,,
20150313,5829,,
20150314,6018,,
20150315,2313,,
20150316,3092,,
20150317,2810,,
20150318,6863,,
20150319,7910,,
20150320,8360,,
20150321,6618,,
20150322,7794,,
20150323,7276,,
20150324,7023,,
20150325,9598,,
20150326,9599,,
20150327,9556,,
20150328,8100,,
20150329,8841,,
20150330,8243,,
20150331,7692,,
20150401,4077,,
20150402,5400,,
20150403,4865,,
20150404,13360,,
20150405,15260,,
20150406,3956,,
20150407,3227,,
20150408,2398,,
20150409,3865,,
20150410,3798,,
20150411,4098,,
20150412,6334,,
20150413,4350,,
20150414,7140,,
20150415,33680,,
20150416,18960,,
20150417,7140,,
20150418,6430,,
20150419,21150,,
20150420,20080,,
20150421,22070,,
20150422,6817,,
20150423,10370,,
20150424,9853,,
20150425,11680,,
20150426,10140,,
20150427,4900,,
20150428,31900,,
20150429,11300,,
20150430,10510,,
20150501,11800,,
20150502,18290,,
20150503,9322,,
20150504,11240,,
20150505,2203,,
20150506,27370,,
20150507,7274,,
20150508,4053,,
20150509,10960,,
20150510,11520,,
20150511,26160,,
20150512,18250,,
20150513,12110,,
20150514,15870,,
20150515,10620,,
20150516,8210,,
20150517,15630,,
20150518,12390,,
20150519,17520,,
20150520,12940,,
20150521,11880,,
20150522,41110,,
20150523,41940,,
20150524,41420,,
20150525,37030,,
20150526,50490,,
20150527,38590,,
20150528,41970,,
20150529,52480,,
20150530,27060,,
20150531,59770,,
20150601,13290,,
20150602,25230,,
20150603,6248,,
20150604,21810,,
20150605,32470,,
20150606,22590,,
20150607,61230,,
20150608,13790,,
20150609,5228,,
20150610,11650,,
20150611,61770,,
20150612,18130,,
20150613,33600,,
20150614,18770,,
20150615,28290,,
20150616,26160,,
20150617,27990,,
20150618,24880,,
20150619,15900,,
20150620,18820,,
20150621,29200,,
20150622,35370,,
20150623,39630,,
20150624,30520,,
20150625,27840,,
20150626,17630,,
20150627,11690,,
20150628,35440,,
20150629,53670,,
20150630,51950,,
20150701,23950,,
20150702,206600,,
20150703,20730,,
20150704,167400,,
20150705,133600,,
20150706,120900,,
20150707,128400,,
20150708,12790,,
20150709,24940,,
20150710,20810,,
20150711,49720,,
20150712,78120,,
20150713,186100,,
20150714,152700,,
20150715,102300,,
20150716,72760,,
20150717,63680,,
20150718,102200,,
20150719,93960,,
20150720,51830,,
20150721,30770,,
20150722,84070,,
20150723,83610,,
20150724,53090,,
20150725,83570,,
20150726,103500,,
20150727,102500,,
20150728,9315,,
20150729,64950,,
20150730,152300,,
20150731,205600,,
20150801,63610,,
20150802,70180,,
20150803,116300,,
20150804,72360,,
20150805,63630,,
20150806,73230,,
20150807,52780,,
20150808,53510,,
20150809,22100,,
20150810,68780,,
20150811,57150,,
20150812,46640,,
20150813,22340,,
20150814,39680,,
20150815,82980,,
20150816,225300,,
20150817,23430,,
20150818,34370,,
20150819,44690,,
20150820,77010,,
20150821,104700,,
20150822,67440,,
20150823,11270,,
20150824,53870,,
20150825,180500,,
20150826,214600,,
20150827,46760,,
20150828,58880,,
20150829,222800,,
20150830,91720,,
20150831,77500,,
20150901,226100,,
20150902,218000,,
20150903,162300,,
20150904,39910,,
20150905,71030,,
20150906,84390,,
20150907,75740,,
20150908,57630,,
20150909,77710,,
20150910,55100,,
20150911,67030,,
20150912,58660,,
20150913,236200,,
20150914,102600,,
20150915,62520,,
20150916,68090,,
20150917,223200,,
20150918,99260,,
20150919,101300,,
20150920,206100,,
20150921,52210,,
20150922,69090,,
20150923,171700,,
20150924,213400,,
20150925,66130,,
20150926,251000,,
20150927,48120,,
20150928,81300,,
20150929,73960,,
20150930,63520,,
20151001,80490,,
20151002,69950,,
20151003,72770,,
20151004,54050,,
20151005,86400,,
20151006,115800,,
20151007,90450,,
20151008,74470,,
20151009,70020,,
20151010,49570,,
20151011,93960,,
20151012,61220,,
20151013,218800,,
20151014,187000,,
20151015,177200,,
20151016,177800,,
20151017,193800,,
20151018,177400,,
20151019,168600,,
20151020,168900,,
20151021,160600,,
20151022,170900,,
20151023,202400,,
20151024,201500,,
20151025,179000,,
20151026,216300,,
20151027,168800,,
20151028,181200,,
20151029,85800,,
20151030,72450,,
20151031,197900,,
20151101,151900,,
20151102,26680,,
20151103,49050,,
20151104,44790,,
20151105,63220,,
20151106,139000,,
20151107,157300,,
20151108,167100,,
20151109,138700,,
20151110,81080,,
20151111,54350,,
20151112,54120,,
20151113,48460,,
20151114,142700,,
20151115,102100,,
20151116,51560,,
20151117,113400,,
20151118,130200,,
20151119,50120,,
20151120,44090,,
20151121,57730,,
20151122,51280,,
20151123,43950,,
20151124,62310,,
20151125,34920,,
20151126,114900,,
20151127,92940,,
20151128,135300,,
20151129,115000,,
20151130,56400,,
20151201,48310,,
20151202,52880,,
20151203,21380,,
20151204,29090,,
20151205,110300,,
20151206,102300,,
20151207,110200,,
20151208,123800,,
20151209,124600,,
20151210,112400,,
20151211,113600,,
20151212,117300,,
20151213,133700,,
20151214,104600,,
20151215,50000,,
20151216,96040,,
20151217,98190,,
20151218,123600,,
20151219,93020,,
20151220,106300,,
20151221,116500,,
20151222,95810,,
20151223,102200,,
20151224,119100,,
20151225,123000,,
20151226,175600,,
20151227,145500,,
20151228,119600,,
20151229,110000,,
20151230,104900,,
20151231,127400,,
20160101,100400,,
20160102,110400,,
20160103,107100,,
20160104,104900,,
20160105,128600,,
20160106,116800,,
20160107,145000,,
20160108,117500,,
20160109,122500,,
20160110,124700,,
20160111,132900,,
20160112,114900,,
20160113,125800,,
20160114,101800,,
20160115,108500,,
20160116,101200,,
20160117,126000,,
20160118,124800,,
20160119,34280,,
20160120,47110,,
20160121,101100,,
20160122,107300,,
20160123,120800,,
20160124,115500,,
20160125,107800,,
20160126,94310,,
20160127,113300,,
20160128,107600,,
20160129,107500,,
20160130,119000,,
20160131,99330,,
20160201,133700,,
20160202,135100,,
20160203,141000,,
20160204,124400,,
20160205,117000,,
20160206,138100,,
20160207,159400,,
20160208,121500,,
20160209,121300,,
20160210,132100,,
20160211,145000,,
20160212,116400,,
20160213,131500,,
20160214,135300,,
20160215,119900,,
20160216,133200,,
20160217,116900,,
20160218,148900,,
20160219,138000,,
20160220,120800,,
20160221,109700,,
20160222,117000,,
20160223,147400,,
20160224,134200,,
20160225,37570,,
20160226,122000,,
20160227,113700,,
20160228,125600,,
20160229,147200,,
20160301,151500,,
20160302,139200,,
20160303,157400,,
20160304,120400,,
20160305,144000,,
20160306,120700,,
20160307,122300,,
20160308,125700,,
20160309,133200,,
20160310,125600,,
20160311,120600,,
20160312,162800,,
20160313,150300,,
20160314,135300,,
20160315,150700,,
20160316,134900,,
20160317,144500,,
20160318,126300,,
20160319,148400,,
20160320,116600,,
20160321,117900,,
20160322,152300,,
20160323,138000,,
20160324,129700,,
20160325,136500,,
20160326,151800,,
20160327,148200,,
20160328,140900,,
20160329,121500,,
20160330,154000,,
20160331,127700,,
20160401,71420,,
20160402,66310,,
20160403,117000,,
20160404,158000,,
20160405,125400,,
20160406,134800,,
20160407,134000,,
20160408,162800,,
20160409,53660,,
20160410,32630,,
20160411,35550,,
20160412,69980,,
20160413,67850,,
20160414,147900,,
20160415,148200,,
20160416,47340,,
20160417,68240,,
20160418,69150,,
20160419,122000,,
20160420,160700,,
20160421,53570,,
20160422,174900,,
20160423,190500,,
20160424,145200,,
20160425,160600,,
20160426,138500,,
20160427,130000,,
20160428,190700,,
20160429,134500,,
20160430,143100,,
20160501,10570,,
20160502,125100,,
20160503,5657,,
20160504,15240,,
20160505,39140,,
20160506,35940,,
20160507,73290,,
20160508,102700,,
20160509,69860,,
20160510,147800,,
20160511,35680,,
20160512,20100,,
20160513,46650,,
20160514,28150,,
20160515,38230,,
20160516,56130,,
20160517,121600,,
20160518,60250,,
20160519,131700,,
20160520,33100,,
20160521,112400,,
20160522,146300,,
20160523,137400,,
20160524,121500,,
20160525,130700,,
20160526,124200,,
20160527,122800,,
20160528,23900,,
20160529,62490,,
20160530,29350,,
20160531,16050,,
20160601,43790,,
20160602,35150,,
20160603,37640,,
20160604,23100,,
20160605,45060,,
20160606,25370,,
20160607,52160,,
20160608,24860,,
20160609,5526,,
20160610,5849,,
20160611,24280,,
20160612,36730,,
20160613,28910,,
20160614,23720,,
20160615,213200,,
20160616,18010,,
20160617,7868,,
20160618,23980,,
20160619,56840,,
20160620,141100,,
20160621,26010,,
20160622,30030,,
20160623,20630,,
20160624,66330,,
20160625,18210,,
20160626,6260,,
20160627,41220,,
20160628,43640,,
20160629,20670,,
20160630,50780,,
20160701,25050,,
20160702,3243,,
20160703,58430,,
20160704,56290,,
20160705,39300,,
20160706,28800,,
20160707,33350,,
20160708,30660,,
20160709,49350,,
20160710,29550,,
20160711,9505,,
20160712,45320,,
20160713,52070,,
20160714,43650,,
20160715,76570,,
20160716,58640,,
20160717,65440,,
20160718,195800,,
20160719,53930,,
20160720,138200,,
20160721,18130,,
20160722,78290,,
20160723,36370,,
20160724,64290,,
20160725,114500,,
20160726,119700,,
20160727,275400,,
20160728,43740,,
20160729,9691,,
20160730,43200,,
20160731,62200,,
20160801,97650,,
20160802,52140,,
20160803,63650,,
20160804,80080,,
20160805,46750,,
20160806,102400,,
20160807,25100,,
20160808,47850,,
20160809,12510,,
20160810,107800,,
20160811,82350,,
20160812,94150,,
20160813,130000,,
20160814,132600,,
20160815,237900,,
20160816,62160,,
20160817,39980,,
20160818,46790,,
20160819,91690,,
20160820,84990,,
20160821,219100,,
20160822,206800,,
20160823,101900,,
20160824,42010,,
20160825,218700,,
20160826,48970,,
20160827,76580,,
20160828,69860,,
20160829,104600,,
20160830,93050,,
20160831,63090,,
20160901,70580,,
20160902,113500,,
20160903,146200,,
20160904,29860,,
20160905,63070,,
20160906,64920,,
20160907,61730,,
20160908,60130,,
20160909,40020,,
20160910,55740,,
20160911,99520,,
20160912,92260,,
20160913,248000,,
20160914,54180,,
20160915,85480,,
20160916,46210,,
20160917,51000,,
20160918,49380,,
20160919,83840,,
20160920,105900,,
20160921,84120,,
20160922,104800,,
20160923,94320,,
20160924,77360,,
20160925,86290,,
20160926,79470,,
20160927,236600,,
20160928,202800,,
20160929,17760,,
20160930,24720,,
20161001,235800,,
20161002,249600,,
20161003,189500,,
20161004,208900,,
20161005,170100,,
20161006,168500,,
20161007,178200,,
20161008,207200,,
20161009,206000,,
20161010,207000,,
20161011,187000,,
20161012,59180,,
20161013,80600,,
20161014,77530,,
20161015,203400,,
20161016,201500,,
20161017,167400,,
20161018,186700,,
20161019,170500,,
20161020,181000,,
20161021,164100,,
20161022,174500,,
20161023,164200,,
20161024,158200,,
20161025,169200,,
20161026,180100,,
20161027,140900,,
20161028,149400,,
20161029,121800,,
20161030,149500,,
20161031,52270,,
20161101,52420,,
20161102,43120,,
20161103,108400,,
20161104,113000,,
20161105,94410,,
20161106,110800,,
20161107,108300,,
20161108,111200,,
20161109,108100,,
20161110,95770,,
20161111,93550,,
20161112,87570,,
20161113,94000,,
20161114,74100,,
20161115,14960,,
20161116,74560,,
20161117,69680,,
20161118,68140,,
20161119,76700,,
20161120,74760,,
20161121,76900,,
20161122,77190,,
20161123,77250,,
20161124,66780,,
20161125,63230,,
20161126,55630,,
20161127,56790,,
20161128,53880,,
20161129,57310,,
20161130,52870,,
20161201,40050,,
20161202,35260,,
20161203,20020,,
20161204,19330,,
20161205,53230,,
20161206,39520,,
20161207,48490,,
20161208,32130,,
20161209,31930,,
20161210,29860,,
20161211,33760,,
20161212,34850,,
20161213,7436,,
20161214,11080,,
20161215,6950,,
20161216,21100,,
20161217,23950,,
20161218,18740,,
20161219,21060,,
20161220,18560,,
20161221,19170,,
20161222,15550,,
20161223,14840,,
20161224,14880,,
20161225,10220,,
20161226,13760,,
20161227,10420,,
20161228,7967,,
20161229,7335,,
20161230,7237,,
20161231,5429,,
20170101,5368,,
20170102,4599,,
20170103,2857,,
20170104,1144,,
20170105,0,,
20170106,0,,
20170107,0,,
20170108,0,,
20170109,0,,
20170110,0,,
20170111,0,,
20170112,0,,
20170113,0,,
20170114,0,,
20170115,0,,
20170116,89.37,,
20170117,131.5,,
20170118,255.3,,
20170119,298.7,,
20170120,309.2,,
20170121,187.1,,
20170122,36.24,,
20170123,0,,
20170124,0,,
20170125,0,,
20170126,0,,
20170127,0,,
20170128,0,,
20170129,0,,
20170130,0,,
20170131,0,,
20170201,0,,
20170202,0,,
20170203,0,,
20170204,1.938,,
20170205,0,,
20170206,0,,
20170207,0,,
20170208,0,,
20170209,0,,
20170210,0,,
20170211,0,,
20170212,0,,
20170213,0,,
20170214,0,,
20170215,0,,
20170216,0,,
20170217,0,,
20170218,0,,
20170219,0,,
20170220,0,,
20170221,0,,
20170222,0,,
20170223,0,,
20170224,0,,
20170225,0,,
20170226,0,,
20170227,0,,
20170228,0,,
20170301,0,,
20170302,0,,
20170303,0,,
20170304,0,,
20170305,0,,
20170306,0,,
20170307,0,,
20170308,0,,
20170309,0,,
20170310,0,,
20170311,0,,
20170312,0,,
20170313,0,,
20170314,0,,
20170315,0,,
20170316,0,,
20170317,0,,
20170318,0,,
20170319,0,,
20170320,0,,
20170321,0,,
20170322,0,,
20170323,0,,
20170324,0,,
20170325,0,,
20170326,0,,
20170327,0,,
20170328,0,,
20170329,0,,
20170330,0,,
20170331,0,,
20170401,0,,
20170402,0,,
20170403,0,,
20170404,0,,
20170405,0,,
20170406,122.8,,
20170407,0,,
20170408,0,,
20170409,0,,
20170410,0,,
20170411,0,,
20170412,0,,
20170413,0,,
20170414,0,,
20170415,0,,
20170416,0,,
20170417,0,,
20170418,0,,
20170419,0,,
20170420,0,,
20170421,0,,
20170422,0,,
20170423,0,,
20170424,0,,
20170425,0,,
20170426,0,,
20170427,0,,
20170428,0,,
20170429,0,,
20170430,0,,
20170501,0,,
20170502,0,,
20170503,356.1,,
20170504,284.8,,
20170505,356.3,,
20170506,885.1,,
20170507,188.6,,
20170508,999.8,,
20170509,6608,,
20170510,3466,,
20170511,3427,,
20170512,2521,,
20170513,4742,,
20170514,4450,,
20170515,2203,,
20170516,7253,,
20170517,18370,,
20170518,5627,,
20170519,5033,,
20170520,6310,,
20170521,7052,,
20170522,17030,,
20170523,5909,,
20170524,4227,,
20170525,15800,,
20170526,19890,,
20170527,4126,,
20170528,8258,,
20170529,20920,,
20170530,20740,,
20170531,18540,,
20170601,28750,,
20170602,6912,,
20170603,10260,,
20170604,25730,,
20170605,24370,,
20170606,23350,,
20170607,9685,,
20170608,740.5,,
20170609,22.65,,
20170610,7767,,
20170611,14890,,
20170612,6725,,
20170613,6564,,
20170614,6037,,
20170615,10440,,
20170616,812.7,,
20170617,318.7,,
20170618,6088,,
20170619,2515,,
20170620,7379,,
20170621,6358,,
20170622,10540,,
20170623,11560,,
20170624,6516,,
20170625,7552,,
20170626,5598,,
20170627,3988,,
20170628,9367,,
20170629,11390,,
20170630,5413,,
20170701,13070,,
20170702,12040,,
20170703,9959,,
20170704,16130,,
20170705,2449,,
20170706,2463,,
20170707,5289,,
20170708,8076,,
20170709,9670,,
20170710,24390,,
20170711,11220,,
20170712,12090,,
20170713,10030,,
20170714,1403,,
20170715,3282,,
20170716,3671,,
20170717,9178,,
20170718,8057,,
20170719,6147,,
20170720,11890,,
20170721,25600,,
20170722,20290,,
20170723,13390,,
20170724,20850,,
20170725,23610,,
20170726,12210,,
20170727,17860,,
20170728,13480,,
20170729,17240,,
20170730,80700,,
20170731,67000,,
20170801,10120,,
20170802,17490,,
20170803,10650,,
20170804,18980,,
20170805,27700,,
20170806,18250,,
20170807,38190,,
20170808,32010,,
20170809,36850,,
20170810,58220,,
20170811,51660,,
20170812,24530,,
20170813,57530,,
20170814,70920,,
20170815,22110,,
20170816,28800,,
20170817,17880,,
20170818,23500,,
20170819,36270,,
20170820,38650,,
20170821,39300,,
20170822,29390,,
20170823,21980,,
20170824,17640,,
20170825,8731,,
20170826,20200,,
20170827,28970,,
20170828,32080,,
20170829,41400,,
20170830,47100,,
20170831,39440,,
20170901,101000,,
20170902,34760,,
20170903,42320,,
20170904,34270,,
20170905,61720,,
20170906,39350,,
20170907,26440,,
20170908,33260,,
20170909,41660,,
20170910,41690,,
20170911,40700,,
20170912,131900,,
20170913,132000,,
20170914,42690,,
20170915,14200,,
20170916,30890,,
20170917,23520,,
20170918,17530,,
20170919,1638,,
20170920,5430,,
20170921,3029,,
20170922,0,,
20170923,0,,
20170924,0,,
20170925,0,,
20170926,0,,
20170927,0,,
20170928,0,,
20170929,5918,,
20170930,10980,,
20171001,7113,,
20171002,9474,,
20171003,9784,,
20171004,10880,,
20171005,9845,,
20171006,8164,,
20171007,7123,,
20171008,5037,,
20171009,8683,,
20171010,8736,,
20171011,909,,
20171012,0,,
20171013,0,,
20171014,0,,
20171015,0,,
20171016,0,,
20171017,0,,
20171018,0,,
20171019,0,,
20171020,0,,
20171021,0,,
20171022,0,,
20171023,0,,
20171024,0,,
20171025,0,,
20171026,0,,
20171027,0,,
20171028,0,,
20171029,0,,
20171030,0,,
20171031,0,,
20171101,0,,
20171102,0,,
20171103,0,,
20171104,0,,
20171105,0,,
20171106,0,,
20171107,0,,
20171108,1450,,
20171109,3035,,
20171110,1268,,
20171111,0,,
20171112,0,,
20171113,0,,
20171114,0,,
20171115,0,,
20171116,0,,
20171117,0,,
20171118,0,,
20171119,0,,
20171120,0,,
20171121,0,,
20171122,0,,
20171123,0,,
20171124,0,,
20171125,0,,
20171126,0,,
20171127,0,,
20171128,0,,
20171129,0,,
20171130,0,,
20171201,0,,
20171202,0,,
20171203,0,,
20171204,0,,
20171205,0,,
20171206,0,,
20171207,0,,
20171208,0,,
20171209,0,,
20171210,0,,
20171211,0,,
20171212,0,,
20171213,0,,
20171214,0,,
20171215,0,,
20171216,0,,
20171217,0,,
20171218,0,,
20171219,0,,
20171220,0,,
20171221,0,,
20171222,0,,
20171223,0,,
20171224,0,,
20171225,0,,
20171226,0,,
20171227,0,,
20171228,0,,
20171229,0,,
20171230,0,,
20171231,0,,
20180101,0,,
20180102,0,,
20180103,0,,
20180104,0,,
20180105,0,,
20180106,0,,
20180107,0,,
20180108,0,,
20180109,0,,
20180110,0,,
20180111,0,,
20180112,0,,
20180113,0,,
20180114,0,,
20180115,0,,
20180116,0,,
20180117,0,,
20180118,0,,
20180119,0,,
20180120,0,,
20180121,0,,
20180122,0,,
20180123,0,,
20180124,0,,
20180125,0,,
20180126,0,,
20180127,0,,
20180128,0,,
20180129,0,,
20180130,0,,
20180131,0,,
20180201,0,,
20180202,0,,
20180203,0,,
20180204,0,,
20180205,0,,
20180206,0,,
20180207,0,,
20180208,0,,
20180209,0,,
20180210,0,,
20180211,4950,,
20180212,9039,,
20180213,8269,,
20180214,6982,,
20180215,4109,,
20180216,780.2,,
20180217,0,,
20180218,0,,
20180219,0,,
20180220,0,,
20180221,0,,
20180222,0,,
20180223,0,,
20180224,0,,
20180225,0,,
20180226,0,,
20180227,0,,
20180228,0,,
20180301,0,,
20180302,0,,
20180303,0,,
20180304,0,,
20180305,0,,
20180306,0,,
20180307,0,,
20180308,0,,
20180309,97.1,,
20180310,278.4,,
20180311,469.1,,
20180312,786.6,,
20180313,509.1,,
20180314,0,,
20180315,0,,
20180316,0,,
20180317,2149,,
20180318,1589,,
20180319,732,,
20180320,298.5,,
20180321,225.1,,
20180322,0,,
20180323,0,,
20180324,0,,
20180325,0,,
20180326,0,,
20180327,0,,
20180328,0,,
20180329,12.57,,
20180330,0,,
20180331,0,,
20180401,416.2,,
20180402,393.1,,
20180403,317.3,,
20180404,2895,,
20180405,2173,,
20180406,7333,,
20180407,7112,,
20180408,7555,,
20180409,6451,,
20180410,5159,,
20180411,6053,,
20180412,2760,,
20180413,2755,,
20180414,4375,,
20180415,1001,,
20180416,1758,,
20180417,2850,,
20180418,1335,,
20180419,729.4,,
20180420,516,,
20180421,2374,,
20180422,373.4,,
20180423,928.3,,
20180424,2479,,
20180425,4827,,
20180426,2176,,
20180427,5504,,
20180428,5511,,
20180429,4433,,
20180430,2616,,
20180501,1309,,
20180502,1590,,
20180503,339.5,,
20180504,0,,
20180505,0,,
20180506,0,,
20180507,0,,
20180508,0,,
20180509,0,,
20180510,1176,,
20180511,1593,,
20180512,7539,,
20180513,7493,,
20180514,8132,,
20180515,8610,,
20180516,5885,,
20180517,24820,,
20180518,11360,,
20180519,8817,,
20180520,15010,,
20180521,8956,,
20180522,16200,,
20180523,31610,,
20180524,10850,,
20180525,12430,,
20180526,18890,,
20180527,17460,,
20180528,12500,,
20180529,14460,,
20180530,29120,,
20180531,41730,,
20180601,42590,,
20180602,19050,,
20180603,40450,,
20180604,44240,,
20180605,42810,,
20180606,23710,,
20180607,21530,,
20180608,28120,,
20180609,42840,,
20180610,13910,,
20180611,20540,,
20180612,11690,,
20180613,22590,,
20180614,46650,,
20180615,70290,,
20180616,198100,,
20180617,43710,,
20180618,31530,,
20180619,77810,,
20180620,38410,,
20180621,45180,,
20180622,52380,,
20180623,47180,,
20180624,21350,,
20180625,7380,,
20180626,73340,,
20180627,36000,,
20180628,22890,,
20180629,61600,,
20180630,60590,,
20180701,198600,,
20180702,130000,,
20180703,18130,,
20180704,76790,,
20180705,112800,,
20180706,92370,,
20180707,66500,,
20180708,35790,,
20180709,71390,,
20180710,148800,,
20180711,112000,,
20180712,83710,,
20180713,6910,,
20180714,44520,,
20180715,105700,,
20180716,128300,,
20180717,95590,,
20180718,128400,,
20180719,67380,,
20180720,59910,,
20180721,52350,,
20180722,112600,,
20180723,62730,,
20180724,54380,,
20180725,60520,,
20180726,85410,,
20180727,35070,,
20180728,116900,,
20180729,17220,,
20180730,229200,,
20180731,51220,,
20180801,74070,,
20180802,84430,,
20180803,112800,,
20180804,77970,,
20180805,60210,,
20180806,77920,,
20180807,90720,,
20180808,89630,,
20180809,94940,,
20180810,20870,,
20180811,37130,,
20180812,64260,,
20180813,125100,,
20180814,59660,,
20180815,58830,,
20180816,67570,,
20180817,49730,,
20180818,91930,,
20180819,72090,,
20180820,97480,,
20180821,117900,,
20180822,79120,,
20180823,68050,,
20180824,115900,,
20180825,216100,,
20180826,74310,,
20180827,60810,,
20180828,74840,,
20180829,133700,,
20180830,26030,,
20180831,72870,,
20180901,71460,,
20180902,199100,,
20180903,105400,,
20180904,195100,,
20180905,146500,,
20180906,195800,,
20180907,240000,,
20180908,21050,,
20180909,62730,,
20180910,221400,,
20180911,117600,,
20180912,38510,,
20180913,224900,,
20180914,172000,,
20180915,44300,,
20180916,244800,,
20180917,75750,,
20180918,55460,,
20180919,236700,,
20180920,201400,,
20180921,72080,,
20180922,172700,,
20180923,257900,,
20180924,116000,,
20180925,84340,,
20180926,77150,,
20180927,79800,,
20180928,72270,,
20180929,107100,,
20180930,106100,,
20181001,120300,,
20181002,73530,,
20181003,66060,,
20181004,79390,,
20181005,86060,,
20181006,55600,,
20181007,57960,,
20181008,179400,,
20181009,66070,,
20181010,81250,,
20181011,146900,,
20181012,57230,,
20181013,42470,,
20181014,48210,,
20181015,21040,,
20181016,14620,,
20181017,12540,,
20181018,15340,,
20181019,14120,,
20181020,16520,,
20181021,35550,,
20181022,35690,,
20181023,33580,,
20181024,34430,,
20181025,30070,,
20181026,20500,,
20181027,19160,,
20181028,18780,,
20181029,18270,,
20181030,21520,,
20181031,20090,,
20181101,15910,,
20181102,15700,,
20181103,14270,,
20181104,2397,,
20181105,0,,
20181106,0,,
20181107,0,,
20181108,0,,
20181109,0,,
20181110,0,,
20181111,0,,
20181112,0,,
20181113,0,,
20181114,0,,
20181115,0,,
20181116,0,,
20181117,0,,
20181118,0,,
20181119,0,,
20181120,77.05,,
20181121,0,,
20181122,0,,
20181123,0,,
20181124,0,,
20181125,0,,
20181126,0,,
20181127,0,,
20181128,0,,
20181129,0,,
20181130,0,,
20181201,0,,
20181202,0,,
20181203,0,,
20181204,0,,
20181205,0,,
20181206,0,,
20181207,0,,
20181208,0,,
20181209,0,,
20181210,0,,
20181211,0,,
20181212,0,,
20181213,0,,
20181214,0,,
20181215,0,,
20181216,0,,
20181217,0,,
20181218,0,,
20181219,0,,
20181220,0,,
20181221,0,,
20181222,0,,
20181223,0,,
20181224,0,,
20181225,0,,
20181226,0,,
20181227,0,,
20181228,0,,
20181229,0,,
20181230,0,,
20181231,0,,
20190101,0,,
20190102,0,,
20190103,0,,
20190104,0,,
20190105,0,,
20190106,0,,
20190107,0,,
20190108,0,,
20190109,0,,
20190110,0,,
20190111,0,,
20190112,0,,
20190113,0,,
20190114,0,,
20190115,0,,
20190116,0,,
20190117,0,,
20190118,0,,
20190119,0,,
20190120,0,,
20190121,0,,
20190122,0,,
20190123,0,,
20190124,0,,
20190125,0,,
20190126,0,,
20190127,0,,
20190128,0,,
20190129,0,,
20190130,0,,
20190131,0,,
20190201,0,,
20190202,0,,
20190203,0,,
20190204,0,,
20190205,0,,
20190206,0,,
20190207,0,,
20190208,0,,
20190209,0,,
20190210,0,,
20190211,0,,
20190212,0,,
20190213,0,,
20190214,0,,
20190215,0,,
20190216,0,,
20190217,0,,
20190218,0,,
20190219,0,,
20190220,0,,
20190221,0,,
20190222,0,,
20190223,0,,
20190224,0,,
20190225,0,,
20190226,0,,
20190227,0,,
20190228,0,,
20190301,0,,
20190302,0,,
20190303,0,,
20190304,0,,
20190305,0,,
20190306,0,,
20190307,0,,
20190308,0,,
20190309,0,,
20190310,0,,
20190311,0,,
20190312,0,,
20190313,0,,
20190314,0,,
20190315,0,,
20190316,0,,
20190317,0,,
20190318,0,,
20190319,0,,
20190320,0,,
20190321,0,,
20190322,0,,
20190323,0,,
20190324,0,,
20190325,0,,
20190326,0,,
20190327,0,,
20190328,0,,
20190329,0,,
20190330,0,,
20190331,0,,
20190401,0,,
20190402,0,,
20190403,0,,
20190404,0,,
20190405,0,,
20190406,0,,
20190407,0,,
20190408,0,,
20190409,0,,
20190410,0,,
20190411,0,,
20190412,0,,
20190413,104.6,,
20190414,336,,
20190415,243,,
20190416,40.27,,
20190417,0,,
20190418,0,,
20190419,0,,
20190420,0,,
20190421,0,,
20190422,0,,
20190423,0,,
20190424,0,,
20190425,0,,
20190426,0,,
20190427,0,,
20190428,0,,
20190429,0,,
20190430,0,,
20190501,0,,
20190502,0,,
20190503,0,,
20190504,0,,
20190505,0,,
20190506,0,,
20190507,0,,
20190508,0,,
20190509,0,,
20190510,0,,
20190511,0,,
20190512,0,,
20190513,0,,
20190514,0,,
20190515,0,,
20190516,0,,
20190517,0,,
20190518,0,,
20190519,0,,
20190520,0,,
20190521,0,,
20190522,0,,
20190523,0,,
20190524,0,,
20190525,0,,
20190526,341.1,,
20190527,369.9,,
20190528,786,,
20190529,302.4,,
20190530,579.1,,
20190531,118.3,,
20190601,80.21,,
20190602,0,,
20190603,0,,
20190604,130.8,,
20190605,0,,
20190606,0,,
20190607,243.6,,
20190608,3602,,
20190609,907.4,,
20190610,0,,
20190611,0,,
20190612,0,,
20190613,0,,
20190614,0,,
20190615,0,,
20190616,0,,
20190617,0,,
20190618,0,,
20190619,0,,
20190620,0,,
20190621,0,,
20190622,0,,
20190623,0,,
20190624,0,,
20190625,0,,
20190626,0,,
20190627,0,,
20190628,0,,
20190629,0,,
20190630,0,,
20190701,0,,
20190702,0,,
20190703,39.12,,
20190704,1.564,,
20190705,0,,
20190706,512.5,,
20190707,2757,,
20190708,1409,,
20190709,2226,,
20190710,3427,,
20190711,11080,,
20190712,7917,,
20190713,24130,,
20190714,23680,,
20190715,5868,,
20190716,7815,,
20190717,28940,,
20190718,15370,,
20190719,8385,,
20190720,10890,,
20190721,17640,,
20190722,12870,,
20190723,4838,,
20190724,9713,,
20190725,4041,,
20190726,20320,,
20190727,5092,,
20190728,8629,,
20190729,9849,,
20190730,6365,,
20190731,12660,,
20190801,4117,,
20190802,6878,,
20190803,6810,,
20190804,4520,,
20190805,5796,,
20190806,9814,,
20190807,19590,,
20190808,16790,,
20190809,39650,,
20190810,90570,,
20190811,92580,,
20190812,58870,,
20190813,107900,,
20190814,58540,,
20190815,85990,,
20190816,27230,,
20190817,53910,,
20190818,37560,,
20190819,26710,,
20190820,38440,,
20190821,38990,,
20190822,41290,,
20190823,50400,,
20190824,117300,,
20190825,127100,,
20190826,38760,,
20190827,59670,,
20190828,39980,,
20190829,37110,,
20190830,103700,,
20190831,96140,,
20190901,71570,,
20190902,61550,,
20190903,45360,,
20190904,94420,,
20190905,57140,,
20190906,78400,,
20190907,77020,,
20190908,57800,,
20190909,30600,,
20190910,72090,,
20190911,53640,,
20190912,74710,,
20190913,77590,,
20190914,223800,,
20190915,234900,,
20190916,112900,,
20190917,84320,,
20190918,81190,,
20190919,52960,,
20190920,61240,,
20190921,57710,,
20190922,201900,,
20190923,91530,,
20190924,58230,,
20190925,95450,,
20190926,47420,,
20190927,66200,,
20190928,85540,,
20190929,219900,,
20190930,67530,,
20191001,184700,,
20191002,60750,,
20191003,80720,,
20191004,59470,,
20191005,88550,,
20191006,71420,,
20191007,68390,,
20191008,94150,,
20191009,51600,,
20191010,67900,,
20191011,46700,,
20191012,62090,,
20191013,66870,,
20191014,81830,,
20191015,96480,,
20191016,102100,,
20191017,53560,,
20191018,52770,,
20191019,75650,,
20191020,35520,,
20191021,60460,,
20191022,60050,,
20191023,77680,,
20191024,90350,,
20191025,47630,,
20191026,69540,,
20191027,80420,,
20191028,57520,,
20191029,70980,,
20191030,84110,,
20191031,101000,,
20191101,19910,,
20191102,149500,,
20191103,186400,,
20191104,165700,,
20191105,159900,,
20191106,176300,,
20191107,54060,,
20191108,63120,,
20191109,73190,,
20191110,196700,,
20191111,132800,,
20191112,158200,,
20191113,163100,,
20191114,136900,,
20191115,36510,,
20191116,60630,,
20191117,43080,,
20191118,134900,,
20191119,149700,,
20191120,137900,,
20191121,174700,,
20191122,121000,,
20191123,132100,,
20191124,144200,,
20191125,129600,,
20191126,153200,,
20191127,135200,,
20191128,122800,,
20191129,142600,,
20191130,67800,,
20191201,37100,,
20191202,58470,,
20191203,21110,,
20191204,125700,,
20191205,129900,,
20191206,133800,,
20191207,128600,,
20191208,135100,,
20191209,211700,,
20191210,143300,,
20191211,197200,,
20191212,146300,,
20191213,159700,,
20191214,143500,,
20191215,59000,,
20191216,177600,,
20191217,150800,,
20191218,135000,,
20191219,133900,,
20191220,129600,,
20191221,119000,,
20191222,117700,,
20191223,148700,,
20191224,120900,,
20191225,119700,,
20191226,109500,,
20191227,56890,,
20191228,128900,,
20191229,183900,,
20191230,36200,,
20191231,123800,,
20200101,46470,,
20200102,123200,,
20200103,135200,,
20200104,134500,,
20200105,130400,,
20200106,123700,,
20200107,130800,,
20200108,123900,,
20200109,119900,,
20200110,117800,,
20200111,129600,,
20200112,140900,,
20200113,134200,,
20200114,111500,,
20200115,139200,,
20200116,125000,,
20200117,103000,,
20200118,97880,,
20200119,100200,,
20200120,118000,,
20200121,95660,,
20200122,94190,,
20200123,100100,,
20200124,93060,,
20200125,82580,,
20200126,89430,,
20200127,84500,,
20200128,101100,,
20200129,109500,,
20200130,88910,,
20200131,87860,,
20200201,90330,,
20200202,111700,,
20200203,83280,,
20200204,114900,,
20200205,94720,,
20200206,110400,,
20200207,108600,,
20200208,98060,,
20200209,104000,,
20200210,105100,,
20200211,122400,,
20200212,111900,,
20200213,103700,,
20200214,136300,,
20200215,111800,,
20200216,95230,,
20200217,126800,,
20200218,98170,,
20200219,103000,,
20200220,99140,,
20200221,97730,,
20200222,107800,,
20200223,98860,,
20200224,103400,,
20200225,109900,,
20200226,120000,,
20200227,97320,,
20200228,110000,,
20200229,97950,,
20200301,111100,,
20200302,136900,,
20200303,54990,,
20200304,42050,,
20200305,97170,,
20200306,117300,,
20200307,135800,,
20200308,108500,,
20200309,95710,,
20200310,109700,,
20200311,105300,,
20200312,126200,,
20200313,97950,,
20200314,113400,,
20200315,150700,,
20200316,146700,,
20200317,103600,,
20200318,114600,,
20200319,110600,,
20200320,114800,,
20200321,118700,,
20200322,107500,,
20200323,120800,,
20200324,70570,,
20200325,40420,,
20200326,113300,,
20200327,119100,,
20200328,124500,,
20200329,134100,,
20200330,123300,,
20200331,124500,,
20200401,151400,,
20200402,142200,,
20200403,134300,,
20200404,126000,,
20200405,154700,,
20200406,62250,,
20200407,65020,,
20200408,56000,,
20200409,51370,,
20200410,45650,,
20200411,36640,,
20200412,33740,,
20200413,108400,,
20200414,126400,,
20200415,130900,,
20200416,115000,,
20200417,44620,,
20200418,69800,,
20200419,132800,,
20200420,127300,,
20200421,120600,,
20200422,114800,,
20200423,64350,,
20200424,49300,,
20200425,46590,,
20200426,67310,,
20200427,48430,,
20200428,30230,,
20200429,34150,,
20200430,119100,,
20200501,101500,,
20200502,55070,,
20200503,52310,,
20200504,34860,,
20200505,41370,,
20200506,57950,,
20200507,69780,,
20200508,24460,,
20200509,59590,,
20200510,56190,,
20200511,19640,,
20200512,55070,,
20200513,53780,,
20200514,33870,,
20200515,34340,,
20200516,27960,,
20200517,120300,,
20200518,46560,,
20200519,54610,,
20200520,126500,,
20200521,10570,,
20200522,66820,,
20200523,32930,,
20200524,41090,,
20200525,38560,,
20200526,22970,,
20200527,47430,,
20200528,73920,,
20200529,156100,,
20200530,86830,,
20200531,17280,,
20200601,19500,,
20200602,52800,,
20200603,40180,,
20200604,46410,,
20200605,32130,,
20200606,34840,,
20200607,54690,,
20200608,40790,,
20200609,30850,,
20200610,32140,,
20200611,61200,,
20200612,64550,,
20200613,20540,,
20200614,15320,,
20200615,84130,,
20200616,69380,,
20200617,30540,,
20200618,45120,,
20200619,35640,,
20200620,61000,,
20200621,37900,,
20200622,43070,,
20200623,17680,,
20200624,2973,,
20200625,53560,,
20200626,64390,,
20200627,62170,,
20200628,42790,,
20200629,30260,,
20200630,41310,,
20200701,32020,,
20200702,59590,,
20200703,41750,,
20200704,63240,,
20200705,72690,,
20200706,78090,,
20200707,72120,,
20200708,68180,,
20200709,33740,,
20200710,28630,,
20200711,12350,,
20200712,45810,,
20200713,210800,,
20200714,51300,,
20200715,27330,,
20200716,30300,,
20200717,35010,,
20200718,65590,,
20200719,52600,,
20200720,50150,,
20200721,92340,,
20200722,253200,,
20200723,231800,,
20200724,61460,,
20200725,52340,,
20200726,74520,,
20200727,95370,,
20200728,92470,,
20200729,112700,,
20200730,57110,,
20200731,54150,,
20200801,164100,,
20200802,76940,,
20200803,58220,,
20200804,123600,,
20200805,138500,,
20200806,114300,,
20200807,40310,,
20200808,92650,,
20200809,61480,,
20200810,122000,,
20200811,85780,,
20200812,88010,,
20200813,61590,,
20200814,114200,,
20200815,65030,,
20200816,76970,,
20200817,64220,,
20200818,54820,,
20200819,76750,,
20200820,138100,,
20200821,77610,,
20200822,110300,,
20200823,149700,,
20200824,29770,,
20200825,81740,,
20200826,181700,,
20200827,255400,,
20200828,172800,,
20200829,208000,,
20200830,245900,,
20200831,179000,,
20200901,49000,,
20200902,58030,,
20200903,93360,,
20200904,105300,,
20200905,60140,,
20200906,51270,,
20200907,73920,,
20200908,146900,,
20200909,23980,,
20200910,73140,,
20200911,104200,,
20200912,121700,,
20200913,37890,,
20200914,82080,,
20200915,82270,,
20200916,88780,,
20200917,39990,,
20200918,76180,,
20200919,65340,,
20200920,93320,,
20200921,75670,,
20200922,64520,,
20200923,63850,,
20200924,82440,,
20200925,39550,,
20200926,55310,,
20200927,36700,,
20200928,194000,,
20200929,49800,,
20200930,101000,,
20201001,119900,,
20201002,204900,,
20201003,44990,,
20201004,42730,,
20201005,67330,,
20201006,75800,,
20201007,95960,,
20201008,85280,,
20201009,74250,,
20201010,109300,,
20201011,87560,,
20201012,89810,,
20201013,80410,,
20201014,46370,,
20201015,60310,,
20201016,67380,,
20201017,175000,,
20201018,181500,,
20201019,53850,,
20201020,67020,,
20201021,68690,,
20201022,88000,,
20201023,87820,,
20201024,58940,,
20201025,64270,,
20201026,63870,,
20201027,198500,,
20201028,216900,,
20201029,177300,,
20201030,211600,,
20201031,154200,,
20201101,190400,,
20201102,101500,,
20201103,112800,,
20201104,81350,,
20201105,155100,,
20201106,62700,,
20201107,74150,,
20201108,189500,,
20201109,149300,,
20201110,160900,,
20201111,174000,,
20201112,163600,,
20201113,125100,,
20201114,70880,,
20201115,154600,,
20201116,150100,,
20201117,91930,,
20201118,44920,,
20201119,162900,,
20201120,179800,,
20201121,200200,,
20201122,171600,,
20201123,156500,,
20201124,177000,,
20201125,180300,,
20201126,171400,,
20201127,166600,,
20201128,186000,,
20201129,151800,,
20201130,144300,,
20201201,162000,,
20201202,123300,,
20201203,134700,,
20201204,157200,,
20201205,171600,,
20201206,33530,,
20201207,134900,,
20201208,56240,,
20201209,40380,,
20201210,192900,,
20201211,152500,,
20201212,190300,,
20201213,167400,,
20201214,185600,,
20201215,141700,,
20201216,147100,,
20201217,149000,,
20201218,166200,,
20201219,166600,,
20201220,161400,,
20201221,157800,,
20201222,146300,,
20201223,160500,,
20201224,146000,,
20201225,167600,,
20201226,166100,,
20201227,151600,,
20201228,146500,,
20201229,161100,,
20201230,150500,,
20201231,251200,,
