Date,Simulated Outflow
20110101,122.5
20110102,64.64
20110103,63.78
20110104,37.23
20110105,45.96
20110106,62.59
20110107,60.5
20110108,57.02
20110109,50.43
20110110,54.07
20110111,60.92
20110112,39.47
20110113,50.71
20110114,45.78
20110115,47.62
20110116,46.82
20110117,45.49
20110118,44.46
20110119,39.39
20110120,41.03
20110121,41.09
20110122,39.78
20110123,38.1
20110124,37.82
20110125,36.74
20110126,36.08
20110127,35.21
20110128,33.65
20110129,33.12
20110130,32.22
20110131,31.34
20110201,30.07
20110202,29.44
20110203,28.78
20110204,27.85
20110205,26.95
20110206,26.38
20110207,21.95
20110208,13.86
20110209,12.75
20110210,12.19
20110211,11.4
20110212,45.62
20110213,42
20110214,42
20110215,42
20110216,42
20110217,61
20110218,69
20110219,70
20110220,93
20110221,90
20110222,89
20110223,92
20110224,99
20110225,99
20110226,99
20110227,99
20110228,99
20110301,99
20110302,99
20110303,99
20110304,99
20110305,99
20110306,99
20110307,99
20110308,99
20110309,99
20110310,99
20110311,99
20110312,99
20110313,95
20110314,95
20110315,81
20110316,82
20110317,79
20110318,82
20110319,83
20110320,83
20110321,83
20110322,80
20110323,80
20110324,103
20110325,97
20110326,97
20110327,97
20110328,97
20110329,97
20110330,97
20110331,97
20110401,97
20110402,97
20110403,97
20110404,92
20110405,92
20110406,93
20110407,93
20110408,93
20110409,93
20110410,93
20110411,93
20110412,93
20110413,93
20110414,94
20110415,94
20110416,93
20110417,66
20110418,66
20110419,66
20110420,66
20110421,66
20110422,66
20110423,66
20110424,66
20110425,66
20110426,66
20110427,66
20110428,66
20110429,52
20110430,52
20110501,52
20110502,52
20110503,52
20110504,52
20110505,49
20110506,50
20110507,52
20110508,52
20110509,52
20110510,52
20110511,52
20110512,52
20110513,55
20110514,55
20110515,55
20110516,55
20110517,55
20110518,55
20110519,52
20110520,52
20110521,52
20110522,52
20110523,52
20110524,52
20110525,52
20110526,52
20110527,52
20110528,45
20110529,57
20110530,59
20110531,48.31
20110601,4.129
20110602,2.853
20110603,27.73
20110604,9.126
20110605,4.969
20110606,3.286
20110607,2.648
20110608,2.498
20110609,2.405
20110610,7.759
20110611,5.92
20110612,5
20110613,5
20110614,5
20110615,5
20110616,5
20110617,5
20110618,17
20110619,28
20110620,28
20110621,18.34
20110622,7.485
20110623,8.755
20110624,9.463
20110625,10.43
20110626,14
20110627,14
20110628,14
20110629,26
20110630,7
20110701,5
20110702,5
20110703,5
20110704,5
20110705,5
20110706,5
20110707,5
20110708,5
20110709,5
20110710,5
20110711,5
20110712,5
20110713,24
20110714,16
20110715,14
20110716,27
20110717,28
20110718,28
20110719,28
20110720,28
20110721,28
20110722,28
20110723,28
20110724,28
20110725,28
20110726,28
20110727,28
20110728,28
20110729,28
20110730,28
20110731,28
20110801,28
20110802,28
20110803,28
20110804,60
20110805,118
20110806,92
20110807,69
20110808,88
20110809,131
20110810,150
20110811,155
20110812,169
20110813,213
20110814,186
20110815,169
20110816,178
20110817,198
20110818,165
20110819,147
20110820,149
20110821,149
20110822,149
20110823,150
20110824,152
20110825,166
20110826,173
20110827,173
20110828,173
20110829,173
20110830,173
20110831,134
20110901,95
20110902,95
20110903,127
20110904,352
20110905,475
20110906,458
20110907,355
20110908,264
20110909,223
20110910,252
20110911,202
20110912,197
20110913,165
20110914,161
20110915,162
20110916,129
20110917,143
20110918,160
20110919,160
20110920,160
20110921,160
20110922,157
20110923,159
20110924,160
20110925,146
20110926,147
20110927,147
20110928,147
20110929,134
20110930,147
20111001,147
20111002,146
20111003,143
20111004,92
20111005,118
20111006,146
20111007,146
20111008,142
20111009,135
20111010,135
20111011,132
20111012,139
20111013,141
20111014,141
20111015,141
20111016,141
20111017,141
20111018,142
20111019,143
20111020,143
20111021,143
20111022,141
20111023,127
20111024,129
20111025,123
20111026,143
20111027,140
20111028,142
20111029,143
20111030,143
20111031,143
20111101,140
20111102,140
20111103,133
20111104,143
20111105,135
20111106,141
20111107,143
20111108,143
20111109,140
20111110,140
20111111,142
20111112,142
20111113,142
20111114,142
20111115,143
20111116,143
20111117,143
20111118,143
20111119,143
20111120,144
20111121,138
20111122,142
20111123,143
20111124,143
20111125,143
20111126,143
20111127,143
20111128,143
20111129,143
20111130,143
20111201,143
20111202,143
20111203,143
20111204,143
20111205,143
20111206,122
20111207,80
20111208,109
20111209,138
20111210,144
20111211,143
20111212,144
20111213,144
20111214,144
20111215,143
20111216,143
20111217,144
20111218,129
20111219,97.99
20111220,66.03
20111221,64.7
20111222,63.44
20111223,62.08
20111224,60.82
20111225,59.61
20111226,58.37
20111227,57.08
20111228,55.91
20111229,54.69
20111230,16
20111231,18
20120101,122.9
20120102,2
20120103,2
20120104,2
20120105,2
20120106,2
20120107,2
20120108,2
20120109,2
20120110,2
20120111,2
20120112,2
20120113,2
20120114,2
20120115,2
20120116,2
20120117,2
20120118,2
20120119,2
20120120,2
20120121,2
20120122,2
20120123,2
20120124,2
20120125,2
20120126,2
20120127,2
20120128,2
20120129,2
20120130,2
20120131,2
20120201,2
20120202,2
20120203,2
20120204,2
20120205,2
20120206,2
20120207,2
20120208,2
20120209,2
20120210,2
20120211,2
20120212,2
20120213,2
20120214,2
20120215,2
20120216,2
20120217,2
20120218,2
20120219,2
20120220,2
20120221,2
20120222,2
20120223,2
20120224,2
20120225,2
20120226,2
20120227,2
20120228,2
20120229,2
20120301,2
20120302,2
20120303,2
20120304,7
20120305,57
20120306,61
20120307,72
20120308,103
20120309,0
20120310,0
20120311,0
20120312,0
20120313,0
20120314,0
20120315,0
20120316,132
20120317,133
20120318,135
20120319,129
20120320,127
20120321,59.93
20120322,1.543
20120323,1.508
20120324,1.538
20120325,1.493
20120326,1.473
20120327,1.411
20120328,1.391
20120329,1.417
20120330,1.416
20120331,1.382
20120401,1.305
20120402,1.401
20120403,1.314
20120404,1.316
20120405,1.191
20120406,1.337
20120407,1.24
20120408,1.123
20120409,1.204
20120410,1.24
20120411,1.149
20120412,1.156
20120413,1.17
20120414,1.161
20120415,1.062
20120416,1.119
20120417,1.34
20120418,1.06
20120419,1.439
20120420,1.152
20120421,1.426
20120422,1.26
20120423,1.145
20120424,1.278
20120425,1.359
20120426,1.471
20120427,1.492
20120428,2.837
20120429,1.97
20120430,1.574
20120501,1.712
20120502,1.473
20120503,1.418
20120504,1.399
20120505,1.343
20120506,1.321
20120507,1.293
20120508,1.229
20120509,1.573
20120510,1.332
20120511,1.354
20120512,34.17
20120513,9.914
20120514,4.146
20120515,2.44
20120516,1.942
20120517,1.783
20120518,1.479
20120519,1.44
20120520,1.421
20120521,1.384
20120522,1.32
20120523,1.206
20120524,1.241
20120525,1.172
20120526,1.173
20120527,1.088
20120528,0.9545
20120529,1.034
20120530,1.221
20120531,0.9284
20120601,0.9393
20120602,1.205
20120603,1.231
20120604,1.285
20120605,2.03
20120606,80.53
20120607,99
20120608,55.63
20120609,11.29
20120610,5.532
20120611,3.667
20120612,22.47
20120613,9.655
20120614,34
20120615,35
20120616,42
20120617,58
20120618,65
20120619,99
20120620,101
20120621,100
20120622,97
20120623,92
20120624,92
20120625,92
20120626,92
20120627,90
20120628,90
20120629,90
20120630,88
20120701,82
20120702,89
20120703,88
20120704,83
20120705,84
20120706,84
20120707,83
20120708,79
20120709,80
20120710,80
20120711,69
20120712,62
20120713,60
20120714,60
20120715,60
20120716,60
20120717,55
20120718,48
20120719,18
20120720,18
20120721,18
20120722,25
20120723,32
20120724,28
20120725,25
20120726,19
20120727,19
20120728,3
20120729,3
20120730,3
20120731,3
20120801,26
20120802,26
20120803,26
20120804,29
20120805,10
20120806,5
20120807,5
20120808,3
20120809,5
20120810,4
20120811,2
20120812,2
20120813,2
20120814,2
20120815,2
20120816,2
20120817,2
20120818,2
20120819,2
20120820,2
20120821,2
20120822,2
20120823,2
20120824,2
20120825,2
20120826,2
20120827,2
20120828,2
20120829,2
20120830,2
20120831,2
20120901,2
20120902,2
20120903,4
20120904,0
20120905,4
20120906,11
20120907,24
20120908,80.01
20120909,132.6
20120910,113.1
20120911,104.5
20120912,92.49
20120913,100.4
20120914,49.96
20120915,84.84
20120916,110.9
20120917,101
20120918,97.33
20120919,99.2
20120920,92.93
20120921,92.67
20120922,91.58
20120923,90.27
20120924,75.85
20120925,517.7
20120926,849
20120927,699
20120928,645
20120929,301
20120930,223
20121001,522
20121002,1161
20121003,1359
20121004,1357
20121005,644
20121006,266
20121007,212.8
20121008,73.51
20121009,72.41
20121010,71.08
20121011,69.58
20121012,68.19
20121013,66.97
20121014,65.62
20121015,64.49
20121016,63.33
20121017,61.84
20121018,60.65
20121019,59.43
20121020,58.48
20121021,57.75
20121022,56.47
20121023,55.41
20121024,54.17
20121025,53.14
20121026,52.25
20121027,51.04
20121028,50.07
20121029,49.05
20121030,48.09
20121031,47.03
20121101,125
20121102,125
20121103,125
20121104,125
20121105,125
20121106,123
20121107,60.69
20121108,48.11
20121109,47.21
20121110,46.67
20121111,46.36
20121112,46.1
20121113,45.88
20121114,45.56
20121115,45.19
20121116,44.72
20121117,44.39
20121118,43.91
20121119,43.45
20121120,42.91
20121121,42.41
20121122,41.87
20121123,41.27
20121124,40.72
20121125,40.1
20121126,39.53
20121127,38.88
20121128,38.25
20121129,37.65
20121130,37.01
20121201,36.4
20121202,35.72
20121203,35.14
20121204,34.61
20121205,33.98
20121206,33.35
20121207,32.6
20121208,31.89
20121209,31.32
20121210,30.69
20121211,29.97
20121212,29.45
20121213,28.85
20121214,28.23
20121215,27.64
20121216,27.07
20121217,26.49
20121218,25.45
20121219,24.75
20121220,23.53
20121221,22.13
20121222,15.33
20121223,12.51
20121224,11.7
20121225,11.54
20121226,9.234
20121227,7.991
20121228,7.44
20121229,6.517
20121230,6.924
20121231,6.886
20130101,7.101
20130102,7.045
20130103,7.118
20130104,6.383
20130105,5.074
20130106,5.261
20130107,3.726
20130108,4.014
20130109,4.2
20130110,4.291
20130111,4.47
20130112,4.572
20130113,4.422
20130114,3.199
20130115,3.396
20130116,3.53
20130117,3.613
20130118,2.509
20130119,2.269
20130120,2.456
20130121,2.587
20130122,1.956
20130123,1.615
20130124,1.583
20130125,1.533
20130126,1.536
20130127,1.579
20130128,1.634
20130129,1.661
20130130,1.663
20130131,1.412
20130201,1.42
20130202,1.4
20130203,1.388
20130204,1.344
20130205,1.297
20130206,1.376
20130207,1.348
20130208,1.487
20130209,8.739
20130210,7.98
20130211,3.816
20130212,3.169
20130213,3.25
20130214,3.439
20130215,3.655
20130216,9.919
20130217,5.977
20130218,5.542
20130219,5.463
20130220,5.699
20130221,5.88
20130222,6.145
20130223,6.372
20130224,6.56
20130225,6.703
20130226,6.826
20130227,6.982
20130228,7.072
20130301,7.197
20130302,7.257
20130303,7.251
20130304,7.3
20130305,7.341
20130306,7.438
20130307,7.387
20130308,99
20130309,66
20130310,24.2
20130311,11.09
20130312,33.96
20130313,15.16
20130314,11.55
20130315,10.62
20130316,10.42
20130317,2
20130318,2
20130319,2
20130320,2
20130321,2
20130322,2
20130323,4
20130324,4
20130325,4
20130326,4
20130327,4
20130328,4
20130329,4
20130330,4
20130331,4
20130401,4
20130402,4
20130403,4
20130404,4
20130405,5
20130406,5
20130407,5
20130408,5
20130409,5
20130410,5
20130411,5
20130412,5
20130413,5
20130414,5
20130415,5
20130416,5
20130417,5
20130418,4
20130419,5
20130420,4
20130421,4
20130422,4
20130423,4
20130424,8
20130425,11
20130426,11
20130427,11
20130428,11
20130429,11
20130430,11
20130501,11
20130502,11
20130503,11
20130504,8
20130505,8
20130506,8
20130507,8
20130508,4
20130509,2
20130510,2
20130511,2
20130512,2
20130513,2
20130514,2
20130515,2
20130516,4
20130517,4
20130518,7
20130519,21
20130520,21
20130521,13
20130522,14
20130523,12.58
20130524,1.335
20130525,1.301
20130526,1.264
20130527,1.478
20130528,1.449
20130529,1.64
20130530,1.493
20130531,10.39
20130601,21
20130602,21
20130603,21
20130604,21
20130605,15
20130606,16
20130607,16
20130608,12
20130609,9
20130610,11
20130611,11
20130612,10
20130613,9
20130614,9
20130615,9
20130616,8
20130617,2
20130618,2
20130619,2
20130620,2
20130621,2
20130622,2
20130623,2
20130624,2
20130625,2
20130626,2
20130627,2
20130628,2
20130629,2
20130630,2
20130701,2
20130702,2
20130703,2
20130704,2
20130705,2
20130706,2
20130707,2
20130708,2
20130709,2
20130710,2
20130711,2
20130712,2
20130713,2
20130714,2
20130715,2
20130716,2
20130717,2
20130718,2
20130719,2
20130720,2
20130721,2
20130722,2
20130723,2
20130724,2
20130725,2
20130726,2
20130727,2
20130728,2
20130729,2
20130730,7
20130731,14
20130801,14
20130802,14
20130803,14
20130804,166
20130805,138.6
20130806,109.1
20130807,129.9
20130808,116.5
20130809,117.1
20130810,113.2
20130811,117.9
20130812,119.6
20130813,119.2
20130814,121.7
20130815,120.5
20130816,120.2
20130817,121.2
20130818,121.5
20130819,123.4
20130820,124.9
20130821,134.4
20130822,127.1
20130823,122.9
20130824,119.3
20130825,104.1
20130826,119.6
20130827,118.3
20130828,115.2
20130829,115.5
20130830,117.5
20130831,114.1
20130901,162.6
20130902,168.5
20130903,138.7
20130904,117.7
20130905,113.8
20130906,124.8
20130907,141.6
20130908,97.16
20130909,152.6
20130910,117.2
20130911,112
20130912,109.9
20130913,307.4
20130914,142.7
20130915,159.8
20130916,166.7
20130917,202.3
20130918,85.7
20130919,284
20130920,153.7
20130921,123
20130922,106.8
20130923,108.4
20130924,109.3
20130925,158.2
20130926,135.9
20130927,30.23
20130928,106.8
20130929,111.3
20130930,105.6
20131001,227.2
20131002,229
20131003,110
20131004,434
20131005,536
20131006,556
20131007,712
20131008,626
20131009,321
20131010,148
20131011,225
20131012,136
20131013,196
20131014,198
20131015,71
20131016,75
20131017,107
20131018,96
20131019,127
20131020,139
20131021,123
20131022,118
20131023,165
20131024,147
20131025,118
20131026,119
20131027,120
20131028,114
20131029,114
20131030,114
20131031,115
20131101,204
20131102,327
20131103,328
20131104,221
20131105,255
20131106,144
20131107,149
20131108,291
20131109,230
20131110,153
20131111,122
20131112,120
20131113,125
20131114,125
20131115,125
20131116,125
20131117,125
20131118,125
20131119,125
20131120,125
20131121,125
20131122,125
20131123,127
20131124,127
20131125,122
20131126,122
20131127,122
20131128,122
20131129,122
20131130,104
20131201,121
20131202,121
20131203,123
20131204,123
20131205,123
20131206,106
20131207,106
20131208,123
20131209,123
20131210,123
20131211,123
20131212,123
20131213,123
20131214,123
20131215,123
20131216,123
20131217,123
20131218,123
20131219,123
20131220,123
20131221,72.02
20131222,32.95
20131223,32.26
20131224,31.63
20131225,30.95
20131226,30.33
20131227,29.63
20131228,29.06
20131229,28.46
20131230,27.82
20131231,27.25
20140101,26.63
20140102,25.89
20140103,25.2
20140104,24.67
20140105,19.23
20140106,13.33
20140107,12.84
20140108,12.39
20140109,9.957
20140110,8.803
20140111,7.629
20140112,7.61
20140113,7.725
20140114,6.301
20140115,5.625
20140116,5.835
20140117,6.035
20140118,6.164
20140119,6.244
20140120,4.992
20140121,4.762
20140122,4.796
20140123,4.708
20140124,4.374
20140125,4.403
20140126,4.188
20140127,4.35
20140128,3.981
20140129,3.901
20140130,3.652
20140131,3.268
20140201,3.035
20140202,2.734
20140203,2.302
20140204,2.477
20140205,2.452
20140206,1.816
20140207,1.748
20140208,1.744
20140209,1.769
20140210,1.789
20140211,1.733
20140212,1.678
20140213,1.694
20140214,1.639
20140215,1.66
20140216,1.635
20140217,1.615
20140218,1.625
20140219,1.555
20140220,1.479
20140221,1.556
20140222,1.72
20140223,1.485
20140224,1.477
20140225,1.48
20140226,1.433
20140227,1.434
20140228,1.39
20140301,1.356
20140302,1.575
20140303,1.393
20140304,1.541
20140305,1.325
20140306,1.43
20140307,1.28
20140308,1.46
20140309,1.537
20140310,2.276
20140311,1.588
20140312,1.442
20140313,1.334
20140314,1.343
20140315,1.23
20140316,1.239
20140317,1.197
20140318,1.107
20140319,1.197
20140320,1.086
20140321,1.165
20140322,1.123
20140323,1.11
20140324,1.113
20140325,1.087
20140326,1.133
20140327,1.075
20140328,1.037
20140329,1.071
20140330,1.022
20140331,0.9664
20140401,1.014
20140402,1.162
20140403,1.154
20140404,0.974
20140405,0.9624
20140406,0.8817
20140407,0.8422
20140408,0.9086
20140409,1.135
20140410,1.236
20140411,1.146
20140412,1.168
20140413,0.9017
20140414,1.236
20140415,1.22
20140416,1.265
20140417,1.259
20140418,1.342
20140419,5
20140420,5
20140421,5
20140422,5
20140423,5
20140424,5
20140425,5
20140426,5
20140427,5
20140428,9
20140429,12
20140430,12
20140501,15
20140502,18
20140503,21
20140504,21
20140505,21
20140506,21
20140507,21
20140508,11
20140509,21
20140510,11
20140511,11
20140512,11
20140513,11
20140514,8
20140515,8
20140516,8
20140517,8
20140518,8
20140519,8
20140520,8
20140521,8
20140522,8
20140523,8
20140524,8
20140525,8
20140526,8
20140527,12
20140528,14
20140529,14
20140530,14
20140531,14
20140601,14
20140602,14
20140603,14
20140604,14
20140605,14
20140606,14
20140607,14
20140608,14
20140609,14
20140610,14
20140611,14
20140612,14
20140613,14
20140614,14
20140615,14
20140616,14
20140617,14
20140618,14
20140619,14
20140620,14
20140621,14
20140622,14
20140623,14
20140624,14
20140625,14
20140626,14
20140627,2
20140628,2
20140629,2
20140630,2
20140701,2
20140702,2
20140703,2
20140704,2
20140705,2
20140706,2
20140707,2
20140708,2
20140709,2
20140710,2
20140711,2
20140712,2
20140713,2
20140714,2
20140715,2
20140716,2
20140717,2
20140718,2
20140719,2
20140720,2
20140721,2
20140722,2
20140723,2
20140724,2
20140725,2
20140726,2
20140727,2
20140728,2
20140729,2
20140730,2
20140731,2
20140801,2
20140802,2
20140803,2
20140804,2
20140805,2
20140806,2
20140807,2
20140808,2
20140809,2
20140810,2
20140811,2
20140812,2
20140813,2
20140814,2
20140815,2
20140816,2
20140817,2
20140818,2
20140819,2
20140820,2
20140821,2
20140822,2
20140823,2
20140824,2
20140825,2
20140826,2
20140827,2
20140828,47.99
20140829,108
20140830,107.5
20140831,106.6
20140901,137.2
20140902,116.8
20140903,108.8
20140904,122.9
20140905,110.7
20140906,119.4
20140907,107.2
20140908,101.7
20140909,106.9
20140910,103.7
20140911,100.9
20140912,99.71
20140913,101.4
20140914,99.75
20140915,99.47
20140916,97.32
20140917,97.37
20140918,95.33
20140919,94.23
20140920,95.14
20140921,92.41
20140922,90.99
20140923,92.05
20140924,141.1
20140925,1019
20140926,998.4
20140927,275.2
20140928,159.4
20140929,955.7
20140930,255.3
20141001,146.7
20141002,130
20141003,131
20141004,134
20141005,135
20141006,135
20141007,141
20141008,136
20141009,136
20141010,136
20141011,145
20141012,145
20141013,194
20141014,216
20141015,221
20141016,221
20141017,216
20141018,197
20141019,219
20141020,230
20141021,214
20141022,206
20141023,156
20141024,190
20141025,246
20141026,271
20141027,271
20141028,203
20141029,159
20141030,131
20141031,131
20141101,131
20141102,131
20141103,131
20141104,131
20141105,131
20141106,131
20141107,131
20141108,131
20141109,131
20141110,131
20141111,131
20141112,131
20141113,131
20141114,131
20141115,48
20141116,84
20141117,135
20141118,143
20141119,142
20141120,155
20141121,156
20141122,115
20141123,105
20141124,105
20141125,144
20141126,224
20141127,237
20141128,132
20141129,129
20141130,155
20141201,141
20141202,136
20141203,141
20141204,131
20141205,126
20141206,130
20141207,128
20141208,136
20141209,135
20141210,134
20141211,131
20141212,131
20141213,132
20141214,136
20141215,135
20141216,133
20141217,114
20141218,114
20141219,123
20141220,112
20141221,105
20141222,105
20141223,105
20141224,105
20141225,105
20141226,105
20141227,108
20141228,108
20141229,108
20141230,108
20141231,108
20150101,108
20150102,65
20150103,65
20150104,65
20150105,65
20150106,65
20150107,56
20150108,57
20150109,57
20150110,29
20150111,57
20150112,57
20150113,57
20150114,57
20150115,57
20150116,57
20150117,42
20150118,15
20150119,15
20150120,15
20150121,15
20150122,15
20150123,15
20150124,15
20150125,20
20150126,39
20150127,42
20150128,55
20150129,55
20150130,55
20150131,55
20150201,52
20150202,52
20150203,52
20150204,52
20150205,52
20150206,53
20150207,53
20150208,53
20150209,53
20150210,53
20150211,53
20150212,29.81
20150213,2.639
20150214,1.816
20150215,1.891
20150216,1.986
20150217,1.925
20150218,1.747
20150219,1.825
20150220,1.769
20150221,1.761
20150222,1.662
20150223,1.717
20150224,1.691
20150225,1.66
20150226,1.663
20150227,1.619
20150228,1.59
20150301,1.534
20150302,1.587
20150303,1.518
20150304,1.478
20150305,1.533
20150306,1.429
20150307,3
20150308,3
20150309,3
20150310,3
20150311,3
20150312,3
20150313,3
20150314,3
20150315,3
20150316,3
20150317,3
20150318,3
20150319,3
20150320,3
20150321,3
20150322,3
20150323,3
20150324,3
20150325,3
20150326,3
20150327,3
20150328,3
20150329,3
20150330,3
20150331,3
20150401,3
20150402,3
20150403,3
20150404,4
20150405,7
20150406,12
20150407,13
20150408,14
20150409,7
20150410,5
20150411,5
20150412,5
20150413,4
20150414,7
20150415,8
20150416,8
20150417,12
20150418,9
20150419,10
20150420,12
20150421,12
20150422,12
20150423,10
20150424,3
20150425,3
20150426,3
20150427,3
20150428,3
20150429,3
20150430,3
20150501,3
20150502,3
20150503,3
20150504,3
20150505,3
20150506,3
20150507,3
20150508,3
20150509,3
20150510,3
20150511,3
20150512,3
20150513,3
20150514,3
20150515,4
20150516,4
20150517,7
20150518,7
20150519,7
20150520,7
20150521,7
20150522,12
20150523,15
20150524,15
20150525,20
20150526,20
20150527,5
20150528,2
20150529,3
20150530,3
20150531,3
20150601,3
20150602,3
20150603,3
20150604,3
20150605,3
20150606,3
20150607,3
20150608,3
20150609,3
20150610,3
20150611,3
20150612,3
20150613,3
20150614,3
20150615,3
20150616,3
20150617,3
20150618,3
20150619,3
20150620,3
20150621,3
20150622,3
20150623,3
20150624,3
20150625,3
20150626,3
20150627,3
20150628,3
20150629,3
20150630,8
20150701,8
20150702,8
20150703,8
20150704,8
20150705,14
20150706,14
20150707,14
20150708,10
20150709,5
20150710,4
20150711,4
20150712,3
20150713,3
20150714,3
20150715,3
20150716,3
20150717,3
20150718,3
20150719,3
20150720,3
20150721,3
20150722,3
20150723,3
20150724,3
20150725,3
20150726,3
20150727,3
20150728,3
20150729,3
20150730,3
20150731,3
20150801,3
20150802,3
20150803,3
20150804,3
20150805,3
20150806,3
20150807,3
20150808,3
20150809,3
20150810,3
20150811,3
20150812,32.18
20150813,69.75
20150814,59.86
20150815,52.18
20150816,48.97
20150817,52.5
20150818,53.26
20150819,210.4
20150820,79.58
20150821,66.18
20150822,58.56
20150823,101
20150824,63.45
20150825,55.5
20150826,53.7
20150827,57.15
20150828,56.08
20150829,53.54
20150830,55.34
20150831,55.6
20150901,53.36
20150902,53.27
20150903,53.75
20150904,55.21
20150905,113.2
20150906,568.8
20150907,148.6
20150908,212.4
20150909,88.44
20150910,67.9
20150911,100.1
20150912,102.4
20150913,84
20150914,84
20150915,84
20150916,50
20150917,45
20150918,28
20150919,65
20150920,99
20150921,99
20150922,99
20150923,84
20150924,75
20150925,231
20150926,122.6
20150927,80.85
20150928,76.93
20150929,7
20150930,70.2
20151001,100.4
20151002,67.93
20151003,61.17
20151004,59.55
20151005,241.1
20151006,160.2
20151007,80.29
20151008,69.49
20151009,116.2
20151010,99
20151011,84
20151012,79
20151013,76
20151014,65
20151015,89
20151016,116
20151017,87
20151018,76
20151019,154
20151020,89
20151021,62
20151022,61
20151023,70
20151024,109
20151025,141
20151026,144
20151027,183
20151028,223
20151029,223
20151030,223
20151031,138
20151101,138
20151102,138
20151103,138
20151104,138
20151105,138
20151106,138
20151107,138
20151108,262
20151109,364
20151110,363
20151111,361
20151112,359
20151113,345
20151114,266
20151115,242
20151116,186
20151117,179
20151118,179
20151119,124
20151120,84
20151121,84
20151122,84
20151123,29
20151124,3
20151125,3
20151126,3
20151127,3
20151128,3
20151129,3
20151130,3
20151201,3
20151202,3
20151203,3
20151204,5
20151205,20
20151206,88
20151207,115
20151208,124
20151209,123
20151210,124
20151211,125
20151212,112
20151213,55
20151214,4
20151215,4
20151216,4
20151217,4
20151218,4
20151219,4
20151220,4
20151221,4
20151222,4
20151223,4
20151224,4
20151225,4
20151226,38
20151227,49
20151228,73
20151229,77
20151230,86
20151231,77
20160101,82
20160102,70
20160103,19
20160104,4
20160105,4
20160106,4
20160107,4
20160108,4
20160109,4
20160110,4
20160111,4
20160112,21
20160113,41
20160114,50
20160115,65
20160116,65
20160117,57
20160118,31
20160119,4
20160120,4
20160121,4
20160122,4
20160123,4
20160124,4
20160125,4
20160126,4
20160127,4
20160128,4
20160129,4
20160130,4
20160131,4
20160201,4
20160202,4
20160203,4
20160204,4
20160205,4
20160206,4
20160207,4
20160208,4
20160209,4
20160210,4
20160211,4
20160212,4
20160213,4
20160214,4
20160215,4
20160216,4
20160217,4
20160218,4
20160219,4
20160220,4
20160221,4
20160222,4
20160223,4
20160224,4
20160225,4
20160226,4
20160227,4
20160228,4
20160229,4
20160301,4
20160302,4
20160303,4
20160304,4
20160305,4
20160306,4
20160307,4
20160308,4
20160309,4
20160310,4
20160311,4
20160312,4
20160313,4
20160314,4
20160315,4
20160316,4
20160317,4
20160318,4
20160319,4
20160320,4
20160321,4
20160322,4
20160323,4
20160324,4
20160325,4
20160326,4
20160327,4
20160328,4
20160329,4
20160330,4
20160331,4
20160401,4
20160402,4
20160403,4
20160404,4
20160405,4
20160406,4
20160407,4
20160408,4
20160409,4
20160410,4
20160411,3
20160412,3
20160413,3
20160414,3
20160415,3
20160416,3
20160417,3
20160418,3
20160419,3
20160420,3
20160421,3
20160422,3
20160423,3
20160424,3
20160425,3
20160426,54
20160427,141
20160428,113
20160429,3
20160430,3
20160501,3
20160502,3
20160503,3
20160504,3
20160505,3
20160506,3
20160507,3
20160508,3
20160509,3
20160510,3
20160511,3
20160512,3
20160513,3
20160514,3
20160515,3
20160516,3
20160517,3
20160518,3
20160519,3
20160520,3
20160521,3
20160522,3
20160523,3
20160524,3
20160525,3
20160526,3
20160527,3
20160528,3
20160529,3
20160530,3
20160531,3
20160601,3
20160602,3
20160603,3
20160604,3
20160605,3
20160606,3
20160607,3
20160608,4
20160609,4
20160610,4
20160611,4
20160612,4
20160613,4
20160614,4
20160615,4
20160616,4
20160617,4
20160618,4
20160619,4
20160620,4
20160621,4
20160622,4
20160623,4
20160624,4
20160625,4
20160626,4
20160627,4
20160628,4
20160629,4
20160630,4
20160701,4
20160702,4
20160703,4
20160704,4
20160705,4
20160706,4
20160707,4
20160708,4
20160709,4
20160710,4
20160711,4
20160712,4
20160713,4
20160714,4
20160715,4
20160716,4
20160717,4
20160718,4
20160719,4
20160720,4
20160721,4
20160722,4
20160723,4
20160724,4
20160725,4
20160726,4
20160727,4
20160728,4
20160729,4
20160730,4
20160731,4
20160801,4
20160802,4
20160803,4
20160804,4
20160805,4
20160806,4
20160807,4
20160808,4
20160809,4
20160810,4
20160811,4
20160812,4
20160813,4
20160814,4
20160815,4
20160816,4
20160817,4
20160818,5.359
20160819,54.2
20160820,53.67
20160821,51.6
20160822,51.45
20160823,52.51
20160824,52.88
20160825,50.05
20160826,52.38
20160827,50.99
20160828,50.45
20160829,49.39
20160830,49.03
20160831,111.2
20160901,60.54
20160902,51.05
20160903,48.7
20160904,48.59
20160905,47.53
20160906,46.76
20160907,47.96
20160908,45.93
20160909,46.41
20160910,50.53
20160911,44.49
20160912,43.79
20160913,41.03
20160914,43.89
20160915,44.61
20160916,43.27
20160917,41.94
20160918,41.89
20160919,41.26
20160920,39.65
20160921,39.51
20160922,38.86
20160923,38.24
20160924,38.49
20160925,37.23
20160926,38.21
20160927,33.89
20160928,33.75
20160929,93.99
20160930,46.08
20161001,35.7
20161002,33.05
20161003,32.82
20161004,31.98
20161005,32.03
20161006,34.61
20161007,74.05
20161008,71
20161009,72
20161010,72
20161011,80
20161012,120
20161013,146
20161014,119
20161015,126
20161016,103
20161017,96
20161018,99
20161019,91
20161020,113
20161021,127
20161022,165
20161023,175
20161024,179
20161025,177
20161026,178
20161027,177
20161028,165
20161029,165
20161030,169
20161031,165
20161101,169
20161102,169
20161103,172
20161104,173
20161105,173
20161106,173
20161107,167
20161108,166
20161109,139
20161110,111
20161111,109
20161112,109
20161113,110
20161114,111
20161115,111
20161116,111
20161117,106
20161118,106
20161119,105
20161120,104
20161121,104
20161122,104
20161123,104
20161124,104
20161125,104
20161126,90
20161127,98
20161128,96
20161129,96
20161130,99
20161201,99
20161202,99
20161203,99
20161204,99
20161205,99
20161206,99
20161207,99
20161208,99
20161209,99
20161210,99
20161211,99
20161212,99
20161213,99
20161214,97
20161215,97
20161216,85
20161217,85
20161218,85
20161219,83
20161220,83
20161221,83
20161222,83
20161223,48
20161224,48
20161225,48
20161226,48
20161227,49
20161228,50
20161229,50
20161230,50
20161231,53
20170101,56
20170102,56
20170103,56
20170104,46.27
20170105,13.79
20170106,13.72
20170107,13.67
20170108,13.51
20170109,13.45
20170110,13.34
20170111,13.27
20170112,13.16
20170113,13.04
20170114,12.82
20170115,11
20170116,11
20170117,11
20170118,11
20170119,11
20170120,11
20170121,11
20170122,7.516
20170123,4.437
20170124,3.853
20170125,3.685
20170126,3.82
20170127,4.137
20170128,4.433
20170129,4.438
20170130,4.588
20170131,4.714
20170201,4.824
20170202,4.943
20170203,5
20170204,4.663
20170205,4.33
20170206,2.774
20170207,2.373
20170208,2.556
20170209,2.472
20170210,1.902
20170211,1.803
20170212,0.8318
20170213,1.121
20170214,1.314
20170215,1.432
20170216,1.566
20170217,1.395
20170218,0.9913
20170219,0.6736
20170220,0.6475
20170221,0.7123
20170222,0.7529
20170223,0.6457
20170224,0.7086
20170225,0.6175
20170226,0.6382
20170227,0.6063
20170228,0.611
20170301,0.5714
20170302,0.5572
20170303,0.5981
20170304,0.6056
20170305,0.5505
20170306,0.5214
20170307,0.5461
20170308,0.5227
20170309,0.5441
20170310,0.5378
20170311,0.4552
20170312,0.5187
20170313,0.494
20170314,0.5003
20170315,0.6686
20170316,0.7559
20170317,0.7357
20170318,0.7022
20170319,0.424
20170320,0.4519
20170321,0.4799
20170322,0.6933
20170323,0.5091
20170324,0.4839
20170325,0.4709
20170326,0.4763
20170327,0.4681
20170328,0.4797
20170329,0.4152
20170330,0.3839
20170331,0.4738
20170401,0.2454
20170402,0.4208
20170403,0.5842
20170404,0.5805
20170405,14
20170406,11.45
20170407,2.244
20170408,4.466
20170409,1.755
20170410,1.075
20170411,0.7929
20170412,0.8085
20170413,0.5798
20170414,0.5309
20170415,0.5676
20170416,0.4763
20170417,0.7341
20170418,0.6452
20170419,0.7022
20170420,0.6507
20170421,0.5656
20170422,0.6491
20170423,0.3546
20170424,0.4691
20170425,0.3288
20170426,0.3265
20170427,0.3551
20170428,0.5737
20170429,0.6041
20170430,0.7214
20170501,0.5256
20170502,5
20170503,5
20170504,5
20170505,5
20170506,5
20170507,5
20170508,5
20170509,5
20170510,5
20170511,5
20170512,5
20170513,12
20170514,18
20170515,14
20170516,14
20170517,19
20170518,16
20170519,15
20170520,15
20170521,14
20170522,14
20170523,14
20170524,14
20170525,14
20170526,14
20170527,5
20170528,5
20170529,5
20170530,5
20170531,5
20170601,5
20170602,5
20170603,5
20170604,5
20170605,5
20170606,5
20170607,5
20170608,15
20170609,16
20170610,16
20170611,16
20170612,16
20170613,16
20170614,16
20170615,16
20170616,16
20170617,16
20170618,16
20170619,16
20170620,16
20170621,16
20170622,9
20170623,5
20170624,7
20170625,8
20170626,8
20170627,8
20170628,8
20170629,11
20170630,12
20170701,12
20170702,12
20170703,12
20170704,5
20170705,5
20170706,5
20170707,5
20170708,5
20170709,5
20170710,5
20170711,5
20170712,5
20170713,5
20170714,5
20170715,5
20170716,5
20170717,5
20170718,5
20170719,5
20170720,5
20170721,5
20170722,5
20170723,5
20170724,5
20170725,5
20170726,5
20170727,5
20170728,5
20170729,5
20170730,5
20170731,5
20170801,5
20170802,5
20170803,5
20170804,5
20170805,5
20170806,5
20170807,5
20170808,5
20170809,5
20170810,5
20170811,5
20170812,5
20170813,5
20170814,5
20170815,5
20170816,5
20170817,5
20170818,5
20170819,5
20170820,5
20170821,5
20170822,7
20170823,11
20170824,16
20170825,19
20170826,25
20170827,27
20170828,28
20170829,25
20170830,27
20170831,50
20170901,70
20170902,73
20170903,76
20170904,73
20170905,76
20170906,77
20170907,77
20170908,53
20170909,66
20170910,87
20170911,90
20170912,91
20170913,109
20170914,558
20170915,903
20170916,902
20170917,794
20170918,688
20170919,376
20170920,209
20170921,281.6
20170922,81.14
20170923,80.06
20170924,80.21
20170925,158
20170926,143.7
20170927,101.1
20170928,146
20170929,147
20170930,147
20171001,147
20171002,147
20171003,147
20171004,147
20171005,192
20171006,147
20171007,149
20171008,156
20171009,283
20171010,404
20171011,143.1
20171012,96.07
20171013,97.14
20171014,175.6
20171015,173.8
20171016,113.2
20171017,101.4
20171018,98.03
20171019,96.94
20171020,96.43
20171021,96.07
20171022,95.54
20171023,95.09
20171024,94.45
20171025,93.74
20171026,93.14
20171027,92.07
20171028,91.09
20171029,90.21
20171030,89.1
20171031,88.01
20171101,86.97
20171102,85.83
20171103,84.54
20171104,83.41
20171105,82.11
20171106,80.96
20171107,127
20171108,127
20171109,127
20171110,124
20171111,77.27
20171112,75.69
20171113,74.49
20171114,73.38
20171115,72.24
20171116,71.11
20171117,69.95
20171118,68.77
20171119,67.69
20171120,66.49
20171121,65.37
20171122,64.17
20171123,63.14
20171124,61.83
20171125,60.64
20171126,59.42
20171127,58.33
20171128,57.16
20171129,56.02
20171130,54.82
20171201,53.87
20171202,52.75
20171203,51.73
20171204,50.68
20171205,49.52
20171206,48.48
20171207,47.45
20171208,46.38
20171209,45.36
20171210,44.37
20171211,43.38
20171212,42.43
20171213,41.66
20171214,40.72
20171215,39.72
20171216,38.81
20171217,37.87
20171218,37.04
20171219,36.09
20171220,35.29
20171221,34.39
20171222,33.65
20171223,32.87
20171224,32.06
20171225,31.3
20171226,30.5
20171227,29.79
20171228,26.35
20171229,20.56
20171230,18.44
20171231,16.57
20180101,15.58
20180102,13.23
20180103,12.37
20180104,11.02
20180105,8.696
20180106,7.559
20180107,7.491
20180108,6.955
20180109,7.16
20180110,7.016
20180111,6.923
20180112,6.339
20180113,4.981
20180114,5.208
20180115,5.392
20180116,5.52
20180117,5.25
20180118,3.946
20180119,4.145
20180120,3.674
20180121,3.751
20180122,3.509
20180123,3.355
20180124,3.174
20180125,3.045
20180126,3.238
20180127,3.015
20180128,2.625
20180129,2.358
20180130,2.234
20180131,2.412
20180201,1.965
20180202,1.771
20180203,1.8
20180204,1.639
20180205,1.695
20180206,1.518
20180207,1.52
20180208,1.768
20180209,1.505
20180210,77
20180211,84
20180212,73
20180213,70
20180214,101
20180215,101
20180216,21.91
20180217,6.359
20180218,6.7
20180219,7.009
20180220,7.321
20180221,7.542
20180222,7.759
20180223,8.062
20180224,8.191
20180225,8.396
20180226,8.502
20180227,8.587
20180228,8.704
20180301,8.756
20180302,8.815
20180303,8.913
20180304,8.829
20180305,8.838
20180306,8.894
20180307,8.875
20180308,7
20180309,4
20180310,4
20180311,4
20180312,14
20180313,19.28
20180314,8.442
20180315,8.55
20180316,45
20180317,52
20180318,52
20180319,52
20180320,52
20180321,14.01
20180322,9.028
20180323,8.753
20180324,8.095
20180325,7.763
20180326,6.792
20180327,6.324
20180328,4
20180329,2.762
20180330,3.131
20180331,4
20180401,4
20180402,4
20180403,19
20180404,18
20180405,14
20180406,14
20180407,14
20180408,14
20180409,14
20180410,14
20180411,14
20180412,14
20180413,14
20180414,14
20180415,14
20180416,14
20180417,14
20180418,14
20180419,14
20180420,7
20180421,5
20180422,5
20180423,5
20180424,8
20180425,12
20180426,19
20180427,19
20180428,7
20180429,5
20180430,5
20180501,28
20180502,33
20180503,32.67
20180504,8.794
20180505,3.593
20180506,2.387
20180507,2.354
20180508,2.101
20180509,5
20180510,5
20180511,5
20180512,5
20180513,5
20180514,5
20180515,5
20180516,5
20180517,5
20180518,5
20180519,5
20180520,5
20180521,5
20180522,5
20180523,5
20180524,5
20180525,5
20180526,5
20180527,5
20180528,5
20180529,5
20180530,11
20180531,16
20180601,19
20180602,32
20180603,33
20180604,33
20180605,28
20180606,25
20180607,25
20180608,5
20180609,5
20180610,5
20180611,5
20180612,5
20180613,5
20180614,5
20180615,5
20180616,5
20180617,5
20180618,5
20180619,5
20180620,5
20180621,5
20180622,5
20180623,5
20180624,5
20180625,5
20180626,5
20180627,5
20180628,5
20180629,5
20180630,5
20180701,5
20180702,5
20180703,5
20180704,5
20180705,5
20180706,5
20180707,5
20180708,5
20180709,5
20180710,7.792
20180711,103.8
20180712,191.3
20180713,146.7
20180714,96.82
20180715,85.83
20180716,84.83
20180717,102.5
20180718,86.34
20180719,85.7
20180720,86.85
20180721,85.95
20180722,98.09
20180723,87.29
20180724,88.15
20180725,89.81
20180726,86.17
20180727,85.51
20180728,86.2
20180729,85.47
20180730,82.3
20180731,85.19
20180801,84.71
20180802,83.02
20180803,82.23
20180804,81.77
20180805,81.45
20180806,81.04
20180807,80.03
20180808,80.79
20180809,94.28
20180810,81.85
20180811,78.37
20180812,96.25
20180813,181.8
20180814,536.1
20180815,285.3
20180816,507.1
20180817,193.6
20180818,121.4
20180819,95.8
20180820,89.84
20180821,85.71
20180822,84.94
20180823,85.97
20180824,84.92
20180825,83.71
20180826,85.73
20180827,93.23
20180828,88.18
20180829,86.19
20180830,87.37
20180831,90.09
20180901,87.34
20180902,83.68
20180903,84.63
20180904,82.77
20180905,82.83
20180906,81.54
20180907,80.25
20180908,82.57
20180909,81
20180910,77.98
20180911,78.46
20180912,208.6
20180913,98.64
20180914,82.71
20180915,79.14
20180916,74.18
20180917,75.22
20180918,74.47
20180919,71.01
20180920,70.51
20180921,162.4
20180922,85.89
20180923,72.8
20180924,75.19
20180925,178.6
20180926,526.1
20180927,719.9
20180928,461.6
20180929,614.7
20180930,303.5
20181001,141
20181002,107
20181003,107
20181004,141
20181005,141
20181006,141
20181007,141
20181008,141
20181009,453
20181010,1682
20181011,2769
20181012,1163
20181013,93
20181014,218
20181015,237
20181016,293
20181017,321
20181018,331
20181019,172
20181020,196
20181021,152
20181022,152
20181023,152
20181024,152
20181025,157
20181026,157
20181027,114
20181028,114
20181029,118
20181030,126
20181031,126
20181101,128
20181102,131
20181103,355
20181104,321
20181105,87.87
20181106,86.7
20181107,85.76
20181108,84.68
20181109,83.69
20181110,82.64
20181111,81.6
20181112,80.47
20181113,79.34
20181114,78.19
20181115,76.99
20181116,75.77
20181117,74.51
20181118,73.26
20181119,135
20181120,87.56
20181121,74.56
20181122,70.96
20181123,69.25
20181124,68.09
20181125,67.07
20181126,65.9
20181127,64.86
20181128,63.88
20181129,62.82
20181130,61.77
20181201,60.7
20181202,59.65
20181203,58.62
20181204,57.5
20181205,56.41
20181206,55.33
20181207,54.3
20181208,53.28
20181209,52.26
20181210,51.15
20181211,50.13
20181212,49.07
20181213,48.09
20181214,47.09
20181215,46.06
20181216,45.09
20181217,44.05
20181218,43.12
20181219,42.21
20181220,41.29
20181221,40.35
20181222,39.43
20181223,38.54
20181224,37.65
20181225,36.72
20181226,35.92
20181227,35.09
20181228,34.42
20181229,33.44
20181230,32.16
20181231,31.23
20190101,26.01
20190102,20.6
20190103,18.47
20190104,16.6
20190105,15.22
20190106,12.79
20190107,10.7
20190108,9.712
20190109,9.139
20190110,8.946
20190111,8.945
20190112,8.819
20190113,8.72
20190114,8.156
20190115,7.635
20190116,6.858
20190117,7.053
20190118,6.472
20190119,6.591
20190120,6.559
20190121,5.659
20190122,5.667
20190123,5.804
20190124,5.411
20190125,4.856
20190126,4.406
20190127,4.453
20190128,4.444
20190129,4.422
20190130,3.818
20190131,3.414
20190201,3.29
20190202,3.272
20190203,2.672
20190204,2.611
20190205,2.508
20190206,2.395
20190207,2.705
20190208,17.96
20190209,6.736
20190210,4.629
20190211,6.868
20190212,5.284
20190213,5.193
20190214,5.439
20190215,5.729
20190216,6.02
20190217,6.285
20190218,6.475
20190219,6.689
20190220,6.895
20190221,7.077
20190222,7.157
20190223,7.311
20190224,7.357
20190225,7.461
20190226,7.478
20190227,7.595
20190228,7.64
20190301,7.63
20190302,7.647
20190303,8.139
20190304,7.911
20190305,7.793
20190306,7.937
20190307,7.931
20190308,7.837
20190309,7.405
20190310,6.947
20190311,7.127
20190312,6.607
20190313,5.862
20190314,5.032
20190315,3.334
20190316,2.329
20190317,1.856
20190318,2.072
20190319,2.193
20190320,2.353
20190321,2.079
20190322,1.268
20190323,1.462
20190324,1.367
20190325,1.244
20190326,1.258
20190327,1.348
20190328,1.451
20190329,1.271
20190330,1.408
20190331,1.579
20190401,1.53
20190402,1.727
20190403,1.858
20190404,1.121
20190405,1.124
20190406,1.337
20190407,1.066
20190408,1.373
20190409,1.48
20190410,1.592
20190411,1.447
20190412,5
20190413,5
20190414,5
20190415,5
20190416,1.913
20190417,1.271
20190418,1.468
20190419,1.423
20190420,1.396
20190421,1.438
20190422,1.162
20190423,1.311
20190424,1.171
20190425,0.9966
20190426,1.01
20190427,1.024
20190428,1.209
20190429,0.9724
20190430,1.179
20190501,1.17
20190502,0.9035
20190503,0.8653
20190504,0.9055
20190505,0.828
20190506,1.095
20190507,1.3
20190508,1.022
20190509,1.376
20190510,1.138
20190511,1.16
20190512,1.234
20190513,1.375
20190514,1.328
20190515,1.097
20190516,0.995
20190517,1.19
20190518,1.254
20190519,1.236
20190520,1.231
20190521,1.258
20190522,1.221
20190523,1.21
20190524,1.257
20190525,5
20190526,5
20190527,5
20190528,5
20190529,5
20190530,5
20190531,5
20190601,8.556
20190602,2.062
20190603,42
20190604,16.12
20190605,5.348
20190606,28
20190607,40
20190608,42
20190609,33.05
20190610,3.632
20190611,2.727
20190612,3.008
20190613,4.18
20190614,2.935
20190615,2.481
20190616,2.237
20190617,1.918
20190618,2.008
20190619,1.879
20190620,1.891
20190621,1.721
20190622,1.774
20190623,1.822
20190624,1.765
20190625,1.785
20190626,1.76
20190627,1.894
20190628,1.805
20190629,1.824
20190630,1.889
20190701,1.928
20190702,8
20190703,8
20190704,9.445
20190705,11
20190706,11
20190707,11
20190708,11
20190709,19
20190710,14
20190711,19
20190712,14
20190713,14
20190714,14
20190715,12
20190716,11
20190717,9
20190718,8
20190719,8
20190720,8
20190721,5
20190722,5
20190723,5
20190724,31
20190725,93
20190726,99
20190727,97
20190728,96
20190729,92
20190730,90
20190731,92
20190801,91
20190802,90
20190803,90
20190804,90
20190805,90
20190806,105
20190807,93
20190808,98
20190809,93
20190810,1183
20190811,878.7
20190812,199.6
20190813,123.1
20190814,99.77
20190815,136.3
20190816,117.4
20190817,155
20190818,82.07
20190819,107.2
20190820,686.7
20190821,212.1
20190822,146.4
20190823,116.9
20190824,127.8
20190825,111.3
20190826,110.8
20190827,113.1
20190828,112.5
20190829,115.6
20190830,113.6
20190831,113.8
20190901,116.3
20190902,120.4
20190903,129.3
20190904,158.9
20190905,274.7
20190906,245.7
20190907,198.6
20190908,205
20190909,193.1
20190910,138.3
20190911,128.8
20190912,127
20190913,126.7
20190914,123.2
20190915,123.1
20190916,125.3
20190917,125.3
20190918,125.8
20190919,125.6
20190920,125.4
20190921,126.1
20190922,127.4
20190923,313.5
20190924,404.9
20190925,230.3
20190926,346.7
20190927,215
20190928,610
20190929,294
20190930,189
20191001,164
20191002,155
20191003,167
20191004,152
20191005,124
20191006,131
20191007,136
20191008,136
20191009,141
20191010,146
20191011,148
20191012,148
20191013,152
20191014,326.6
20191015,200.3
20191016,863.2
20191017,252.4
20191018,181.1
20191019,159.7
20191020,144
20191021,368.9
20191022,496.7
20191023,204.6
20191024,116.9
20191025,215.5
20191026,160.7
20191027,143.3
20191028,139.2
20191029,138
20191030,224
20191031,154.3
20191101,148.5
20191102,138.4
20191103,138.6
20191104,152.2
20191105,156
20191106,172
20191107,138
20191108,138
20191109,140
20191110,141
20191111,141
20191112,141
20191113,141
20191114,141
20191115,137
20191116,135
20191117,135
20191118,135
20191119,135
20191120,135
20191121,128
20191122,127
20191123,127
20191124,127
20191125,127
20191126,128
20191127,130
20191128,133
20191129,133
20191130,132
20191201,128
20191202,126
20191203,120
20191204,116
20191205,116
20191206,116
20191207,114
20191208,120
20191209,123
20191210,123
20191211,123
20191212,123
20191213,123
20191214,126
20191215,127
20191216,128
20191217,128
20191218,129
20191219,130
20191220,130
20191221,129
20191222,126
20191223,126
20191224,126
20191225,126
20191226,126
20191227,126
20191228,126
20191229,130
20191230,131
20191231,131
20200101,131
20200102,131
20200103,131
20200104,131
20200105,132
20200106,131
20200107,127
20200108,127
20200109,127
20200110,127
20200111,127
20200112,127
20200113,128
20200114,128
20200115,128
20200116,128
20200117,127
20200118,127
20200119,126
20200120,126
20200121,126
20200122,124
20200123,124
20200124,123
20200125,121
20200126,114
20200127,0
20200128,0
20200129,0
20200130,0
20200131,0
20200201,0
20200202,0
20200203,0
20200204,0
20200205,0
20200206,0
20200207,0
20200208,0
20200209,0
20200210,0
20200211,0
20200212,0
20200213,0
20200214,0
20200215,0
20200216,0
20200217,0
20200218,0
20200219,0
20200220,0
20200221,0
20200222,0
20200223,0
20200224,0
20200225,0
20200226,0
20200227,0
20200228,0
20200229,0
20200301,0
20200302,0
20200303,0
20200304,0
20200305,0
20200306,0
20200307,0
20200308,0
20200309,0
20200310,0
20200311,0
20200312,0
20200313,0
20200314,0
20200315,0
20200316,0
20200317,0
20200318,0
20200319,0
20200320,0
20200321,0
20200322,0
20200323,0
20200324,0
20200325,0
20200326,0
20200327,0
20200328,0
20200329,0
20200330,0
20200331,0
20200401,0
20200402,0
20200403,0
20200404,0
20200405,0
20200406,0
20200407,0
20200408,0
20200409,0
20200410,0
20200411,0
20200412,0
20200413,0
20200414,0
20200415,0
20200416,0
20200417,0
20200418,0
20200419,0
20200420,0
20200421,0
20200422,0
20200423,0
20200424,0
20200425,0
20200426,0
20200427,0
20200428,0
20200429,0
20200430,0
20200501,0
20200502,0
20200503,0
20200504,0
20200505,0
20200506,0
20200507,0
20200508,0
20200509,0
20200510,0
20200511,0
20200512,0
20200513,0
20200514,0
20200515,0
20200516,0
20200517,0
20200518,0
20200519,0
20200520,0
20200521,0
20200522,0
20200523,0
20200524,0
20200525,0
20200526,0
20200527,0
20200528,0
20200529,0
20200530,0
20200531,0
20200601,0
20200602,0
20200603,0
20200604,0
20200605,0
20200606,0
20200607,0
20200608,0
20200609,0
20200610,0
20200611,0
20200612,0
20200613,0
20200614,0
20200615,0
20200616,0
20200617,0
20200618,0
20200619,0
20200620,0
20200621,0
20200622,0
20200623,0
20200624,0
20200625,0
20200626,0
20200627,0
20200628,0
20200629,0
20200630,0
20200701,0
20200702,0
20200703,0
20200704,0
20200705,0
20200706,0
20200707,0
20200708,0
20200709,0
20200710,0
20200711,0
20200712,0
20200713,0
20200714,0
20200715,0
20200716,0
20200717,0
20200718,0
20200719,0
20200720,0
20200721,0
20200722,0
20200723,0
20200724,0
20200725,0
20200726,39.82
20200727,66.53
20200728,67.12
20200729,75.4
20200730,175.2
20200731,89.48
20200801,77.14
20200802,75.42
20200803,138.1
20200804,398.9
20200805,903.8
20200806,1191
20200807,1028
20200808,532.5
20200809,208.1
20200810,122.8
20200811,102.8
20200812,112.3
20200813,99.36
20200814,97.17
20200815,120.2
20200816,108.6
20200817,171.7
20200818,163.5
20200819,117.6
20200820,110.4
20200821,108.6
20200822,107.7
20200823,107.8
20200824,108.9
20200825,108.4
20200826,107.1
20200827,106
20200828,106.9
20200829,106
20200830,105
20200831,105.3
20200901,106.5
20200902,923.8
20200903,376.8
20200904,380.4
20200905,406
20200906,199.5
20200907,176.3
20200908,124.8
20200909,116.3
20200910,114.4
20200911,111.9
20200912,112.9
20200913,113.7
20200914,113.2
20200915,112.2
20200916,111.1
20200917,111.8
20200918,111.4
20200919,110.4
20200920,156.2
20200921,305.3
20200922,239.5
20200923,142.3
20200924,119.1
20200925,112.2
20200926,110.2
20200927,109.2
20200928,106.4
20200929,140.8
20200930,113.6
20201001,108.2
20201002,104.8
20201003,173.1
20201004,117.9
20201005,108.2
20201006,111.7
20201007,106.6
20201008,104.6
20201009,103.2
20201010,664.5
20201011,555.9
20201012,191.5
20201013,159.4
20201014,308
20201015,279.1
20201016,141.7
20201017,114.8
20201018,108
20201019,497.5
20201020,174.6
20201021,129.5
20201022,197.3
20201023,128.4
20201024,123
20201025,114.3
20201026,112.8
20201027,109.4
20201028,108.9
20201029,109.1
20201030,108.3
20201031,108.5
20201101,107.4
20201102,107.9
20201103,107.4
20201104,106.4
20201105,104.3
20201106,150.6
20201107,113.1
20201108,103.9
20201109,101.7
20201110,99.98
20201111,98.5
20201112,97.39
20201113,96.64
20201114,99.51
20201115,93.98
20201116,92.68
20201117,94.22
20201118,91.71
20201119,88.66
20201120,87.09
20201121,85.45
20201122,84.43
20201123,83.22
20201124,81.52
20201125,80.05
20201126,78.72
20201127,77.34
20201128,75.64
20201129,74.64
20201130,73.29
20201201,71.62
20201202,70.69
20201203,69.11
20201204,67.4
20201205,65.81
20201206,66.27
20201207,63.5
20201208,77.58
20201209,174.7
20201210,80.08
20201211,65.85
20201212,60.49
20201213,58.69
20201214,57.21
20201215,56.78
20201216,55.78
20201217,54.85
20201218,53.71
20201219,52.78
20201220,51.92
20201221,51.03
20201222,50.25
20201223,49.13
20201224,48.38
20201225,47.16
20201226,46.25
20201227,45.51
20201228,44.65
20201229,43.54
20201230,42.76
20201231,40.54
