Date,Simulated Inflow
20110101,68.62
20110102,67.2
20110103,65.69
20110104,64.23
20110105,62.82
20110106,61.41
20110107,59.94
20110108,58.68
20110109,57.3
20110110,55.98
20110111,54.69
20110112,53.39
20110113,52.19
20110114,50.88
20110115,49.67
20110116,48.53
20110117,47.34
20110118,46.21
20110119,45.1
20110120,43.97
20110121,42.91
20110122,41.82
20110123,40.71
20110124,39.79
20110125,38.79
20110126,37.85
20110127,36.92
20110128,35.92
20110129,35.05
20110130,34.17
20110131,33.3
20110201,32.41
20110202,31.6
20110203,30.81
20110204,30.01
20110205,29.22
20110206,28.34
20110207,24.22
20110208,16.4
20110209,14.87
20110210,14.18
20110211,12.66
20110212,10.63
20110213,8.718
20110214,6.446
20110215,6.341
20110216,6.306
20110217,6.423
20110218,6.1
20110219,5.975
20110220,5.195
20110221,5.547
20110222,5.572
20110223,5.703
20110224,5.714
20110225,5.992
20110226,4.727
20110227,3.437
20110228,3.663
20110301,3.695
20110302,3.882
20110303,2.621
20110304,2.828
20110305,3.001
20110306,2.741
20110307,2.517
20110308,2.11
20110309,2.103
20110310,2.046
20110311,2.154
20110312,2.165
20110313,2.048
20110314,1.979
20110315,1.955
20110316,1.929
20110317,1.928
20110318,1.912
20110319,1.877
20110320,1.889
20110321,1.82
20110322,1.734
20110323,1.812
20110324,1.907
20110325,1.986
20110326,1.722
20110327,1.975
20110328,1.935
20110329,1.8
20110330,1.672
20110331,1.741
20110401,1.592
20110402,1.547
20110403,1.595
20110404,1.541
20110405,1.591
20110406,1.509
20110407,1.438
20110408,1.546
20110409,1.387
20110410,1.773
20110411,1.9
20110412,1.807
20110413,1.601
20110414,1.772
20110415,1.754
20110416,1.848
20110417,1.914
20110418,1.928
20110419,1.969
20110420,8.34
20110421,3.819
20110422,30.2
20110423,9.984
20110424,4.769
20110425,2.839
20110426,2.486
20110427,2.003
20110428,1.914
20110429,1.847
20110430,1.809
20110501,2.007
20110502,2.003
20110503,1.684
20110504,1.707
20110505,1.636
20110506,1.611
20110507,1.518
20110508,1.44
20110509,1.53
20110510,1.425
20110511,1.36
20110512,1.638
20110513,1.369
20110514,1.671
20110515,1.652
20110516,30.32
20110517,9.408
20110518,79.93
20110519,22.05
20110520,8.552
20110521,4.3
20110522,2.918
20110523,2.454
20110524,63.3
20110525,17.41
20110526,7.13
20110527,4.035
20110528,3.048
20110529,2.606
20110530,2.44
20110531,9.296
20110601,4.129
20110602,2.853
20110603,27.73
20110604,9.126
20110605,4.969
20110606,3.286
20110607,2.648
20110608,2.498
20110609,2.405
20110610,7.759
20110611,5.92
20110612,7.73
20110613,5.549
20110614,3.423
20110615,19.14
20110616,21.1
20110617,7.992
20110618,31.71
20110619,10.58
20110620,7.246
20110621,6.802
20110622,7.485
20110623,8.755
20110624,9.463
20110625,10.43
20110626,21.52
20110627,80.18
20110628,33.41
20110629,21.58
20110630,19.2
20110701,19.23
20110702,934.5
20110703,179.3
20110704,69.97
20110705,39.98
20110706,31.52
20110707,39.03
20110708,32.47
20110709,31.91
20110710,32.44
20110711,33.16
20110712,34.02
20110713,34.94
20110714,57.35
20110715,82.01
20110716,82.23
20110717,1162
20110718,379.3
20110719,201
20110720,91.25
20110721,71.78
20110722,58.41
20110723,57.09
20110724,57.89
20110725,58.67
20110726,62.64
20110727,168.9
20110728,84.44
20110729,71.62
20110730,139
20110731,183.5
20110801,94.32
20110802,118.1
20110803,153.2
20110804,229.7
20110805,118
20110806,186.7
20110807,121.2
20110808,103.4
20110809,92.72
20110810,91.09
20110811,91.53
20110812,92.64
20110813,97.43
20110814,95.78
20110815,96
20110816,96.34
20110817,96.78
20110818,97.22
20110819,97.45
20110820,97.61
20110821,150.9
20110822,108.9
20110823,101.5
20110824,99.15
20110825,98.24
20110826,97.76
20110827,135.3
20110828,105.4
20110829,107.2
20110830,105.8
20110831,104.5
20110901,156.2
20110902,379.6
20110903,216.4
20110904,165.5
20110905,117.5
20110906,107.1
20110907,104.2
20110908,103.6
20110909,103.5
20110910,103.4
20110911,103.3
20110912,103.1
20110913,104.5
20110914,103.2
20110915,102.6
20110916,109.2
20110917,103.7
20110918,102.1
20110919,101.1
20110920,100.4
20110921,99.71
20110922,98.96
20110923,98.03
20110924,97.02
20110925,96
20110926,94.93
20110927,93.83
20110928,92.62
20110929,91.52
20110930,90.17
20111001,94.67
20111002,260.9
20111003,140.6
20111004,101.4
20111005,91.39
20111006,87.83
20111007,86.19
20111008,85.08
20111009,110.4
20111010,92.58
20111011,254.3
20111012,220.1
20111013,113.8
20111014,93.51
20111015,677.7
20111016,397.1
20111017,154.5
20111018,108.3
20111019,94.69
20111020,90.7
20111021,89.78
20111022,89.38
20111023,89.02
20111024,95.47
20111025,105.4
20111026,221.3
20111027,115.4
20111028,165.1
20111029,113.3
20111030,105
20111031,96.07
20111101,93.96
20111102,104.5
20111103,106.9
20111104,391.1
20111105,325.7
20111106,156.9
20111107,183.5
20111108,118.2
20111109,106.3
20111110,103.2
20111111,102.6
20111112,102.6
20111113,102.7
20111114,102.7
20111115,102.5
20111116,102.3
20111117,101.9
20111118,101.4
20111119,100.8
20111120,100.1
20111121,99.34
20111122,98.42
20111123,97.51
20111124,96.5
20111125,95.39
20111126,94.48
20111127,93.25
20111128,92.1
20111129,189.9
20111130,109.4
20111201,95.1
20111202,90.17
20111203,87.92
20111204,86.43
20111205,85.21
20111206,83.98
20111207,82.77
20111208,81.6
20111209,80.35
20111210,79.06
20111211,77.8
20111212,76.51
20111213,75.23
20111214,73.93
20111215,72.56
20111216,71.26
20111217,69.96
20111218,68.68
20111219,67.33
20111220,66.03
20111221,64.7
20111222,63.44
20111223,62.08
20111224,60.82
20111225,59.61
20111226,58.37
20111227,57.08
20111228,55.91
20111229,54.69
20111230,53.46
20111231,52.32
20120101,51.16
20120102,49.97
20120103,48.87
20120104,47.76
20120105,46.64
20120106,45.57
20120107,44.54
20120108,43.51
20120109,42.46
20120110,41.45
20120111,40.45
20120112,39.49
20120113,38.55
20120114,37.65
20120115,36.71
20120116,35.81
20120117,34.97
20120118,34.07
20120119,33.25
20120120,32.44
20120121,31.66
20120122,30.85
20120123,29.86
20120124,28.72
20120125,19.8
20120126,17.78
20120127,15.57
20120128,14.46
20120129,13.06
20120130,10.49
20120131,9.876
20120201,8.334
20120202,7.172
20120203,6.59
20120204,6.361
20120205,6.245
20120206,6.463
20120207,6.595
20120208,5.837
20120209,5.833
20120210,5.877
20120211,4.887
20120212,4.149
20120213,4.344
20120214,4.545
20120215,4.192
20120216,4.131
20120217,4.178
20120218,3.651
20120219,3.492
20120220,3.583
20120221,3.681
20120222,2.18
20120223,2.272
20120224,2.356
20120225,2.521
20120226,2.175
20120227,2.047
20120228,2.116
20120229,1.901
20120301,1.957
20120302,1.93
20120303,1.958
20120304,1.878
20120305,1.866
20120306,1.868
20120307,1.835
20120308,1.832
20120309,1.737
20120310,1.819
20120311,1.763
20120312,1.67
20120313,1.708
20120314,1.831
20120315,1.621
20120316,1.622
20120317,1.648
20120318,1.548
20120319,1.622
20120320,1.522
20120321,1.601
20120322,1.543
20120323,1.508
20120324,1.538
20120325,1.493
20120326,1.473
20120327,1.411
20120328,1.391
20120329,1.417
20120330,1.416
20120331,1.382
20120401,1.305
20120402,1.401
20120403,1.314
20120404,1.316
20120405,1.191
20120406,1.337
20120407,1.24
20120408,1.123
20120409,1.204
20120410,1.24
20120411,1.149
20120412,1.156
20120413,1.17
20120414,1.161
20120415,1.062
20120416,1.119
20120417,1.34
20120418,1.06
20120419,1.439
20120420,1.152
20120421,1.426
20120422,1.26
20120423,1.145
20120424,1.278
20120425,1.359
20120426,1.471
20120427,1.492
20120428,2.837
20120429,1.97
20120430,1.574
20120501,1.712
20120502,1.473
20120503,1.418
20120504,1.399
20120505,1.343
20120506,1.321
20120507,1.293
20120508,1.229
20120509,1.573
20120510,1.332
20120511,1.354
20120512,34.17
20120513,9.914
20120514,4.146
20120515,2.44
20120516,1.942
20120517,1.783
20120518,1.479
20120519,1.44
20120520,1.421
20120521,1.384
20120522,1.32
20120523,1.206
20120524,1.241
20120525,1.172
20120526,1.173
20120527,1.088
20120528,0.9545
20120529,1.034
20120530,1.221
20120531,0.9284
20120601,0.9393
20120602,1.205
20120603,1.231
20120604,1.285
20120605,2.03
20120606,80.53
20120607,124
20120608,30.62
20120609,11.29
20120610,5.532
20120611,3.667
20120612,22.47
20120613,9.655
20120614,82.01
20120615,19.02
20120616,56.95
20120617,134.2
20120618,801.9
20120619,713
20120620,549.1
20120621,118.1
20120622,53.96
20120623,22.54
20120624,15.88
20120625,15.53
20120626,16.91
20120627,24.57
20120628,528
20120629,795.2
20120630,211.3
20120701,81.44
20120702,55.55
20120703,120.5
20120704,57.66
20120705,48.62
20120706,47.59
20120707,48.77
20120708,50.53
20120709,52.29
20120710,53.97
20120711,55.38
20120712,56.73
20120713,57.89
20120714,58.85
20120715,59.72
20120716,60.35
20120717,60.93
20120718,67.33
20120719,63.56
20120720,63.06
20120721,63.19
20120722,75.72
20120723,66.94
20120724,65.38
20120725,65.16
20120726,66.54
20120727,87.09
20120728,75.57
20120729,78.83
20120730,70.66
20120731,69.04
20120801,68.8
20120802,75.87
20120803,70.91
20120804,70.32
20120805,152.8
20120806,136.1
20120807,244.3
20120808,137.9
20120809,143.2
20120810,115.5
20120811,113.2
20120812,144.4
20120813,95
20120814,86.68
20120815,84.8
20120816,85.09
20120817,85.59
20120818,96.2
20120819,89.48
20120820,88.38
20120821,88.08
20120822,88.23
20120823,88.25
20120824,88.53
20120825,140.9
20120826,305.1
20120827,224
20120828,155.4
20120829,125.3
20120830,102.9
20120831,97.29
20120901,131.6
20120902,104.3
20120903,127.6
20120904,108.1
20120905,103
20120906,100.8
20120907,100.5
20120908,100.8
20120909,100.9
20120910,101.1
20120911,101
20120912,100.9
20120913,100.6
20120914,100.4
20120915,99.87
20120916,99.25
20120917,98.55
20120918,97.84
20120919,97.05
20120920,95.85
20120921,94.95
20120922,93.89
20120923,92.77
20120924,91.71
20120925,90.52
20120926,89.24
20120927,88.01
20120928,86.9
20120929,85.62
20120930,84.3
20121001,82.94
20121002,81.54
20121003,80.36
20121004,79.02
20121005,77.67
20121006,76.29
20121007,74.83
20121008,73.51
20121009,72.41
20121010,71.08
20121011,69.58
20121012,68.19
20121013,66.97
20121014,65.62
20121015,64.49
20121016,63.33
20121017,61.84
20121018,60.65
20121019,59.43
20121020,58.48
20121021,57.75
20121022,56.47
20121023,55.41
20121024,54.17
20121025,53.14
20121026,52.25
20121027,51.04
20121028,50.07
20121029,49.05
20121030,48.09
20121031,47.03
20121101,176.2
20121102,304.3
20121103,95.92
20121104,61.14
20121105,51.11
20121106,68.27
20121107,51.51
20121108,48.11
20121109,47.21
20121110,46.67
20121111,46.36
20121112,46.1
20121113,45.88
20121114,45.56
20121115,45.19
20121116,44.72
20121117,44.39
20121118,43.91
20121119,43.45
20121120,42.91
20121121,42.41
20121122,41.87
20121123,41.27
20121124,40.72
20121125,40.1
20121126,39.53
20121127,38.88
20121128,38.25
20121129,37.65
20121130,37.01
20121201,36.4
20121202,35.72
20121203,35.14
20121204,34.61
20121205,33.98
20121206,33.35
20121207,32.6
20121208,31.89
20121209,31.32
20121210,30.69
20121211,29.97
20121212,29.45
20121213,28.85
20121214,28.23
20121215,27.64
20121216,27.07
20121217,26.49
20121218,25.45
20121219,24.75
20121220,23.53
20121221,22.13
20121222,15.33
20121223,12.51
20121224,11.7
20121225,11.54
20121226,9.234
20121227,7.991
20121228,7.44
20121229,6.517
20121230,6.924
20121231,6.886
20130101,7.101
20130102,7.045
20130103,7.118
20130104,6.383
20130105,5.074
20130106,5.261
20130107,3.726
20130108,4.014
20130109,4.2
20130110,4.291
20130111,4.47
20130112,4.572
20130113,4.422
20130114,3.199
20130115,3.396
20130116,3.53
20130117,3.613
20130118,2.509
20130119,2.269
20130120,2.456
20130121,2.587
20130122,1.956
20130123,1.615
20130124,1.583
20130125,1.533
20130126,1.536
20130127,1.579
20130128,1.634
20130129,1.661
20130130,1.663
20130131,1.412
20130201,1.42
20130202,1.4
20130203,1.388
20130204,1.344
20130205,1.297
20130206,1.376
20130207,1.348
20130208,1.487
20130209,8.739
20130210,7.98
20130211,3.816
20130212,3.169
20130213,3.25
20130214,3.439
20130215,3.655
20130216,9.919
20130217,5.977
20130218,5.542
20130219,5.463
20130220,5.699
20130221,5.88
20130222,6.145
20130223,6.372
20130224,6.56
20130225,6.703
20130226,6.826
20130227,6.982
20130228,7.072
20130301,7.197
20130302,7.257
20130303,7.251
20130304,7.3
20130305,7.341
20130306,7.438
20130307,7.387
20130308,138.5
20130309,34.48
20130310,16.22
20130311,11.09
20130312,33.96
20130313,15.16
20130314,11.55
20130315,10.62
20130316,10.42
20130317,10.66
20130318,10.64
20130319,32.16
20130320,16.1
20130321,12.85
20130322,12.06
20130323,11.86
20130324,11.85
20130325,11.94
20130326,11.81
20130327,12.12
20130328,11.71
20130329,11.77
20130330,11.47
20130331,11.2
20130401,11.05
20130402,10.75
20130403,10.62
20130404,10.83
20130405,10.44
20130406,9.52
20130407,9.224
20130408,8.873
20130409,8.483
20130410,8.751
20130411,8.27
20130412,7.362
20130413,4.227
20130414,3.568
20130415,3.528
20130416,2.67
20130417,2.248
20130418,1.712
20130419,1.915
20130420,1.996
20130421,1.034
20130422,1.018
20130423,1.23
20130424,1.59
20130425,1.523
20130426,1.843
20130427,2.294
20130428,2.384
20130429,2.636
20130430,2.658
20130501,2.631
20130502,2.626
20130503,2.869
20130504,2.881
20130505,3.015
20130506,3.113
20130507,3.201
20130508,2.937
20130509,3.147
20130510,3.102
20130511,3.162
20130512,3.256
20130513,3.521
20130514,1.656
20130515,1.504
20130516,1.428
20130517,1.314
20130518,1.491
20130519,1.606
20130520,1.187
20130521,2.237
20130522,1.8
20130523,1.449
20130524,1.335
20130525,1.301
20130526,1.264
20130527,1.478
20130528,1.449
20130529,1.64
20130530,1.493
20130531,10.39
20130601,352.2
20130602,71.54
20130603,23.07
20130604,9.052
20130605,4.533
20130606,3.13
20130607,2.663
20130608,2.404
20130609,2.307
20130610,4.441
20130611,4.972
20130612,3.105
20130613,2.54
20130614,2.35
20130615,62.52
20130616,60.27
20130617,30.17
20130618,33.53
20130619,12.2
20130620,8.277
20130621,7.608
20130622,8.093
20130623,8.852
20130624,11.22
20130625,100.1
20130626,228.1
20130627,66.53
20130628,30.98
20130629,22.55
20130630,20.91
20130701,21.33
20130702,22.9
20130703,88.72
20130704,846.5
20130705,176.7
20130706,87.41
20130707,49.53
20130708,40.1
20130709,38.26
20130710,38.87
20130711,40.23
20130712,43.3
20130713,52.21
20130714,50.7
20130715,47.69
20130716,47.91
20130717,176
20130718,112.4
20130719,194.7
20130720,581.5
20130721,301.8
20130722,139.2
20130723,104
20130724,317.8
20130725,352
20130726,236.4
20130727,158.2
20130728,300.7
20130729,184.1
20130730,109.2
20130731,113
20130801,212.3
20130802,857.5
20130803,523
20130804,227.4
20130805,138.5
20130806,118.8
20130807,126.1
20130808,116.2
20130809,115.7
20130810,116.3
20130811,117.9
20130812,119.1
20130813,120
20130814,120.9
20130815,121.4
20130816,121.7
20130817,122
20130818,121.9
20130819,121.9
20130820,122.9
20130821,122.4
20130822,121.7
20130823,121.2
20130824,120.6
20130825,120.1
20130826,119.4
20130827,118.6
20130828,117.4
20130829,116.5
20130830,115.7
20130831,114.6
20130901,124
20130902,161.1
20130903,134.3
20130904,117.5
20130905,113
20130906,119.9
20130907,136
20130908,126.3
20130909,147.3
20130910,117.8
20130911,111.7
20130912,109.6
20130913,295.5
20130914,143.2
20130915,131.8
20130916,115.1
20130917,110.2
20130918,198.2
20130919,316.4
20130920,151.5
20130921,122
20130922,113.6
20130923,110.7
20130924,110
20130925,109.4
20130926,108.9
20130927,108.3
20130928,107.7
20130929,106.8
20130930,106.2
20131001,105.3
20131002,104.4
20131003,103.6
20131004,102.6
20131005,101.4
20131006,100.5
20131007,99.34
20131008,98.13
20131009,96.86
20131010,95.59
20131011,94.12
20131012,92.93
20131013,91.41
20131014,90.14
20131015,93.63
20131016,88.94
20131017,109.8
20131018,90.76
20131019,86.18
20131020,418.1
20131021,143.4
20131022,100.6
20131023,87.8
20131024,96.76
20131025,84.85
20131026,81.67
20131027,80.28
20131028,79.08
20131029,78.3
20131030,77.27
20131031,76.33
20131101,75.43
20131102,74.56
20131103,73.57
20131104,72.53
20131105,71.48
20131106,70.23
20131107,69.17
20131108,68.06
20131109,66.9
20131110,65.75
20131111,64.66
20131112,63.52
20131113,62.51
20131114,61.2
20131115,60.09
20131116,58.94
20131117,57.92
20131118,56.66
20131119,55.67
20131120,54.43
20131121,53.32
20131122,52.22
20131123,51.13
20131124,284.6
20131125,93.13
20131126,62.2
20131127,53.02
20131128,49.6
20131129,48.05
20131130,47.16
20131201,46.43
20131202,49.74
20131203,46.43
20131204,45.06
20131205,44.31
20131206,43.6
20131207,42.99
20131208,42.35
20131209,41.66
20131210,41.05
20131211,40.36
20131212,39.7
20131213,38.99
20131214,38.28
20131215,37.67
20131216,37
20131217,36.28
20131218,35.63
20131219,34.94
20131220,34.3
20131221,33.58
20131222,32.95
20131223,32.26
20131224,31.63
20131225,30.95
20131226,30.33
20131227,29.63
20131228,29.06
20131229,28.46
20131230,27.82
20131231,27.25
20140101,26.63
20140102,25.89
20140103,25.2
20140104,24.67
20140105,19.23
20140106,13.33
20140107,12.84
20140108,12.39
20140109,9.957
20140110,8.803
20140111,7.629
20140112,7.61
20140113,7.725
20140114,6.301
20140115,5.625
20140116,5.835
20140117,6.035
20140118,6.164
20140119,6.244
20140120,4.992
20140121,4.762
20140122,4.796
20140123,4.708
20140124,4.374
20140125,4.403
20140126,4.188
20140127,4.35
20140128,3.981
20140129,3.901
20140130,3.652
20140131,3.268
20140201,3.035
20140202,2.734
20140203,2.302
20140204,2.477
20140205,2.452
20140206,1.816
20140207,1.748
20140208,1.744
20140209,1.769
20140210,1.789
20140211,1.733
20140212,1.678
20140213,1.694
20140214,1.639
20140215,1.66
20140216,1.635
20140217,1.615
20140218,1.625
20140219,1.555
20140220,1.479
20140221,1.556
20140222,1.72
20140223,1.485
20140224,1.477
20140225,1.48
20140226,1.433
20140227,1.434
20140228,1.39
20140301,1.356
20140302,1.575
20140303,1.393
20140304,1.541
20140305,1.325
20140306,1.43
20140307,1.28
20140308,1.46
20140309,1.537
20140310,2.276
20140311,1.588
20140312,1.442
20140313,1.334
20140314,1.343
20140315,1.23
20140316,1.239
20140317,1.197
20140318,1.107
20140319,1.197
20140320,1.086
20140321,1.165
20140322,1.123
20140323,1.11
20140324,1.113
20140325,1.087
20140326,1.133
20140327,1.075
20140328,1.037
20140329,1.071
20140330,1.022
20140331,0.9664
20140401,1.014
20140402,1.162
20140403,1.154
20140404,0.974
20140405,0.9624
20140406,0.8817
20140407,0.8422
20140408,0.9086
20140409,1.135
20140410,1.236
20140411,1.146
20140412,1.168
20140413,0.9017
20140414,1.236
20140415,1.22
20140416,1.265
20140417,1.259
20140418,1.342
20140419,342.6
20140420,79.34
20140421,25.35
20140422,9.195
20140423,4.046
20140424,2.385
20140425,1.89
20140426,2.424
20140427,3.232
20140428,2.251
20140429,1.757
20140430,1.882
20140501,1.771
20140502,28.18
20140503,157.2
20140504,36.97
20140505,12.46
20140506,5.491
20140507,3.164
20140508,2.644
20140509,714.4
20140510,129.6
20140511,40.9
20140512,14.21
20140513,6.121
20140514,3.502
20140515,2.625
20140516,2.293
20140517,2.41
20140518,2.68
20140519,2.769
20140520,3.362
20140521,3.674
20140522,3.973
20140523,4.283
20140524,4.323
20140525,4.584
20140526,4.651
20140527,4.937
20140528,5.213
20140529,16.23
20140530,8.392
20140531,58.84
20140601,17.36
20140602,9.316
20140603,15.07
20140604,8.461
20140605,7.07
20140606,6.697
20140607,6.571
20140608,6.166
20140609,6.489
20140610,6.401
20140611,6.362
20140612,6.306
20140613,6.289
20140614,6.191
20140615,6.233
20140616,6.206
20140617,6.098
20140618,6.158
20140619,87.3
20140620,79.15
20140621,23.58
20140622,14.41
20140623,10.29
20140624,9.398
20140625,9.283
20140626,9.394
20140627,9.706
20140628,10.27
20140629,10.41
20140630,10.44
20140701,10.8
20140702,11.23
20140703,11.05
20140704,11.22
20140705,11.63
20140706,18.91
20140707,13.59
20140708,12.74
20140709,12.46
20140710,12.6
20140711,29.73
20140712,30.65
20140713,54.19
20140714,135.8
20140715,79.79
20140716,150
20140717,165.3
20140718,77.5
20140719,167.9
20140720,234.8
20140721,168.9
20140722,194.8
20140723,225.3
20140724,262
20140725,102.4
20140726,66.57
20140727,55
20140728,77.3
20140729,98.97
20140730,69.72
20140731,169.9
20140801,230
20140802,193.6
20140803,102.4
20140804,101
20140805,193.3
20140806,218.4
20140807,289.1
20140808,126.6
20140809,100.7
20140810,94.75
20140811,94.33
20140812,95.46
20140813,96.82
20140814,98.02
20140815,99.24
20140816,100
20140817,100.6
20140818,101.5
20140819,181.5
20140820,136.5
20140821,150
20140822,118
20140823,111.1
20140824,107.7
20140825,107.3
20140826,107.2
20140827,107.2
20140828,107.3
20140829,107.3
20140830,107.1
20140831,106.7
20140901,131.9
20140902,114.5
20140903,108.6
20140904,118.9
20140905,109.2
20140906,106.8
20140907,105.9
20140908,105.2
20140909,104.6
20140910,104.1
20140911,103.1
20140912,102.2
20140913,101.6
20140914,100.6
20140915,99.55
20140916,98.44
20140917,97.39
20140918,96.11
20140919,94.88
20140920,93.76
20140921,92.56
20140922,91.21
20140923,89.92
20140924,130.8
20140925,990.7
20140926,974.6
20140927,263.5
20140928,144.7
20140929,884.1
20140930,228.4
20141001,132.1
20141002,104.5
20141003,96.1
20141004,93.57
20141005,92.72
20141006,92.48
20141007,124.7
20141008,104.1
20141009,124.5
20141010,124.3
20141011,100.7
20141012,97.75
20141013,95.03
20141014,94.02
20141015,93.68
20141016,94.3
20141017,93.51
20141018,92.95
20141019,149.4
20141020,107.5
20141021,108.4
20141022,96.67
20141023,93.82
20141024,92.68
20141025,111.3
20141026,144.3
20141027,111.4
20141028,206.5
20141029,115.1
20141030,99.75
20141031,95.19
20141101,93.69
20141102,93
20141103,92.5
20141104,91.96
20141105,91.36
20141106,90.68
20141107,89.94
20141108,89.15
20141109,88.29
20141110,87.33
20141111,86.46
20141112,85.39
20141113,84.37
20141114,83.99
20141115,82.7
20141116,81.46
20141117,80.39
20141118,79.31
20141119,78.21
20141120,77.1
20141121,75.92
20141122,74.79
20141123,73.61
20141124,72.43
20141125,71.21
20141126,69.96
20141127,68.72
20141128,67.54
20141129,66.34
20141130,65.06
20141201,63.86
20141202,62.67
20141203,61.37
20141204,60.18
20141205,59.02
20141206,57.82
20141207,56.63
20141208,55.41
20141209,54.47
20141210,53.18
20141211,52.34
20141212,51.3
20141213,50.24
20141214,49.28
20141215,48.31
20141216,49.95
20141217,47.21
20141218,45.95
20141219,45.01
20141220,44.16
20141221,43.27
20141222,42.46
20141223,41.62
20141224,40.81
20141225,40.01
20141226,39.19
20141227,38.38
20141228,37.61
20141229,36.83
20141230,36.06
20141231,35.29
20150101,34.54
20150102,33.76
20150103,33.01
20150104,32.28
20150105,31.54
20150106,30.84
20150107,29.98
20150108,27.57
20150109,22.12
20150110,18.43
20150111,17.27
20150112,15.17
20150113,12.74
20150114,12.27
20150115,10.26
20150116,9.039
20150117,9.215
20150118,8.77
20150119,8.931
20150120,7.255
20150121,7.487
20150122,7.617
20150123,7.397
20150124,7.221
20150125,6.796
20150126,6.482
20150127,5.662
20150128,5.504
20150129,5.607
20150130,4.874
20150131,4.211
20150201,4.453
20150202,4.582
20150203,4.703
20150204,3.732
20150205,3.926
20150206,3.976
20150207,2.403
20150208,2.626
20150209,2.846
20150210,2.648
20150211,2.595
20150212,2.594
20150213,2.639
20150214,1.816
20150215,1.891
20150216,1.986
20150217,1.925
20150218,1.747
20150219,1.825
20150220,1.769
20150221,1.761
20150222,1.662
20150223,1.717
20150224,1.691
20150225,1.66
20150226,1.663
20150227,1.619
20150228,1.59
20150301,1.534
20150302,1.587
20150303,1.518
20150304,1.478
20150305,1.533
20150306,1.429
20150307,51.92
20150308,33.36
20150309,60.44
20150310,16.23
20150311,8.039
20150312,6.133
20150313,5.963
20150314,6.283
20150315,6.91
20150316,7.356
20150317,7.795
20150318,8.003
20150319,8.311
20150320,8.609
20150321,8.963
20150322,9.164
20150323,9.402
20150324,9.6
20150325,9.666
20150326,9.804
20150327,9.919
20150328,10.06
20150329,10.11
20150330,10.18
20150331,10.23
20150401,53.53
20150402,21.63
20150403,13.98
20150404,11.39
20150405,10.57
20150406,10.54
20150407,10.45
20150408,10.37
20150409,10.27
20150410,10.17
20150411,17.29
20150412,11.96
20150413,165.7
20150414,45.18
20150415,20.43
20150416,13.31
20150417,11.14
20150418,10.35
20150419,9.582
20150420,9.073
20150421,8.23
20150422,65.95
20150423,21.72
20150424,12.24
20150425,11.33
20150426,87.93
20150427,31.23
20150428,14.84
20150429,10.79
20150430,16.82
20150501,12.73
20150502,10.76
20150503,18.58
20150504,12.83
20150505,12.02
20150506,11.71
20150507,24.6
20150508,16.62
20150509,14.43
20150510,14.18
20150511,14.33
20150512,14.76
20150513,155.8
20150514,43.07
20150515,24.91
20150516,57.14
20150517,30.71
20150518,23.1
20150519,111.2
20150520,39.63
20150521,28.19
20150522,25.23
20150523,24.86
20150524,25.18
20150525,25.68
20150526,26.06
20150527,26.55
20150528,26.88
20150529,27.11
20150530,33.58
20150531,29.11
20150601,271.7
20150602,75.96
20150603,48.05
20150604,34.34
20150605,38.61
20150606,31.34
20150607,29.41
20150608,29.05
20150609,28.85
20150610,28.66
20150611,28.25
20150612,28.27
20150613,28.22
20150614,27.98
20150615,27.67
20150616,27.41
20150617,27.12
20150618,26.84
20150619,39.97
20150620,354.6
20150621,367.1
20150622,561.5
20150623,352.5
20150624,488.5
20150625,260.3
20150626,402.5
20150627,111.2
20150628,64.27
20150629,52.04
20150630,49.52
20150701,49.92
20150702,50.66
20150703,52.27
20150704,53.13
20150705,54.2
20150706,55.09
20150707,55.79
20150708,56.6
20150709,57.05
20150710,57.4
20150711,57.63
20150712,57.74
20150713,57.6
20150714,57.65
20150715,57.64
20150716,57.52
20150717,57.29
20150718,56.98
20150719,57.97
20150720,94.59
20150721,64.9
20150722,59.15
20150723,57.53
20150724,56.89
20150725,56.47
20150726,56.12
20150727,55.85
20150728,55.66
20150729,55.2
20150730,54.62
20150731,54.06
20150801,53.88
20150802,57.33
20150803,54.09
20150804,53.18
20150805,52.64
20150806,52.22
20150807,53.08
20150808,52.07
20150809,51.63
20150810,51.19
20150811,51.59
20150812,51.57
20150813,65.22
20150814,57.1
20150815,52.9
20150816,51.58
20150817,51.55
20150818,51.53
20150819,199.5
20150820,80.05
20150821,63.99
20150822,56.85
20150823,94.59
20150824,63.23
20150825,57.59
20150826,56.18
20150827,56.24
20150828,56.28
20150829,56.11
20150830,56.34
20150831,56.31
20150901,55.97
20150902,55.79
20150903,55.62
20150904,55.49
20150905,106.6
20150906,548.3
20150907,145.7
20150908,203.2
20150909,89.04
20150910,68.36
20150911,62.55
20150912,61.02
20150913,60.44
20150914,60.64
20150915,60.74
20150916,60.72
20150917,60.39
20150918,60.41
20150919,60.19
20150920,59.72
20150921,59.59
20150922,59.14
20150923,58.51
20150924,57.92
20150925,418.7
20150926,122.5
20150927,77.21
20150928,76.24
20150929,68.83
20150930,61.53
20151001,79.06
20151002,63.86
20151003,60.93
20151004,60.11
20151005,217.1
20151006,149.2
20151007,81.88
20151008,68.29
20151009,64.44
20151010,63.43
20151011,63.12
20151012,98.29
20151013,70.83
20151014,65.89
20151015,64.44
20151016,63.92
20151017,63.62
20151018,63.39
20151019,63.1
20151020,62.74
20151021,62.33
20151022,61.85
20151023,61.27
20151024,60.7
20151025,60.12
20151026,59.4
20151027,58.78
20151028,58.04
20151029,64.67
20151030,73.08
20151031,60.52
20151101,57.54
20151102,777.2
20151103,412.3
20151104,159.5
20151105,210.6
20151106,91.76
20151107,70.6
20151108,64.77
20151109,63.34
20151110,63.22
20151111,64.27
20151112,84.23
20151113,68.98
20151114,65.99
20151115,65.34
20151116,65.28
20151117,65.06
20151118,64.9
20151119,64.9
20151120,64.69
20151121,64.34
20151122,64.11
20151123,67.46
20151124,64.57
20151125,63.71
20151126,62.97
20151127,62.52
20151128,61.92
20151129,61.42
20151130,60.95
20151201,60.56
20151202,59.95
20151203,59.41
20151204,58.75
20151205,57.91
20151206,57.22
20151207,56.47
20151208,55.69
20151209,54.91
20151210,54.13
20151211,53.31
20151212,52.48
20151213,51.6
20151214,50.81
20151215,50.11
20151216,49.16
20151217,48.3
20151218,47.39
20151219,46.59
20151220,45.7
20151221,44.82
20151222,44.01
20151223,43.14
20151224,42.25
20151225,41.4
20151226,40.46
20151227,39.68
20151228,38.91
20151229,29.79
20151230,27.46
20151231,25.99
20160101,25.26
20160102,23.5
20160103,22.88
20160104,22.3
20160105,21.2
20160106,20.12
20160107,18.29
20160108,17.16
20160109,14.09
20160110,12.85
20160111,11.51
20160112,11.4
20160113,10.6
20160114,10.78
20160115,10.43
20160116,10.11
20160117,8.927
20160118,8.576
20160119,8.909
20160120,8.999
20160121,8.978
20160122,9.041
20160123,8.827
20160124,7.056
20160125,6.937
20160126,7.078
20160127,6.227
20160128,6.133
20160129,5.883
20160130,5.269
20160131,5.447
20160201,4.539
20160202,4.06
20160203,3.652
20160204,3.855
20160205,4.021
20160206,3.2
20160207,2.247
20160208,2.524
20160209,2.703
20160210,2.841
20160211,2.805
20160212,2.712
20160213,2.073
20160214,1.798
20160215,1.993
20160216,1.697
20160217,1.88
20160218,1.449
20160219,1.462
20160220,1.505
20160221,1.554
20160222,1.549
20160223,1.368
20160224,1.381
20160225,1.632
20160226,1.449
20160227,1.434
20160228,1.35
20160229,1.287
20160301,1.261
20160302,1.272
20160303,1.216
20160304,1.281
20160305,1.214
20160306,1.25
20160307,1.231
20160308,1.209
20160309,1.177
20160310,1.179
20160311,1.176
20160312,1.068
20160313,1.081
20160314,1.1
20160315,1.052
20160316,1.073
20160317,1.038
20160318,1.065
20160319,1.002
20160320,1.059
20160321,1.043
20160322,0.9535
20160323,0.9724
20160324,0.978
20160325,0.9501
20160326,0.9032
20160327,0.8985
20160328,0.9025
20160329,0.9337
20160330,0.8486
20160331,0.8956
20160401,1.01
20160402,1.011
20160403,0.8849
20160404,0.7809
20160405,0.8428
20160406,0.8101
20160407,0.8007
20160408,0.7243
20160409,0.9601
20160410,1.007
20160411,1.098
20160412,1.005
20160413,1.002
20160414,0.8037
20160415,0.7863
20160416,46.75
20160417,13.33
20160418,5.116
20160419,2.441
20160420,1.522
20160421,1.473
20160422,1.083
20160423,0.9858
20160424,1.044
20160425,0.9733
20160426,0.9901
20160427,0.9754
20160428,0.7959
20160429,0.8924
20160430,0.8448
20160501,1.145
20160502,0.8455
20160503,1.12
20160504,1.141
20160505,1.075
20160506,1.072
20160507,1.176
20160508,1.068
20160509,1.111
20160510,0.8897
20160511,1.168
20160512,1.357
20160513,1.547
20160514,1.69
20160515,1.797
20160516,1.79
20160517,1.56
20160518,1.776
20160519,1.531
20160520,1.699
20160521,1.443
20160522,1.3
20160523,1.262
20160524,1.245
20160525,1.17
20160526,1.136
20160527,1.093
20160528,1.33
20160529,1.212
20160530,1.248
20160531,1.288
20160601,1.345
20160602,1.442
20160603,1.387
20160604,1.418
20160605,1.407
20160606,1.402
20160607,1.286
20160608,1.304
20160609,1.487
20160610,9.331
20160611,3.947
20160612,2.499
20160613,2.008
20160614,1.809
20160615,1.237
20160616,1.627
20160617,1.587
20160618,4.222
20160619,2.255
20160620,1.488
20160621,1.562
20160622,1.446
20160623,1.416
20160624,1.262
20160625,1.327
20160626,1.339
20160627,1.262
20160628,16.09
20160629,433.6
20160630,210.1
20160701,101.1
20160702,76.93
20160703,41.98
20160704,42.93
20160705,38.96
20160706,11.84
20160707,83.82
20160708,30.54
20160709,15.97
20160710,31.57
20160711,65.53
20160712,31.14
20160713,23.75
20160714,23.06
20160715,24.33
20160716,26.21
20160717,28.07
20160718,29.58
20160719,31.46
20160720,32.73
20160721,34.3
20160722,35.39
20160723,36.51
20160724,37.38
20160725,38.08
20160726,38.75
20160727,39.03
20160728,40.04
20160729,474.4
20160730,119
20160731,65.7
20160801,50.98
20160802,50.53
20160803,47.37
20160804,53.34
20160805,62.7
20160806,58.98
20160807,54.22
20160808,52.23
20160809,52.28
20160810,52.67
20160811,53.27
20160812,53.75
20160813,54.16
20160814,54.49
20160815,54.55
20160816,54.94
20160817,55.02
20160818,54.96
20160819,54.78
20160820,54.6
20160821,54.14
20160822,53.84
20160823,53.63
20160824,53.3
20160825,52.58
20160826,52.34
20160827,51.76
20160828,51.19
20160829,50.54
20160830,49.93
20160831,104.2
20160901,60.44
20160902,52.31
20160903,49.6
20160904,48.64
20160905,47.9
20160906,47.33
20160907,46.85
20160908,46.33
20160909,45.84
20160910,47.78
20160911,45.58
20160912,44.73
20160913,43.9
20160914,43.66
20160915,43.23
20160916,42.83
20160917,42.34
20160918,41.85
20160919,41.32
20160920,40.75
20160921,40.24
20160922,39.65
20160923,39.09
20160924,38.53
20160925,37.92
20160926,37.43
20160927,36.63
20160928,36.1
20160929,86.67
20160930,46.3
20161001,38.43
20161002,35.94
20161003,35.01
20161004,34.4
20161005,33.99
20161006,33.56
20161007,33.11
20161008,32.62
20161009,32.16
20161010,31.69
20161011,31.24
20161012,30.95
20161013,121.2
20161014,48.4
20161015,35.72
20161016,31.96
20161017,30.7
20161018,30.08
20161019,29.74
20161020,29.41
20161021,29.13
20161022,28.79
20161023,28.47
20161024,28.12
20161025,27.73
20161026,27.33
20161027,27.01
20161028,26.6
20161029,26.25
20161030,25.78
20161031,25.57
20161101,40.31
20161102,28.76
20161103,26.1
20161104,25.19
20161105,24.81
20161106,24.47
20161107,24.21
20161108,23.93
20161109,23.65
20161110,23.39
20161111,23.1
20161112,22.81
20161113,22.47
20161114,22.2
20161115,22.49
20161116,21.85
20161117,21.52
20161118,21.12
20161119,20.79
20161120,20.47
20161121,20.03
20161122,16.71
20161123,14.02
20161124,12.54
20161125,12.15
20161126,12
20161127,10.74
20161128,9.948
20161129,9.066
20161130,8.603
20161201,8.419
20161202,8.506
20161203,8.805
20161204,8.944
20161205,8.88
20161206,9.046
20161207,8.739
20161208,8.466
20161209,7.653
20161210,7.345
20161211,6.415
20161212,5.733
20161213,17.54
20161214,138.1
20161215,33.13
20161216,16.12
20161217,11.65
20161218,10.73
20161219,10.76
20161220,11.12
20161221,11.49
20161222,11.91
20161223,12.24
20161224,12.53
20161225,12.88
20161226,13.02
20161227,13.27
20161228,13.47
20161229,13.59
20161230,13.67
20161231,13.77
20170101,13.78
20170102,13.77
20170103,13.8
20170104,13.82
20170105,13.79
20170106,13.72
20170107,13.67
20170108,13.51
20170109,13.45
20170110,13.34
20170111,13.27
20170112,13.16
20170113,13.04
20170114,12.82
20170115,12.76
20170116,12.55
20170117,12.43
20170118,12.18
20170119,11.57
20170120,8.867
20170121,7.376
20170122,6.802
20170123,4.437
20170124,3.853
20170125,3.685
20170126,3.82
20170127,4.137
20170128,4.433
20170129,4.438
20170130,4.588
20170131,4.714
20170201,4.824
20170202,4.943
20170203,5.022
20170204,4.642
20170205,4.33
20170206,2.774
20170207,2.373
20170208,2.556
20170209,2.472
20170210,1.902
20170211,1.803
20170212,0.8318
20170213,1.121
20170214,1.314
20170215,1.432
20170216,1.566
20170217,1.395
20170218,0.9913
20170219,0.6736
20170220,0.6475
20170221,0.7123
20170222,0.7529
20170223,0.6457
20170224,0.7086
20170225,0.6175
20170226,0.6382
20170227,0.6063
20170228,0.611
20170301,0.5714
20170302,0.5572
20170303,0.5981
20170304,0.6056
20170305,0.5505
20170306,0.5214
20170307,0.5461
20170308,0.5227
20170309,0.5441
20170310,0.5378
20170311,0.4552
20170312,0.5187
20170313,0.494
20170314,0.5003
20170315,0.6686
20170316,0.7559
20170317,0.7357
20170318,0.7022
20170319,0.424
20170320,0.4519
20170321,0.4799
20170322,0.6933
20170323,0.5091
20170324,0.4839
20170325,0.4709
20170326,0.4763
20170327,0.4681
20170328,0.4797
20170329,0.4152
20170330,0.3839
20170331,0.4738
20170401,0.2454
20170402,0.4208
20170403,0.5842
20170404,0.5805
20170405,19.75
20170406,5.707
20170407,2.244
20170408,4.466
20170409,1.755
20170410,1.075
20170411,0.7929
20170412,0.8085
20170413,0.5798
20170414,0.5309
20170415,0.5676
20170416,0.4763
20170417,0.7341
20170418,0.6452
20170419,0.7022
20170420,0.6507
20170421,0.5656
20170422,0.6491
20170423,0.3546
20170424,0.4691
20170425,0.3288
20170426,0.3265
20170427,0.3551
20170428,0.5737
20170429,0.6041
20170430,0.7214
20170501,0.5256
20170502,23.29
20170503,6.985
20170504,22.32
20170505,7.068
20170506,3.02
20170507,132.4
20170508,34.6
20170509,11.65
20170510,5.071
20170511,2.775
20170512,125.4
20170513,29.98
20170514,10.5
20170515,151.4
20170516,32.16
20170517,10.9
20170518,4.909
20170519,32.69
20170520,8.761
20170521,4.154
20170522,2.49
20170523,2.206
20170524,81.8
20170525,18.54
20170526,8.031
20170527,78.57
20170528,20.04
20170529,9.75
20170530,7.104
20170531,6.609
20170601,6.564
20170602,7.179
20170603,7.454
20170604,7.539
20170605,7.863
20170606,8.151
20170607,8.59
20170608,8.928
20170609,9.125
20170610,9.193
20170611,9.602
20170612,37.54
20170613,19
20170614,12.7
20170615,10.82
20170616,10.4
20170617,10.34
20170618,10.21
20170619,10.22
20170620,10.11
20170621,10.08
20170622,9.96
20170623,9.896
20170624,9.905
20170625,10.02
20170626,10.4
20170627,21.06
20170628,13.97
20170629,12.49
20170630,13.5
20170701,13.55
20170702,13.32
20170703,13.73
20170704,30.52
20170705,19.53
20170706,17.4
20170707,17.25
20170708,17.61
20170709,18.1
20170710,18.43
20170711,19.05
20170712,19.51
20170713,19.91
20170714,20.35
20170715,20.72
20170716,21.06
20170717,27.2
20170718,32.5
20170719,134.2
20170720,337.7
20170721,89.49
20170722,51.35
20170723,36.48
20170724,33.01
20170725,32.74
20170726,33.45
20170727,34.28
20170728,35.15
20170729,35.88
20170730,36.16
20170731,36.79
20170801,40.62
20170802,38.99
20170803,38.95
20170804,39.59
20170805,39.68
20170806,39.98
20170807,40.11
20170808,40.31
20170809,40.38
20170810,40.31
20170811,40.32
20170812,47.23
20170813,42.1
20170814,40.9
20170815,44.44
20170816,65.03
20170817,46.64
20170818,150.8
20170819,87.45
20170820,55.78
20170821,133.6
20170822,93.12
20170823,58.37
20170824,51.9
20170825,54.23
20170826,51.64
20170827,111.9
20170828,65.18
20170829,155.3
20170830,89.99
20170831,66.38
20170901,61.08
20170902,60.4
20170903,60.63
20170904,61.18
20170905,61.7
20170906,73.86
20170907,156.4
20170908,94.42
20170909,209.8
20170910,381.6
20170911,127.9
20170912,87.44
20170913,76.51
20170914,73.92
20170915,73.64
20170916,73.82
20170917,120.1
20170918,114.8
20170919,188.8
20170920,100
20170921,85.17
20170922,81.14
20170923,80.06
20170924,80.21
20170925,158
20170926,143.7
20170927,101.1
20170928,809.3
20170929,224.8
20170930,125.9
20171001,99.59
20171002,264.8
20171003,122.9
20171004,100.4
20171005,94.42
20171006,92.91
20171007,163.7
20171008,107.5
20171009,97.97
20171010,95.27
20171011,100.3
20171012,96.07
20171013,97.14
20171014,175.6
20171015,173.8
20171016,113.2
20171017,101.4
20171018,98.03
20171019,96.94
20171020,96.43
20171021,96.07
20171022,95.54
20171023,95.09
20171024,94.45
20171025,93.74
20171026,93.14
20171027,92.07
20171028,91.09
20171029,90.21
20171030,89.1
20171031,88.01
20171101,86.97
20171102,85.83
20171103,84.54
20171104,83.41
20171105,82.11
20171106,80.96
20171107,230.6
20171108,107.7
20171109,86.71
20171110,80.07
20171111,77.27
20171112,75.69
20171113,74.49
20171114,73.38
20171115,72.24
20171116,71.11
20171117,69.95
20171118,68.77
20171119,67.69
20171120,66.49
20171121,65.37
20171122,64.17
20171123,63.14
20171124,61.83
20171125,60.64
20171126,59.42
20171127,58.33
20171128,57.16
20171129,56.02
20171130,54.82
20171201,53.87
20171202,52.75
20171203,51.73
20171204,50.68
20171205,49.52
20171206,48.48
20171207,47.45
20171208,46.38
20171209,45.36
20171210,44.37
20171211,43.38
20171212,42.43
20171213,41.66
20171214,40.72
20171215,39.72
20171216,38.81
20171217,37.87
20171218,37.04
20171219,36.09
20171220,35.29
20171221,34.39
20171222,33.65
20171223,32.87
20171224,32.06
20171225,31.3
20171226,30.5
20171227,29.79
20171228,26.35
20171229,20.56
20171230,18.44
20171231,16.57
20180101,15.58
20180102,13.23
20180103,12.37
20180104,11.02
20180105,8.696
20180106,7.559
20180107,7.491
20180108,6.955
20180109,7.16
20180110,7.016
20180111,6.923
20180112,6.339
20180113,4.981
20180114,5.208
20180115,5.392
20180116,5.52
20180117,5.25
20180118,3.946
20180119,4.145
20180120,3.674
20180121,3.751
20180122,3.509
20180123,3.355
20180124,3.174
20180125,3.045
20180126,3.238
20180127,3.015
20180128,2.625
20180129,2.358
20180130,2.234
20180131,2.412
20180201,1.965
20180202,1.771
20180203,1.8
20180204,1.639
20180205,1.695
20180206,1.518
20180207,1.52
20180208,1.768
20180209,1.505
20180210,399.8
20180211,73.93
20180212,24.57
20180213,10.86
20180214,6.965
20180215,6.067
20180216,6.057
20180217,6.359
20180218,6.7
20180219,7.009
20180220,7.321
20180221,7.542
20180222,7.759
20180223,8.062
20180224,8.191
20180225,8.396
20180226,8.502
20180227,8.587
20180228,8.704
20180301,8.756
20180302,8.815
20180303,8.913
20180304,8.829
20180305,8.838
20180306,8.894
20180307,8.875
20180308,8.791
20180309,8.809
20180310,8.793
20180311,8.732
20180312,8.614
20180313,8.565
20180314,8.442
20180315,8.55
20180316,172.6
20180317,43.6
20180318,19.38
20180319,12.26
20180320,10.05
20180321,9.139
20180322,9.028
20180323,8.753
20180324,8.095
20180325,7.763
20180326,6.792
20180327,6.324
20180328,4.13
20180329,2.633
20180330,3.131
20180331,16.21
20180401,6.801
20180402,4.697
20180403,158.7
20180404,36.67
20180405,14.3
20180406,7.527
20180407,5.579
20180408,4.891
20180409,4.727
20180410,4.803
20180411,4.508
20180412,4.759
20180413,4.847
20180414,4.559
20180415,4.847
20180416,4.844
20180417,4.741
20180418,4.874
20180419,4.943
20180420,5.009
20180421,4.635
20180422,4.927
20180423,82.52
20180424,21.87
20180425,8.083
20180426,4.634
20180427,2.385
20180428,1.253
20180429,1.16
20180430,1.34
20180501,1.514
20180502,1.516
20180503,1.794
20180504,8.794
20180505,3.593
20180506,2.387
20180507,2.354
20180508,2.101
20180509,100.6
20180510,22.12
20180511,228.3
20180512,151
20180513,35.4
20180514,53.73
20180515,271.3
20180516,55.18
20180517,21.24
20180518,12.17
20180519,9.808
20180520,55.03
20180521,19.49
20180522,33.52
20180523,16.8
20180524,266.2
20180525,83.45
20180526,174.5
20180527,49.1
20180528,98.42
20180529,38.66
20180530,1433
20180531,261.5
20180601,96.21
20180602,294.8
20180603,103.6
20180604,64.12
20180605,64.83
20180606,46.02
20180607,43.26
20180608,88.26
20180609,165
20180610,209.8
20180611,255.6
20180612,531.2
20180613,211.4
20180614,121
20180615,79.56
20180616,70.54
20180617,69.66
20180618,72.06
20180619,72.84
20180620,74.01
20180621,75.27
20180622,76.42
20180623,77.42
20180624,78.29
20180625,78.96
20180626,79.33
20180627,79.77
20180628,80.04
20180629,80.39
20180630,80.37
20180701,80.08
20180702,80.05
20180703,80.02
20180704,79.6
20180705,79.13
20180706,78.67
20180707,180.5
20180708,110.9
20180709,216.5
20180710,106.2
20180711,100.5
20180712,183
20180713,140.6
20180714,95.75
20180715,86.32
20180716,83.89
20180717,98.63
20180718,87.1
20180719,84.96
20180720,84.88
20180721,84.67
20180722,94.96
20180723,87.47
20180724,86.23
20180725,87.42
20180726,86.13
20180727,85.85
20180728,85.61
20180729,85.55
20180730,84.95
20180731,84.87
20180801,84.42
20180802,83.88
20180803,83.23
20180804,82.61
20180805,81.9
20180806,81.09
20180807,80.23
20180808,79.46
20180809,90.64
20180810,81.06
20180811,78.38
20180812,92.01
20180813,174.2
20180814,517.3
20180815,276.6
20180816,490.6
20180817,188.8
20180818,118.7
20180819,94.08
20180820,88.18
20180821,85.8
20180822,85.61
20180823,85.9
20180824,86.14
20180825,86.21
20180826,86.53
20180827,90.23
20180828,87.71
20180829,86.95
20180830,86.76
20180831,87.84
20180901,86.71
20180902,85.99
20180903,85.67
20180904,85.03
20180905,84.53
20180906,83.81
20180907,83.02
20180908,82.57
20180909,81.67
20180910,80.54
20180911,79.76
20180912,198.4
20180913,101.2
20180914,84.7
20180915,79.53
20180916,77.01
20180917,75.98
20180918,74.99
20180919,73.75
20180920,72.84
20180921,154.3
20180922,87.88
20180923,75.79
20180924,73.43
20180925,169.9
20180926,478.4
20180927,664.3
20180928,448.4
20180929,564.7
20180930,258.8
20181001,121.7
20181002,92.24
20181003,84
20181004,81.95
20181005,146.9
20181006,110.8
20181007,93.44
20181008,87.6
20181009,86.62
20181010,90.33
20181011,87.88
20181012,87.68
20181013,87.68
20181014,87.68
20181015,97.27
20181016,145.6
20181017,487.4
20181018,170.9
20181019,118.1
20181020,110.6
20181021,97.46
20181022,94.52
20181023,93.82
20181024,93.65
20181025,93.62
20181026,93.58
20181027,93.35
20181028,93.01
20181029,92.56
20181030,91.97
20181031,91.34
20181101,90.68
20181102,89.88
20181103,89.02
20181104,88.4
20181105,87.87
20181106,86.7
20181107,85.76
20181108,84.68
20181109,83.69
20181110,82.64
20181111,81.6
20181112,80.47
20181113,79.34
20181114,78.19
20181115,76.99
20181116,75.77
20181117,74.51
20181118,73.26
20181119,137.8
20181120,84.73
20181121,74.56
20181122,70.96
20181123,69.25
20181124,68.09
20181125,67.07
20181126,65.9
20181127,64.86
20181128,63.88
20181129,62.82
20181130,61.77
20181201,60.7
20181202,59.65
20181203,58.62
20181204,57.5
20181205,56.41
20181206,55.33
20181207,54.3
20181208,53.28
20181209,52.26
20181210,51.15
20181211,50.13
20181212,49.07
20181213,48.09
20181214,47.09
20181215,46.06
20181216,45.09
20181217,44.05
20181218,43.12
20181219,42.21
20181220,41.29
20181221,40.35
20181222,39.43
20181223,38.54
20181224,37.65
20181225,36.72
20181226,35.92
20181227,35.09
20181228,34.42
20181229,33.44
20181230,32.16
20181231,31.23
20190101,26.01
20190102,20.6
20190103,18.47
20190104,16.6
20190105,15.22
20190106,12.79
20190107,10.7
20190108,9.712
20190109,9.139
20190110,8.946
20190111,8.945
20190112,8.819
20190113,8.72
20190114,8.156
20190115,7.635
20190116,6.858
20190117,7.053
20190118,6.472
20190119,6.591
20190120,6.559
20190121,5.659
20190122,5.667
20190123,5.804
20190124,5.411
20190125,4.856
20190126,4.406
20190127,4.453
20190128,4.444
20190129,4.422
20190130,3.818
20190131,3.414
20190201,3.29
20190202,3.272
20190203,2.672
20190204,2.611
20190205,2.508
20190206,2.395
20190207,2.705
20190208,17.96
20190209,6.736
20190210,4.629
20190211,6.868
20190212,5.284
20190213,5.193
20190214,5.439
20190215,5.729
20190216,6.02
20190217,6.285
20190218,6.475
20190219,6.689
20190220,6.895
20190221,7.077
20190222,7.157
20190223,7.311
20190224,7.357
20190225,7.461
20190226,7.478
20190227,7.595
20190228,7.64
20190301,7.63
20190302,7.647
20190303,8.139
20190304,7.911
20190305,7.793
20190306,7.937
20190307,7.931
20190308,7.837
20190309,7.405
20190310,6.947
20190311,7.127
20190312,6.607
20190313,5.862
20190314,5.032
20190315,3.334
20190316,2.329
20190317,1.856
20190318,2.072
20190319,2.193
20190320,2.353
20190321,2.079
20190322,1.268
20190323,1.462
20190324,1.367
20190325,1.244
20190326,1.258
20190327,1.348
20190328,1.451
20190329,1.271
20190330,1.408
20190331,1.579
20190401,1.53
20190402,1.727
20190403,1.858
20190404,1.121
20190405,1.124
20190406,1.337
20190407,1.066
20190408,1.373
20190409,1.48
20190410,1.592
20190411,1.447
20190412,12.12
20190413,4.502
20190414,2.303
20190415,1.613
20190416,1.386
20190417,1.271
20190418,1.468
20190419,1.423
20190420,1.396
20190421,1.438
20190422,1.162
20190423,1.311
20190424,1.171
20190425,0.9966
20190426,1.01
20190427,1.024
20190428,1.209
20190429,0.9724
20190430,1.179
20190501,1.17
20190502,0.9035
20190503,0.8653
20190504,0.9055
20190505,0.828
20190506,1.095
20190507,1.3
20190508,1.022
20190509,1.376
20190510,1.138
20190511,1.16
20190512,1.234
20190513,1.375
20190514,1.328
20190515,1.097
20190516,0.995
20190517,1.19
20190518,1.254
20190519,1.236
20190520,1.231
20190521,1.258
20190522,1.221
20190523,1.21
20190524,1.257
20190525,20.38
20190526,8.721
20190527,4.038
20190528,2.429
20190529,2.107
20190530,1.741
20190531,1.977
20190601,2.125
20190602,2.062
20190603,45.68
20190604,12.44
20190605,5.348
20190606,73.49
20190607,49.81
20190608,13.77
20190609,5.959
20190610,3.632
20190611,2.727
20190612,3.008
20190613,4.18
20190614,2.935
20190615,2.481
20190616,2.237
20190617,1.918
20190618,2.008
20190619,1.879
20190620,1.891
20190621,1.721
20190622,1.774
20190623,1.822
20190624,1.765
20190625,1.785
20190626,1.76
20190627,1.894
20190628,1.805
20190629,1.824
20190630,1.889
20190701,1.928
20190702,12.72
20190703,8.471
20190704,4.247
20190705,53.53
20190706,133.7
20190707,165.5
20190708,128.4
20190709,53.06
20190710,215.2
20190711,52.56
20190712,29.16
20190713,22.38
20190714,21.78
20190715,23.07
20190716,24.51
20190717,25.74
20190718,93.69
20190719,46.59
20190720,41.97
20190721,36.74
20190722,36.63
20190723,37.21
20190724,38.21
20190725,48.25
20190726,43.08
20190727,60.48
20190728,48.26
20190729,46.72
20190730,47.1
20190731,47.91
20190801,48.89
20190802,49.76
20190803,55.38
20190804,112.3
20190805,377
20190806,657.7
20190807,844.1
20190808,1561
20190809,2461
20190810,2639
20190811,864.9
20190812,270.1
20190813,137.8
20190814,99.72
20190815,130.6
20190816,96.66
20190817,134.9
20190818,106.8
20190819,103.8
20190820,663.7
20190821,208.6
20190822,148.3
20190823,117
20190824,124.4
20190825,112.4
20190826,111
20190827,111.5
20190828,112.4
20190829,113.5
20190830,114.1
20190831,114.7
20190901,115.2
20190902,117.8
20190903,125.5
20190904,153.8
20190905,267.5
20190906,238.2
20190907,193
20190908,198.5
20190909,178.4
20190910,136.8
20190911,128.3
20190912,126.3
20190913,126
20190914,125.8
20190915,125.9
20190916,126
20190917,125.8
20190918,125.5
20190919,125
20190920,124.5
20190921,123.7
20190922,122.7
20190923,184.4
20190924,383.1
20190925,247.7
20190926,286.2
20190927,156.5
20190928,132.8
20190929,125.4
20190930,123.1
20191001,121.8
20191002,182
20191003,133.3
20191004,124.5
20191005,133.4
20191006,198
20191007,135.8
20191008,137.3
20191009,367
20191010,192.3
20191011,139.6
20191012,352
20191013,172.7
20191014,575.4
20191015,204.3
20191016,838.8
20191017,251.4
20191018,177.2
20191019,156.1
20191020,136.1
20191021,363.4
20191022,484.7
20191023,205.1
20191024,156.2
20191025,179.8
20191026,150.1
20191027,141.6
20191028,138.8
20191029,138.2
20191030,216.4
20191031,154.2
20191101,145.6
20191102,141.1
20191103,139.7
20191104,139.1
20191105,138.5
20191106,137.8
20191107,137.2
20191108,136.5
20191109,135.5
20191110,134.2
20191111,133.1
20191112,131.8
20191113,130.4
20191114,129
20191115,127.6
20191116,126.8
20191117,124.8
20191118,123
20191119,121.3
20191120,119.6
20191121,117.8
20191122,116.1
20191123,114.3
20191124,112.5
20191125,110.6
20191126,108.7
20191127,106.9
20191128,105
20191129,103.1
20191130,101.4
20191201,99.58
20191202,415.6
20191203,154.4
20191204,112.6
20191205,99.77
20191206,94.86
20191207,92.4
20191208,90.67
20191209,89.04
20191210,87.69
20191211,86.17
20191212,84.8
20191213,83.32
20191214,81.88
20191215,80.55
20191216,78.89
20191217,77.47
20191218,76.03
20191219,74.57
20191220,73.12
20191221,71.69
20191222,70.25
20191223,68.77
20191224,67.4
20191225,66
20191226,64.63
20191227,63.37
20191228,61.89
20191229,60.46
20191230,59.4
20191231,57.94
20200101,56.8
20200102,55.39
20200103,54.11
20200104,52.89
20200105,51.68
20200106,50.5
20200107,49.32
20200108,48.18
20200109,47.06
20200110,45.95
20200111,44.84
20200112,43.74
20200113,42.71
20200114,41.73
20200115,40.65
20200116,39.7
20200117,38.78
20200118,37.84
20200119,36.9
20200120,35.95
20200121,35.11
20200122,34.24
20200123,33.37
20200124,32.55
20200125,31.76
20200126,30.95
20200127,30.18
20200128,29.22
20200129,28.29
20200130,27.52
20200131,23.73
20200201,19.49
20200202,13.76
20200203,13.34
20200204,11.07
20200205,9.703
20200206,8.087
20200207,7.272
20200208,7.381
20200209,6.873
20200210,6.561
20200211,5.634
20200212,5.783
20200213,5.854
20200214,4.361
20200215,4.615
20200216,4.829
20200217,4.9
20200218,5.067
20200219,4.651
20200220,4.483
20200221,4.341
20200222,3.766
20200223,3.922
20200224,3.569
20200225,3.145
20200226,2.623
20200227,2.843
20200228,2.951
20200229,3.043
20200301,2.446
20200302,2.231
20200303,2.526
20200304,2.737
20200305,2.735
20200306,2.801
20200307,2.341
20200308,2.243
20200309,2.255
20200310,2.133
20200311,2.119
20200312,2.041
20200313,2.09
20200314,2.027
20200315,1.908
20200316,1.896
20200317,1.984
20200318,1.933
20200319,1.921
20200320,1.889
20200321,1.857
20200322,1.864
20200323,1.809
20200324,1.917
20200325,1.994
20200326,1.786
20200327,1.749
20200328,1.714
20200329,1.669
20200330,1.675
20200331,1.652
20200401,1.563
20200402,1.566
20200403,1.567
20200404,1.568
20200405,1.476
20200406,1.8
20200407,1.89
20200408,1.883
20200409,1.873
20200410,1.857
20200411,1.851
20200412,1.83
20200413,1.612
20200414,1.54
20200415,1.502
20200416,1.517
20200417,1.672
20200418,1.593
20200419,1.408
20200420,1.399
20200421,1.394
20200422,1.386
20200423,1.545
20200424,1.653
20200425,1.704
20200426,4.447
20200427,2.637
20200428,2.136
20200429,1.925
20200430,1.618
20200501,1.607
20200502,1.859
20200503,1.882
20200504,1.979
20200505,2.049
20200506,2.249
20200507,2.192
20200508,3.246
20200509,2.592
20200510,2.362
20200511,2.329
20200512,2.174
20200513,2.103
20200514,2.183
20200515,2.204
20200516,2.196
20200517,1.895
20200518,170.7
20200519,39.73
20200520,13.57
20200521,6.041
20200522,5.342
20200523,10.32
20200524,7.838
20200525,17.86
20200526,33
20200527,10.12
20200528,4.923
20200529,3.109
20200530,21.96
20200531,41.3
20200601,12.84
20200602,5.793
20200603,4.112
20200604,14.93
20200605,5.973
20200606,4.638
20200607,4.619
20200608,5.036
20200609,5.597
20200610,6.119
20200611,109
20200612,27.52
20200613,14.6
20200614,25.95
20200615,19.61
20200616,14.38
20200617,13.84
20200618,17.81
20200619,20.02
20200620,17.71
20200621,17.92
20200622,21.79
20200623,20.51
20200624,20.87
20200625,21.42
20200626,26.54
20200627,24.17
20200628,24.18
20200629,125.5
20200630,166.3
20200701,56.22
20200702,37.36
20200703,55.51
20200704,53.25
20200705,59.37
20200706,52.77
20200707,93.13
20200708,67.03
20200709,48.2
20200710,44.68
20200711,44.65
20200712,45.47
20200713,46.24
20200714,47.55
20200715,48.5
20200716,96.39
20200717,230.3
20200718,185.8
20200719,83.43
20200720,263.5
20200721,100.4
20200722,72.02
20200723,65.03
20200724,94.76
20200725,71.43
20200726,67.92
20200727,67.57
20200728,68.07
20200729,72.93
20200730,166.5
20200731,90.04
20200801,77.58
20200802,74.61
20200803,131.1
20200804,384.3
20200805,877.6
20200806,1160
20200807,1002
20200808,520.2
20200809,204.3
20200810,123.3
20200811,102.2
20200812,108.7
20200813,99.22
20200814,98.07
20200815,115.8
20200816,106.3
20200817,164.8
20200818,157.7
20200819,117.1
20200820,109.8
20200821,108.3
20200822,108.3
20200823,108.6
20200824,109.2
20200825,109.3
20200826,109.2
20200827,109
20200828,108.9
20200829,108.4
20200830,107.9
20200831,107.3
20200901,106.8
20200902,893.8
20200903,368.1
20200904,369.3
20200905,393.5
20200906,194.9
20200907,171.2
20200908,125.7
20200909,116.3
20200910,113.6
20200911,112.8
20200912,112.6
20200913,112.7
20200914,112.5
20200915,112.2
20200916,111.8
20200917,111.3
20200918,110.7
20200919,110
20200920,150.4
20200921,293.9
20200922,231.8
20200923,139.9
20200924,118.8
20200925,112.6
20200926,110.5
20200927,109.5
20200928,108.6
20200929,135.3
20200930,113.8
20201001,109.2
20201002,107.2
20201003,165.7
20201004,118
20201005,109
20201006,109
20201007,105.5
20201008,104.1
20201009,103.2
20201010,641.9
20201011,540
20201012,191.3
20201013,154.9
20201014,296.4
20201015,269.9
20201016,140.6
20201017,116.8
20201018,110.1
20201019,479.2
20201020,174.6
20201021,128.5
20201022,189.9
20201023,127
20201024,120.1
20201025,114
20201026,112.4
20201027,111.7
20201028,111.4
20201029,111.2
20201030,110.7
20201031,110.3
20201101,109.6
20201102,109
20201103,108.1
20201104,107.3
20201105,106.1
20201106,144.4
20201107,112.9
20201108,106.1
20201109,103.4
20201110,101.8
20201111,100.5
20201112,99.29
20201113,98.08
20201114,97.47
20201115,95.77
20201116,94.42
20201117,93.28
20201118,92.05
20201119,90.55
20201120,89.17
20201121,87.77
20201122,86.41
20201123,85.03
20201124,83.57
20201125,82.14
20201126,80.71
20201127,79.27
20201128,77.79
20201129,76.4
20201130,74.96
20201201,73.5
20201202,72.12
20201203,70.67
20201204,69.22
20201205,67.79
20201206,66.6
20201207,65.06
20201208,73.61
20201209,165.6
20201210,82.31
20201211,67.62
20201212,62.69
20201213,60.63
20201214,59.35
20201215,58.42
20201216,57.49
20201217,56.57
20201218,55.63
20201219,54.71
20201220,53.79
20201221,52.86
20201222,51.94
20201223,50.98
20201224,50.07
20201225,49.1
20201226,48.17
20201227,47.26
20201228,46.34
20201229,45.4
20201230,44.5
20201231,43.45
