Date,Soil Moisture
20110101,116
20110102,116
20110103,116
20110104,116
20110105,116
20110106,116
20110107,116
20110108,116
20110109,116
20110110,116
20110111,116
20110112,116
20110113,116
20110114,116
20110115,116
20110116,116
20110117,116
20110118,116
20110119,116
20110120,116
20110121,116
20110122,116
20110123,116
20110124,116
20110125,116
20110126,116
20110127,116
20110128,116
20110129,116
20110130,116
20110131,116
20110201,116
20110202,116
20110203,116
20110204,116
20110205,116
20110206,116
20110207,116
20110208,116
20110209,116
20110210,116
20110211,116
20110212,116
20110213,116
20110214,116
20110215,116
20110216,116
20110217,116
20110218,116
20110219,116
20110220,116
20110221,115
20110222,115
20110223,115
20110224,115
20110225,116
20110226,116
20110227,115
20110228,115
20110301,115
20110302,114
20110303,114
20110304,113
20110305,112
20110306,111
20110307,111
20110308,110
20110309,109
20110310,108
20110311,107
20110312,106
20110313,104
20110314,103
20110315,101
20110316,99.9
20110317,98.2
20110318,96.3
20110319,94.4
20110320,92.1
20110321,90.1
20110322,87.9
20110323,85.4
20110324,84.9
20110325,86.3
20110326,83.5
20110327,84.9
20110328,84.1
20110329,81.2
20110330,78
20110331,74.9
20110401,70.8
20110402,66.5
20110403,62.7
20110404,58.2
20110405,54.6
20110406,50.3
20110407,45.8
20110408,42.4
20110409,38.4
20110410,44.2
20110411,53.1
20110412,51
20110413,46.4
20110414,45.6
20110415,46.3
20110416,50.6
20110417,56.2
20110418,62
20110419,61.5
20110420,72.6
20110421,72
20110422,85.3
20110423,87.5
20110424,87.2
20110425,82.1
20110426,81.4
20110427,76.2
20110428,71
20110429,66
20110430,61.1
20110501,60.3
20110502,59.9
20110503,55.4
20110504,51.7
20110505,47.9
20110506,44
20110507,40.1
20110508,35.6
20110509,32.5
20110510,28.9
20110511,25.2
20110512,28.5
20110513,25.4
20110514,34.3
20110515,35.9
20110516,60.1
20110517,54.9
20110518,77.3
20110519,83.9
20110520,82.3
20110521,77.8
20110522,73.5
20110523,69.4
20110524,86.8
20110525,85.6
20110526,87
20110527,90.7
20110528,92.3
20110529,91.5
20110530,91.6
20110531,98.8
20110601,95.5
20110602,94.1
20110603,104
20110604,108
20110605,112
20110606,112
20110607,111
20110608,113
20110609,114
20110610,118
20110611,118
20110612,119
20110613,121
20110614,119
20110615,121
20110616,123
20110617,121
20110618,122
20110619,120
20110620,118
20110621,116
20110622,115
20110623,118
20110624,118
20110625,119
20110626,121
20110627,125
20110628,123
20110629,121
20110630,119
20110701,118
20110702,127
20110703,122
20110704,119
20110705,119
20110706,118
20110707,120
20110708,118
20110709,118
20110710,118
20110711,117
20110712,118
20110713,119
20110714,122
20110715,124
20110716,124
20110717,129
20110718,129
20110719,128
20110720,125
20110721,124
20110722,120
20110723,120
20110724,120
20110725,120
20110726,121
20110727,124
20110728,120
20110729,119
20110730,123
20110731,125
20110801,121
20110802,122
20110803,124
20110804,126
20110805,124
20110806,125
20110807,124
20110808,122
20110809,120
20110810,120
20110811,118
20110812,119
20110813,120
20110814,118
20110815,117
20110816,117
20110817,116
20110818,117
20110819,118
20110820,117
20110821,123
20110822,119
20110823,118
20110824,118
20110825,117
20110826,117
20110827,120
20110828,119
20110829,121
20110830,122
20110831,123
20110901,124
20110902,127
20110903,127
20110904,126
20110905,122
20110906,119
20110907,118
20110908,118
20110909,118
20110910,116
20110911,116
20110912,116
20110913,117
20110914,118
20110915,118
20110916,119
20110917,119
20110918,118
20110919,116
20110920,117
20110921,116
20110922,116
20110923,116
20110924,116
20110925,116
20110926,116
20110927,116
20110928,116
20110929,116
20110930,116
20111001,120
20111002,124
20111003,124
20111004,120
20111005,118
20111006,117
20111007,116
20111008,116
20111009,120
20111010,120
20111011,124
20111012,126
20111013,123
20111014,120
20111015,127
20111016,129
20111017,122
20111018,119
20111019,117
20111020,116
20111021,116
20111022,116
20111023,116
20111024,119
20111025,121
20111026,125
20111027,120
20111028,123
20111029,121
20111030,122
20111031,121
20111101,120
20111102,121
20111103,122
20111104,127
20111105,129
20111106,126
20111107,125
20111108,121
20111109,118
20111110,117
20111111,116
20111112,116
20111113,116
20111114,116
20111115,116
20111116,116
20111117,116
20111118,116
20111119,116
20111120,116
20111121,116
20111122,116
20111123,116
20111124,116
20111125,116
20111126,116
20111127,116
20111128,117
20111129,122
20111130,119
20111201,118
20111202,117
20111203,116
20111204,116
20111205,116
20111206,116
20111207,116
20111208,116
20111209,116
20111210,116
20111211,116
20111212,116
20111213,116
20111214,116
20111215,116
20111216,116
20111217,116
20111218,116
20111219,116
20111220,116
20111221,116
20111222,116
20111223,116
20111224,116
20111225,116
20111226,116
20111227,116
20111228,116
20111229,116
20111230,116
20111231,116
20120101,116
20120102,116
20120103,116
20120104,116
20120105,116
20120106,116
20120107,116
20120108,116
20120109,116
20120110,116
20120111,116
20120112,116
20120113,116
20120114,116
20120115,116
20120116,116
20120117,116
20120118,116
20120119,116
20120120,116
20120121,116
20120122,116
20120123,116
20120124,116
20120125,116
20120126,116
20120127,116
20120128,116
20120129,116
20120130,116
20120131,116
20120201,116
20120202,116
20120203,116
20120204,116
20120205,116
20120206,116
20120207,116
20120208,116
20120209,116
20120210,116
20120211,116
20120212,116
20120213,116
20120214,116
20120215,116
20120216,116
20120217,116
20120218,116
20120219,116
20120220,116
20120221,116
20120222,116
20120223,116
20120224,116
20120225,116
20120226,116
20120227,116
20120228,115
20120229,115
20120301,115
20120302,114
20120303,114
20120304,113
20120305,112
20120306,112
20120307,111
20120308,110
20120309,109
20120310,108
20120311,107
20120312,106
20120313,105
20120314,105
20120315,103
20120316,102
20120317,99.6
20120318,97.8
20120319,95.6
20120320,93.9
20120321,92
20120322,89.7
20120323,87.4
20120324,85.4
20120325,83.1
20120326,80.5
20120327,77.9
20120328,74.9
20120329,71.7
20120330,68.9
20120331,65.6
20120401,61.6
20120402,58.1
20120403,54.2
20120404,50.6
20120405,46.3
20120406,43.1
20120407,39.9
20120408,35.8
20120409,32.5
20120410,29.6
20120411,26.1
20120412,22.8
20120413,19.8
20120414,17.1
20120415,15
20120416,14
20120417,15.9
20120418,14.5
20120419,22.3
20120420,17.4
20120421,19.3
20120422,17
20120423,15.6
20120424,15.9
20120425,16.2
20120426,26.6
20120427,29.1
20120428,46.3
20120429,44.7
20120430,39.7
20120501,39.2
20120502,35
20120503,30.9
20120504,27.2
20120505,22.9
20120506,19.8
20120507,18
20120508,16.9
20120509,28.2
20120510,24.1
20120511,20.6
20120512,52.1
20120513,51.1
20120514,46.6
20120515,42.7
20120516,40.2
20120517,40.1
20120518,35.2
20120519,30.7
20120520,26.6
20120521,23.1
20120522,21
20120523,18.9
20120524,17.7
20120525,16.7
20120526,15.8
20120527,15.1
20120528,14.3
20120529,13.7
20120530,14.3
20120531,13.5
20120601,12.8
20120602,16.8
20120603,17.3
20120604,23
20120605,41.7
20120606,71.6
20120607,91.7
20120608,97.5
20120609,99.5
20120610,101
20120611,101
20120612,110
20120613,114
20120614,120
20120615,119
20120616,123
20120617,125
20120618,130
20120619,132
20120620,132
20120621,126
20120622,125
20120623,122
20120624,120
20120625,119
20120626,117
20120627,120
20120628,128
20120629,132
20120630,128
20120701,123
20120702,123
20120703,126
20120704,122
20120705,120
20120706,118
20120707,117
20120708,117
20120709,117
20120710,118
20120711,117
20120712,117
20120713,118
20120714,117
20120715,118
20120716,117
20120717,117
20120718,119
20120719,118
20120720,118
20120721,119
20120722,121
20120723,120
20120724,119
20120725,118
20120726,119
20120727,121
20120728,122
20120729,121
20120730,119
20120731,118
20120801,117
20120802,120
20120803,117
20120804,119
20120805,123
20120806,125
20120807,127
20120808,126
20120809,126
20120810,125
20120811,124
20120812,126
20120813,122
20120814,119
20120815,117
20120816,117
20120817,117
20120818,120
20120819,120
20120820,118
20120821,117
20120822,116
20120823,116
20120824,117
20120825,121
20120826,125
20120827,126
20120828,126
20120829,124
20120830,122
20120831,121
20120901,122
20120902,120
20120903,122
20120904,121
20120905,120
20120906,118
20120907,118
20120908,118
20120909,117
20120910,118
20120911,117
20120912,116
20120913,116
20120914,117
20120915,117
20120916,116
20120917,116
20120918,117
20120919,116
20120920,116
20120921,116
20120922,116
20120923,116
20120924,116
20120925,116
20120926,116
20120927,116
20120928,116
20120929,117
20120930,116
20121001,116
20121002,116
20121003,118
20121004,116
20121005,116
20121006,116
20121007,116
20121008,116
20121009,116
20121010,116
20121011,116
20121012,116
20121013,116
20121014,116
20121015,116
20121016,118
20121017,117
20121018,117
20121019,117
20121020,117
20121021,119
20121022,117
20121023,117
20121024,116
20121025,116
20121026,116
20121027,116
20121028,116
20121029,116
20121030,116
20121031,116
20121101,122
20121102,126
20121103,122
20121104,119
20121105,119
20121106,121
20121107,119
20121108,117
20121109,117
20121110,116
20121111,116
20121112,116
20121113,116
20121114,116
20121115,116
20121116,116
20121117,116
20121118,116
20121119,116
20121120,116
20121121,116
20121122,116
20121123,116
20121124,116
20121125,116
20121126,116
20121127,116
20121128,116
20121129,116
20121130,116
20121201,116
20121202,116
20121203,116
20121204,116
20121205,116
20121206,116
20121207,116
20121208,116
20121209,116
20121210,116
20121211,116
20121212,116
20121213,116
20121214,116
20121215,116
20121216,116
20121217,116
20121218,116
20121219,116
20121220,116
20121221,116
20121222,116
20121223,116
20121224,116
20121225,116
20121226,116
20121227,116
20121228,116
20121229,116
20121230,117
20121231,117
20130101,117
20130102,117
20130103,117
20130104,117
20130105,117
20130106,117
20130107,117
20130108,117
20130109,117
20130110,117
20130111,117
20130112,117
20130113,117
20130114,117
20130115,117
20130116,117
20130117,117
20130118,117
20130119,117
20130120,117
20130121,117
20130122,117
20130123,117
20130124,117
20130125,117
20130126,117
20130127,117
20130128,117
20130129,117
20130130,117
20130131,117
20130201,117
20130202,117
20130203,117
20130204,117
20130205,117
20130206,117
20130207,117
20130208,116
20130209,119
20130210,120
20130211,118
20130212,117
20130213,117
20130214,116
20130215,116
20130216,119
20130217,118
20130218,116
20130219,116
20130220,116
20130221,116
20130222,116
20130223,116
20130224,116
20130225,116
20130226,116
20130227,116
20130228,115
20130301,115
20130302,114
20130303,114
20130304,113
20130305,113
20130306,112
20130307,111
20130308,120
20130309,117
20130310,115
20130311,115
20130312,119
20130313,117
20130314,116
20130315,115
20130316,113
20130317,114
20130318,112
20130319,118
20130320,116
20130321,114
20130322,111
20130323,110
20130324,108
20130325,106
20130326,103
20130327,106
20130328,103
20130329,99.8
20130330,96.8
20130331,93.9
20130401,90.5
20130402,86.9
20130403,83.6
20130404,84.8
20130405,80.9
20130406,76.9
20130407,73
20130408,68.5
20130409,63.7
20130410,63.1
20130411,57.5
20130412,53.1
20130413,49.2
20130414,44.7
20130415,40.9
20130416,36.5
20130417,32.1
20130418,28
20130419,24.5
20130420,21
20130421,17.1
20130422,15.1
20130423,14.1
20130424,16.7
20130425,15.4
20130426,16.4
20130427,33.8
20130428,34.3
20130429,42.2
20130430,39.6
20130501,35.5
20130502,31.2
20130503,32.2
20130504,30.9
20130505,30.5
20130506,35.1
20130507,37.6
20130508,33.1
20130509,32.4
20130510,31.6
20130511,32.3
20130512,43.3
20130513,56.8
20130514,52.5
20130515,48.4
20130516,44.8
20130517,40.6
20130518,40.1
20130519,49.6
20130520,43.5
20130521,56.9
20130522,55.4
20130523,51.2
20130524,46.8
20130525,42.2
20130526,38.3
20130527,47.2
20130528,48
20130529,58.3
20130530,56.1
20130531,68.5
20130601,97.8
20130602,102
20130603,99.5
20130604,100
20130605,100
20130606,99.8
20130607,102
20130608,102
20130609,102
20130610,108
20130611,111
20130612,113
20130613,113
20130614,114
20130615,119
20130616,121
20130617,121
20130618,123
20130619,119
20130620,119
20130621,117
20130622,118
20130623,118
20130624,119
20130625,123
20130626,128
20130627,126
20130628,122
20130629,121
20130630,118
20130701,118
20130702,119
20130703,123
20130704,129
20130705,126
20130706,124
20130707,122
20130708,119
20130709,117
20130710,117
20130711,118
20130712,119
20130713,120
20130714,121
20130715,119
20130716,119
20130717,124
20130718,124
20130719,126
20130720,130
20130721,129
20130722,126
20130723,125
20130724,129
20130725,129
20130726,129
20130727,127
20130728,128
20130729,128
20130730,122
20130731,123
20130801,125
20130802,130
20130803,130
20130804,127
20130805,122
20130806,122
20130807,122
20130808,119
20130809,119
20130810,117
20130811,117
20130812,117
20130813,117
20130814,117
20130815,116
20130816,116
20130817,116
20130818,117
20130819,118
20130820,119
20130821,120
20130822,119
20130823,118
20130824,117
20130825,118
20130826,117
20130827,117
20130828,117
20130829,117
20130830,118
20130831,117
20130901,120
20130902,123
20130903,123
20130904,119
20130905,119
20130906,121
20130907,122
20130908,121
20130909,123
20130910,119
20130911,118
20130912,117
20130913,123
20130914,119
20130915,121
20130916,120
20130917,119
20130918,124
20130919,127
20130920,124
20130921,121
20130922,119
20130923,117
20130924,117
20130925,116
20130926,116
20130927,116
20130928,116
20130929,116
20130930,116
20131001,117
20131002,117
20131003,118
20131004,117
20131005,116
20131006,117
20131007,117
20131008,117
20131009,116
20131010,116
20131011,116
20131012,117
20131013,117
20131014,116
20131015,118
20131016,118
20131017,122
20131018,119
20131019,118
20131020,124
20131021,120
20131022,118
20131023,117
20131024,120
20131025,118
20131026,117
20131027,117
20131028,116
20131029,116
20131030,116
20131031,116
20131101,116
20131102,116
20131103,116
20131104,116
20131105,116
20131106,116
20131107,116
20131108,116
20131109,116
20131110,116
20131111,116
20131112,116
20131113,116
20131114,116
20131115,116
20131116,116
20131117,116
20131118,116
20131119,116
20131120,116
20131121,116
20131122,116
20131123,116
20131124,123
20131125,120
20131126,118
20131127,117
20131128,116
20131129,116
20131130,116
20131201,116
20131202,119
20131203,118
20131204,117
20131205,117
20131206,117
20131207,117
20131208,117
20131209,117
20131210,117
20131211,117
20131212,117
20131213,117
20131214,117
20131215,117
20131216,117
20131217,117
20131218,117
20131219,117
20131220,117
20131221,117
20131222,117
20131223,117
20131224,117
20131225,117
20131226,117
20131227,117
20131228,117
20131229,117
20131230,117
20131231,117
20140101,117
20140102,117
20140103,117
20140104,117
20140105,117
20140106,117
20140107,117
20140108,117
20140109,117
20140110,117
20140111,117
20140112,117
20140113,117
20140114,117
20140115,117
20140116,117
20140117,117
20140118,117
20140119,117
20140120,117
20140121,117
20140122,117
20140123,117
20140124,117
20140125,117
20140126,117
20140127,117
20140128,117
20140129,117
20140130,117
20140131,117
20140201,117
20140202,117
20140203,117
20140204,117
20140205,117
20140206,117
20140207,117
20140208,117
20140209,117
20140210,117
20140211,117
20140212,117
20140213,117
20140214,117
20140215,117
20140216,117
20140217,117
20140218,117
20140219,117
20140220,117
20140221,117
20140222,117
20140223,117
20140224,117
20140225,117
20140226,116
20140227,116
20140228,116
20140301,115
20140302,116
20140303,115
20140304,115
20140305,115
20140306,115
20140307,114
20140308,115
20140309,115
20140310,118
20140311,116
20140312,115
20140313,113
20140314,112
20140315,111
20140316,110
20140317,108
20140318,107
20140319,105
20140320,103
20140321,101
20140322,98.6
20140323,96
20140324,93.8
20140325,91.4
20140326,88.7
20140327,86
20140328,83.1
20140329,80.1
20140330,77.7
20140331,74.5
20140401,71
20140402,71.4
20140403,71.6
20140404,67.7
20140405,63.7
20140406,59.5
20140407,54.6
20140408,50.4
20140409,51.7
20140410,57.3
20140411,55.7
20140412,56
20140413,51.3
20140414,55.5
20140415,56.1
20140416,60.2
20140417,59.7
20140418,65.3
20140419,96.7
20140420,97.5
20140421,92.3
20140422,87.9
20140423,83.1
20140424,77.8
20140425,73.3
20140426,81.2
20140427,88.4
20140428,87.3
20140429,83.1
20140430,86.7
20140501,87.1
20140502,97.6
20140503,112
20140504,115
20140505,109
20140506,107
20140507,107
20140508,111
20140509,123
20140510,118
20140511,120
20140512,113
20140513,109
20140514,104
20140515,99.4
20140516,94.3
20140517,92.4
20140518,91.7
20140519,86.8
20140520,90.2
20140521,92.8
20140522,92.9
20140523,96.7
20140524,92.4
20140525,88.6
20140526,83.6
20140527,79.7
20140528,79.6
20140529,91
20140530,93.3
20140531,107
20140601,108
20140602,104
20140603,110
20140604,107
20140605,107
20140606,109
20140607,110
20140608,106
20140609,106
20140610,105
20140611,105
20140612,106
20140613,107
20140614,106
20140615,105
20140616,105
20140617,106
20140618,108
20140619,118
20140620,123
20140621,121
20140622,122
20140623,119
20140624,117
20140625,115
20140626,113
20140627,111
20140628,111
20140629,110
20140630,109
20140701,107
20140702,109
20140703,108
20140704,107
20140705,109
20140706,113
20140707,110
20140708,109
20140709,109
20140710,110
20140711,115
20140712,118
20140713,122
20140714,125
20140715,125
20140716,127
20140717,127
20140718,126
20140719,128
20140720,128
20140721,128
20140722,128
20140723,128
20140724,129
20140725,127
20140726,125
20140727,122
20140728,123
20140729,123
20140730,122
20140731,124
20140801,126
20140802,126
20140803,123
20140804,124
20140805,125
20140806,126
20140807,128
20140808,123
20140809,120
20140810,119
20140811,118
20140812,118
20140813,117
20140814,116
20140815,116
20140816,115
20140817,115
20140818,116
20140819,122
20140820,122
20140821,124
20140822,123
20140823,122
20140824,120
20140825,118
20140826,118
20140827,117
20140828,118
20140829,118
20140830,118
20140831,116
20140901,121
20140902,120
20140903,119
20140904,121
20140905,120
20140906,119
20140907,119
20140908,118
20140909,117
20140910,117
20140911,117
20140912,117
20140913,117
20140914,117
20140915,116
20140916,116
20140917,116
20140918,116
20140919,116
20140920,117
20140921,116
20140922,116
20140923,116
20140924,121
20140925,128
20140926,130
20140927,126
20140928,124
20140929,128
20140930,122
20141001,121
20141002,119
20141003,117
20141004,117
20141005,116
20141006,116
20141007,120
20141008,121
20141009,122
20141010,122
20141011,120
20141012,120
20141013,118
20141014,117
20141015,116
20141016,118
20141017,117
20141018,117
20141019,120
20141020,120
20141021,122
20141022,119
20141023,117
20141024,116
20141025,120
20141026,123
20141027,122
20141028,125
20141029,121
20141030,118
20141031,117
20141101,117
20141102,116
20141103,116
20141104,116
20141105,116
20141106,116
20141107,116
20141108,116
20141109,116
20141110,116
20141111,116
20141112,116
20141113,117
20141114,118
20141115,119
20141116,118
20141117,117
20141118,116
20141119,116
20141120,116
20141121,116
20141122,116
20141123,116
20141124,116
20141125,116
20141126,116
20141127,116
20141128,116
20141129,116
20141130,116
20141201,116
20141202,116
20141203,116
20141204,116
20141205,116
20141206,116
20141207,116
20141208,116
20141209,117
20141210,116
20141211,118
20141212,117
20141213,117
20141214,116
20141215,116
20141216,119
20141217,118
20141218,117
20141219,116
20141220,116
20141221,116
20141222,116
20141223,116
20141224,116
20141225,116
20141226,116
20141227,116
20141228,116
20141229,116
20141230,116
20141231,116
20150101,116
20150102,116
20150103,116
20150104,116
20150105,116
20150106,116
20150107,116
20150108,116
20150109,116
20150110,116
20150111,116
20150112,116
20150113,116
20150114,116
20150115,116
20150116,116
20150117,116
20150118,116
20150119,116
20150120,116
20150121,116
20150122,116
20150123,116
20150124,116
20150125,116
20150126,116
20150127,116
20150128,116
20150129,116
20150130,116
20150131,116
20150201,116
20150202,116
20150203,116
20150204,116
20150205,116
20150206,116
20150207,116
20150208,116
20150209,116
20150210,116
20150211,116
20150212,116
20150213,116
20150214,116
20150215,116
20150216,116
20150217,116
20150218,116
20150219,116
20150220,116
20150221,116
20150222,116
20150223,116
20150224,116
20150225,116
20150226,116
20150227,116
20150228,116
20150301,116
20150302,115
20150303,115
20150304,114
20150305,113
20150306,113
20150307,120
20150308,121
20150309,122
20150310,120
20150311,117
20150312,115
20150313,114
20150314,112
20150315,112
20150316,114
20150317,113
20150318,112
20150319,110
20150320,108
20150321,107
20150322,104
20150323,102
20150324,99.9
20150325,97.6
20150326,95.1
20150327,92.6
20150328,90.3
20150329,87.5
20150330,84.9
20150331,81.9
20150401,96
20150402,96.8
20150403,95.9
20150404,92
20150405,87.8
20150406,87.7
20150407,89.7
20150408,90.1
20150409,91.2
20150410,90.9
20150411,98.6
20150412,98.5
20150413,113
20150414,112
20150415,105
20150416,101
20150417,101
20150418,101
20150419,95.9
20150420,91.6
20150421,87.4
20150422,102
20150423,105
20150424,107
20150425,111
20150426,118
20150427,120
20150428,113
20150429,113
20150430,117
20150501,117
20150502,116
20150503,118
20150504,117
20150505,119
20150506,114
20150507,118
20150508,120
20150509,117
20150510,117
20150511,114
20150512,112
20150513,120
20150514,118
20150515,117
20150516,121
20150517,120
20150518,118
20150519,122
20150520,119
20150521,117
20150522,112
20150523,107
20150524,103
20150525,99
20150526,94.2
20150527,90.6
20150528,87.1
20150529,82.3
20150530,90.4
20150531,85.4
20150601,108
20150602,110
20150603,116
20150604,115
20150605,117
20150606,116
20150607,112
20150608,112
20150609,113
20150610,114
20150611,111
20150612,111
20150613,114
20150614,116
20150615,115
20150616,114
20150617,114
20150618,114
20150619,119
20150620,126
20150621,128
20150622,130
20150623,129
20150624,131
20150625,130
20150626,131
20150627,126
20150628,122
20150629,119
20150630,118
20150701,118
20150702,117
20150703,117
20150704,117
20150705,116
20150706,116
20150707,116
20150708,116
20150709,116
20150710,116
20150711,116
20150712,117
20150713,116
20150714,116
20150715,115
20150716,115
20150717,115
20150718,116
20150719,118
20150720,122
20150721,120
20150722,118
20150723,118
20150724,117
20150725,117
20150726,117
20150727,116
20150728,117
20150729,117
20150730,116
20150731,116
20150801,117
20150802,119
20150803,118
20150804,117
20150805,117
20150806,117
20150807,119
20150808,119
20150809,118
20150810,117
20150811,119
20150812,120
20150813,122
20150814,122
20150815,120
20150816,118
20150817,118
20150818,119
20150819,125
20150820,120
20150821,120
20150822,120
20150823,124
20150824,120
20150825,118
20150826,117
20150827,117
20150828,117
20150829,116
20150830,116
20150831,117
20150901,117
20150902,117
20150903,117
20150904,117
20150905,121
20150906,127
20150907,124
20150908,126
20150909,122
20150910,119
20150911,118
20150912,117
20150913,117
20150914,116
20150915,117
20150916,117
20150917,117
20150918,116
20150919,116
20150920,116
20150921,116
20150922,116
20150923,116
20150924,116
20150925,124
20150926,120
20150927,119
20150928,121
20150929,121
20150930,119
20151001,121
20151002,119
20151003,118
20151004,118
20151005,123
20151006,123
20151007,120
20151008,118
20151009,117
20151010,117
20151011,117
20151012,121
20151013,119
20151014,117
20151015,117
20151016,116
20151017,116
20151018,116
20151019,116
20151020,116
20151021,116
20151022,116
20151023,116
20151024,116
20151025,116
20151026,116
20151027,116
20151028,116
20151029,119
20151030,121
20151031,118
20151101,117
20151102,127
20151103,128
20151104,126
20151105,127
20151106,122
20151107,119
20151108,117
20151109,117
20151110,116
20151111,118
20151112,121
20151113,118
20151114,117
20151115,116
20151116,116
20151117,116
20151118,116
20151119,116
20151120,116
20151121,116
20151122,117
20151123,119
20151124,117
20151125,118
20151126,117
20151127,117
20151128,116
20151129,116
20151130,117
20151201,118
20151202,117
20151203,117
20151204,117
20151205,117
20151206,117
20151207,117
20151208,117
20151209,117
20151210,117
20151211,117
20151212,117
20151213,117
20151214,117
20151215,116
20151216,116
20151217,116
20151218,116
20151219,116
20151220,116
20151221,116
20151222,116
20151223,116
20151224,116
20151225,116
20151226,116
20151227,116
20151228,116
20151229,116
20151230,116
20151231,116
20160101,116
20160102,116
20160103,116
20160104,116
20160105,116
20160106,116
20160107,116
20160108,116
20160109,116
20160110,116
20160111,116
20160112,116
20160113,116
20160114,116
20160115,116
20160116,116
20160117,116
20160118,116
20160119,116
20160120,116
20160121,116
20160122,116
20160123,116
20160124,116
20160125,116
20160126,116
20160127,116
20160128,116
20160129,116
20160130,116
20160131,116
20160201,116
20160202,116
20160203,116
20160204,116
20160205,116
20160206,116
20160207,116
20160208,116
20160209,116
20160210,116
20160211,116
20160212,116
20160213,116
20160214,116
20160215,116
20160216,116
20160217,116
20160218,116
20160219,116
20160220,116
20160221,116
20160222,116
20160223,116
20160224,116
20160225,116
20160226,116
20160227,116
20160228,116
20160229,116
20160301,115
20160302,115
20160303,114
20160304,113
20160305,113
20160306,112
20160307,111
20160308,110
20160309,110
20160310,109
20160311,107
20160312,106
20160313,105
20160314,104
20160315,103
20160316,101
20160317,99.4
20160318,97.7
20160319,95.8
20160320,94
20160321,92.1
20160322,89.4
20160323,87
20160324,85
20160325,82.6
20160326,79.3
20160327,76.7
20160328,73.5
20160329,70.8
20160330,67
20160331,64.3
20160401,63.5
20160402,61.9
20160403,58.2
20160404,54.3
20160405,50.6
20160406,47
20160407,43.4
20160408,39.8
20160409,39.7
20160410,39.7
20160411,46.4
20160412,44.7
20160413,43.9
20160414,39.3
20160415,35.6
20160416,61.3
20160417,66.2
20160418,64.7
20160419,60.5
20160420,55.1
20160421,53.3
20160422,47.9
20160423,41.7
20160424,37.1
20160425,32.9
20160426,29.4
20160427,26
20160428,21.5
20160429,18.3
20160430,16.6
20160501,18
20160502,16.6
20160503,17.9
20160504,21.9
20160505,21.5
20160506,21.6
20160507,34.3
20160508,30.6
20160509,28.8
20160510,23.8
20160511,26.4
20160512,38
20160513,50.5
20160514,55.5
20160515,61.1
20160516,63.2
20160517,59
20160518,64.2
20160519,59.6
20160520,59.2
20160521,55.3
20160522,50.7
20160523,46.3
20160524,42
20160525,37.3
20160526,33
20160527,28.9
20160528,32
20160529,31
20160530,30.7
20160531,34.4
20160601,44.2
20160602,51.8
20160603,51.3
20160604,54.3
20160605,58.3
20160606,57.8
20160607,57
20160608,57.1
20160609,64.5
20160610,78.6
20160611,83.4
20160612,84.7
20160613,84.2
20160614,84.1
20160615,81.3
20160616,81.4
20160617,81.9
20160618,90.4
20160619,89.5
20160620,87.8
20160621,88.8
20160622,88.7
20160623,89.2
20160624,88.5
20160625,88.5
20160626,90.7
20160627,92.8
20160628,102
20160629,120
20160630,124
20160701,126
20160702,127
20160703,125
20160704,124
20160705,124
20160706,122
20160707,125
20160708,124
20160709,123
20160710,124
20160711,126
20160712,124
20160713,122
20160714,121
20160715,119
20160716,118
20160717,117
20160718,117
20160719,116
20160720,116
20160721,118
20160722,116
20160723,116
20160724,116
20160725,116
20160726,116
20160727,116
20160728,118
20160729,127
20160730,123
20160731,119
20160801,118
20160802,120
20160803,119
20160804,120
20160805,122
20160806,121
20160807,122
20160808,120
20160809,119
20160810,117
20160811,116
20160812,116
20160813,116
20160814,116
20160815,115
20160816,115
20160817,116
20160818,116
20160819,116
20160820,116
20160821,116
20160822,116
20160823,116
20160824,116
20160825,116
20160826,117
20160827,116
20160828,116
20160829,116
20160830,116
20160831,121
20160901,119
20160902,118
20160903,116
20160904,116
20160905,116
20160906,116
20160907,117
20160908,117
20160909,117
20160910,119
20160911,117
20160912,117
20160913,116
20160914,116
20160915,117
20160916,117
20160917,117
20160918,117
20160919,116
20160920,116
20160921,116
20160922,116
20160923,116
20160924,116
20160925,117
20160926,117
20160927,116
20160928,116
20160929,122
20160930,120
20161001,118
20161002,117
20161003,117
20161004,117
20161005,117
20161006,117
20161007,117
20161008,117
20161009,117
20161010,117
20161011,117
20161012,117
20161013,122
20161014,119
20161015,117
20161016,116
20161017,116
20161018,116
20161019,116
20161020,116
20161021,116
20161022,116
20161023,116
20161024,116
20161025,116
20161026,116
20161027,116
20161028,116
20161029,116
20161030,116
20161031,117
20161101,120
20161102,119
20161103,117
20161104,117
20161105,116
20161106,116
20161107,116
20161108,116
20161109,116
20161110,116
20161111,116
20161112,116
20161113,116
20161114,116
20161115,119
20161116,118
20161117,117
20161118,117
20161119,117
20161120,117
20161121,117
20161122,117
20161123,117
20161124,117
20161125,117
20161126,117
20161127,117
20161128,117
20161129,117
20161130,117
20161201,117
20161202,117
20161203,118
20161204,117
20161205,116
20161206,116
20161207,116
20161208,116
20161209,116
20161210,116
20161211,116
20161212,116
20161213,120
20161214,124
20161215,122
20161216,119
20161217,118
20161218,117
20161219,117
20161220,117
20161221,117
20161222,117
20161223,117
20161224,117
20161225,117
20161226,117
20161227,117
20161228,117
20161229,117
20161230,117
20161231,117
20170101,117
20170102,117
20170103,117
20170104,117
20170105,117
20170106,117
20170107,117
20170108,117
20170109,117
20170110,117
20170111,117
20170112,117
20170113,117
20170114,117
20170115,117
20170116,117
20170117,117
20170118,117
20170119,117
20170120,117
20170121,117
20170122,117
20170123,117
20170124,117
20170125,117
20170126,117
20170127,116
20170128,118
20170129,117
20170130,117
20170131,117
20170201,117
20170202,117
20170203,117
20170204,117
20170205,117
20170206,117
20170207,117
20170208,117
20170209,117
20170210,117
20170211,117
20170212,117
20170213,117
20170214,117
20170215,117
20170216,117
20170217,117
20170218,117
20170219,117
20170220,117
20170221,117
20170222,117
20170223,117
20170224,117
20170225,117
20170226,117
20170227,117
20170228,116
20170301,116
20170302,116
20170303,115
20170304,114
20170305,114
20170306,113
20170307,112
20170308,112
20170309,111
20170310,110
20170311,109
20170312,109
20170313,107
20170314,106
20170315,107
20170316,111
20170317,111
20170318,111
20170319,109
20170320,107
20170321,105
20170322,107
20170323,106
20170324,103
20170325,100
20170326,98.3
20170327,95.7
20170328,93
20170329,89.9
20170330,86.7
20170331,83.6
20170401,79.3
20170402,75.7
20170403,75.2
20170404,74.5
20170405,85.1
20170406,84.4
20170407,82.9
20170408,90
20170409,89.6
20170410,88.4
20170411,86.7
20170412,87.3
20170413,83.1
20170414,78.8
20170415,74.8
20170416,70.5
20170417,71.4
20170418,69.7
20170419,69.4
20170420,69.5
20170421,69.8
20170422,69.5
20170423,63.9
20170424,59.6
20170425,53.9
20170426,48.3
20170427,43.4
20170428,45.1
20170429,44.6
20170430,53
20170501,48.6
20170502,66.3
20170503,70.6
20170504,83.4
20170505,83.3
20170506,81.7
20170507,102
20170508,106
20170509,102
20170510,105
20170511,104
20170512,115
20170513,115
20170514,115
20170515,122
20170516,118
20170517,112
20170518,111
20170519,118
20170520,116
20170521,117
20170522,111
20170523,112
20170524,120
20170525,114
20170526,108
20170527,118
20170528,116
20170529,111
20170530,106
20170531,102
20170601,97.4
20170602,97.3
20170603,95.8
20170604,91.4
20170605,87.7
20170606,83.9
20170607,83.2
20170608,83.3
20170609,84.4
20170610,84.8
20170611,90
20170612,102
20170613,108
20170614,110
20170615,110
20170616,110
20170617,115
20170618,115
20170619,115
20170620,114
20170621,115
20170622,115
20170623,114
20170624,114
20170625,116
20170626,118
20170627,121
20170628,120
20170629,119
20170630,120
20170701,119
20170702,117
20170703,118
20170704,120
20170705,121
20170706,119
20170707,118
20170708,117
20170709,116
20170710,115
20170711,115
20170712,116
20170713,116
20170714,117
20170715,118
20170716,118
20170717,120
20170718,122
20170719,125
20170720,128
20170721,124
20170722,123
20170723,121
20170724,118
20170725,117
20170726,117
20170727,116
20170728,117
20170729,116
20170730,116
20170731,116
20170801,119
20170802,118
20170803,118
20170804,118
20170805,117
20170806,117
20170807,116
20170808,116
20170809,116
20170810,116
20170811,116
20170812,119
20170813,117
20170814,116
20170815,119
20170816,121
20170817,119
20170818,124
20170819,123
20170820,121
20170821,123
20170822,124
20170823,121
20170824,121
20170825,122
20170826,120
20170827,123
20170828,121
20170829,124
20170830,123
20170831,119
20170901,117
20170902,117
20170903,117
20170904,117
20170905,116
20170906,119
20170907,123
20170908,123
20170909,125
20170910,128
20170911,122
20170912,119
20170913,118
20170914,117
20170915,118
20170916,116
20170917,120
20170918,122
20170919,126
20170920,121
20170921,118
20170922,117
20170923,116
20170924,116
20170925,121
20170926,124
20170927,123
20170928,128
20170929,126
20170930,121
20171001,119
20171002,124
20171003,120
20171004,118
20171005,118
20171006,117
20171007,121
20171008,119
20171009,118
20171010,117
20171011,119
20171012,117
20171013,119
20171014,123
20171015,124
20171016,120
20171017,118
20171018,116
20171019,116
20171020,116
20171021,116
20171022,116
20171023,116
20171024,116
20171025,116
20171026,116
20171027,116
20171028,116
20171029,116
20171030,116
20171031,116
20171101,116
20171102,116
20171103,116
20171104,116
20171105,116
20171106,116
20171107,123
20171108,120
20171109,118
20171110,117
20171111,116
20171112,116
20171113,116
20171114,116
20171115,116
20171116,116
20171117,116
20171118,116
20171119,116
20171120,116
20171121,116
20171122,116
20171123,116
20171124,116
20171125,116
20171126,116
20171127,116
20171128,116
20171129,116
20171130,116
20171201,116
20171202,116
20171203,116
20171204,116
20171205,116
20171206,116
20171207,116
20171208,116
20171209,116
20171210,116
20171211,116
20171212,116
20171213,116
20171214,116
20171215,116
20171216,116
20171217,116
20171218,116
20171219,116
20171220,116
20171221,116
20171222,116
20171223,116
20171224,116
20171225,116
20171226,116
20171227,116
20171228,116
20171229,116
20171230,116
20171231,116
20180101,116
20180102,116
20180103,116
20180104,116
20180105,116
20180106,116
20180107,116
20180108,116
20180109,116
20180110,116
20180111,116
20180112,116
20180113,116
20180114,116
20180115,116
20180116,116
20180117,116
20180118,116
20180119,116
20180120,116
20180121,116
20180122,116
20180123,116
20180124,116
20180125,116
20180126,116
20180127,116
20180128,116
20180129,116
20180130,116
20180131,116
20180201,116
20180202,116
20180203,116
20180204,116
20180205,116
20180206,116
20180207,116
20180208,116
20180209,116
20180210,125
20180211,121
20180212,118
20180213,117
20180214,116
20180215,116
20180216,116
20180217,116
20180218,116
20180219,116
20180220,116
20180221,116
20180222,116
20180223,116
20180224,116
20180225,116
20180226,116
20180227,115
20180228,115
20180301,115
20180302,114
20180303,113
20180304,113
20180305,112
20180306,112
20180307,111
20180308,110
20180309,110
20180310,108
20180311,107
20180312,106
20180313,105
20180314,104
20180315,104
20180316,117
20180317,116
20180318,115
20180319,115
20180320,115
20180321,112
20180322,112
20180323,110
20180324,108
20180325,106
20180326,103
20180327,100
20180328,97.4
20180329,94.3
20180330,96.6
20180331,105
20180401,104
20180402,104
20180403,116
20180404,114
20180405,113
20180406,109
20180407,105
20180408,101
20180409,96.8
20180410,93
20180411,88.8
20180412,86.6
20180413,87.8
20180414,83.4
20180415,83
20180416,83.8
20180417,79.8
20180418,78
20180419,77.2
20180420,79.9
20180421,75
20180422,75
20180423,93.5
20180424,92.1
20180425,88.1
20180426,87.5
20180427,82.3
20180428,76.5
20180429,71.7
20180430,69.8
20180501,69
20180502,67.4
20180503,73.6
20180504,85.7
20180505,81.9
20180506,77.2
20180507,77.1
20180508,74.7
20180509,94.3
20180510,94.6
20180511,111
20180512,117
20180513,115
20180514,119
20180515,124
20180516,119
20180517,113
20180518,111
20180519,111
20180520,117
20180521,117
20180522,119
20180523,113
20180524,122
20180525,123
20180526,124
20180527,120
20180528,123
20180529,121
20180530,127
20180531,120
20180601,119
20180602,125
20180603,124
20180604,122
20180605,122
20180606,120
20180607,118
20180608,122
20180609,124
20180610,127
20180611,128
20180612,131
20180613,129
20180614,126
20180615,121
20180616,114
20180617,113
20180618,117
20180619,117
20180620,116
20180621,116
20180622,115
20180623,115
20180624,115
20180625,115
20180626,114
20180627,116
20180628,117
20180629,119
20180630,117
20180701,116
20180702,114
20180703,116
20180704,115
20180705,114
20180706,114
20180707,122
20180708,123
20180709,125
20180710,120
20180711,121
20180712,124
20180713,126
20180714,123
20180715,119
20180716,118
20180717,120
20180718,118
20180719,118
20180720,119
20180721,119
20180722,120
20180723,118
20180724,119
20180725,120
20180726,118
20180727,117
20180728,117
20180729,117
20180730,116
20180731,117
20180801,116
20180802,116
20180803,117
20180804,117
20180805,116
20180806,116
20180807,116
20180808,117
20180809,120
20180810,119
20180811,118
20180812,121
20180813,123
20180814,128
20180815,128
20180816,130
20180817,127
20180818,125
20180819,122
20180820,121
20180821,118
20180822,117
20180823,117
20180824,117
20180825,116
20180826,116
20180827,119
20180828,118
20180829,117
20180830,117
20180831,119
20180901,118
20180902,117
20180903,116
20180904,116
20180905,116
20180906,116
20180907,116
20180908,116
20180909,116
20180910,116
20180911,116
20180912,123
20180913,120
20180914,118
20180915,117
20180916,117
20180917,117
20180918,117
20180919,117
20180920,117
20180921,122
20180922,119
20180923,117
20180924,118
20180925,123
20180926,127
20180927,129
20180928,129
20180929,129
20180930,127
20181001,122
20181002,120
20181003,118
20181004,117
20181005,122
20181006,122
20181007,122
20181008,119
20181009,118
20181010,119
20181011,118
20181012,117
20181013,116
20181014,116
20181015,119
20181016,122
20181017,127
20181018,125
20181019,123
20181020,123
20181021,119
20181022,118
20181023,117
20181024,116
20181025,116
20181026,116
20181027,116
20181028,116
20181029,116
20181030,116
20181031,116
20181101,116
20181102,116
20181103,116
20181104,118
20181105,119
20181106,118
20181107,117
20181108,116
20181109,116
20181110,116
20181111,116
20181112,116
20181113,116
20181114,116
20181115,116
20181116,116
20181117,116
20181118,116
20181119,122
20181120,119
20181121,117
20181122,116
20181123,117
20181124,117
20181125,116
20181126,116
20181127,116
20181128,116
20181129,116
20181130,116
20181201,116
20181202,116
20181203,116
20181204,116
20181205,116
20181206,116
20181207,116
20181208,116
20181209,116
20181210,116
20181211,116
20181212,116
20181213,116
20181214,116
20181215,116
20181216,116
20181217,116
20181218,116
20181219,116
20181220,116
20181221,116
20181222,116
20181223,116
20181224,116
20181225,116
20181226,116
20181227,116
20181228,116
20181229,116
20181230,116
20181231,116
20190101,116
20190102,116
20190103,116
20190104,116
20190105,116
20190106,116
20190107,116
20190108,116
20190109,116
20190110,116
20190111,116
20190112,116
20190113,116
20190114,116
20190115,116
20190116,116
20190117,116
20190118,116
20190119,116
20190120,116
20190121,116
20190122,116
20190123,116
20190124,116
20190125,116
20190126,116
20190127,116
20190128,116
20190129,116
20190130,116
20190131,116
20190201,116
20190202,116
20190203,116
20190204,116
20190205,116
20190206,116
20190207,116
20190208,120
20190209,119
20190210,118
20190211,120
20190212,118
20190213,117
20190214,117
20190215,117
20190216,117
20190217,117
20190218,117
20190219,117
20190220,117
20190221,117
20190222,117
20190223,117
20190224,117
20190225,117
20190226,117
20190227,117
20190228,116
20190301,116
20190302,116
20190303,118
20190304,117
20190305,116
20190306,115
20190307,115
20190308,114
20190309,113
20190310,113
20190311,113
20190312,112
20190313,111
20190314,110
20190315,109
20190316,107
20190317,106
20190318,104
20190319,102
20190320,100
20190321,98.8
20190322,96.4
20190323,93.8
20190324,91.2
20190325,88.8
20190326,86.6
20190327,84.2
20190328,81.7
20190329,79.1
20190330,76.2
20190331,76.8
20190401,73.2
20190402,72.3
20190403,75.4
20190404,71.2
20190405,67
20190406,66.6
20190407,62
20190408,65.3
20190409,71.4
20190410,76.6
20190411,75.5
20190412,85.5
20190413,84.7
20190414,80.8
20190415,76.7
20190416,71.8
20190417,67
20190418,66.8
20190419,68.5
20190420,66.9
20190421,66.2
20190422,61.6
20190423,60.3
20190424,56.3
20190425,50.5
20190426,45.5
20190427,41.2
20190428,40
20190429,36.1
20190430,36
20190501,35.3
20190502,30.6
20190503,25.8
20190504,22.5
20190505,18.7
20190506,19.9
20190507,32.8
20190508,27.7
20190509,36.6
20190510,32.4
20190511,28.7
20190512,27.4
20190513,33.6
20190514,33
20190515,28.8
20190516,23.8
20190517,23.1
20190518,26.2
20190519,27.4
20190520,31.4
20190521,33.8
20190522,32.8
20190523,32
20190524,36.4
20190525,59.2
20190526,70.1
20190527,69
20190528,64.8
20190529,66.7
20190530,62.7
20190531,71.6
20190601,79
20190602,79.9
20190603,93.9
20190604,92.9
20190605,92.7
20190606,107
20190607,116
20190608,111
20190609,108
20190610,111
20190611,110
20190612,114
20190613,116
20190614,117
20190615,116
20190616,115
20190617,112
20190618,112
20190619,112
20190620,112
20190621,111
20190622,112
20190623,114
20190624,115
20190625,114
20190626,115
20190627,116
20190628,115
20190629,116
20190630,117
20190701,117
20190702,120
20190703,121
20190704,121
20190705,124
20190706,126
20190707,127
20190708,128
20190709,126
20190710,128
20190711,124
20190712,122
20190713,119
20190714,117
20190715,117
20190716,117
20190717,116
20190718,121
20190719,121
20190720,122
20190721,120
20190722,120
20190723,120
20190724,118
20190725,121
20190726,119
20190727,122
20190728,120
20190729,119
20190730,118
20190731,117
20190801,117
20190802,118
20190803,120
20190804,123
20190805,127
20190806,130
20190807,131
20190808,133
20190809,134
20190810,134
20190811,131
20190812,125
20190813,121
20190814,119
20190815,122
20190816,120
20190817,123
20190818,123
20190819,123
20190820,129
20190821,126
20190822,125
20190823,121
20190824,121
20190825,119
20190826,117
20190827,118
20190828,118
20190829,119
20190830,117
20190831,117
20190901,117
20190902,119
20190903,121
20190904,123
20190905,126
20190906,126
20190907,126
20190908,126
20190909,126
20190910,123
20190911,120
20190912,119
20190913,118
20190914,116
20190915,116
20190916,116
20190917,116
20190918,117
20190919,117
20190920,117
20190921,117
20190922,116
20190923,121
20190924,126
20190925,126
20190926,127
20190927,122
20190928,119
20190929,118
20190930,117
20191001,116
20191002,121
20191003,119
20191004,119
20191005,120
20191006,123
20191007,120
20191008,121
20191009,125
20191010,125
20191011,122
20191012,126
20191013,124
20191014,127
20191015,122
20191016,127
20191017,123
20191018,123
20191019,123
20191020,120
20191021,126
20191022,128
20191023,125
20191024,122
20191025,124
20191026,122
20191027,121
20191028,119
20191029,118
20191030,122
20191031,119
20191101,121
20191102,119
20191103,118
20191104,117
20191105,117
20191106,117
20191107,116
20191108,118
20191109,117
20191110,116
20191111,116
20191112,116
20191113,116
20191114,116
20191115,116
20191116,118
20191117,118
20191118,117
20191119,116
20191120,116
20191121,116
20191122,116
20191123,116
20191124,116
20191125,116
20191126,116
20191127,116
20191128,116
20191129,116
20191130,116
20191201,117
20191202,124
20191203,123
20191204,120
20191205,119
20191206,118
20191207,117
20191208,117
20191209,117
20191210,117
20191211,117
20191212,117
20191213,117
20191214,117
20191215,117
20191216,117
20191217,117
20191218,117
20191219,117
20191220,117
20191221,117
20191222,117
20191223,117
20191224,117
20191225,117
20191226,117
20191227,116
20191228,116
20191229,116
20191230,116
20191231,116
20200101,116
20200102,116
20200103,116
20200104,116
20200105,116
20200106,116
20200107,116
20200108,116
20200109,116
20200110,116
20200111,116
20200112,116
20200113,116
20200114,116
20200115,116
20200116,116
20200117,116
20200118,116
20200119,116
20200120,116
20200121,116
20200122,116
20200123,116
20200124,116
20200125,116
20200126,116
20200127,116
20200128,116
20200129,116
20200130,116
20200131,116
20200201,116
20200202,116
20200203,116
20200204,116
20200205,116
20200206,116
20200207,116
20200208,116
20200209,116
20200210,116
20200211,116
20200212,116
20200213,116
20200214,116
20200215,116
20200216,116
20200217,116
20200218,116
20200219,116
20200220,116
20200221,116
20200222,116
20200223,116
20200224,116
20200225,116
20200226,116
20200227,116
20200228,116
20200229,116
20200301,115
20200302,115
20200303,115
20200304,116
20200305,115
20200306,114
20200307,114
20200308,113
20200309,112
20200310,112
20200311,111
20200312,110
20200313,109
20200314,108
20200315,106
20200316,105
20200317,104
20200318,102
20200319,100
20200320,98.1
20200321,96
20200322,93.7
20200323,91.2
20200324,90.8
20200325,91.6
20200326,89.1
20200327,86.2
20200328,83.6
20200329,80.3
20200330,77.2
20200331,73.9
20200401,69.9
20200402,66
20200403,61.7
20200404,57.6
20200405,52.9
20200406,59.4
20200407,66
20200408,64.4
20200409,63.8
20200410,62.8
20200411,61.7
20200412,61.6
20200413,57.8
20200414,53.3
20200415,49.2
20200416,45.3
20200417,44.6
20200418,43.2
20200419,39.1
20200420,35
20200421,31.2
20200422,27.8
20200423,30.3
20200424,34.9
20200425,38.8
20200426,53.2
20200427,53.1
20200428,52.8
20200429,52
20200430,47.4
20200501,44
20200502,54
20200503,55.7
20200504,59
20200505,62.6
20200506,69.7
20200507,70.1
20200508,78.7
20200509,78.2
20200510,76.4
20200511,75.8
20200512,76
20200513,74.2
20200514,79.7
20200515,81.8
20200516,82.9
20200517,78.9
20200518,99.7
20200519,98
20200520,93.3
20200521,93.4
20200522,98.2
20200523,105
20200524,110
20200525,115
20200526,120
20200527,117
20200528,114
20200529,109
20200530,114
20200531,120
20200601,121
20200602,118
20200603,118
20200604,120
20200605,118
20200606,116
20200607,115
20200608,115
20200609,114
20200610,114
20200611,120
20200612,119
20200613,119
20200614,122
20200615,120
20200616,118
20200617,117
20200618,119
20200619,120
20200620,118
20200621,118
20200622,120
20200623,118
20200624,118
20200625,117
20200626,118
20200627,117
20200628,117
20200629,123
20200630,126
20200701,122
20200702,119
20200703,122
20200704,122
20200705,123
20200706,122
20200707,124
20200708,123
20200709,122
20200710,121
20200711,119
20200712,118
20200713,116
20200714,116
20200715,116
20200716,121
20200717,126
20200718,127
20200719,123
20200720,127
20200721,124
20200722,120
20200723,118
20200724,122
20200725,120
20200726,119
20200727,117
20200728,117
20200729,119
20200730,124
20200731,120
20200801,117
20200802,118
20200803,122
20200804,126
20200805,129
20200806,131
20200807,132
20200808,130
20200809,127
20200810,121
20200811,119
20200812,121
20200813,119
20200814,118
20200815,121
20200816,121
20200817,124
20200818,125
20200819,121
20200820,119
20200821,118
20200822,117
20200823,117
20200824,117
20200825,116
20200826,116
20200827,116
20200828,116
20200829,116
20200830,116
20200831,116
20200901,117
20200902,126
20200903,127
20200904,128
20200905,129
20200906,127
20200907,125
20200908,120
20200909,119
20200910,119
20200911,117
20200912,116
20200913,117
20200914,118
20200915,117
20200916,117
20200917,117
20200918,117
20200919,117
20200920,121
20200921,125
20200922,126
20200923,124
20200924,120
20200925,118
20200926,117
20200927,117
20200928,116
20200929,121
20200930,118
20201001,117
20201002,116
20201003,122
20201004,119
20201005,118
20201006,120
20201007,119
20201008,118
20201009,117
20201010,125
20201011,128
20201012,122
20201013,123
20201014,126
20201015,127
20201016,123
20201017,119
20201018,118
20201019,125
20201020,121
20201021,120
20201022,123
20201023,121
20201024,121
20201025,119
20201026,118
20201027,117
20201028,116
20201029,116
20201030,116
20201031,116
20201101,116
20201102,116
20201103,116
20201104,116
20201105,116
20201106,120
20201107,118
20201108,117
20201109,116
20201110,116
20201111,116
20201112,116
20201113,116
20201114,118
20201115,117
20201116,116
20201117,117
20201118,116
20201119,116
20201120,116
20201121,116
20201122,116
20201123,116
20201124,116
20201125,116
20201126,116
20201127,116
20201128,116
20201129,116
20201130,116
20201201,116
20201202,116
20201203,116
20201204,116
20201205,116
20201206,116
20201207,116
20201208,119
20201209,124
20201210,120
20201211,119
20201212,117
20201213,117
20201214,117
20201215,117
20201216,117
20201217,117
20201218,117
20201219,117
20201220,117
20201221,117
20201222,117
20201223,117
20201224,117
20201225,117
20201226,117
20201227,117
20201228,117
20201229,117
20201230,117
20201231,117
