7,Bc8-2b-7
8,Bc9-2b-8
9,Bd30-2-3c-9
18,Be48-3c-18
20,Be49-3c-20
21,Be50-2-3c-21
81,I-Re-81
82,I-Re-82
83,I-Re-3a-83
85,I-Re-b-85
87,I-Re-bc-87
88,I-V-88
131,Lf28-2-3b-131
132,Lf30-132
133,Lf30-2a-133
127,Lc13-1a-127
128,Lf18-1a-128
130,Lf18-2a-130
139,Lg2-1-2a-139
142,Lg33-1-2a-142
143,Lg34-1-2a-143
135,Lf32-1-2a-135
136,Lf41-1-2a-136
138,Lf65-1-2a-138
144,Lg35-1a-144
145,Lg36-1a-145
146,Lg4-1a-146
11,Bd31-2c-11
16,Be45-2a-16
17,Be47-2a-17
101,Jc21-3a-101
102,Jc21-3a-102
103,Jc23-2a-103
104,Jc25-1ab-104
106,Jc26-2-3a-106
108,Jc27-1a-108
109,Jc28-2-3a-109
110,Jc29-2-3a-110
111,Jc30-1a-111
112,Jc30-2-3a-112
114,Jc32-2a-114
115,Jc32-2a-115
116,Jc4-2a-116
117,Jc5-2a-117
118,Jc6-2a-118
119,Jc8-2a-119
120,Je13-2a-120
121,Je23-a-121
122,Je29-1a-122
123,Je31-2-3a-123
125,Je48-2a-125
22,Be51-2a-22
24,Be8-3c-24
26,Be9-3c-26
90,I-Y-90
91,I-Y-ab-91
92,I-Y-ab-92
93,I-Y-b-93
95,I-Yk-2-3b-95
96,I-Zo-96
97,I-a-97
99,I-c-99
100,Jc2-2a-100
27,Bh11-1b-27
31,Bh12-3c-31
32,Bh13-2-3c-32
34,Bh4-2c-34
35,Bk24-2bc-35
36,D-SS-36
37,Fo2-2ab-37
38,Fo21-2ab-38
39,Fo28-3ab-39
41,Fo32-1a-41
42,Fo48-2ab-42
44,Fo8-2ab-44
45,Fp7-2ab-45
47,Fp8-2ab-47
48,Fp9-3a-48
50,Fr2-2-3b-50
51,Fr8-2-3b-51
52,Gd6-2a-52
53,Gd5-2a-53
55,Ge22-a-55
56,Ge23-2-3a-56
57,Gh7-2a-57
58,Gm15-2a-58
60,I-60
61,I-61
62,I-62
63,I-63
64,I-Bc-Tv-2-64
65,I-Be-bc-65
66,I-Bf-66
67,I-Bv-Lc-2-67
68,I-E-Lc-bc-68
69,I-E-bc-69
71,I-Jc-Xk-2-71
72,I-Je-72
73,I-Lc-Re-b-73
74,I-R-74
76,I-R-bc-76
77,I-Rc-77
78,I-Rc-bc-78
79,I-Rd-79
80,I-Rd-So-80
159,Ne15-3c-159
160,Ne20-3b-160
161,Ne26-2-3b-161
162,Ne27-2b-162
163,Ne28-2a-163
164,Ne7-2-3b-164
165,Qc1-1a-165
167,Qc10-1c-167
168,Qc13-1a-168
169,Qc15-1a-169
171,Qc16-1a-171
172,Qc17-1a-172
173,Qc18-1a-173
174,Qc19-1c-174
176,Qc2-1bc-176
178,Qc21-1a-178
179,Qc22-1b-179
180,Qc22-1b-180
181,Qc4-1a-181
182,Qc5-1c-182
183,Qc8-1a-183
184,Qc9-1b-184
185,Qf21-1a-185
186,Qf21-1a-186
187,Qf4-1a-187
188,Ql11-1b-188
189,Ql15-1a-189
190,Ql22-1a-190
191,Ql23-1a-191
192,Ql24-1a-192
193,ROCK-193
194,Rc1-2a-194
195,Rc15-1-2a-195
196,Rc16-1b-196
198,Rc17-3a-198
199,Rc18-2b-199
201,Rc18-3b-201
202,Rc19-2ab-202
204,Rc19-bc-204
205,Rc2-2b-205
207,Rc2-3c-207
208,Rc20-3a-208
210,Rc20-ab-210
211,Rc21-2c-211
213,Rc22-2b-213
215,Rc23-1-2a-215
216,Rc23-2-3c-216
218,Rc24-1ab-218
220,Rc24-2c-220
221,Rc25-3c-221
224,Rd12-2bc-224
225,Rd17-2b-225
228,Rd18-3ab-228
229,Rd2-2c-229
231,Re1-1-2a-231
232,Re1-1a-232
233,Re1-1a-233
234,Re1-1b-234
235,Re16-b-235
237,Re24-2c-237
238,Re39-1a-238
239,Re47-2c-239
240,Re48-2a-240
241,Re51-1a-241
242,Re51-b-242
243,Re52-243
244,Re59-2b-244
246,Re59-2c-246
247,Re59-a-247
248,Re63-2c-248
249,Re64-2a-249
250,Re65-1a-250
251,SALT-251
252,So10-2a-252
253,So12-3ab-253
255,So8-2-3a-255
256,So9-2-3a-256
257,To6-2bc-257
258,Vc1-2-3a-258
260,Vc13-3a-260
261,Vc14-3a-261
262,Vc23-3a-262
263,Vc25-3a-263
264,Vc26-3a-264
265,Vc27-3a-265
266,Vc28-3a-266
267,Vc29-3a-267
268,Vc29-3a-268
269,Vc30-3a-269
270,Vc31-2-3a-270
272,Vc32-3a-272
273,Vc33-3a-273
274,Vc34-3a-274
276,Vc35-3a-276
277,Vc36-3a-277
278,Vc37-3a-278
279,Vc7-3a-279
280,Vc8-3a-280
281,Vc8-3a-281
283,Vp1-3a-283
285,Vp10-3a-285
286,Vp14-3a-286
287,Vp15-3a-287
288,Vp16-3a-288
290,Vp20-3a-290
291,Vp24-2a-291
292,Vp24-3a-292
293,Vp26-293
294,Vp7-3a-294
295,Vp8-295
297,X8-2a-297
300,Xh14-1a-300
303,Xh14-ab-303
305,Xh15-2a-305
306,Xh15-3a-306
308,Xh15-a-308
309,Xh16-a-309
310,Xh17-2a-310
311,Xh19-2a-311
313,Xh2-3a-313
314,Xh20-2a-314
315,Xh21-2a-315
318,Xk1-2-3a-318
320,Xk12-2a-320
322,Xk16-2a-322
323,Xk19-2a-323
324,Xk19-2a-324
328,Xk20-2a-328
329,Xk9-2ab-329
331,Xl14-2a-331
333,Xy2-2a-333
334,Xy3-2ab-334
335,Y11-ab-335
336,Y12-1a-336
337,Y3-2a-337
339,Y5-1a-339
340,Y8-a-340
341,Y8-a-341
343,Yh15-1a-343
348,Yh16-2-3c-348
349,Yh16-2c-349
352,Yh17-2c-352
354,Yh18-2c-354
356,Yh19-2a-356
357,Yh20-2b-357
358,Yh21-2ab-358
360,Yk10-1a-360
361,Yk15-2a-361
362,Yk15-2ab-362
363,Yk16-2a-363
366,Yk18-1a-366
367,Yk19-1-2a-367
368,Yk19-1-2a-368
369,Yk2-3a-369
371,Yk20-1ab-371
372,Yk21-1a-372
374,Yk22-1-2a-374
376,Yk24-2-3b-376
378,Yy8-2ab-378
379,Z1-2-3a-379
380,Z6-2a-380
381,Zg3-3a-381
383,Zg9-3a-383
385,Zo11-2-3a-385
387,Zo12-2a-387
388,Zo13-2-3a-388
389,Zo2-1a-389
390,Zo5-2-3a-390
391,Zo7-3a-391
392,Zo9-3a-392
394,Zt2-2-3a-394
395,Zt2-2a-395
399,Qc20-1a-399
407,Af3-1-2a-407
412,Af32-1-2a-412
413,Af32-1-2b-413
414,Af33-1-2a-414
415,Af34-1-2a-415
417,Af35-1-2a-417
418,Af36-2a-418
419,Af37-1-2b-419
420,Af38-1-2a-420
421,Af39-1-2b-421
422,Af40-2b-422
423,Af41-2bc-423
424,Af42-1-2b-424
426,Af43-1-2b-426
427,Ao64-2bc-427
428,Ao65-1-2a-428
429,Ao66-2ab-429
430,Ao67-2bc-430
432,Ao68-1-2a-432
434,Ao69-1a-434
436,Ao7-436
437,Ao7-2a-437
440,Bc14-2bc-440
442,Bc15-2ab-442
443,Bc16-2a-443
445,Bc17-2bc-445
446,Bc18-c-446
447,Bc22-3a-447
450,Bc7-2-3b-450
451,Bc7-2bc-451
452,Be52-2-3a-452
453,Be53-1-2a-453
454,Be54-2-3a-454
455,Be55-2-3a-455
456,Be56-2-3a-456
457,Be57-2-3a-457
458,Be58-2-3b-458
459,Be63-2-3b-459
461,Be64-1-2a-461
463,Bf10-2-3b-463
464,Bf9-2bc-464
466,Bh14-3c-466
467,Bk25-2a-467
468,Bk25-2a-468
469,Bk26-2-3a-469
470,Bk27-2ab-470
471,Bk28-2b-471
472,Bk29-2ab-472
473,Bk31-2a-473
474,Bv13-3a-474
476,E16-2a-476
477,Fh10-3b-477
478,Fh4-3bc-478
479,Fh8-3b-479
480,Fh9-2bc-480
481,Fo1-ab-481
482,Fo14-2-3a-482
483,Fo14-2-3a-483
485,Fo2-1-2a-485
488,Fo22-2a-488
489,Fo26-489
490,Fo26-ab-490
491,Fo33-2ab-491
492,Fo33-ab-492
493,Fo34-3a-493
494,Fo35-494
495,Fo35-3ab-495
496,Fo42-2b-496
497,Fo42-3b-497
498,Fo43-2b-498
499,Fo43-2c-499
500,Fo44-2b-500
501,Fo47-2ab-501
503,Fo49-2a-503
505,Fo50-2a-505
506,Fo51-3a-506
507,Fo53-2-3b-507
508,Fo54-2-3a-508
509,Fo55-2-3a-509
510,Fo56-2-3a-510
511,Fo57-2a-511
512,Fo58-2b-512
513,Fo59-2-3b-513
514,Fo60-2-3b-514
515,Fo61-2ab-515
517,Fo62-2bc-517
518,Fo63-2a-518
519,Fo64-2ab-519
520,Fo65-2b-520
522,Fo66-2-3b-522
523,Fo67-2ab-523
524,Fo68-2b-524
525,Fo69-2ab-525
527,Fo70-2ab-527
528,Fo71-2ab-528
529,Fo72-bc-529
530,Fo73-2ab-530
531,Fo74-2-3a-531
532,Fo75-1-2a-532
533,Fo75-2-3a-533
534,Fo75-2-3a-534
536,Fo76-1-2a-536
537,Fo76-2-3a-537
148,Lg6-2-3a-148
153,Nd11-153
154,Ne10-3b-154
4,Ao39-2b-4
5,Ao41-2bc-5
6,Ao63-3b-6
155,Ne12-2c-155
156,Ne12-3b-156
158,Ne13-3b-158
1,Af14-3c-1
2,Af17-1-2a-2
3,Af32-2ab-3
538,Fo77-2-3a-538
539,Fo77-2b-539
540,Fo78-2-3a-540
542,Fo79-2bc-542
544,Fo86-3ab-544
546,Fo87-2b-546
548,Fo88-2b-548
549,Fo89-2b-549
550,Fo9-2-3bc-550
551,Fo90-2-3b-551
552,Fo91-2b-552
554,Fo92-2-3b-554
555,Fo93-2-3c-555
556,Fo94-2ab-556
557,Fo94-2bc-557
558,Fo96-3b-558
559,Fo97-3b-559
560,Fp10-2a-560
561,Fp11-2a-561
562,Fp12-2a-562
563,Fp13-2-3a-563
564,Fp16-2-3a-564
566,Fr10-2-3a-566
567,Fr11-3a-567
568,Fr12-2-3a-568
569,Fr13-2ab-569
570,Fr14-3a-570
571,Fr14-3ab-571
572,Fr18-2-3b-572
573,Fr19-3bc-573
575,Fr20-3bc-575
576,Fr3-2a-576
577,Fr3-2ac-577
579,Fr6-2-3ac-579
580,Fr7-2a-580
582,Fr9-2a-582
583,Fx1-1a-583
584,Fx10-2a-584
585,Fx13-2a-585
587,Fx14-2a-587
588,Fx15-2a-588
589,Fx16-2a-589
590,Fx17-2a-590
591,Fx18-2b-591
592,Fx19-3a-592
593,Fx20-2a-593
594,Fx21-2ab-594
595,Fx22-2ab-595
596,Fx23-2a-596
598,Fx25-2a-598
599,Fx26-1-2a-599
600,Fx26-1a-600
601,Fx27-2a-601
602,Fx28-2-3a-602
604,Fx29-3a-604
605,Fx30-1-2a-605
606,Fx31-1-2a-606
607,Fx9-1a-607
608,G2-a-608
609,G7-2a-609
610,Gd14-2a-610
612,Ge25-1a-612
613,Ge26-1-2a-613
614,Ge27-1a-614
615,Ge28-1a-615
616,Ge29-1a-616
617,Ge30-1a-617
618,Ge31-1a-618
620,Ge32-2-3a-620
621,Ge33-2-3a-621
624,Gh1-1-2a-624
626,Gh10-1a-626
627,Gh10-2a-627
628,Gh11-2a-628
630,Gh8-b-630
631,Gp4-1a-631
632,Gp5-1a-632
633,Gp6-2-3a-633
635,I-A-R-bc-635
636,I-Ao-N-c-636
638,I-Bc-638
640,I-Bc-L-2--640
642,I-Bc-V-642
643,I-Bc-V-ac-643
644,I-Bc-c-644
645,I-Bk-R-bc-645
646,I-F-c-646
647,I-L-1b-647
649,I-L-Q-bc-649
652,I-L-R-bc-652
653,I-L-ab-653
654,I-Lc-2bc-654
655,I-Lc-a-655
656,I-Lf-bc-656
657,I-N-c-657
658,I-Ne-To-658
659,I-Qc-659
660,I-R-660
663,I-Re-T-c-663
664,I-Re-Tm-a-664
665,I-U-c-665
666,I-V-b-666
669,I-X-c-669
673,J1-2a-673
674,J4-a-674
675,Jc33-2a-675
676,Jd2-2a-676
677,Jd3-2a-677
678,Je1-2a-678
679,Je10-2-3a-679
680,Je19-3a-680
681,Je2-2-3a-681
682,Je2-2-3a-682
684,Je38-1-2a-684
685,Je39-2a-685
686,Je49-2-3a-686
687,Je50-2-3a-687
688,Je51-2-3a-688
689,Je52-2-3a-689
691,Je53-1-3a-691
692,Je57-2-3a-692
693,Je58-2-3a-693
695,Je59-1a-695
696,Je60-696
697,Je7-3a-697
698,Jt6-3a-698
699,Jt7-3a-699
700,Xk24-2ab-700
702,Lc3-2ab-702
703,Lc3-3a-703
705,Lc49-2a-705
706,Lc49-3a-706
707,Lc5-2-3bc-707
708,Lc50-1-2a-708
709,Lc50-1b-709
710,Lc50-2a-710
711,Lc51-1-2a-711
712,Lc52-1a-712
714,Lc53-2-3a-714
715,Lc54-2-3a-715
717,Lc57-2a-717
718,Lc59-2-3a-718
719,Lc61-2b-719
720,Lc62-2bc-720
722,Lc64-2b-722
725,Lc65-1-2a-725
727,Lc65-1-2b-727
728,Lc66-1a-728
730,Lc67-2b-730
731,Lc68-2-3a-731
732,Lf93-1-2a-732
733,Lf10-1a-733
734,Lf10-1ac-734
735,Lf10-2a-735
737,Lf17-2ab-737
738,Lf18-1a-738
741,Lf24-1a-741
742,Lf24-2a-742
743,Lf29-1a-743
744,Lf32-2c-744
746,Lf33-1a-746
748,Lf44-1-2b-748
749,Lf47-1-2a-749
750,Lf51-2a-750
751,Lf66-2ab-751
752,Lf67-2b-752
753,Lf68-2b-753
754,Lf69-ac-754
755,Lf70-1-2a-755
756,Lf71-2ab-756
757,Lf72-3a-757
758,Lf73-1a-758
759,Lf74-1a-759
760,Lf75-1-2a-760
761,Lf76-1-2a-761
762,Lf77-1-2a-762
763,Lf78-1-2a-763
764,Lf79-2ab-764
765,Lf80-2bc-765
766,Lf81-1a-766
767,Lf81-2a-767
768,Lf81-2ac-768
770,Lf82-1a-770
772,Lf83-1a-772
773,Lf84-1a-773
774,Lf86-2a-774
776,Lf87-2-3b-776
777,Lf88-1-2b-777
778,Lf88-3b-778
779,Lf89-1-2b-779
781,Lf91-3ab-781
783,Lg16-1a-783
784,Lg2-1a-784
785,Lg3-1a-785
786,Lg3-2a-786
787,Lk4-2ab-787
788,Lk4-2ab-788
789,Lo41-1-2a-789
790,Lo42-1a-790
791,Lo43-2b-791
793,Lp12-1a-793
794,NO-DATA-794
795,Nd1-2a-795
796,Nd1-3a-796
798,Nd13-3bc-798
800,Nd23-3c-800
802,Nd24-2c-802
803,Nd34-2bc-803
805,Nd37-2-3a-805
806,Nd38-2bc-806
862,Qa7-1a-862
863,Qa8-1ab-863
864,Qc10-1a-864
807,Nd39-3bc-807
808,Nd40-3b-808
809,Nd41-3b-809
810,Nd42-3b-810
811,Nd43-2-3a-811
812,Nd44-2-3a-812
814,Nd45-2b-814
816,Nd8-2bc-816
817,Ne1-3a-817
819,Ne1-3b-819
821,Ne17-2-3c-821
823,Ne29-2bc-823
824,Ne30-2ab-824
825,Ne31-2ab-825
826,Ne33-2-3b-826
827,Ne34-3c-827
828,Ne35-2-3a-828
829,Ne36-2-3b-829
830,Ne37-1-2a-830
831,Ne38-2ab-831
832,Ne39-2a-832
833,Ne40-1-2a-833
834,Ne41-2ab-834
835,Ne41-3a-835
837,Ne42-2c-837
839,Ne43-2-3a-839
840,Ne44-2-3a-840
841,Ne45-3a-841
842,Ne46-2-3a-842
843,Ne46-2ab-843
844,Ne54-2-3b-844
847,Nh2-2-3c-847
848,Nh2-2c-848
850,Nh5-2-3c-850
852,Nh6-2-3c-852
853,Nh7-2-3c-853
855,Od11-2a-855
856,Oe3-a-856
857,Oe4-a-857
859,Ph5-1a-859
860,Qa5-1a-860
861,Qa6-1a-861
865,Qc20-1a-865
866,Qc23-1a-866
867,Qc24-1a-867
869,Qc25-1a-869
870,Qc26-1a-870
871,Qc27-1a-871
872,Qc28-1a-872
874,Qc29-1a-874
875,Qc30-1-2a-875
877,Qc30-1a-877
878,Qc31-1a-878
879,Qc32-1ab-879
880,Qc33-1a-880
881,Qc37-1a-881
882,Qc38-1a-882
883,Qc39-1a-883
884,Qc40-1a-884
885,Qc41-1a-885
886,Qc42-1a-886
887,Qc42-1a-887
888,Qc43-1a-888
889,Qc44-1a-889
890,Qc45-1-3a-890
895,Ql20-1a-895
897,Qf1-1a-897
898,Qf22-1a-898
899,Qf23-1a-899
901,Qf24-1a-901
902,Qf25-1a-902
903,Qf26-1a-903
904,Qf27-1-2a-904
905,Qf28-1a-905
906,Qf29-1a-906
907,Qf30-1a-907
908,Qf31-1a-908
909,Qf31-1ab-909
910,Qf32-1-2b-910
911,Qf33-1-2a-911
912,Qf34-1-2b-912
913,Qf35-1-2b-913
914,Qf35-1b-914
915,Qf36-1a-915
918,Qf37-1ab-918
919,Qf38-1a-919
920,Qf39-1a-920
921,Qf40-1a-921
923,Ql17-1-2a-923
924,Ql17-1a-924
925,Ql2-1-2b-925
926,Ql25-1-2a-926
927,Ql9-1a-927
929,Rd15-1-2b-929
930,Rd15-1a-930
931,Rd19-1ab-931
932,Rd20-2c-932
934,Re68-1ab-934
935,Re69-1a-935
936,So1-2-3a-936
937,So11-2-3a-937
938,So11-2-3a-938
939,So13-1a-939
941,Tm10-2bc-941
942,Tm11-1-2a-942
943,Tm12-2b-943
945,Tm13-2-3c-945
946,Tm14-1-2c-946
947,Tm8-2-3c-947
948,Tm9-2c-948
949,To7-2-3a-949
950,V1-3a-950
952,V10-3a-952
953,V9-3a-953
954,Vc1-3a-954
955,Vc39-3a-955
956,Vc40-3a-956
957,Vc41-3a-957
960,Vp45-2-3a-960
962,Vp46-3a-962
963,Vp47-1a-963
964,Vp48-a-964
966,Vp49-3a-966
968,Vp50-3a-968
969,Vp51-3a-969
970,Vp52-3a-970
971,Vp53-3a-971
972,Vp54-3a-972
974,Vp56-3ab-974
976,We18-1-2a-976
977,We4-2a-977
980,We8-1-2a-980
983,We9-2-3b-983
985,Ws13-2ab-985
987,X7-2ab-987
988,Xh1-2ab-988
989,Xh22-1-2a-989
990,Xh23-1-2a-990
992,Xh24-ab-992
993,Xh25-1-2a-993
994,Xh26-1-2a-994
995,Xh27-1-2a-995
996,Xh28-1-2a-996
997,Xh29-1-2a-997
1004,Yk23-1-2a-1004
1005,Yy2-1a-1005
1008,Yy8-1a-1008
1009,Zg12-1-2a-1009
1010,Zo14-1-2a-1010
1011,Zo15-1-2a-1011
1013,Zo17-1-2a-1013
1015,Zo9-3a-1015
1016,Af1-1016
1017,Af1-1-2a-1017
1018,Af12-1-2a-1018
1020,Af12-2b-1020
1021,Af13-1a-1021
1022,Af15-1022
1023,Af16-1-2b-1023
1024,Af18-1a-1024
1025,Af2-1025
1026,Af2-2a-1026
1027,Af23-2a-1027
1028,Af24-2a-1028
1029,Af25-1a-1029
1030,Af26-a-1030
1031,Af27-1031
1032,Af27-1ab-1032
1033,Af28-1033
1034,Af28-a-1034
1035,Af29-1-2a-1035
1036,Af30-1036
1037,Af31-1037
1038,Af31-2b-1038
1039,Af4-a-1039
1040,Af4-a-1040
1041,Af5-1041
1043,Af5-1-2a-1043
1045,Ao1-2b-1045
1046,Ao1-ab-1046
1047,Ao10-1047
1048,Ao10-1a-1048
1049,Ao10-a-1049
1050,Ao10-a-1050
1051,Ao11-b-1051
1052,Ao13-1052
1053,Ao13-a-1053
1054,Ao29-b-1054
1055,Ao30-a-1055
1056,Ao43-1b-1056
1057,Ao45-2a-1057
1058,Ao46-a-1058
1059,Ao48-1a-1059
1060,Ao48-1a-1060
1061,Ao49-ac-1061
1062,Ao59-1a-1062
1063,Ao59-a-1063
1064,Ao60-1064
1066,Ao7-a-1066
1067,Ao7-ab-1067
1068,Ap15-1a-1068
1069,Ap16-2a-1069
1070,Ap17-2a-1070
1071,Ap18-2a-1071
1072,Ap20-1072
1074,Ap22-2a-1074
1075,Ap23-1-2a-1075
1076,Bc21-2a-1076
1077,Bc21-2b-1077
1078,Bc6-2ab-1078
1079,Bc6-2b-1079
1080,Bc7-2b-1080
1081,Be1-1081
1082,Be1-b-1082
1083,Be25-1083
1084,Be26-1084
1085,Be27-1085
1086,Be28-1086
1088,Be28-1a-1088
1089,Be3-1089
1090,Be30-1090
1091,Be42-1091
1092,Be42-2-3a-1092
1093,Be42-2-3b-1093
1094,Be61-2a-1094
1095,Be62-2bc-1095
1096,Be7-1b-1096
1097,Bf2-3a-1097
1098,Bf3-1098
1099,Bf3-2b-1099
1100,Bf4-1100
1101,Bf4-2b-1101
1102,Bf5-2-3ab-1102
1103,Bf5-ab-1103
1104,Bf5-b-1104
1105,Bf6-1105
1106,Bf7-2b-1106
1107,Bg1-1107
1108,Bg2-2a-1108
1109,Bh8-bc-1109
1110,Bk10-1ab-1110
1111,Bk10-2b-1111
1112,Bk11-1b-1112
1113,Bk12-2a-1113
1114,Bk13-2ab-1114
1115,Bk13-2ab-1115
1116,Bk14-2b-1116
1117,Bk14-2bc-1117
1118,Bk14-2c-1118
1119,Bk14-2c-1119
1120,Bk15-2c-1120
1121,Bk16-2b-1121
1122,Bk17-2c-1122
1123,Bk18-bc-1123
1124,Bk19-2c-1124
1125,Bk2-2ab-1125
1126,Bk2-2bc-1126
1127,Bk2-bc-1127
1128,Bk20-2ab-1128
1129,Bk21-2bc-1129
1130,Bk22-a-1130
1131,Bk23-2-3a-1131
1132,Bk24-bc-1132
1133,Bk3-2a-1133
1134,Bk4-1a-1134
1135,Bk6-2-3a-1135
1136,Bv1-1136
1137,Bv1-a-1137
1138,Bv2-1138
1139,Bv2-1bc-1139
1140,Bv2-3a-1140
1141,Bv3-1141
1142,Bv4-3a-1142
1143,Bv5-1143
1144,Bv5-2a-1144
1145,Bv6-1145
1146,Bv7-a-1146
1147,Bv8-3a-1147
1151,E11-2c-1151
1152,E12-2c-1152
1153,E14-2c-1153
1154,E15-bc-1154
1155,E2-2ac-1155
1156,Fh1-3b-1156
1157,Fh1-ab-1157
1158,Fh6-2b-1158
1159,Fh7-3b-1159
1160,Fo1-1160
1161,Fo14-1161
1162,Fo14-2a-1162
1163,Fo20-1ab-1163
1166,Fo36-2b-1166
1167,Fo37-2b-1167
1168,Fo38-2a-1168
1169,Fo39-2b-1169
1170,Fo40-1-2a-1170
1171,Fo41-1171
1172,Fo45-2b-1172
1173,Fo46-3bc-1173
1174,Fo9-bc-1174
1175,Fp2-a-1175
1177,Fp3-2c-1177
1179,Fp4-2b-1179
1180,Fp5-2a-1180
1181,Fp6-2b-1181
1183,Fr6-2-3a-1183
1184,Fx1-b-1184
1185,Fx11-1b-1185
1187,Fx12-2ab-1187
1188,Fx2-2a-1188
1189,Fx7-3b-1189
1190,Fx8-1a-1190
1191,G1-1191
1192,G1-3a-1192
1193,G2-2-3a-1193
1194,G2-3a-1194
1195,G3-1195
1196,G3-2a-1196
1197,G3-2a-1197
1198,G4-a-1198
1199,G5-a-1199
1200,G6-a-1200
1201,Gd16-2-3a-1201
1202,Gd21-1-2a-1202
1203,Gd21-a-1203
1204,Ge1-1204
1205,Ge1-2-3a-1205
1207,Ge10-1a-1207
1208,Ge16-1208
1209,Ge2-1209
1211,Ge5-1a-1211
1212,Gh1-3a-1212
1213,Gh4-1213
1214,Gh4-a-1214
1215,Hh9-2b-1215
1216,Hl35-2a-1216
1217,Hl36-2a-1217
1218,Hl37-2a-1218
1219,I-1219
1221,I-1c-1221
1223,I-Af-Lg-1223
1226,I-Ag-Fo-2-1226
1227,I-Ao-1227
1228,I-Ao-2bc-1228
1229,I-Bd-Nd-b-1229
1230,I-Be-1230
1232,I-Be-a-1232
1233,I-Bf-Rd-1233
1235,I-Bf-bc-1235
1237,I-Bk-X-2c-1237
1238,I-Bk-bc-1238
1239,I-Bk-c-1239
1240,I-Bv-Q-a-1240
1241,I-Bv-c-1241
1242,I-E-2c-1242
1243,I-E-X-2c-1243
1244,I-Fh-Fr-2-1244
1246,I-Fo-1b-1246
1247,I-Fo-2bc-1247
1248,I-Fo-Fx-1248
1249,I-Fo-c-1249
1250,I-Fp-ac-1250
1251,I-Fr-3ab-1251
1252,I-Fx-1ab-1252
1253,I-G-1253
1254,I-Lc-X-2c-1254
1255,I-Lf-1255
1256,I-Lf-1b-1256
1257,I-Lf-Lp-1257
1259,I-Lf-Ne-1259
1260,I-Lf-Qc-1260
1261,I-Lf-Ql-1261
1262,I-Lf-Ql-a-1262
1264,I-Lf-Rd-1264
1265,I-Lf-Re-1265
1267,I-Lf-Re-1267
1268,I-Lf-Re-1-1268
1269,I-Lf-Vc-1-1269
1270,I-Lf-c-1270
1271,I-Lg-1271
1272,I-Lg-2b-1272
1273,I-Lg-Re-1273
1274,I-Lp-1274
1275,I-Lv-1275
1276,I-Nd-1276
1277,I-Nd-Rd-1-1277
1278,I-Ne-1278
1279,I-Nh-Rd-b-1279
1280,I-Nh-Rd-b-1280
1281,I-Ql-Re-1281
1283,I-Rc-1-2b-1283
1284,I-Rc-1-2c-1284
1286,I-Rd-1286
1287,I-Rd-bc-1287
1289,I-Rd-c-1289
1290,I-Rd-c-1290
1291,I-Re-1291
1292,I-Re-a-1292
1293,I-Re-a-1293
1294,I-Re-b-1294
1297,I-Tv-1297
1298,I-Ws-1298
1299,I-X-Y-2c-1299
1300,I-X-c-1300
1301,I-Xk-2b-1301
1307,I-Y-a-1307
1309,I-Y-a-1309
1312,I-Y-b-1312
1315,I-Yk-a-1315
1316,I-Yk-ab-1316
1317,I-Yy-b-1317
1319,I-Z-1319
1321,I-a-1321
1322,I-ab-1322
1323,I-b-1323
1324,I-bc-1324
1325,J2-1325
1326,J2-1-2a-1326
1327,J2-a-1327
1328,J3-2a-1328
1329,J4-1-1329
1330,Jc1-1330
1331,Jc1-1331
1332,Jc1-2a-1332
1333,Jc1-2a-1333
1334,Jc1-a-1334
1336,Jc10-2a-1336
1337,Jc10-a-1337
1338,Jc11-2a-1338
1339,Jc11-3a-1339
1340,Jc12-2a-1340
1341,Jc13-2a-1341
1342,Jc13-2a-1342
1343,Jc14-2a-1343
1344,Jc15-2-3a-1344
1345,Jc16-2-3a-1345
1346,Jc17-3a-1346
1347,Jc18-a-1347
1348,Jc19-a-1348
1349,Jc20-ab-1349
1350,Jc21-2a-1350
1351,Jc22-2a-1351
1352,Jc24-1-2a-1352
1353,Jc3-1353
1354,Jc3-1a-1354
1355,Jc3-2a-1355
1356,Jc3-a-1356
1357,Jc9-2a-1357
1358,Jd1-a-1358
1359,Je1-1359
1360,Je16-1360
1361,Je2-1a-1361
1362,Je2-2a-1362
1363,Je21-1363
1364,Je21-2-3a-1364
1365,Je22-1-2a-1365
1367,Je28-1367
1368,Je30-2-3a-1368
1370,Je32-1a-1370
1371,Je33-1-3a-1371
1372,Je34-1-3a-1372
1374,Je35-2a-1374
1375,Je36-1375
1376,Je37-2-3a-1376
1377,Je45-2a-1377
1378,Je46-1a-1378
1379,Je47-3a-1379
1380,Jt2-1-2a-1380
1381,Jt2-2a-1381
1382,Jt2-3a-1382
1383,Jt3-2a-1383
1384,Jt3-2a-1384
1385,Jt4-2a-1385
1386,Jt4-a-1386
1388,Jt5-3a-1388
1389,K2-2b-1389
1390,K3-3a-1390
1391,Kk10-3a-1391
1392,Kk11-3b-1392
1393,Kk12-2b-1393
1394,Kk13-3b-1394
1395,Kk14-2b-1395
1396,Kk8-2a-1396
1397,Kk9-1ab-1397
1398,Kl35-3c-1398
1399,L2-1399
1400,L3-1400
1401,La30-2bc-1401
1402,Lc37-1ab-1402
1403,Lc38-2bc-1403
1404,Lc39-2c-1404
1405,Lc40-1a-1405
1406,Lc41-1ab-1406
1407,Lc42-2c-1407
1408,Lc43-2c-1408
1409,Lc44-3c-1409
1411,Lc45-3bc-1411
1412,Lc46-2a-1412
1413,Lc46-2ab-1413
1414,Lc47-2c-1414
1416,Lc48-2a-1416
1417,Lc5-2ab-1417
1418,Lc58-1418
1419,Lc60-2bc-1419
1420,Lf1-1420
1421,Lf1-1421
1422,Lf1-1-2a-1422
1423,Lf1-1a-1423
1424,Lf1-1a-1424
1425,Lf10-a-1425
1426,Lf11-1426
1427,Lf12-1a-1427
1428,Lf12-1a-1428
1429,Lf12-a-1429
1430,Lf12-a-1430
1431,Lf12-b-1431
1432,Lf13-1432
1433,Lf15-ab-1433
1434,Lf18-1434
1436,Lf20-1a-1436
1438,Lf25-1438
1439,Lf25-1439
1440,Lf26-1440
1441,Lf26-1a-1441
1442,Lf26-a-1442
1443,Lf26-a-1443
1444,Lf26-a-1444
1445,Lf27-1445
1446,Lf27-1-2a-1446
1447,Lf27-1-2b-1447
1448,Lf27-a-1448
1449,Lf30-1a-1449
1450,Lf30-1a-1450
1451,Lf30-1a-1451
1453,Lf31-a-1453
1455,Lf32-1455
1456,Lf32-1-2a-1456
1457,Lf32-1a-1457
1458,Lf32-a-1458
1459,Lf34-a-1459
1460,Lf35-1460
1461,Lf36-1461
1462,Lf36-1a-1462
1463,Lf37-1463
1464,Lf38-1464
1465,Lf39-1465
1466,Lf40-1466
1467,Lf40-1a-1467
1468,Lf41-1-2a-1468
1469,Lf41-2a-1469
1470,Lf42-1a-1470
1471,Lf43-1a-1471
1472,Lf45-2ab-1472
1473,Lf48-1a-1473
1475,Lf49-1475
1476,Lf49-1a-1476
1477,Lf50-1477
1478,Lf52-1478
1479,Lf52-1479
1480,Lf53-1480
1482,Lf54-1a-1482
1484,Lf60-2b-1484
1485,Lf61-2a-1485
1486,Lf61-2a-1486
1487,Lf61-3a-1487
1488,Lf62-3a-1488
1489,Lf63-2a-1489
1490,Lf64-1490
1492,Lf7-a-1492
1493,Lf8-1493
1494,Lf8-a-1494
1495,Lg1-1495
1496,Lg1-3a-1496
1498,Lg10-1498
1499,Lg10-1499
1500,Lg11-1500
1501,Lg12-1501
1502,Lg13-1502
1503,Lg15-1-2a-1503
1504,Lg20-1504
1505,Lg20-2a-1505
1506,Lg21-1506
1508,Lg23-a-1508
1509,Lg24-1509
1510,Lg25-2a-1510
1511,Lg26-2a-1511
1512,Lg27-1512
1513,Lg28-1a-1513
1514,Lg32-2c-1514
1515,Lg5-2a-1515
1516,Lg5-3a-1516
1517,Lg7-1517
1518,Lg7-2-3a-1518
1519,Lg7-3a-1519
1520,Lg8-1520
1521,Lg8-1a-1521
1522,Lg9-1522
1523,Lg9-1a-1523
1524,Lo38-bc-1524
1525,Lo39-2-3a-1525
1626,Ql18-1b-1626
1627,Ql19-1a-1627
1628,Ql21-1628
1629,Ql3-1629
1630,Ql3-1a-1630
1631,Ql4-1a-1631
1632,Ql5-1632
1633,Ql6-1633
1634,Ql6-1a-1634
1637,Ql7-1637
1638,Ql8-1638
1639,R1-1639
1640,R1-1640
1642,Rc1-1642
1643,Rc1-1b-1643
1644,Rc10-1644
1645,Rc10-1645
1647,Rd1-1a-1647
1526,Lo40-ab-1526
1527,Lp10-1a-1527
1528,Lp2-1528
1529,Lp2-1529
1530,Lp2-a-1530
1532,Lp4-1532
1533,Lp4-1533
1534,Lp5-1534
1536,Lp5-1a-1536
1537,Lp6-1537
1539,Lp6-1a-1539
1540,Lp6-1a-1540
1541,Lp7-1541
1542,Lp8-1542
1543,Lp9-1543
1544,Nd1-1544
1545,Nd1-2b-1545
1546,Nd10-3b-1546
1547,Nd10-b-1547
1548,Nd12-2b-1548
1549,Nd14-1a-1549
1550,Nd15-1550
1552,Nd15-1a-1552
1553,Nd16-2-3a-1553
1554,Nd17-1a-1554
1555,Nd18-1555
1556,Nd18-1a-1556
1557,Nd19-1a-1557
1558,Nd20-1a-1558
1559,Nd21-1559
1560,Nd21-1a-1560
1561,Nd22-1a-1561
1562,Nd25-2b-1562
1563,Nd27-1563
1564,Nd28-2a-1564
1565,Nd3-1565
1566,Nd3-1566
1567,Nd5-1a-1567
1568,Nd6-3a-1568
1569,Nd6-3ab-1569
1570,Nd7-1570
1571,Nd8-1571
1572,Nd8-1a-1572
1573,Nd8-b-1573
1574,Nd9-1574
1576,Nd9-1a-1576
1577,Ne1-1577
1578,Ne1-a-1578
1579,Ne1-ab-1579
1580,Ne14-3-1580
1581,Ne16-a-1581
1582,Ne17-1582
1583,Ne18-1583
1584,Ne18-1584
1585,Ne19-1a-1585
1586,Ne19-2a-1586
1587,Ne21-1587
1588,Ne21-3b-1588
1589,Ne21-b-1589
1590,Ne3-b-1590
1591,Ne52-2a-1591
1592,Ne6-2b-1592
1593,Nh3-1593
1594,Nh3-ab-1594
1595,Nh3-ac-1595
1596,Od10-1-2a-1596
1598,Qc1-1598
1599,Qc11-1599
1600,Qc12-1600
1602,Qc14-1602
1603,Qc3-1a-1603
1604,Qc4-1604
1605,Qc4-1b-1605
1606,Qc6-1606
1607,Qc7-1a-1607
1608,Qf1-1608
1609,Qf17-1609
1610,Qf18-1610
1611,Qf19-a-1611
1612,Qf20-1a-1612
1613,Ql1-1613
1614,Ql1-1a-1614
1615,Ql10-1615
1616,Ql10-1a-1616
1617,Ql11-1617
1618,Ql11-1a-1618
1619,Ql11-1a-1619
1620,Ql12-1a-1620
1621,Ql13-1a-1621
1622,Ql14-1a-1622
1623,Ql16-1623
1624,Ql16-1a-1624
1625,Ql17-1625
1648,Rd16-1a-1648
1650,Rd17-1a-1650
1651,Rd3-1-2b-1651
1652,Rd3-1a-1652
1653,Rd4-1-2a-1653
1654,Rd6-a-1654
1655,Rd7-1655
1656,Rd8-1a-1656
1657,Rd8-1b-1657
1659,Re1-1659
1660,Re1-1660
1661,Re1-1661
1662,Re1-1-1662
1664,Re1-1ab-1664
1665,Re24-1665
1666,Re24-1666
1667,Re24-1667
1668,Re24-1a-1668
1669,Re24-1a-1669
1670,Re32-1a-1670
1671,Re33-1671
1672,Re33-1672
1673,Re33-1673
1674,Re33-1674
1676,Re33-1a-1676
1677,Re33-1a-1677
1678,Re34-1678
1679,Re34-1679
1680,Re34-1a-1680
1681,Re35-1681
1682,Re35-1682
1683,Re35-1a-1683
1684,Re35-1a-1684
1685,Re35-1a-1685
1686,Re35-a-1686
1687,Re36-1a-1687
1689,Re37-1689
1690,Re37-1690
1691,Re38-1691
1692,Re38-a-1692
1694,Re39-1694
1695,Re40-bc-1695
1696,Re43-1696
1697,Re43-1ab-1697
1698,Re45-1698
1699,Re45-1699
1700,Re49-1700
1701,Re49-1a-1701
1702,Re5-b-1702
1703,Re60-b-1703
1704,So1-a-1704
1705,So6-a-1705
1706,Th2-c-1706
1707,Tm3-1707
1708,To9-2bc-1708
1709,Tv11-ab-1709
1710,Tv12-b-1710
1711,V2-3a-1711
1712,V3-3a-1712
1713,V4-3a-1713
1714,V5-3b-1714
1715,Vc1-1715
1716,Vc1-3a-1716
1717,Vc10-1717
1718,Vc11-1718
1719,Vc12-1719
1720,Vc13-1720
1721,Vc14-3b-1721
1722,Vc15-1722
1723,Vc16-3a-1723
1724,Vc20-1724
1725,Vc24-3a-1725
1726,Vc4-1726
1727,Vc5-3a-1727
1728,Vc6-a-1728
1729,Vc8-1729
1730,Vc9-1730
1731,Vc9-3a-1731
1732,Vp11-1732
1733,Vp12-3a-1733
1734,Vp13-a-1734
1735,Vp17-3a-1735
1736,Vp19-3a-1736
1737,Vp23-3a-1737
1739,Vp25-1739
1740,Vp44-3ab-1740
1741,Vp8-2-3a-1741
1743,Vp8-3a-1743
1744,Vp9-a-1744
1745,W2-a-1745
1746,Wd2-2-3a-1746
1747,We16-2-3a-1747
1749,Ws10-a-1749
1750,Ws11-a-1750
1751,Ws12-1a-1751
1752,Ws2-1752
1754,Ws2-1a-1754
1755,Ws3-1755
1756,Ws3-1a-1756
1757,Ws4-1757
1758,Ws4-1a-1758
1759,Ws5-1a-1759
1760,Ws6-1760
1761,Ws6-1a-1761
1762,Ws8-1762
1763,Ws9-1763
1764,X2-2a-1764
1766,X3-2ab-1766
1767,X4-2a-1767
1768,X6-1-2b-1768
1769,Xh11-1-2a-1769
1770,Xh12-1770
1772,Xh12-2a-1772
1773,Xh13-1773
1774,Xh2-2a-1774
1775,Xk1-2ab-1775
1776,Xk10-2a-1776
1779,Xk13-2b-1779
1780,Xk14-1-2b-1780
1781,Xk15-1-2a-1781
1782,Xk17-2a-1782
1783,Xk18-1b-1783
1785,Xk4-2a-1785
1787,Xk5-2b-1787
1788,Xk8-1a-1788
1790,Y1-1790
1791,Y1-1791
1792,Y1-1a-1792
1794,Y1-a-1794
1795,Y1-a-1795
1796,Y1-b-1796
1797,Y10-1797
1798,Y10-ab-1798
1800,Y11-2ac-1800
1801,Y2-1b-1801
1802,Y4-1a-1802
1803,Y5-1803
1804,Y5-1804
1805,Y5-1a-1805
1807,Y5-2ac-1807
1808,Y5-a-1808
1810,Y5-ab-1810
1811,Y5-b-1811
1812,Y6-1812
1814,Y6-a-1814
1815,Y7-1815
1816,Y7-1816
1818,Y7-a-1818
1819,Y8-ab-1819
1820,Y8-ab-1820
1821,Y8-b-1821
1823,Yh10-a-1823
1824,Yh13-2-3a-1824
1825,Yh14-2a-1825
1826,Yh2-1826
1827,Yh2-a-1827
1828,Yh9-1828
1830,Yh9-ab-1830
1831,Yk1-1a-1831
1832,Yk1-2ab-1832
1833,Yk10-1-2a-1833
1834,Yk11-1-2a-1834
1835,Yk12-1a-1835
1837,Yk13-1-2a-1837
1838,Yk14-2a-1838
1839,Yk17-1839
1840,Yk3-1a-1840
1841,Yk3-2a-1841
1842,Yk3-2ab-1842
1843,Yk5-1a-1843
1844,Yk6-a-1844
1845,Yk7-1845
1846,Yk7-2ab-1846
1847,Yt2-3a-1847
1848,Yy1-1a-1848
1849,Yy2-1a-1849
1851,Yy2-2a-1851
1852,Yy3-1852
1853,Yy3-a-1853
1854,Yy4-1a-1854
1855,Yy4-1a-1855
1856,Yy5-1a-1856
1857,Yy6-1a-1857
1858,Yy9-1a-1858
1859,Z4-2-3a-1859
1860,Zg6-3a-1860
1861,Zg7-1a-1861
1862,Zg8-3a-1862
1864,Zo16-3a-1864
1865,Zo4-2a-1865
1866,Zo6-1866
1868,Zo7-3a-1868
1869,Zo8-3a-1869
1870,Zt1-1870
1871,Zt1-1871
1872,Zt2-3a-1872
1873,I-Bc-Be-1873
1874,I-Re-c-1874
1875,I-To-Xh-b-1875
1876,I-Tv-c-1876
1877,I-Xh-2a-1877
1878,Ne18-2b-1878
1879,Nh4-c-1879
1880,Tm4-b-1880
1881,Xk23-1a-1881
1882,Af44-2b-1882
1883,Bc19-2a-1883
1884,Bc20-2a-1884
1885,Bd33-2a-1885
1886,Be59-2bc-1886
1887,Be60-3b-1887
1888,Bf11-2c-1888
1889,Bf8-2bc-1889
1890,Bh15-2b-1890
1891,Bk30-2b-1891
1892,Fh5-2c-1892
1894,Fo80-2ab-1894
1895,Fo81-2b-1895
1896,Fo82-2b-1896
1897,Fo83-2b-1897
1898,Fo84-2-3b-1898
1899,Fo85-2b-1899
1900,Fp14-2a-1900
1901,Fr15-3a-1901
1902,Fr15-3a-1902
1903,Fr16-3c-1903
1904,Fr17-3c-1904
1905,Fx24-2ab-1905
1906,Gd20-2a-1906
1907,Gh9-2a-1907
1908,I-Be-Tv-c-1908
1909,I-Bk-E-b-1909
1910,I-Bk-Rc-a-1910
1911,I-Bv-1911
1912,I-Re-Tv-1-1912
1913,Jc34-2a-1913
1914,Jc5-2a-1914
1915,Jc5-2a-1915
1916,Je54-2a-1916
1917,Je55-2a-1917
1918,Je56-2a-1918
1919,Jt8-2a-1919
1920,Jt8-2a-1920
1921,Lc46-1a-1921
1922,Lc55-2-3a-1922
1923,Lc56-2b-1923
1924,Lf85-2ab-1924
1926,Ne47-2b-1926
1927,Ne48-3a-1927
1928,Ne48-3b-1928
1929,Ne49-3b-1929
1931,Ne50-3b-1931
1932,Ne51-2-3b-1932
1933,Od12-2a-1933
1934,Qc34-1a-1934
1935,Qc35-1a-1935
1936,Qc36-1a-1936
1937,Rc26-2b-1937
1938,Rc27-2a-1938
1939,Rc28-1b-1939
1940,Rc29-2b-1940
1941,Rd21-1a-1941
1942,Rd22-2c-1942
1943,Re49-1bc-1943
1944,To8-1b-1944
1945,Vc38-3a-1945
1946,Zg11-2-3a-1946
1947,I-L-Re-2c-1947
1948,I-Lf-1948
1949,I-Lg-2b-1949
1950,I-Re-bc-1950
1951,I-Y-1951
1952,I-Y-1952
1953,I-Y-a-1953
1954,Lf55-a-1954
1955,Lf64-1a-1955
1956,Lp3-a-1956
1958,Ql8-1a-1958
1959,Re40-1b-1959
1960,Vp9-1960
1961,We2-1a-1961
1962,Xk11-2a-1962
1963,Xk5-1a-1963
1964,Yk3-2a-1964
1965,Bv14-2-3b-1965
1966,Gh11-1-2a-1966
1968,Lf90-2-3b-1968
1969,Vp55-3bc-1969
1970,Jc11-2a-1970
1972,WATER-1972
3001,Ao102-2c-3001
3002,Ao110-2a-3002
3003,Ao111-2bc-3003
3004,Ao112-2bc-3004
3005,Bc46-3a-3005
3007,Bd66-1-2b-3007
3008,Bd66-1-2b-3008
3009,Bd68-2bc-3009
3010,Bd71-1-2b-3010
3011,Bd72-2b-3011
3012,Bd74-2ab-3012
3013,Be115-2-3-3013
3014,Be121-2bc-3014
3016,Be122-2bc-3016
3017,Be123-2b-3017
3018,Be123-2b-3018
3019,Be144-2-3-3019
3020,Be66-2-3c-3020
3021,Be69-3c-3021
3022,Bg3-1ab-3022
3023,Bg3-1ab-3023
3024,Bh25-2bc-3024
3025,Bk37-2-3c-3025
3026,Bk45-2bc-3026
3027,Bk49-2c-3027
3028,Bk49-2c-3028
3029,Bv21-3a-3029
3030,Ch1-3a-3030
3031,Ch22-2a-3031
3032,Ch5-2a-3032
3033,Ch5-2a-3033
3034,Ck1-2ab-3034
3035,Ck1-3a-3035
3037,Ck10-2ab-3037
3038,Ck10-2ab-3038
3039,Ck10-2ab-3039
3040,Cl1-3a-3040
3041,Cl12-2ab-3041
3042,Cl13-2a-3042
3043,D-SS-3043
3044,Dd13-2ab-3044
3045,Dd8-1ab-3045
3046,De13-1ab-3046
3047,De17-1-2a-3047
3048,De18-1a-3048
3049,De18-2a-3049
3050,De19-1a-3050
3051,De19-2a-3051
3052,De20-2ab-3052
3053,Dg2-1ab-3053
3054,Dg2-1ab-3054
3055,Dg5-1ab-3055
3056,E22-2-3b-3056
3058,E23-2bc-3058
3059,E27-2a-3059
3060,Gd23-1ab-3060
3061,Gd23-1ab-3061
3062,Gd31-2-3a-3062
3063,Ge17-3a-3063
3064,Ge34-3a-3064
3066,Ge36-3a-3066
3067,Gh23-3a-3067
3068,Gm14-2-3a-3068
3070,Gm3-3a-3070
3071,Gm30-2-3a-3071
3072,Gm30-2-3a-3072
3073,Gm31-2-3a-3073
3074,Gm32-2-3a-3074
3075,Gx8-2ab-3075
3076,Gx8-2ab-3076
3077,Hc5-2-3a-3077
3078,Hg7-3a-3078
3079,Hh25-1-3a-3079
3080,Hh25-1-3a-3080
3081,Hl45-1-3a-3081
3082,Hl45-1-3a-3082
3083,Hl46-2a-3083
3084,I-Bc-2c-3084
3085,I-Bc-2c-3085
3086,I-Bc-Lc-2-3086
3087,I-Bc-c-3087
3088,I-Bc-c-3088
3089,I-Bd-2c-3089
3090,I-Be-2c-3090
3091,I-Be-2c-3091
3093,I-Be-c-3093
3094,I-Bh-2c-3094
3095,I-Bh-2c-3095
3096,I-Bh-U-2c-3096
3097,I-Bh-U-2c-3097
3098,I-Bh-U-c-3098
3099,I-Bh-c-3099
3100,I-Bk-Kk-2-3100
3101,I-C-2c-3101
3102,I-C-2c-3102
3104,I-C-c-3104
3106,I-Dd-Pl-2-3106
3107,I-E-2c-3107
3108,I-E-Xk-bc-3108
3109,I-E-bc-3109
3110,I-Gx-Rx-2-3110
3111,I-Gx-Rx-2-3111
3112,I-K-c-3112
3113,I-Lc-3c-3113
3114,I-Lc-E-2b-3114
3115,I-Mo-2bc-3115
3116,I-Mo-2c-3116
3117,I-Po-1-2b-3117
3118,I-Po-Od-1-3118
3119,I-Rc-X-c-3119
3120,I-Rc-Xk-2-3120
3121,I-Rc-Xk-2-3121
3122,I-Rc-Xk-c-3122
3123,I-Rc-Yk-2-3123
3125,I-Re-Rx-1-3125
3126,I-Re-X-c-3126
3128,I-Re-Yh-b-3128
3129,I-Re-Yh-c-3129
3131,I-Rx-Ox-2-3131
3132,I-U-c-3132
3133,I-Xk-2c-3133
3135,I-Yk-2ab-3135
3136,Jc1-2a-3136
3137,Jc36-2-3a-3137
3138,Jc41-2a-3138
3139,Jc49-1-3a-3139
3140,Jc49-1-3a-3140
3141,Jc57-1-2a-3141
3142,Jc58-2-3a-3142
3143,Jc60-3a-3143
3144,Jc61-a-3144
3145,Jd7-2a-3145
3146,Jd7-2a-3146
3147,Je2-2a-3147
3149,Je87-2-3a-3149
3150,Je87-2-3a-3150
3152,Je87-2-3a-3152
3153,K1-2a-3153
3154,Kh1-2a-3154
3155,Kh1-2a-3155
3156,Kh1-2a-3156
3157,Kh1-2ab-3157
3158,Kh1-2ab-3158
3159,Kh1-2ab-3159
3160,Kh25-1-2a-3160
3161,Kh25-2a-3161
3162,Kh31-2a-3162
3163,Kh32-2a-3163
3164,Kh33-2a-3164
3166,Kh34-2a-3166
3167,Kh34-2a-3167
3168,Kh35-2ab-3168
3169,Kk16-2b-3169
3171,Kk17-2a-3171
3172,Kk18-2a-3172
3173,Kk19-2-3b-3173
3174,Kl11-1a-3174
3175,Kl4-2a-3175
3176,Kl40-1a-3176
3178,Kl45-2a-3178
3179,Kl45-2a-3179
3180,Kl46-2a-3180
3181,Kl6-2a-3181
3182,Lc103-2ab-3182
3184,Lc104-2-3-3184
3185,Lc104-2-3-3185
3186,Lc104-2-3-3186
3188,Lc105-2-3-3188
3189,Lc107-2-3-3189
3190,Lc111-2ab-3190
3191,Lc63-3bc-3191
3192,Lc69-3a-3192
3193,Lc76-3b-3193
3194,Lg41-2-3a-3194
3195,Lg41-2-3a-3195
3196,Lg43-2ab-3196
3197,Lg52-2a-3197
3198,Lg54-1a-3198
3199,Lg55-1a-3199
3200,Lo64-3c-3200
3201,Lo69-2ab-3201
3202,Lo75-2ab-3202
3203,Lo77-2bc-3203
3204,Lo78-1-2a-3204
3205,Lo80-2b-3205
3206,Lo85-2b-3206
3207,Lo89-2a-3207
3208,Lo91-2bc-3208
3210,Mo1-2a-3210
3211,Mo1-2ab-3211
3213,Mo1-3a-3213
3214,NO-DATA-3214
3215,Od1-a-3215
3216,Od1-a-3216
3217,Od22-a-3217
3218,Od22-a-3218
3219,Od22-a-3219
3220,Od23-a-3220
3221,Od24-a-3221
3222,Oe1-a-3222
3223,Oe14-a-3223
3224,Oe5-3a-3224
3300,Xk28-b-3300
3301,Xk29-ab-3301
3302,Xk34-2ab-3302
3303,Xk4-2b-3303
3304,Xk5-3ab-3304
3305,Xk51-3a-3305
3306,Xk52-2-3b-3306
3307,Xk53-2-3b-3307
3308,Xk54-3ab-3308
3309,Xk55-3ab-3309
3310,Xk56-2-3a-3310
3311,Xk59-2-3a-3311
3226,Ox7-a-3226
3227,Ox7-a-3227
3228,Pg6-2a-3228
3229,Pg6-2a-3229
3230,Pg7-2a-3230
3231,Pg7-2a-3231
3232,Pg8-2a-3232
3233,Pg9-1-2a-3233
3234,Pg9-1-2a-3234
3235,Ph9-1ab-3235
3236,Pl5-1ab-3236
3237,Pl7-1bc-3237
3238,Po2-1ab-3238
3239,Po30-1ab-3239
3242,Po32-1-2a-3242
3243,Po33-1-2a-3243
3245,Po34-1-2a-3245
3246,Po42-1a-3246
3247,Po42-2ab-3247
3248,Po43-1a-3248
3249,Po44-1-2a-3249
3250,Po44-1-2a-3250
3251,Po45-1ab-3251
3252,Po45-1ab-3252
3253,Ql27-1ab-3253
3254,Rc33-3bc-3254
3255,Rc35-1a-3255
3256,Rc36-3c-3256
3257,Rc48-1ab-3257
3258,Rc49-2ab-3258
3259,Rc52-2-3b-3259
3260,Rc52-2-3b-3260
3261,Re87-1bc-3261
3262,Rx5-1-2a-3262
3263,Rx5-1-2a-3263
3264,SALT-3264
3265,Sg3-3a-3265
3266,So16-2-3a-3266
3267,So16-3a-3267
3268,So3-2-3a-3268
3269,So3-3a-3269
3270,So30-2-3a-3270
3271,So31-2-3a-3271
3272,So32-2-3a-3272
3273,Th20-2bc-3273
3274,Th20-2bc-3274
3275,To3-2-3c-3275
3276,Vc1-3a-3276
3277,Vc47-3b-3277
3278,Vc48-3a-3278
3279,Vc50-3ab-3279
3280,Vc56-3a-3280
3281,Vc62-3a-3281
3282,Vp68-3a-3282
3283,Vp72-3a-3283
3284,We21-2ab-3284
3286,Xh2-1a-3286
3287,Xh2-2a-3287
3288,Xh31-3a-3288
3289,Xh33-3a-3289
3290,Xh34-3a-3290
3291,Xh37-3a-3291
3292,Xh39-3ab-3292
3293,Xh40-3a-3293
3295,Xh47-2ab-3295
3296,Xh50-2a-3296
3297,Xh7-2-3ab-3297
3298,Xk26-2-3a-3298
3299,Xk27-2ab-3299
3312,Xk9-2-3a-3312
3313,Xl1-1ab-3313
3314,Xl16-2a-3314
3315,Xl16-2b-3315
3317,Xl21-2a-3317
3318,Xl22-1-2a-3318
3319,Xl24-2bc-3319
3320,Xl24-2bc-3320
3322,Xy4-2-3a-3322
3323,Xy5-a-3323
3324,Yy10-2-3a-3324
3325,Zg15-3a-3325
3326,Zg6-3a-3326
3327,Zo16-3a-3327
3328,Zo21-3a-3328
3329,Zo31-2-3a-3329
3330,Bd12-3a-3330
3331,Bd13-2c-3331
3332,Bd14-2b-3332
3333,Bd2-1b-3333
3334,Bd3-2a-3334
3335,Be1-1a-3335
3336,Be1-3a-3336
3337,Be11-2a-3337
3338,Be11-2b-3338
3339,Be11-3a-3339
3340,Be15-2a-3340
3341,Be15-2b-3341
3342,Be16-2a-3342
3343,Be17-1c-3343
3345,Be19-1b-3345
3346,Be2-1a-3346
3347,Be20-1-2a-3347
3348,Be20-1a-3348
3349,Be20-2a-3349
3350,Be21-1-2a-3350
3351,Be21-2ab-3351
3352,Be23-2ab-3352
3353,Be44-2a-3353
3354,Bx1-1a-3354
3355,Bx2-1b-3355
3356,Ch8-2a-3356
3357,Cl2-3a-3357
3358,Cl7-1-2a-3358
3359,Cl7-2a-3359
3360,Gd17-2ab-3360
3361,Gd17-2ab-3361
3362,Gd18-2ab-3362
3363,Gd19-2ab-3363
3364,Gd19-2ab-3364
3366,Gd19-2bc-3366
3367,Ge12-1a-3367
3368,Ge13-3a-3368
3369,Ge3-2b-3369
3370,Ge3-3a-3370
3371,Gh5-2a-3371
3372,Gm7-3a-3372
3373,Gx1-2a-3373
3374,Gx2-1b-3374
3375,Gx3-1a-3375
3376,Gx3-2-3a-3376
3377,Gx4-2ab-3377
3378,Gx5-2ab-3378
3379,Gx5-2bc-3379
3380,I-Be-1c-3380
3381,I-G-3b-3381
3382,I-La-Bd-1-3382
3383,I-Po-1c-3383
3384,I-Po-Bd-1-3384
3386,I-Po-Bd-1-3386
3387,I-Po-Bx-1-3387
3388,I-Po-Ox-1-3388
3389,I-R-B-1bc-3389
3390,I-R-B-1bc-3390
3391,I-R-B-1c-3391
3392,I-Rx-1a-3392
3393,I-Rx-1c-3393
3394,I-Rx-2a-3394
3395,I-Rx-2b-3395
3396,I-Rx-2c-3396
3397,I-Rx-Bx-1-3397
3398,I-a-3398
3399,I-a-3399
3400,I-b-3400
3401,I-b-3401
3402,I-bc-3402
3403,I-c-3403
3405,Je26-2b-3405
3406,Je27-3a-3406
3407,La1-2b-3407
3408,La11-2b-3408
3409,La11-2b-3409
3410,La13-1-2a-3410
3411,La17-2a-3411
3412,La18-3a-3412
3413,La19-2b-3413
3414,La2-1-2a-3414
3415,La2-2a-3415
3416,La2-2b-3416
3417,La20-3a-3417
3418,La21-2b-3418
3419,La22-2b-3419
3420,La24-2a-3420
3421,La24-3a-3421
3422,La3-2a-3422
3423,La3-2b-3423
3424,La3-3a-3424
3425,La32-2b-3425
3426,La4-2b-3426
3427,La5-2a-3427
3428,La5-2ab-3428
3429,La5-3a-3429
3430,La6-2a-3430
3431,La6-2b-3431
3432,La7-2b-3432
3433,Mo2-3a-3433
3434,Mo5-2b-3434
3435,Mo6-2a-3435
3436,Mo9-2a-3436
3437,Od2-1-3a-3437
3438,Od2-2a-3438
3439,Od2-2b-3439
3440,Od3-3b-3440
3441,Od4-1a-3441
3442,Od5-1a-3442
3443,Od8-2a-3443
3444,Ox1-a-3444
3445,Ox2-2a-3445
3446,Ox2-2b-3446
3447,Ox2-3-2a-3447
3448,Ox2-3-2b-3448
3449,Ox3-1b-3449
3450,Ox3-2a-3450
3451,Ox5-2-3a-3451
3452,Po1-1-2b-3452
3454,Po1-1a-3454
3456,Po10-1-2c-3456
3457,Po10-1-2c-3457
3458,Po10-2b-3458
3459,Po10-2c-3459
3460,Po11-1a-3460
3461,Po11-1b-3461
3462,Po11-2b-3462
3463,Po11-2c-3463
3464,Po12-1a-3464
3465,Po12-1b-3465
3466,Po2-1b-3466
3467,Po2-2a-3467
3468,Po3-1b-3468
3469,Po4-1a-3469
3470,Po4-1b-3470
3471,Po8-2ab-3471
3472,Po8-2ab-3472
3473,Po9-2bc-3473
3474,Re14-1b-3474
3475,Re15-1ab-3475
3476,Re16-2a-3476
3477,Rx1-1c-3477
3478,Rx1-2a-3478
3479,Rx1-2c-3479
3480,Rx1-3b-3480
3481,Rx2-1a-3481
3482,Rx2-1b-3482
3483,Rx3-1a-3483
3484,Rx3-2b-3484
3485,Rx4-1a-3485
3486,Rx4-2a-3486
3487,Rx4-2a-3487
3488,Rx5-2a-3488
3489,Sm11-2a-3489
3490,Sm11-3a-3490
3491,Sm7-2-3a-3491
3492,Sm7-3a-3492
3493,Sm8-3a-3493
3494,Tv10-2ab-3494
3496,Be65-ab-3496
3497,Be67-3c-3497
3498,Bk33-3c-3498
3499,Bk34-3b-3499
3500,Bk35-2-3a-3500
3501,Bv15-3b-3501
3502,E17-3bc-3502
3503,I-B-U-2c-3503
3504,I-Be-E-c-3504
3505,I-Be-Lc-2-3505
3506,I-Rc-Yk-2-3506
3507,I-Rc-Yk-c-3507
3508,I-Rc-Yk-c-3508
3509,I-Rc-Yk-c-3509
3510,I-Rc-Zo-c-3510
3511,I-X-c-3511
3512,I-X-c-3512
3513,I-Xk-2c-3513
3515,I-Y-bc-3515
3516,I-Yk-3516
3518,I-Yh-Yk-1-3518
3519,I-Yk-1-2a-3519
3520,I-Yk-2-3b-3520
3522,Jc29-2-3a-3522
3523,Jc3-3a-3523
3525,Jc37-2a-3525
3526,Jc38-2-3a-3526
3527,Jc39-2-3a-3527
3528,Jc40-2-3a-3528
3529,Jc40-2-3a-3529
3530,Je61-2a-3530
3531,Je78-2a-3531
3532,Lc33-3bc-3532
3533,Lc77-1-2b-3533
3534,Lk5-3ab-3534
3535,Lv2-3b-3535
3537,Qa9-1a-3537
3539,Qc46-1-2a-3539
3541,Qc47-1-2b-3541
3542,Qc47-1a-3542
3544,Rc1-1ab-3544
3545,Rc1-2a-3545
3546,Rc30-1ab-3546
3548,Rc30-1ab-3548
3549,Rc31-1-2a-3549
3550,Rc32-1ab-3550
3551,Rc35-1-2b-3551
3552,Rc37-3c-3552
3554,Rc38-1a-3554
3555,Rc38-1a-3555
3557,Re1-1-2a-3557
3559,Vc42-2-3a-3559
3560,Vc46-3a-3560
3561,Vc49-3a-3561
3562,Vc58-3ab-3562
3563,Vp39-3b-3563
3564,Xh30-3a-3564
3565,Xh32-3ab-3565
3567,Xh35-3a-3567
3568,Xh40-3a-3568
3569,Xk21-3b-3569
3571,Xk25-2c-3571
3572,Xk26-2-3a-3572
3573,Xk32-3a-3573
3574,Xk33-3a-3574
3575,Xk35-3a-3575
3576,Xk36-3a-3576
3577,Xk4-1b-3577
3578,Xk5-2-3a-3578
3579,Y13-ab-3579
3580,Yh22-1ab-3580
3581,Yh23-2ab-3581
3582,Yh23-3a-3582
3583,Yh24-3a-3583
3584,Yh25-3a-3584
3585,Yh3-1-2a-3585
3586,Yk24-2-3b-3586
3587,Yk25-1-2a-3587
3589,Yk25-1-2a-3589
3590,Yk26-1a-3590
3591,Yk26-1a-3591
3592,Yk26-1ab-3592
3593,Yk27-2a-3593
3595,Yk28-1a-3595
3596,Yk29-1-2a-3596
3597,Yk29-1-2a-3597
3598,Yk30-bc-3598
3599,Yk31-2-3a-3599
3600,Yk32-a-3600
3601,Yk32-a-3601
3602,Yk34-b-3602
3603,Yk34-b-3603
3604,Yk35-3a-3604
3606,Yk36-2-3a-3606
3607,Yk37-3ab-3607
3609,Yk38-3a-3609
3610,Yk6-3ab-3610
3612,Yl19-3ab-3612
3613,Yl20-3a-3613
3614,Yy10-2ab-3614
3615,Yy11-2-3a-3615
3616,Yy12-a-3616
3617,Yy13-a-3617
3618,Yy7-2-3a-3618
3619,Z1-2a-3619
3620,Zg3-2-3a-3620
3621,Zg3-3a-3621
3622,Zo10-2-3a-3622
3623,Zo18-2ab-3623
3624,Zo19-1-2a-3624
3625,Zo20-1-2a-3625
3627,Zo22-2-3a-3627
3628,Zo23-2-3a-3628
3629,Zo24-3b-3629
3630,Zo25-3a-3630
3631,Zo27-3a-3631
3632,Zo28-3a-3632
3633,Zo33-2-3a-3633
3634,Zo7-2-3a-3634
3635,Af45-2b-3635
3636,Af46-1-2a-3636
3637,Af48-2ab-3637
3638,Ah11-2c-3638
3639,Ah12-2bc-3639
3640,Ah25-2c-3640
3641,Ah4-2b-3641
3642,Ao1-2bc-3642
3643,Ao70-2-3b-3643
3644,Ao72-2b-3644
3645,Ao73-2bc-3645
3646,Ao74-2b-3646
3647,Ao75-2b-3647
3648,Ao77-2a-3648
3649,Ao78-3c-3649
3650,Ao79-a-3650
3651,Ao80-2bc-3651
3652,Ao81-2b-3652
3653,Ao82-2-3b-3653
3654,Ap19-2b-3654
3656,Ap21-2b-3656
3657,Bc23-2a-3657
3658,Bc24-2b-3658
3659,Bc25-2c-3659
3660,Bc26-2c-3660
3661,Bd29-3c-3661
3662,Bd32-2bc-3662
3663,Bd34-2bc-3663
3664,Bd35-1-2b-3664
3665,Bd61-2c-3665
3666,Be66-2c-3666
3667,Be70-2-3a-3667
3668,Be71-2-3a-3668
3669,Be72-2a-3669
3670,Be72-2c-3670
3671,Be72-2c-3671
3672,Be72-3c-3672
3673,Be73-2c-3673
3674,Be74-2a-3674
3675,Be74-2a-3675
3676,Be75-2a-3676
3677,Be76-2b-3677
3678,Be77-2-3c-3678
3679,Be78-2c-3679
3680,Be79-2a-3680
3681,Be80-2a-3681
3682,Be81-2a-3682
3683,Be82-a-3683
3684,Be83-2a-3684
3685,Be84-2a-3685
3686,Be85-2a-3686
3687,Bf12-3bc-3687
3689,Bf17-2c-3689
3690,Bf18-2-3b-3690
3691,Bh10-2a-3691
3692,Bh18-2b-3692
3693,Bk38-1-2b-3693
3694,Bk39-2a-3694
3695,Bk40-2a-3695
3696,Bv12-3b-3696
3697,Bv12-3b-3697
3698,E18-3c-3698
3699,Fr21-2a-3699
3700,Fr22-3b-3700
3701,Gd25-2a-3701
3702,Gd26-2a-3702
3703,Ge12-1-2a-3703
3704,Ge37-2-3a-3704
3705,Ge38-2a-3705
3706,Ge50-2-3a-3706
3707,Ge51-2a-3707
3708,Ge53-3a-3708
3709,Gc9-3a-3709
3710,Gh15-2-3a-3710
3711,Hh11-2bc-3711
3712,I-B-U-3712
3713,I-B-U-2c-3713
3714,I-Bc-Lc-3714
3715,I-Be-Lc-b-3715
3716,I-Be-Lc-b-3716
3717,I-Bh-U-c-3717
3718,I-Bv-3b-3718
3719,I-Bv-3c-3719
3720,I-Gx-2c-3720
3721,I-Hh-3721
3722,I-K-2c-3722
3723,I-K-U-2c-3723
3724,I-K-U-2c-3724
3725,I-Lc-3725
3727,I-Lc-2bc-3727
3728,I-Nd-c-3728
3729,I-Ne-3729
3730,I-Rc-3730
3731,I-X-2c-3731
3732,I-Xl-2c-3732
3733,I-Y-2c-3733
3734,I-Yh-2c-3734
3735,I-bc-3735
3736,Jc42-2-3a-3736
3737,Jc43-2a-3737
3738,Jc44-1-2a-3738
3739,Jc45-2a-3739
3740,Jc46-2a-3740
3741,Jc47-2a-3741
3742,Jc48-2a-3742
3743,Jc50-2a-3743
3744,Jc51-2a-3744
3745,Jc52-2a-3745
3746,Jc54-2a-3746
3747,Jd12-2-3a-3747
3748,Jd5-2-3a-3748
3749,Jd9-2-3a-3749
3750,Je38-2a-3750
3751,Je64-2-3a-3751
3752,Je65-2-3a-3752
3753,Je66-2a-3753
3754,Je67-2a-3754
3756,Je68-2a-3756
3758,Je71-2a-3758
3759,Je75-2a-3759
3760,Je76-2a-3760
3761,Je77-1-2a-3761
3762,Jt10-3a-3762
3763,Jt11-3a-3763
3764,Jt3-2a-3764
3765,Jt9-2-3a-3765
3766,Lc12-2-3a-3766
3768,Lc3-2b-3768
3769,Lc46-1b-3769
3770,Lc46-2b-3770
3771,Lc46-2b-3771
3772,Lc5-1a-3772
3773,Lc5-2b-3773
3774,Lc70-1-2b-3774
3775,Lc71-2b-3775
3778,Lc73-2bc-3778
3779,Lc74-2b-3779
3780,Lc75-1b-3780
3781,Lc75-2b-3781
3782,Lc76-2b-3782
3784,Lc97-3b-3784
3785,Lf10-1bc-3785
3786,Lf10-2a-3786
3788,Lf32-1b-3788
3789,Lf59-2-3b-3789
3790,Lf59-2-3b-3790
3791,Lf92-1a-3791
3792,Lf92-1a-3792
3794,Lf94-2a-3794
3795,Lf95-1a-3795
3797,Lo34-2a-3797
3798,Lo35-2a-3798
3799,Lo44-1b-3799
3800,Lo45-1a-3800
3801,Lo46-1a-3801
3802,Lo47-1a-3802
3803,Lo47-2a-3803
3804,Lo48-2a-3804
3805,Lo49-1ab-3805
3806,Lo49-1b-3806
3807,Lo49-1b-3807
3808,Lo49-2a-3808
3809,Lo49-2c-3809
3810,Lo5-2a-3810
3811,Lo50-2a-3811
3812,Lo51-2a-3812
3813,Lp13-2a-3813
3814,Nd2-2b-3814
3815,Nd46-2ab-3815
3816,Nd47-2b-3816
3817,Nd48-2-3b-3817
3818,Nd49-2bc-3818
3819,Nd50-2b-3819
3820,Nd51-2b-3820
3821,Nd53-3bc-3821
3823,Nd55-2-3b-3823
3824,Ne53-2ab-3824
3825,Ne53-2b-3825
3826,Ne55-2b-3826
3827,Ne56-2b-3827
3829,Ne57-2a-3829
3830,Ne58-1bc-3830
3833,Ne59-2ab-3833
3834,Ne59-2b-3834
3836,Od14-a-3836
3837,Qa10-1a-3837
3839,Qc48-1a-3839
3840,Qc49-1a-3840
3841,Qc50-1a-3841
3842,Rc1-2b-3842
3843,Rc40-2b-3843
3844,Rd23-1a-3844
3845,Rd24-1a-3845
3846,Rd25-1a-3846
3847,Rd26-1a-3847
3848,Rd27-1a-3848
3849,Rd28-1a-3849
3850,Rd29-1a-3850
3851,Rd30-2b-3851
3852,Rd31-1-2b-3852
3853,Re46-2c-3853
3854,Re53-2b-3854
3855,Re66-1a-3855
3856,Th17-2c-3856
3858,Vc13-2-3b-3858
3859,Vc21-3a-3859
3860,Vc21-3b-3860
3861,Vc43-3ab-3861
3863,Vc44-3a-3863
3864,Vc45-3a-3864
3865,Vc51-3a-3865
3866,Vp20-3a-3866
3867,Vp42-3a-3867
3868,Vp42-3a-3868
3870,Xh18-bc-3870
3871,Xh42-2-3a-3871
3872,Xh43-2-3a-3872
3873,Xh44-2a-3873
3874,Xk19-2a-3874
3875,Xk35-2-3a-3875
3876,Y1-2b-3876
3878,Yh26-2-3a-3878
3879,Yh27-2a-3879
3880,Yk39-3a-3880
3881,Yk40-2-3a-3881
3932,De7-2ab-3932
3933,De7-2b-3933
3934,De8-2ab-3934
3935,De9-2ab-3935
3936,Dg2-2ab-3936
3937,Dg2-2b-3937
3938,Dg3-2a-3938
3941,Gc4-3a-3941
3942,Gc5-3a-3942
3882,Yk41-2a-3882
3883,Yk42-2a-3883
3884,Yt3-3a-3884
3885,Yt8-3a-3885
3886,Zg13-2-3a-3886
3888,Zg14-2a-3888
3889,Zg4-3a-3889
3890,Zg6-2-3a-3890
3891,Zo29-3a-3891
3892,Zo30-2a-3892
3893,Zo31-3a-3893
3894,Zo32-3a-3894
3895,Zo7-3a-3895
3896,Bc21-2b-3896
3898,Bd36-1ab-3898
3899,Bd36-2ab-3899
3901,Bd36-2b-3901
3902,Be68-3a-3902
3903,Bg3-2b-3903
3904,Bk41-2b-3904
3905,C1-3a-3905
3906,C1-3a-3906
3907,C2-3a-3907
3908,Ch14-3a-3908
3909,Ch15-3a-3909
3910,Ch16-3a-3910
3911,Ch17-3a-3911
3912,Ck1-2a-3912
3913,Ck1-3ab-3913
3914,Ck1-3b-3914
3915,Ck3-3a-3915
3916,Ck4-3a-3916
3917,Ck5-3a-3917
3918,Ck6-3a-3918
3919,Ck7-3a-3919
3920,Ck8-3a-3920
3922,Cl8-3a-3922
3923,Dd1-1ab-3923
3924,Dd1-2ab-3924
3925,Dd1-2b-3925
3926,Dd3-2b-3926
3927,De5-2ab-3927
3928,De5-2b-3928
3930,De6-2ab-3930
3931,De6-2b-3931
3943,Gd24-1ab-3943
3944,Ge10-2a-3944
3947,Ge39-3a-3947
3948,Ge40-3a-3948
3953,Ge43-3a-3953
3954,Ge46-2a-3954
3955,Gh13-2a-3955
3956,Gm16-1-2a-3956
3957,Gm16-3a-3957
3958,Gm17-3a-3958
3959,Gm18-3a-3959
3960,I-Bc-Bh-2-3960
3961,I-Bc-Bh-c-3961
3962,I-Bd-Dd-2-3962
3963,I-Be-2c-3963
3964,I-Be-2c-3964
3965,I-Bh-2c-3965
3966,I-Bh-2c-3966
3967,I-Bh-U-2c-3967
3968,I-Bh-U-c-3968
3969,I-Bh-c-3969
3970,I-C-2c-3970
3971,I-C-3c-3971
3972,I-Dd-2c-3972
3973,I-Dd-Rd-2-3973
3974,I-K-2c-3974
3975,I-K-c-3975
3976,I-Mo-2c-3976
3978,I-Xk-2c-3978
3981,I-Yh-2c-3981
3982,J2-2a-3982
3983,Jc53-2a-3983
3984,Jc53-2a-3984
3985,Je12-2a-3985
3986,Je13-2a-3986
3987,Je78-2a-3987
3988,Je80-2a-3988
3989,K1-3a-3989
3990,Kh1-1ab-3990
3991,Kh1-2ab-3991
3992,Kh1-2b-3992
3993,Kh1-2b-3993
3994,Kh1-2b-3994
3995,Kh1-2b-3995
3996,Kh25-2b-3996
3997,Kh26-2a-3997
3998,Kh27-2a-3998
3999,Kl11-1ab-3999
4000,Kl11-2a-4000
4001,Kl11-2ab-4001
4002,Kl11-2ab-4002
4003,Kl11-2b-4003
4005,Kl36-1-2a-4005
4006,Kl36-2a-4006
4007,Kl36-3a-4007
4008,Kl37-3a-4008
4009,Kl38-1ab-4009
4010,Kl38-2b-4010
4011,Kl39-1a-4011
4013,Kl4-1a-4013
4014,Kl4-1ab-4014
4015,Kl4-1ab-4015
4016,Kl4-1b-4016
4017,Kl4-2ab-4017
4018,Kl4-2ab-4018
4019,Kl4-2b-4019
4020,Kl4-2b-4020
4021,Kl4-2b-4021
4022,Kl41-1a-4022
4023,Kl42-2b-4023
4025,Oe1-3a-4025
4026,Oe1-a-4026
4028,Oe5-3a-4028
4029,Oe6-3a-4029
4031,Ph9-1ab-4031
4033,Rc34-3b-4033
4035,Rd1-1b-4035
4036,Re41-2-3c-4036
4037,S2-3a-4037
4038,Sg2-3a-4038
4039,Sg4-2a-4039
4040,Sg5-2a-4040
4041,Sg5-2a-4041
4042,Sm12-3a-4042
4044,Sm13-3a-4044
4045,Sm14-3a-4045
4046,So1-3a-4046
4047,So16-2a-4047
4048,So16-2a-4048
4049,So18-2a-4049
4050,So19-2a-4050
4051,Ws14-3a-4051
4052,Xh2-1b-4052
4053,Xh2-2b-4053
4054,Xh2-2b-4054
4055,Xh2-2b-4055
4056,Xh38-3a-4056
4057,Xh41-3b-4057
4058,Xk37-2b-4058
4059,Xk4-1b-4059
4060,Xk4-1b-4060
4061,Xk4-1b-4061
4062,Xk4-2ab-4062
4063,Xk4-2b-4063
4064,Xk4-2b-4064
4068,Xl1-3b-4068
4070,Xl16-1ab-4070
4071,Xl16-2a-4071
4072,Xl16-2b-4072
4073,Xl16-2b-4073
4074,Xl17-2a-4074
4075,Xl17-2a-4075
4076,Xl18-2ab-4076
4077,Xl19-2b-4077
4078,Xl21-1b-4078
4079,Xl21-1ab-4079
4080,Xl23-2ab-4080
4081,Kl4-1-2ab-4081
4085,Y1-2a-4085
4086,Y14-1a-4086
4087,Y6-2a-4087
4088,Yh11-1b-4088
4089,Yh11-1b-4089
4090,Yh11-2ab-4090
4091,Yh11-2b-4091
4092,Yh11-2b-4092
4093,Yh11-2b-4093
4094,Yh2-1b-4094
4095,Yh28-2b-4095
4096,Yh29-2a-4096
4097,Yh29-2b-4097
4098,Yh30-2b-4098
4099,Yh31-2a-4099
4100,Yk1-1b-4100
4101,Yk1-1b-4101
4102,Yk1-2a-4102
4103,Yk1-2b-4103
4104,Yk1-2b-4104
4107,Yk37-1b-4107
4108,Yk37-2a-4108
4109,Yk37-2a-4109
4110,Yk38-3a-4110
4111,Yk43-2b-4111
4112,Yk43-3ab-4112
4113,Yk44-2b-4113
4114,Yk44-3a-4114
4115,Yk45-2b-4115
4116,Yk46-2b-4116
4117,Yk47-3a-4117
4118,Yt1-1b-4118
4119,Yt1-2b-4119
4120,Yt1-3a-4120
4121,Yt3-2a-4121
4122,Yt3-2b-4122
4123,Yt4-2a-4123
4124,Yt4-3a-4124
4125,Yt5-3a-4125
4126,Yt6-3a-4126
4127,Yt7-1b-4127
4128,Yy14-a-4128
4129,Z1-3a-4129
4131,Zg17-2-3a-4131
4132,Zg3-3a-4132
4133,Zo26-3a-4133
4134,Zo34-3a-4134
4135,Zo7-2a-4135
4136,Zt1-3a-4136
4137,Zt2-3a-4137
4138,Zt3-3a-4138
4139,Zt4-3a-4139
4140,Bd3-2ab-4140
4141,Bd3-2ab-4141
4142,Bg4-1ab-4142
4143,Bg4-2ab-4143
4144,Bg5-2ab-4144
4145,Bg5-2ab-4145
4146,Bg6-2a-4146
4147,Bg6-2a-4147
4148,Bg6-2ab-4148
4149,Bg6-2ab-4149
4150,Bx1-1b-4150
4151,Bx1-2b-4151
4152,Bx10-2ab-4152
4153,Bx11-2-3b-4153
4154,Bx12-2ab-4154
4155,Bx13-2ab-4155
4156,Bx14-2ab-4156
4157,Bx15-2ab-4157
4158,Bx16-2ab-4158
4159,Bx3-2a-4159
4160,Bx3-2b-4160
4161,Bx4-2a-4161
4162,Bx4-2b-4162
4163,Bx4-2b-4163
4164,Bx5-3a-4164
4165,Bx6-3b-4165
4166,Bx7-2ab-4166
4167,Bx8-2b-4167
4168,Bx8-2b-4168
4169,Bx9-2ab-4169
4170,Bx9-2b-4170
4172,C3-3a-4172
4173,C4-3a-4173
4174,Cg2-3a-4174
4175,Cg6-3a-4175
4177,Cl9-3a-4177
4179,Dd1-2b-4179
4180,Dd2-2b-4180
4181,Dd2-2b-4181
4182,De10-2ab-4182
4183,De10-2ab-4183
4184,De11-2b-4184
4185,De12-2ab-4185
4186,De7-2ab-4186
4187,Dg3-2ab-4187
4188,Dg3-2ab-4188
4189,Dg4-2ab-4189
4190,Gd23-2ab-4190
4191,Gd24-1ab-4191
4192,Gd24-2ab-4192
4193,Gh14-2a-4193
4194,Gm19-3a-4194
4195,Gm20-2-3a-4195
4196,Gm20-2-3a-4196
4197,Gx10-2ab-4197
4198,Gx11-2a-4198
4199,Gx12-2a-4199
4200,Gx13-2a-4200
4201,Gx14-2ab-4201
4202,Gx3-2ab-4202
4203,Gx6-2a-4203
4204,Gx7-2a-4204
4205,Gx8-1ab-4205
4206,Gx9-2ab-4206
4207,I-Bd-Bx-D-4207
4208,I-Bd-Dd-2-4208
4209,I-Bd-Dd-P-4209
4210,I-Bd-Dd-P-4210
4213,I-Bx-Dd-2-4213
4214,I-Bx-Dd-O-4214
4215,I-Bx-Rc-2-4215
4216,I-Bx-Rc-2-4216
4217,I-Dd-2c-4217
4218,I-Dd-Ph-2-4218
4219,I-Dd-Ph-2-4219
4220,I-Dd-Rd-2-4220
4221,I-Dd-c-4221
4224,I-Gx-Rx-c-4224
4225,I-Lo-2c-4225
4226,I-Lo-2c-4226
4227,I-T-c-4227
4228,I-T-c-4228
4229,J2-2a-4229
4230,Je13-2a-4230
4231,Je79-2a-4231
4232,Kh1-2b-4232
4233,Lg1-2ab-4233
4234,Lg1-2b-4234
4235,Lg15-2ab-4235
4236,Lg15-2ab-4236
4237,Mg2-2ab-4237
4238,Mg2-2ab-4238
4239,Mg3-2ab-4239
4240,Mg5-2ab-4240
4242,Od15-a-4242
4243,Oe8-a-4243
4244,Pg3-1ab-4244
4245,Rx1-b-4245
4246,To10-b-4246
4247,To10-b-4247
4248,To11-b-4248
4249,To11-b-4249
4250,To12-ab-4250
4251,Tv30-a-4251
4252,Tv31-ab-4252
4255,Af47-2b-4255
4257,Af50-3bc-4257
4258,Af50-3c-4258
4259,Af52-3b-4259
4260,Af60-1-2a-4260
4261,Af61-1-2a-4261
4262,Af62-2-3b-4262
4263,Af63-3c-4263
4264,Ag16-2a-4264
4265,Ag17-1-2a-4265
4267,Ao107-2bc-4267
4269,Ao13-3bc-4269
4270,Ao18-3bc-4270
4271,Ao41-2ab-4271
4272,Ao43-2-3b-4272
4276,Ao76-2-3c-4276
4277,Ao84-2-3b-4277
4278,Ao85-2-3b-4278
4279,Ao86-3b-4279
4280,Ao87-3b-4280
4281,Ao88-3b-4281
4282,Ao89-2-3b-4282
4284,Ao90-2-3c-4284
4285,Bc11-2a-4285
4286,Bc28-2b-4286
4287,Bc49-3bc-4287
4288,Bc50-2-3a-4288
4289,Bd39-2b-4289
4290,Bd3-2b-4290
4291,Bd37-2b-4291
4292,Bd38-2b-4292
4293,Bd40-2bc-4293
4294,Be1-2b-4294
4295,Be118-2bc-4295
4296,Be13-2bc-4296
4297,Be86-2b-4297
4298,Be87-2ab-4298
4299,Be88-2-3b-4299
4300,Bf15-2b-4300
4301,Bh16-2-3c-4301
4302,Bk36-2b-4302
4303,Bk42-2b-4303
4305,Bk44-3a-4305
4307,Cg3-3a-4307
4308,Cg3-3a-4308
4309,Cg4-3a-4309
4310,Cg4-3a-4310
4311,Cg6-3a-4311
4312,Ch18-3a-4312
4313,Ch19-3a-4313
4314,Ch19-3a-4314
4315,Ch20-2-3a-4315
4316,Cl9-3a-4316
4318,Dd4-2c-4318
4319,Gc10-1a-4319
4321,Ge10-3a-4321
4322,Ge48-2-3a-4322
4323,Ge49-2-3a-4323
4324,Ge55-3a-4324
4325,Ge56-3a-4325
4326,Ge60-2-3a-4326
4327,Ge61-3a-4327
4328,Ge61-3a-4328
4329,Ge62-2-3a-4329
4330,Ge63-2-3a-4330
4331,Gh12-2a-4331
4332,Gh16-2-3a-4332
4334,Gm23-2-3a-4334
4335,Gm25-2-3a-4335
4336,Gm25-2-3a-4336
4337,Gm26-2-3a-4337
4339,Gm27-3a-4339
4343,Hg6-2-3a-4343
4345,Hh20-2-3a-4345
4346,Hh21-2-3a-4346
4347,Hh22-2-3a-4347
4348,I-Af-3c-4348
4349,I-Af-3c-4349
4350,I-Af-Bd-2-4350
4351,I-Af-Bd-2-4351
4352,I-Bd-2c-4352
4353,I-Bd-Bh-c-4353
4354,I-Bd-Lo-T-4354
4355,I-Bd-T-2c-4355
4356,I-Be-2c-4356
4357,I-Be-Lo-2-4357
4358,I-Be-T-2c-4358
4359,I-Be-c-4359
4360,I-Bh-Dd-2-4360
4361,I-Bh-Dd-2-4361
4362,I-Bh-U-2c-4362
4363,I-Bh-U-2c-4363
4364,I-Bk-2bc-4364
4365,I-Bk-2bc-4365
4366,I-Bx-Dd-2-4366
4367,I-C-2c-4367
4368,I-C-2c-4368
4369,I-C-3c-4369
4370,I-Dd-Lo-2-4370
4371,I-Dd-Lo-T-4371
4373,I-Dd-c-4373
4374,I-Gm-2c-4374
4375,I-Gm-2c-4375
4379,I-H-2c-4379
4380,I-K-2c-4380
4381,I-K-U-1-2-4381
4382,I-K-U-2c-4382
4383,I-Lc-Bk-c-4383
4385,I-Mo-2c-4385
4386,I-Mo-2c-4386
4387,I-Mo-2c-4387
4388,I-Yk-2c-4388
4389,I-Yk-2c-4389
4390,I-Yk-2c-4390
4391,Jc55-2ab-4391
4392,Jc56-2a-4392
4393,Je72-2a-4393
4394,Je79-2-3a-4394
4395,Je81-a-4395
4396,Jt13-3a-4396
4397,Kh24-2b-4397
4398,Kh24-2b-4398
4399,Kl39-2b-4399
4400,Kl43-1a-4400
4401,Kl44-2-3a-4401
4404,Lc100-c-4404
4405,Lc101-2a-4405
4408,Lg39-3ab-4408
4409,Mg2-2a-4409
4410,Mg2-2a-4410
4412,Nd52-2b-4412
4413,Nd66-2-3b-4413
4414,Nh8-2-3ab-4414
4416,Re83-1ab-4416
4418,To13-2-3b-4418
4419,To14-2b-4419
4420,To15-2-3b-4420
4422,To16-2-3b-4422
4423,To17-2b-4423
4424,To26-2bc-4424
4425,Tv32-2b-4425
4426,Vp40-3a-4426
4427,Vp66-3a-4427
4429,We20-3a-4429
4430,X1-2a-4430
4431,Xh49-2ab-4431
4432,Xk37-2ab-4432
4433,Xl20-2b-4433
4434,Y1-1b-4434
4435,Yh2-2b-4435
4436,Yh26-2b-4436
4437,Yh26-2b-4437
4438,Yh41-2ab-4438
4441,Yk37-2ab-4441
4443,Zg16-2-3a-4443
4444,Zm2-2-3a-4444
4445,Zo37-a-4445
4446,Af11-2-3a-4446
4448,Af55-3b-4448
4449,Af55-3b-4449
4450,Af56-2a-4450
4451,Af57-2a-4451
4452,Af59-1-2a-4452
4455,Ag15-2-3a-4455
4457,Ah26-3c-4457
4459,Ah27-2-3c-4459
4460,Ao103-3ab-4460
4461,Ao104-2-3-4461
4462,Ao105-2-3-4462
4463,Ao106-2-3-4463
4464,Ao108-2ab-4464
4465,Ao109-2-3-4465
4466,Ao71-2-3c-4466
4467,Ao83-2-3c-4467
4468,Ap25-2-3a-4468
4469,Ap27-2a-4469
4470,Bd58-2c-4470
4472,Bd59-3c-4472
4473,Bd62-2-3a-4473
4474,Bd63-2-3b-4474
4475,Be116-2c-4475
4476,Bf13-2-3b-4476
4477,Bg7-2-3a-4477
4478,Bg8-2-3a-4478
4479,Bh17-2bc-4479
4480,Bh21-2c-4480
4481,Bh24-2c-4481
4482,Bv17-3a-4482
4483,E13-2c-4483
4484,E18-3c-4484
4485,E21-3ab-4485
4486,Fa14-3ab-4486
4487,Fh12-2-3c-4487
4488,Fh13-2b-4488
4489,Fh14-2-3c-4489
4490,Fo101-2b-4490
4491,Fo102-3ab-4491
4492,Fr31-2-3b-4492
4493,Fr32-2-3c-4493
4494,Fr33-3ab-4494
4495,Fx32-2ab-4495
4496,Fx38-2c-4496
4498,Gd28-3a-4498
4499,Gd29-3a-4499
4500,Ge54-3a-4500
4502,Ge57-3a-4502
4503,Ge58-1-2a-4503
4504,Ge59-2-3a-4504
4506,Gh20-3a-4506
4507,Gh21-3a-4507
4508,I-Ao-2-3c-4508
4509,I-E-3bc-4509
4510,I-Lc-3b-4510
4511,I-Lk-3bc-4511
4512,I-Lv-3b-4512
4513,I-Od-U-1c-4513
4515,Jd10-2-3a-4515
4516,Jd11-1a-4516
4517,Je13-1a-4517
4518,Je62-2-3a-4518
4519,Je63-2-3a-4519
4520,Je70-3a-4520
4522,Je73-3a-4522
4523,Je84-3a-4523
4524,Je85-3a-4524
4526,Jt12-3a-4526
4527,Jt14-3a-4527
4528,Lc78-3c-4528
4529,Lc78-3c-4529
4530,Lc98-3c-4530
4531,Lc99-2b-4531
4533,Lk19-2-3a-4533
4534,Lo65-2-3b-4534
4535,Lo66-2-3c-4535
4536,Lo67-2-3c-4536
4537,Lo68-2-3b-4537
4538,Lv5-3b-4538
4540,Lv6-3b-4540
4541,Nd54-3b-4541
4543,Nd64-3a-4543
4544,Nd65-3ab-4544
4545,Ne60-3b-4545
4546,Ne65-3bc-4546
4547,Nh10-3b-4547
4548,Nh9-3a-4548
4550,Od19-a-4550
4551,Od20-a-4551
4552,Od21-a-4552
4553,Oe10-a-4553
4555,Oe11-a-4555
4556,Oe12-a-4556
4557,Oe9-a-4557
4558,Pg4-1a-4558
4560,Ph12-1b-4560
4561,Po27-1a-4561
4562,Qa17-1a-4562
4563,Qc59-1ab-4563
4564,Qc60-1a-4564
4565,Qf48-1b-4565
4567,Rc46-1ab-4567
4568,Rd10-1a-4568
4569,Re62-1ab-4569
4570,Re82-1bc-4570
4572,Th18-2ab-4572
4573,Tm23-2c-4573
4575,To24-2c-4575
4576,To25-2b-4576
4578,To27-2-3b-4578
4580,Tv38-1bc-4580
4581,Vc57-3ab-4581
4582,Vc59-3a-4582
4584,Vp61-3a-4584
4585,Vp62-3b-4585
4586,Vp63-3ab-4586
4609,Ao33-2abc-4609
4610,Ao34-2bc-4610
4611,Ao35-2c-4611
4587,Vp64-3a-4587
4588,Vp64-3a-4588
4589,Vp65-3a-4589
4591,Tv10-2abc-4591
4592,Af10-2b-4592
4593,Af5-2a-4593
4594,Af6-2a-4594
4595,Af7-1a-4595
4596,Af7-1b-4596
4597,Af8-2ab-4597
4598,Af9-2ab-4598
4599,Af9-2ab-4599
4600,Ag2-1a-4600
4601,Ag3-2a-4601
4602,Ag4-2a-4602
4603,Ah3-2bc-4603
4604,Ao1-2b-4604
4605,Ao1-2c-4605
4606,Ao25-2abc-4606
4607,Ao31-2ab-4607
4608,Ao32-2b-4608
4612,Ao36-1-2a-4612
4613,Ao37-2bc-4613
4614,Ao38-2a-4614
4615,Ao39-2c-4615
4616,Ao40-2abc-4616
4617,Ao41-2b-4617
4618,Ao42-2c-4618
4619,Ao47-3bc-4619
4620,Ao61-2ab-4620
4621,Ao62-2abc-4621
4622,Ap24-1a-4622
4623,Ap4-2a-4623
4624,Bd18-2b-4624
4625,Bc1-2a-4625
4626,Bc2-2a-4626
4627,Bc3-2a-4627
4628,Bd12-1b-4628
4629,Bd12-2-3a-4629
4630,Bd15-2a-4630
4631,Bd16-1-2a-4631
4632,Bd17-2a-4632
4633,Bd2-2a-4633
4634,Bd2-2b-4634
4635,Bd2-2c-4635
4636,Bd20-2a-4636
4637,Bd20-2abc-4637
4638,Bd20-2b-4638
4639,Bd20-2b-4639
4640,Bd22-2bc-4640
4641,Bd23-2b-4641
4642,Bd24-2a-4642
4643,Bd3-1b-4643
4644,Bd3-2abc-4644
4645,Bd3-2c-4645
4646,Bd9-2c-4646
4648,Be1-2a-4648
4649,Be1-2a-4649
4650,Be1-2c-4650
4651,Be1-3a-4651
4652,Be10-2c-4652
4653,Be12-2-3a-4653
4654,Be12-2a-4654
4655,Be13-2a-4655
4656,Be13-3b-4656
4657,Be14-2b-4657
4658,Be18-2a-4658
4659,Be2-2c-4659
4660,Be22-2b-4660
4661,Be43-2c-4661
4662,Bh5-2ac-4662
4663,Bh6-2ab-4663
4664,Bh7-2c-4664
4665,Bk6-3a-4665
4666,Ch1-2a-4666
4667,Ch1-2b-4667
4668,Ch10-2a-4668
4669,Ch10-2b-4669
4670,Ch11-3a-4670
4671,Ch12-2a-4671
4672,Ch12-3a-4672
4673,Ch13-2a-4673
4674,Ch13-2b-4674
4675,Ch2-1a-4675
4676,Ch3-2abc-4676
4677,Ch4-2b-4677
4678,Ch6-2a-4678
4679,Ch7-2b-4679
4680,Ch9-2a-4680
4681,Ck2-2a-4681
4682,Ck3-2a-4682
4683,Cl1-2a-4683
4684,Cl1-2b-4684
4685,Cl3-1ab-4685
4686,Cl4-2abc-4686
4687,Cl5-2a-4687
4688,Cl6-2a-4688
4689,Cl7-2b-4689
4690,De1-2a-4690
4691,De2-2ab-4691
4692,De3-2ab-4692
4693,De4-2a-4693
4694,E1-2a-4694
4695,E3-3bc-4695
4696,E5-3bc-4696
4697,Gc3-3a-4697
4698,Gd12-3a-4698
4699,Gd7-2a-4699
4700,Gd8-1a-4700
4701,Gd8-2a-4701
4702,Gd9-1a-4702
4703,Ge11-3ab-4703
4704,Ge11-3b-4704
4705,Ge12-2a-4705
4706,Ge13-3a-4706
4707,Ge14-2-3a-4707
4708,Ge15-3a-4708
4709,Ge21-2a-4709
4710,Ge4-3a-4710
4711,Gh6-1a-4711
4712,Gm10-2a-4712
4713,Gm3-2a-4713
4714,Gm6-3a-4714
4715,Gm7-2a-4715
4716,Gm8-2a-4716
4717,Gm9-3a-4717
4718,Hg1-1a-4718
4719,Hg2-2a-4719
4720,Hg3-1-3a-4720
4721,Hh1-1a-4721
4722,Hh1-2ab-4722
4723,Hh2-2a-4723
4724,Hh3-2a-4724
4725,Hh4-2a-4725
4726,Hh5-2b-4726
4727,Hh6-2a-4727
4728,Hh7-2ab-4728
4729,Hh8-2c-4729
4730,Hl15-2a-4730
4731,Hl20-2a-4731
4732,Hl21-2ab-4732
4733,Hl22-2a-4733
4734,Hl23-2ab-4734
4735,Hl24-2c-4735
4736,Hl24-2c-4736
4737,Hl25-2a-4737
4738,Hl26-2b-4738
4739,Hl27-2c-4739
4740,Hl28-2a-4740
4741,Hl29-2bc-4741
4742,Hl30-2ab-4742
4743,Hl31-3ab-4743
4744,Hl32-2c-4744
4745,Hl33-2c-4745
4746,Hl34-2ab-4746
4747,Hl9-2ab-4747
4748,I-Be-1c-4748
4749,I-K-E-c-4749
4750,I-K-c-4750
4751,I-La-3b-4751
4752,I-Po-1ab-4752
4753,I-Po-1ab-4753
4754,I-Po-1b-4754
4755,I-Po-1bc-4755
4756,I-Po-Bd-1-4756
4759,I-Xk-E-c-4759
4760,I-Y-c-4760
4761,Jc3-2a-4761
4762,Jc7-2ab-4762
4763,Jc8-2ab-4763
4764,Jd1-3a-4764
4765,Je24-2a-4765
4766,Je25-2a-4766
4767,Kh1-1-2a-4767
4768,Kh1-1a-4768
4769,Kh1-1b-4769
4770,Kh1-2-3a-4770
4771,Kh1-3a-4771
4772,Kh1-3ab-4772
4773,Kh10-2ab-4773
4774,Kh11-2bc-4774
4775,Kh12-2b-4775
4776,Kh12-3a-4776
4777,Kh13-2b-4777
4778,Kh14-2a-4778
4779,Kh15-2a-4779
4780,Kh15-2b-4780
4781,Kh16-2a-4781
4782,Kh16-2abc-4782
4783,Kh17-2a-4783
4784,Kh18-2a-4784
4785,Kh19-2b-4785
4786,Kh20-3a-4786
4787,Kh21-2ab-4787
4788,Kh21-2b-4788
4789,Kh22-2b-4789
4790,Kh22-2bc-4790
4791,Kh23-2bc-4791
4792,Kh4-2bc-4792
4793,Kh7-2ab-4793
4794,Kh8-1b-4794
4795,Kh8-2a-4795
4796,Kh8-2b-4796
4797,Kh8-3b-4797
4798,Kh9-3b-4798
4799,Kk2-2ab-4799
4801,Kk3-2b-4801
4802,Kk4-2a-4802
4803,Kk5-3a-4803
4805,Kk6-2ab-4805
4806,Kl1-1a-4806
4807,Kl1-2a-4807
4808,Kl1-2bc-4808
4809,Kl12-2abc-4809
4810,Kl12-2b-4810
4811,Kl14-2abc-4811
4813,Kl16-2c-4813
4814,Kl17-2a-4814
4815,Kl17-2abc-4815
4816,Kl17-2b-4816
4817,Kl17-2b-4817
4818,Kl17-3a-4818
4819,Kl18-2ab-4819
4820,Kl19-2ab-4820
4821,Kl20-2a-4821
4822,Kl21-2a-4822
4823,Kl22-1-2a-4823
4824,Kl23-2-3b-4824
4825,Kl24-2ab-4825
4826,Kl25-3a-4826
4827,Kl26-2a-4827
4828,Kl27-2a-4828
4829,Kl28-2ab-4829
4830,Kl29-2a-4830
4831,Kl29-2b-4831
4832,Kl30-2bc-4832
4833,Kl31-1ab-4833
4834,Kl32-2bc-4834
4835,Kl33-2bc-4835
4836,Kl34-2ab-4836
4837,Kl34-2ab-4837
4838,Kl4-2a-4838
4839,Kl6-3a-4839
4840,Kl7-2ab-4840
4841,Kl7-2bc-4841
4842,Kl7-2c-4842
4843,Kl9-2a-4843
4844,La1-1-2a-4844
4845,La1-1-2b-4845
4846,La1-1b-4846
4847,La1-2a-4847
4848,La1-3a-4848
4849,La10-2a-4849
4850,La10-3a-4850
4851,La12-2-3a-4851
4852,La12-2c-4852
4853,La13-2a-4853
4854,La14-1-2b-4854
4855,La15-2c-4855
4856,La16-3b-4856
4857,La2-1a-4857
4858,La2-2-3b-4858
4859,La23-1-3a-4859
4860,La25-3a-4860
4861,La26-1a-4861
4862,La27-3a-4862
4863,La28-2c-4863
4864,La29-2c-4864
4865,La3-2-3a-4865
4866,La31-1-2a-4866
4867,La31-1a-4867
4868,La8-2abc-4868
4869,La9-2a-4869
4870,La9-3a-4870
4871,Lc14-2b-4871
4872,Lc15-2ab-4872
4873,Lc16-2abc-4873
4874,Lc17-2a-4874
4875,Lc18-2a-4875
4876,Lc19-2bc-4876
4877,Lc20-3bc-4877
4878,Lc21-2a-4878
4879,Lc22-2a-4879
4880,Lc23-2a-4880
4881,Lc24-2a-4881
4882,Lc24-2ab-4882
4883,Lc25-3b-4883
4884,Lc3-2a-4884
4885,Lc3-2a-4885
4886,Lc3-3a-4886
4887,Lf19-2a-4887
4888,Lg17-2a-4888
4889,Lg18-2a-4889
4890,Lg19-1a-4890
4891,Lk1-2a-4891
4892,Lk2-1a-4892
4893,Lo10-2a-4893
4894,Lo11-2abc-4894
4896,Lo13-2a-4896
4897,Lo14-1a-4897
4898,Lo15-2b-4898
4899,Lo16-3a-4899
4900,Lo17-2a-4900
4901,Lo18-2bc-4901
4902,Lo18-2bc-4902
4903,Lo19-2a-4903
4904,Lo20-2a-4904
4905,Lo21-2a-4905
4906,Lo22-2bc-4906
4908,Lo23-2ab-4908
4909,Lo24-2a-4909
4910,Lo25-2a-4910
4911,Lo25-2b-4911
4912,Lo26-2bc-4912
4913,Lo27-2bc-4913
4914,Lo28-2bc-4914
4915,Lo8-2a-4915
4916,Lo8-2a-4916
4917,Lo9-2b-4917
4918,Mo2-3-2a-4918
4919,Mo3-2a-4919
4920,Mo4-2b-4920
4921,Mo5-2a-4921
4922,Mo6-2-3a-4922
4923,Mo7-2a-4923
4924,Mo8-3a-4924
4925,Ne8-3b-4925
4926,O1-a-4926
4927,O5-1a-4927
4928,Od2-3a-4928
4929,Od3-3a-4929
4930,Od3-3a-4930
4931,Od6-a-4931
4932,Od8-3a-4932
4933,Od9-1-2-3-4933
4934,Oe2-2a-4934
4935,Ox4-1-2-3-4935
4936,Ox6-a-4936
4937,Pg2-1a-4937
4938,Pl1-2a-4938
4939,Pl2-1b-4939
4940,Pl2-2ab-4940
4941,Pl3-2a-4941
4942,Pl4-1c-4942
4943,Po1-1-2a-4943
4944,Po1-1-2ab-4944
4945,Po1-1-2ab-4945
4946,Po1-1b-4946
4947,Po1-1b-4947
4948,Po1-1b-4948
4949,Po1-2b-4949
4950,Po10-1a-4950
4951,Po10-1b-4951
4952,Po10-1b-4952
4953,Po10-2bc-4953
4954,Po11-1-2b-4954
4955,Po11-2bc-4955
4956,Po12-2a-4956
4957,Po13-1-2a-4957
4958,Po13-1-2b-4958
4959,Po13-1a-4959
4960,Po13-1a-4960
4962,Po13-1b-4962
4963,Po13-2a-4963
4964,Po13-2a-4964
4965,Po13-2b-4965
4966,Po13-2bc-4966
4967,Po13-2c-4967
4968,Po13-2c-4968
4969,Po14-2a-4969
4970,Po15-1c-4970
4971,Po2-1-2b-4971
4972,Po2-1a-4972
4973,Po2-1a-4973
4974,Po2-1a-4974
4975,Po20-1a-4975
4976,Po20-1ab-4976
4977,Po5-1a-4977
4978,Po6-1a-4978
4979,Po7-1b-4979
4981,Rc10-2bc-4981
4982,Rc11-2bc-4982
4983,Rc12-2abc-4983
4984,Rc13-2b-4984
4985,Rc14-2ab-4985
4986,Rc16-2a-4986
4987,Rc3-2c-4987
4988,Rc4-2abc-4988
4989,Rc5-2c-4989
4990,Rc5-2c-4990
4991,Rc6-2bc-4991
4992,Rc7-2c-4992
4993,Rc8-2ab-4993
4994,Rc8-2ab-4994
4995,Rc8-2bc-4995
4996,Rc9-2b-4996
4997,Rd1-1a-4997
4998,Rd4-1a-4998
4999,Rd5-1a-4999
5000,Rd5-1b-5000
5001,Re1-1a-5001
5002,Re1-1b-5002
5003,Re1-2b-5003
5004,Re12-1a-5004
5006,Re12-1bc-5006
5007,Re12-1c-5007
5008,Re13-2a-5008
5009,Re16-1-2a-5009
5010,Re17-1ab-5010
5011,Re18-1a-5011
5012,Re19-2c-5012
5013,Re20-2c-5013
5014,Re21-1a-5014
5015,Re21-1ab-5015
5016,Re23-1a-5016
5017,Re26-2b-5017
5018,Re27-1a-5018
5019,Re31-2a-5019
5020,Re55-1a-5020
5021,Re61-1ab-5021
5022,Re9-1ab-5022
5023,Sm10-2a-5023
5024,So3-2a-5024
5025,So4-2a-5025
5026,So5-2a-5026
5027,Th1-2b-5027
5028,Tv15-1bc-5028
5029,Tv7-2c-5029
5030,Tv8-2c-5030
5031,Tv9-2c-5031
5032,Vc17-3a-5032
5033,Vc18-3a-5033
5034,Vc19-3a-5034
5035,Vp21-3a-5035
5036,Vp22-3a-5036
5037,Vp27-3a-5037
5038,Vp28-3ab-5038
5039,Vp29-3b-5039
5040,We10-2a-5040
5041,We11-2a-5041
5042,We12-2a-5042
5043,We13-2a-5043
5044,Xh10-2bc-5044
5045,Xh6-2a-5045
5046,Xh7-1-2a-5046
5047,Xh8-1b-5047
5048,Xh9-2a-5048
5049,Xk5-2ab-5049
5051,Xk6-2ab-5051
5052,Xk7-2a-5052
5053,Xl10-2ab-5053
5054,Xl11-2abc-5054
5055,Xl12-2ab-5055
5056,Xl12-2ab-5056
5057,Xl2-2a-5057
5058,Xl3-2ab-5058
5059,Xl4-2ac-5059
5060,Xl5-2ab-5060
5061,Xl6-1a-5061
5062,Xl7-2ab-5062
5063,Xl7-2ab-5063
5064,Xl8-2ab-5064
5065,Xl9-2a-5065
5066,Y10-2ab-5066
5068,Y9-1-2b-5068
5069,Yh12-2ab-5069
5070,Yh6-2a-5070
5071,Yh7-2ab-5071
5072,Yh8-2ac-5072
5073,Yh9-2ab-5073
5074,Yk4-2a-5074
5075,Yk5-2a-5075
5076,Yk6-2a-5076
5077,Yk7-2ab-5077
5078,Yk8-2a-5078
5079,Yk9-2ab-5079
5080,Yl10-2abc-5080
5081,Yl10-2b-5081
5082,Yl11-2abc-5082
5083,Yl12-2a-5083
5084,Yl13-2abc-5084
5085,Yl14-2ab-5085
5086,Yl14-2ab-5086
5087,Yl15-2a-5087
5088,Yl16-2ab-5088
5089,Yl17-2ab-5089
5090,Yl3-2ac-5090
5091,Yl4-2ab-5091
5092,Yl5-1-2ab-5092
5093,Yl5-1-2ab-5093
5094,Yl6-2ac-5094
5095,Yl7-2a-5095
5096,Yl8-2abc-5096
5097,Yl9-2abc-5097
5098,Zo2-3a-5098
5099,Zo3-2a-5099
5100,Af19-1a-5100
5101,Af20-2ab-5101
5102,Af21-2a-5102
5103,Af22-2a-5103
5104,Ag5-3ab-5104
5105,Ah10-3bc-5105
5106,Ah5-2ab-5106
5107,Ah5-2b-5107
5109,Ah6-3ab-5109
5110,Ah7-3c-5110
5112,Ah8-2ab-5112
5113,Ah9-2bc-5113
5114,Ao44-2bc-5114
5115,Ao50-3ab-5115
5117,Ao51-2bc-5117
5118,Ao52-2ab-5118
5119,Ao52-2b-5119
5120,Ao52-2bc-5120
5121,Ao52-3bc-5121
5123,Ao53-3bc-5123
5124,Ao54-2ab-5124
5125,Ao55-2bc-5125
5126,Ao56-2bc-5126
5127,Ao57-2ab-5127
5128,Ao58-2ab-5128
5129,Ap5-2a-5129
5130,Bc10-3a-5130
5131,Bc10-3a-5131
5133,Bc12-2c-5133
5134,Bc13-3a-5134
5136,Bc4-3bc-5136
5137,Bc5-3bc-5137
5139,Bd21-3bc-5139
5140,Bd25-3c-5140
5141,Bd26-2bc-5141
5142,Bd27-3bc-5142
5143,Bd28-2bc-5143
5144,Bd8-3bc-5144
5145,Be24-3ab-5145
5146,Be29-2-3c-5146
5147,Be31-2a-5147
5148,Be32-3b-5148
5149,Be32-3bc-5149
5150,Be32-3c-5150
5151,Be33-3b-5151
5152,Be34-3bc-5152
5153,Be35-2bc-5153
5154,Be36-3bc-5154
5155,Be37-3bc-5155
5156,Be37-3bc-5156
5157,Be38-3bc-5157
5158,Be39-2ab-5158
5159,Be40-3b-5159
5160,Be41-3c-5160
5161,Be46-2a-5161
5162,Bh9-2bc-5162
5163,Bk5-2a-5163
5164,Bk7-2bc-5164
5165,Bk8-2bc-5165
5166,Bk9-3b-5166
5168,Bv10-3a-5168
5169,Bv10-3ab-5169
5170,Bv11-2a-5170
5171,Bv9-3ab-5171
5173,E10-3bc-5173
5174,E2-3b-5174
5175,E4-2a-5175
5176,E6-3bc-5176
5177,E7-3a-5177
5178,E7-3a-5178
5179,E7-3a-5179
5180,E8-3ab-5180
5181,E9-3ab-5181
5182,Fa3-2b-5182
5183,Fa5-2b-5183
5184,Fa7-2b-5184
5185,Fo27-3a-5185
5186,Gd22-2a-5186
5187,Ge18-2a-5187
5188,Ge19-2a-5188
5189,Ge20-2a-5189
5190,Ge24-2a-5190
5191,Gm11-2a-5191
5192,Gm11-3a-5192
5193,Gm12-2a-5193
5194,Gm12-3a-5194
5195,Gm13-3a-5195
5197,Gp2-3a-5197
5198,Hh10-2abc-5198
5200,I-Be-5200
5201,I-E-5201
5202,I-E-Bc-a-5202
5203,I-E-c-5203
5204,I-Ne-c-5204
5205,I-Re-Ne-b-5205
5206,Jd4-2a-5206
5207,Je40-2a-5207
5208,Je41-2a-5208
5209,Je42-2a-5209
5210,Je43-2a-5210
5211,Je44-2a-5211
5212,Kl15-2ab-5212
5213,Lc11-3ab-5213
5214,Lc26-3ab-5214
5293,Re56-1a-5293
5294,Re57-1a-5294
5297,Re58-2a-5297
5298,Th11-2c-5298
5299,Th12-2c-5299
5300,Th6-2bc-5300
5301,Th6-2c-5301
5302,Th9-1c-5302
5303,Th9-2bc-5303
5304,Th9-2c-5304
5305,Tm5-2b-5305
5306,Tm6-2bc-5306
5307,Tm6-2c-5307
5308,Tm7-2b-5308
5309,Tm7-2bc-5309
5310,To2-2bc-5310
5311,To4-2bc-5311
5312,To5-2bc-5312
5313,Tv13-1a-5313
5314,Tv14-2b-5314
5315,Tv15-2b-5315
5215,Lc27-3bc-5215
5216,Lc28-3bc-5216
5217,Lc29-3bc-5217
5218,Lc30-3a-5218
5220,Lc30-3ab-5220
5221,Lc31-3ab-5221
5222,Lc32-3a-5222
5223,Lc32-3bc-5223
5224,Lc34-2b-5224
5225,Lc36-2ab-5225
5226,Lc36-3bc-5226
5227,Lc46-2b-5227
5229,Lf56-2a-5229
5230,Lf57-2a-5230
5231,Lf57-2bc-5231
5232,Lf58-2bc-5232
5233,Lg29-3a-5233
5234,Lg30-2a-5234
5235,Lg31-2a-5235
5236,Lo15-3ab-5236
5238,Lo29-3b-5238
5239,Lo30-3bc-5239
5241,Lo31-3bc-5241
5243,Lo32-3ab-5243
5244,Lo33-3b-5244
5246,Lo36-3bc-5246
5247,Lo37-2bc-5247
5248,Lo37-3bc-5248
5249,Lo6-2-3ab-5249
5250,Lo7-2ab-5250
5251,Lv3-3ab-5251
5252,Lv4-3a-5252
5253,Ne22-2ab-5253
5255,Nd26-3c-5255
5256,Nd29-3bc-5256
5257,Nd30-3b-5257
5259,Nd30-3bc-5259
5260,Nd31-3ab-5260
5261,Nd32-3c-5261
5262,Nd33-3b-5262
5263,Nd33-3c-5263
5264,Nd35-2ab-5264
5265,Nd36-3bc-5265
5266,Nd5-2b-5266
5267,Nd5-3a-5267
5268,Nd5-3bc-5268
5270,Ne21-2b-5270
5271,Ne21-3abc-5271
5272,Ne21-3bc-5272
5273,Ne22-3ab-5273
5274,Ne23-3ab-5274
5275,Ne24-2bc-5275
5276,Ne24-3bc-5276
5277,Ne24-3bc-5277
5278,Ne25-3bc-5278
5279,Ne32-2ab-5279
5280,Ne9-3ab-5280
5281,Ne9-3ab-5281
5282,Od7-2a-5282
5283,Od7-3a-5283
5284,Rd11-2a-5284
5285,Re22-1ab-5285
5286,Re25-2a-5286
5287,Re28-1a-5287
5288,Re29-1c-5288
5289,Re30-1b-5289
5290,Re42-1c-5290
5291,Re44-1c-5291
5292,Re54-1a-5292
5316,Tv16-2bc-5316
5317,Tv17-2ab-5317
5318,Tv20-1bc-5318
5319,Tv20-2bc-5319
5320,Tv21-2a-5320
5321,Tv22-2bc-5321
5322,Tv23-2ab-5322
5323,Tv23-2bc-5323
5324,Tv24-2bc-5324
5325,Tv25-2bc-5325
5326,Tv26-2bc-5326
5327,Tv27-2b-5327
5328,Tv28-2ab-5328
5329,Tv29-2ab-5329
5330,Vc22-2a-5330
5331,Vp18-2a-5331
5332,Vp30-3a-5332
5333,Vp31-3a-5333
5335,Vp32-3a-5335
5337,Vp32-3ab-5337
5339,Vp33-3a-5339
5340,Vp34-3a-5340
5342,Vp35-3a-5342
5343,Vp36-2a-5343
5344,Vp37-2ab-5344
5345,Vp38-3a-5345
5346,Vp41-2a-5346
5347,Wd3-3a-5347
5348,We15-2a-5348
5349,We15-3a-5349
5350,We17-3a-5350
5352,Wh2-2a-5352
5353,Ws7-1a-5353
5355,Ag1-3a-5355
5356,Ao1-2a-5356
5357,Ao1-3a-5357
5358,Ao1-3b-5358
5359,Ao10-2-3b-5359
5361,Ao10-3b-5361
5362,Ao11-3c-5362
5363,Ao12-2a-5363
5364,Ao12-3a-5364
5365,Ao13-3ab-5365
5366,Ao13-3c-5366
5367,Ao14-2b-5367
5369,Ao15-3a-5369
5370,Ao16-3a-5370
5371,Ao17-2-3a-5371
5372,Ao18-2-3b-5372
5373,Ao2-2a-5373
5374,Ao21-2a-5374
5375,Ao22-3a-5375
5376,Ao23-2a-5376
5377,Ao24-3b-5377
5378,Ao25-3c-5378
5379,Ao26-3c-5379
5380,Ao28-3a-5380
5381,Ao3-1a-5381
5382,Ao3-2b-5382
5383,Ao7-3a-5383
5384,Ao7-3a-5384
5385,Ao7-3b-5385
5386,Ao8-3b-5386
5387,Ao8-3b-5387
5388,Ao9-3b-5388
5389,Ap1-3a-5389
5390,Ap10-2a-5390
5391,Ap11-2a-5391
5392,Ap12-3a-5392
5393,Ap13-3a-5393
5394,Ap14-2-3a-5394
5395,Ap2-3a-5395
5396,Ap3-3a-5396
5397,Ap6-2a-5397
5398,Ap8-2a-5398
5399,Ap8-3a-5399
5400,Ap9-3a-5400
5401,Bd1-3b-5401
5402,Bd10-3c-5402
5403,Bd11-3a-5403
5404,Bd4-3c-5404
5405,Bd7-3b-5405
5406,Bd9-2b-5406
5407,Bd9-3c-5407
5408,Be3-3b-5408
5409,Be4-3b-5409
5410,Bh3-3b-5410
5411,Bh3-3c-5411
5412,Bh4-3b-5412
5413,Bk1-3a-5413
5414,Bk2-b-5414
5415,Bk2-c-5415
5416,Fa12-3a-5416
5417,Fa2-2a-5417
5419,Fa2-3a-5419
5420,Fa20-3c-5420
5421,Fa22-3a-5421
5422,Fa4-3a-5422
5423,Fa6-2a-5423
5424,Fa6-3a-5424
5425,Fa9-2a-5425
5426,Fh3-3b-5426
5427,Fo1-2a-5427
5428,Fo1-2a-5428
5429,Fo1-3a-5429
5430,Fo1-3a-5430
5431,Fo1-3b-5431
5432,Fo1-3c-5432
5433,Fo11-3a-5433
5434,Fo11-3b-5434
5435,Fo12-3a-5435
5436,Fo12-3b-5436
5437,Fo13-2a-5437
5438,Fo14-3a-5438
5439,Fo14-3a-5439
5440,Fo14-3b-5440
5441,Fo14-3c-5441
5442,Fo15-2a-5442
5443,Fo16-2a-5443
5444,Fo17-2b-5444
5445,Fo17-3c-5445
5447,Fo18-2a-5447
5448,Fo19-2a-5448
5449,Fo2-2a-5449
5450,Fo20-3b-5450
5451,Fo20-3b-5451
5452,Fo22-3b-5452
5453,Fo23-3b-5453
5454,Fo24-2b-5454
5455,Fo25-3a-5455
5456,Fo25-3b-5456
5457,Fo26-3a-5457
5458,Fo26-3c-5458
5459,Fo29-3a-5459
5460,Fo30-2a-5460
5462,Fo31-3a-5462
5463,Fo4-3b-5463
5464,Fo5-2a-5464
5465,Fo6-3b-5465
5466,Fo9-2a-5466
5467,Fr1-3a-5467
5468,Fr1-3a-5468
5469,Fr1-3b-5469
5470,Fr3-3a-5470
5471,Fr5-3a-5471
5472,Fx1-2ab-5472
5473,Fx2-2a-5473
5474,Fx2-2b-5474
5475,Fx3-2a-5475
5476,Fx3-3a-5476
5477,Fx4-3a-5477
5478,Fx5-2a-5478
5479,Fx6-3a-5479
5480,Fx7-2a-5480
5481,Fx7-3a-5481
5482,Fx8-3b-5482
5483,Gd1-3a-5483
5484,Gd10-3a-5484
5485,Gd11-3a-5485
5486,Gd13-3a-5486
5487,Gd15-a-5487
5488,Gd2-3a-5488
5489,Ge6-3a-5489
5490,Ge7-3a-5490
5491,Ge8-3a-5491
5492,Gh2-a-5492
5493,Gh3-3a-5493
5494,Gm2-3a-5494
5495,Gm4-3a-5495
5496,Gm5-3a-5496
5497,Hl11-3b-5497
5498,Hl12-3b-5498
5499,Hl13-3b-5499
5500,Hl17-3b-5500
5501,Hl19-3a-5501
5502,Hl21-2a-5502
5503,Hl3-3a-5503
5504,Hl6-3b-5504
5505,I-Ao-Fo-c-5505
5506,I-Ao-Fo-c-5506
5507,I-Bd-Be-c-5507
5508,I-Bd-Po-c-5508
5509,I-Bd-Rd-b-5509
5510,I-Bd-Rd-c-5510
5511,I-Bd-To-c-5511
5513,I-Bd-c-5513
5514,I-Be-Bh-c-5514
5515,I-Be-Lc-c-5515
5516,I-Be-c-5516
5517,I-Bh-To-c-5517
5518,I-Bh-Tv-c-5518
5519,I-Bh-c-5519
5521,I-Fh-Ne-T-5521
5522,I-Fo-Lf-b-5522
5524,I-Fo-Lf-b-5524
5525,I-Fo-Nd-b-5525
5526,I-Fo-Q-b-5526
5527,I-Hl-Kl-b-5527
5528,I-Hl-c-5528
5529,I-Hl-c-5529
5530,I-Je-c-5530
5531,I-Kh-J-c-5531
5532,I-Kl-Xl-c-5532
5533,I-Kl-c-5533
5534,I-Lc-To-c-5534
5535,I-Lc-c-5535
5536,I-Lf-c-5536
5537,I-Q-c-5537
5538,I-Q-c-5538
5539,I-R-c-5539
5540,I-Re-c-5540
5541,I-To-c-5541
5542,I-Tv-c-5542
5543,I-Vc-Xk-c-5543
5544,I-Vp-E-c-5544
5545,I-Xh-c-5545
5546,I-Yh-b-5546
5547,I-b-5547
5548,I-c-5548
5549,Jd13-3a-5549
5550,Je1-2a-5550
5551,Je1-3a-5551
5552,Je13-3a-5552
5553,Je13-a-5553
5554,Je14-3a-5554
5555,Je15-3a-5555
5556,Je16-3a-5556
5557,Je17-3a-5557
5558,Je18-3a-5558
5559,Je19-3a-5559
5560,Je20-3a-5560
5561,Je7-3a-5561
5563,Je8-3a-5563
5564,Jt1-3a-5564
5565,Kh5-1a-5565
5566,Kh6-1ab-5566
5567,Kk1-3a-5567
5568,Kl10-3b-5568
5569,Kl11-3a-5569
5570,Kl13-ab-5570
5571,Kl2-2a-5571
5572,Kl3-3a-5572
5573,Kl4-3a-5573
5574,Kl4-3b-5574
5575,Kl5-3b-5575
5577,Kl7-3b-5577
5578,Kl8-3b-5578
5579,Lc1-3a-5579
5580,Lc10-3a-5580
5581,Lc2-3a-5581
5582,Lc2-3b-5582
5583,Lc2-3b-5583
5584,Lc3-3b-5584
5585,Lc6-3a-5585
5586,Lc6-3b-5586
5587,Lc6-c-5587
5588,Lc7-3b-5588
5589,Lc8-3b-5589
5590,Lc9-3b-5590
5591,Lf1-1a-5591
5592,Lf1-2a-5592
5593,Lf1-3b-5593
5594,Lf10-3b-5594
5595,Lf11-2a-5595
5596,Lf11-2b-5596
5597,Lf11-3b-5597
5598,Lf12-3c-5598
5599,Lf13-2a-5599
5600,Lf14-2-3a-5600
5601,Lf16-3b-5601
5602,Lf2-2a-5602
5603,Lf21-3b-5603
5604,Lf22-3b-5604
5605,Lf23-2-3a-5605
5606,Lf3-3b-5606
5607,Lf4-3b-5607
5608,Lf5-2b-5608
5609,Lf5-2b-5609
5610,Lf6-2b-5610
5611,Lf9-3b-5611
5612,Lo4-3a-5612
5613,Lp1-2a-5613
5614,Nd1-3b-5614
5616,Nd3-3b-5616
5618,Ne1-3b-5618
5619,Ne11-3c-5619
5620,Ne2-3b-5620
5621,Ne3-3b-5621
5622,Ne4-3b-5622
5623,Ne5-3b-5623
5624,Ne5-3c-5624
5625,O4-a-5625
5626,Qa1-1a-5626
5627,Qa2-1a-5627
5628,Qa3-1a-5628
5629,Qa4-1a-5629
5631,Qf1-1a-5631
5632,Qf1-1a-5632
5633,Qf11-1a-5633
5634,Qf12-1a-5634
5635,Qf13-1a-5635
5636,Qf14-1a-5636
5637,Qf14-1a-5637
5638,Qf15-1b-5638
5639,Qf16-1a-5639
5640,Qf2-1a-5640
5641,Qf3-1a-5641
5642,Qf3-1a-5642
5643,Qf5-1a-5643
5644,Qf6-1a-5644
5645,Qf7-1a-5645
5646,Qf8-1a-5646
5647,Qf9-1a-5647
5648,Rd1-1b-5648
5649,Rd13-1c-5649
5650,Rd14-1a-5650
5651,Rd9-1a-5651
5652,Re10-1a-5652
5653,Re11-1a-5653
5654,Re11-1a-5654
5655,Re2-1a-5655
5656,Re3-1a-5656
5657,Re4-1a-5657
5658,Re5-1a-5658
5659,Re5-1a-5659
5661,Re6-1a-5661
5662,Re8-1a-5662
5664,Sm6-3a-5664
5665,So2-3a-5665
5666,Th10-b-5666
5667,Th3-c-5667
5668,Th4-a-5668
5669,Th4-b-5669
5670,Th4-c-5670
5671,Th7-a-5671
5672,Th8-a-5672
5673,Tm1-a-5673
5674,Tm2-a-5674
5675,Tv1-a-5675
5676,Tv2-a-5676
5677,Tv2-b-5677
5678,Tv2-c-5678
5679,Tv3-a-5679
5680,Tv3-c-5680
5681,Tv4-a-5681
5682,Tv5-b-5682
5683,Tv6-b-5683
5684,Tv6-c-5684
5686,Vc2-3a-5686
5687,Vc3-3a-5687
5688,Vp1-3a-5688
5689,Vp5-3a-5689
5690,Vp6-3a-5690
5692,We6-2-3a-5692
5693,Wm6-2-3a-5693
5694,Wm8-3a-5694
5695,Wm9-2a-5695
5696,Ws1-3a-5696
5697,Xh1-3c-5697
5698,Xh2-a-5698
5699,Xh3-b-5699
5700,Xh4-2a-5700
5701,Xk1-3b-5701
5702,Xk2-2a-5702
5703,Xk2-3b-5703
5704,Xl1-3b-5704
5705,Xl1-3c-5705
5706,Yh1-a-5706
5707,Yh2-1c-5707
5708,Yh2-2a-5708
5709,Yl2-2a-5709
5710,Zg1-3a-5710
5711,Zg5-3a-5711
5712,Zo1-2a-5712
5714,Ao1-1a-5714
5715,Ao19-2a-5715
5716,Ao2-2b-5716
5717,Ao20-2ab-5717
5718,Ao27-3b-5718
5719,Ao3-2a-5719
5720,Ao4-2b-5720
5721,Ao5-2a-5721
5722,Ao6-3b-5722
5723,Ao7-2b-5723
5724,Bd2-3bc-5724
5725,Bd5-3c-5725
5726,Bd5-c-5726
5727,Bd6-3b-5727
5728,Be1-3c-5728
5729,Be5-3c-5729
5730,Be6-1b-5730
5731,Bh1-3ab-5731
5732,Bh2-3ab-5732
5733,Fh1-3a-5733
5734,Fh2-3a-5734
5736,Fo3-3a-5736
5737,Fo3-3b-5737
5738,Fo9-3a-5738
5739,Fr4-3b-5739
5740,Fx1-2a-5740
5741,Gc1-3a-5741
5742,Gd3-3a-5742
5743,Ge1-3a-5743
5744,Gh1-a-5744
5745,Gm1-3a-5745
5746,Hh1-2a-5746
5747,Hh1-2a-5747
5748,Hh2-1b-5748
5749,Hl1-2a-5749
5750,Hl1-2a-5750
5751,Hl1-3a-5751
5752,Hl10-2a-5752
5753,Hl14-3a-5753
5754,Hl16-3a-5754
5755,Hl18-a-5755
5756,Hl2-3c-5756
5757,Hl21-3a-5757
5758,Hl4-2a-5758
5759,Hl5-3a-5759
5760,Hl7-2bc-5760
5761,Hl7-3a-5761
5762,Hl8-3a-5762
5763,I-Bd-U-c-5763
5764,I-Hl-bc-5764
5765,I-O-Ph-c-5765
5766,I-Ph-U-c-5766
5767,I-Vp-a-5767
5768,I-Yh-Re-c-5768
5769,I-Yh-So-b-5769
5770,I-Yh-c-5770
5771,Je10-3a-5771
5772,Je11-3a-5772
5773,Je3-3a-5773
5774,Je4-3a-5774
5775,Je5-3a-5775
5776,Je6-3a-5776
5777,Je9-3a-5777
5778,Kh1-1a-5778
5779,Kh2-2a-5779
5780,Kl2-2a-5780
5781,Kl7-2c-5781
5782,Lc4-3a-5782
5783,Lc5-3a-5783
5784,Lf15-2ab-5784
5785,Lo2-2b-5785
5786,Lo2-2c-5786
5787,Lo3-2a-5787
5788,Nd1-3a-5788
5789,Nd2-3c-5789
5790,Ne1-3a-5790
5791,O1-b-5791
5792,O2-b-5792
5793,O3-b-5793
5794,Ph1-1b-5794
5795,Ph2-1b-5795
5796,Ph3-1b-5796
5797,Ph8-1b-5797
5798,Qf1-1b-5798
5799,Qf10-1a-5799
5800,Qf16-1a-5800
5801,Re1-1b-5801
5802,Re5-1b-5802
5803,Re7-1a-5803
5805,Sm1-3a-5805
5806,Sm2-3a-5806
5807,Sm3-3a-5807
5808,Sm3-3a-5808
5809,Sm4-3a-5809
5810,Sm5-3a-5810
5811,Th2-c-5811
5812,Th5-c-5812
5813,Tv1-c-5813
5814,U2-b-5814
5815,Vp2-3a-5815
5816,Vp3-3a-5816
5817,Vp4-3a-5817
5818,Wd7-2a-5818
5819,We1-3a-5819
5820,We14-3a-5820
5821,We2-2a-5821
5822,We2-3a-5822
5823,We3-2a-5823
5824,We3-3a-5824
5825,We5-2a-5825
5826,We7-3a-5826
5827,Wm1-3a-5827
5828,Wm2-2-3a-5828
5829,Wm2-3a-5829
5830,Wm3-3a-5830
5831,Wm4-2a-5831
5832,Wm4-3a-5832
5833,Wm7-3a-5833
5834,Wm7-3a-5834
5835,Xh5-1a-5835
5836,Xk1-2a-5836
5837,Xk3-1a-5837
5838,Yh1-1a-5838
5839,Yh1-2a-5839
5840,Yh3-2a-5840
5841,Yh3-2a-5841
5842,Yh4-1b-5842
5843,Yh5-1c-5843
5844,Yl1-2a-5844
5845,Zg2-3a-5845
5846,Ah18-2a-5846
5847,Ag10-2b-5847
5848,Ag11-2a-5848
5849,Ag7-2a-5849
5850,Ag8-2a-5850
5851,Ag9-2a-5851
5852,Ah13-2a-5852
5853,Ah14-2a-5853
5854,Ah15-2b-5854
5855,Ah16-2-3b-5855
5856,Ah17-2-3c-5856
5857,Ao91-1-2a-5857
5858,Ao92-1-2b-5858
5859,Ao93-1-2a-5859
5860,Ao94-1-2a-5860
5861,Ao95-1-2a-5861
5862,Ao96-1-2b-5862
5863,Ao97-1c-5863
5864,Bc29-2c-5864
5865,Be89-2b-5865
5866,Be90-2c-5866
5867,Be91-2a-5867
5868,Bf19-2c-5868
5869,Bh19-2c-5869
5870,Fp17-2b-5870
5871,Fr23-3b-5871
5872,Fr24-1-2a-5872
5873,Fr25-1-2b-5873
5874,Fr26-2c-5874
5875,Fr27-2b-5875
5876,Fx33-2a-5876
5877,Fx34-2b-5877
5879,Fx35-2c-5879
5881,Gh17-3a-5881
5882,Gh18-3a-5882
5883,Hh1-3a-5883
5884,Hh12-3a-5884
5885,Hh13-3b-5885
5886,Hh14-3a-5886
5887,Hh15-3b-5887
5888,Hh16-3b-5888
5889,Hl38-2bc-5889
5890,Hl39-2ab-5890
5891,Hl40-2bc-5891
5892,Hl41-2b-5892
5893,Hl42-2ab-5893
5894,Hl43-2-3b-5894
5896,I-2b-5896
5897,I-R-1b-5897
5898,I-R-1b-5898
5900,I-R-1c-5900
5901,I-R-2b-5901
5902,I-R-Be-2b-5902
5903,I-R-Be-2c-5903
5904,I-R-Qa-2b-5904
5905,I-R-Qa-2c-5905
5906,I-R-Xk-2b-5906
5907,I-R-Yh-2b-5907
5908,I-Rd-1b-5908
5909,I-Rd-1b-5909
5910,I-Rd-1c-5910
5913,I-Rd-Qa-1-5913
5914,I-Rd-Qa-1-5914
5915,I-Rd-Qa-1-5915
5917,Kh1-2b-5917
5919,Kh28-2b-5919
5920,Kh29-2b-5920
5921,Kh3-2a-5921
5922,Kh30-2a-5922
5923,Kk15-2a-5923
5925,La33-1-2b-5925
5927,Lc79-1-2a-5927
5928,Lc80-1-2b-5928
5929,Lc81-1-2b-5929
5930,Lc82-1-2b-5930
5931,Lc83-1-2b-5931
5932,Lc84-1-2b-5932
5933,Lc85-1-2b-5933
5935,Lc86-1-2b-5935
5936,Lc87-1-2b-5936
5937,Lc88-1-2b-5937
5938,Lc89-2b-5938
5939,Lc90-2b-5939
5940,Lc91-1-2b-5940
5941,Lc92-2b-5941
5942,Lc93-1-2b-5942
5943,Lc94-1-2a-5943
5944,Lf100-1-2-5944
5945,Lf101-1a-5945
5946,Lf102-1b-5946
5947,Lf103-1c-5947
5948,Lf98-1-2b-5948
5949,Lf99-1-2b-5949
5950,Lk10-1-2b-5950
5952,Lk11-1-2a-5952
5954,Lk11-1-2b-5954
5959,Lk12-1-2b-5959
5962,Lk13-1-2a-5962
5963,Lk14-2c-5963
5965,Lk16-1-2b-5965
5967,Lk17-1-2a-5967
5969,Lk6-1-2b-5969
5972,Lk7-1-2a-5972
5974,Lk7-1-2b-5974
5975,Lk8-1-2ab-5975
5977,Lk9-1-2a-5977
5978,Lo52-1-2b-5978
5979,Lo53-1-2a-5979
5980,Lo54-1-2b-5980
5981,Lo55-1-2b-5981
5982,Lo56-1-2c-5982
5983,Lo57-1-2b-5983
5985,Lo59-1-2b-5985
5986,Lo60-1-2a-5986
5990,Nd56-2-3b-5990
5991,Nd57-2-3b-5991
5992,Nd58-2-3b-5992
5993,Nd59-2-3c-5993
5994,Nd60-2-3b-5994
5995,Nd61-2-3c-5995
5997,Ne60-2-3b-5997
5998,Ne61-2-3a-5998
5999,Ne62-2-3b-5999
6000,Ne63-2-3a-6000
6001,Ne64-2-3b-6001
6002,Od16-2a-6002
6003,Ph10-1bc-6003
6004,Ph11-1c-6004
6006,Ph4-1ab-6006
6007,Ph6-1ab-6007
6008,Ph7-1b-6008
6009,Po16-1b-6009
6011,Po18-1b-6011
6012,Po19-1b-6012
6013,Po21-1b-6013
6014,Po22-1b-6014
6015,Po23-1bc-6015
6016,Po24-1a-6016
6017,Po25-1bc-6017
6018,Qa11-1a-6018
6020,Qa12-1a-6020
6022,Qa13-1b-6022
6024,Qa14-1b-6024
6026,Qa16-2c-6026
6028,Qa9-2b-6028
6029,Qc51-1b-6029
6030,Qc52-1b-6030
6031,Qc53-1b-6031
6032,Qc54-1ab-6032
6033,Qc55-1ab-6033
6034,Qc56-1b-6034
6035,Qc57-1ab-6035
6037,Qc58-1b-6037
6043,Qf41-1ab-6043
6046,Qf42-1b-6046
6048,Qf43-1b-6048
6049,Qf44-1b-6049
6051,Qf45-1a-6051
6052,Qf46-1a-6052
6053,Qf47-1b-6053
6054,Rc39-1b-6054
6055,Rc41-1a-6055
6056,Rd32-1b-6056
6057,Rd33-1b-6057
6058,Rd34-1a-6058
6061,Rd35-1bc-6061
6062,Rd36-1a-6062
6063,Rd37-1a-6063
6064,Re67-1b-6064
6065,Re70-1b-6065
6066,Re71-1ab-6066
6068,Re72-1b-6068
6069,Re73-1b-6069
6071,So14-1-2a-6071
6072,So15-2b-6072
6073,So20-2b-6073
6075,So21-1-2b-6075
6076,So22-1-2a-6076
6077,So22-1-2a-6077
6079,So23-1-2a-6079
6080,So24-1-2b-6080
6081,So25-1-2a-6081
6082,So26-1a-6082
6083,So27-1a-6083
6084,So27-1b-6084
6085,So28-1b-6085
6087,So7-1-2a-6087
6088,Vc1-3b-6088
6090,Vc52-3a-6090
6092,Vc53-3a-6092
6093,Vc53-3b-6093
6094,Vc54-3a-6094
6096,Vp1-3a-6096
6097,Vp1-3b-6097
6098,Vp43-3a-6098
6099,Vp57-3a-6099
6100,Vp57-3a-6100
6102,Vp58-3bc-6102
6103,Vp59-3a-6103
6104,Vp60-3a-6104
6105,We19-1-2b-6105
6106,Wh3-1a-6106
6108,Ws15-1-2b-6108
6109,Ws16-1-2c-6109
6110,Ws17-1-2b-6110
6112,Ws18-1-2b-6112
6113,Ws19-1-2b-6113
6114,Ws20-1-2a-6114
6116,Ws21-1-2b-6116
6118,Ws22-1-2b-6118
6119,Ws23-1a-6119
6120,Ws24-1b-6120
6121,Ws25-1a-6121
6122,Ws26-1b-6122
6123,Ws27-1a-6123
6124,Ws28-1b-6124
6125,Ws29-1-2b-6125
6126,Ws30-1-2b-6126
6127,Ws31-1-2b-6127
6128,Ws32-1-2a-6128
6129,Ws33-1-2c-6129
6131,Ws34-1-2a-6131
6132,Ws35-1-2b-6132
6133,Ws36-1b-6133
6134,Ws37-1b-6134
6135,Ws38-1a-6135
6136,Ws38-1b-6136
6137,Ws39-1a-6137
6138,Ws40-1b-6138
6139,Ws41-1-2b-6139
6140,Ws42-1-2b-6140
6141,Ws43-1-2a-6141
6142,Ws44-1-2b-6142
6143,Ws45-1-2a-6143
6144,Ws46-1-2b-6144
6146,Xh45-2a-6146
6147,Xh46-2b-6147
6149,Xk30-2a-6149
6152,Xk31-2b-6152
6154,Xk38-2b-6154
6155,Xk39-2b-6155
6156,Xk40-1-2b-6156
6157,Xk41-2b-6157
6158,Xk42-1-2a-6158
6160,Xk43-1-2a-6160
6161,Xk44-1-2a-6161
6162,Xk45-2a-6162
6164,Xk46-2ab-6164
6165,Xk47-2b-6165
6166,Xk48-2b-6166
6167,Xk49-2a-6167
6168,Xk50-2b-6168
6172,Yh32-2a-6172
6174,Yh33-2b-6174
6175,Yh34-2ab-6175
6177,Yh35-2bc-6177
6178,Yh36-2a-6178
6180,Yh37-2a-6180
6182,Yh38-2b-6182
6183,Yh39-3a-6183
6189,Yl21-1-2a-6189
6192,Yl22-1-2b-6192
6193,Yl23-1b-6193
6194,Yl24-1-2a-6194
6195,Yl25-1-2b-6195
6196,Yl26-1-2a-6196
6197,Yl27-1-2a-6197
6198,Yl28-1a-6198
6199,Zo36-2a-6199
6200,Zt5-3a-6200
6201,Zt6-3a-6201
6202,Af53-2c-6202
6203,Af54-3c-6203
6204,Ah22-3c-6204
6206,Ah23-3c-6206
6207,Ah24-3ab-6207
6208,Bc15-3bc-6208
6209,Bc30-3c-6209
6210,Bc31-3c-6210
6211,Bc32-3c-6211
6212,Bc33-3c-6212
6213,Bc34-3c-6213
6214,Bc35-3c-6214
6215,Bc36-3bc-6215
6216,Bc37-3c-6216
6217,Bc38-3b-6217
6219,Bc39-3c-6219
6220,Bc40-3c-6220
6221,Bc41-3c-6221
6222,Bc42-3c-6222
6223,Bc43-3bc-6223
6224,Bc44-3c-6224
6225,Bc47-3bc-6225
6227,Bd57-2c-6227
6229,Be100-3b-6229
6232,Be103-2bc-6232
6234,Be105-3ab-6234
6235,Be106-3c-6235
6236,Be107-3c-6236
6237,Be108-3bc-6237
6238,Be92-3a-6238
6239,Be93-3c-6239
6240,Be94-3ac-6240
6241,Be99-3b-6241
6243,Bf21-3bc-6243
6244,Bf22-3ab-6244
6246,Bf23-3bc-6246
6247,Bf24-3bc-6247
6249,Bf26-3bc-6249
6251,Bf28-3ab-6251
6252,Bf29-3ab-6252
6253,Bf30-3bc-6253
6254,Bf31-3abc-6254
6258,Bv19-3ab-6258
6259,Bv20-3a-6259
6261,Fa10-3bc-6261
6262,Fa13-3bc-6262
6263,Fa8-3ab-6263
6264,Fh11-3abc-6264
6265,Fo10-3c-6265
6266,Fo52-3bc-6266
6267,Fo7-3a-6267
6268,Fo7-3a-6268
6269,Fo7-3a-6269
6270,Fo95-3b-6270
6271,Fo98-3a-6271
6272,Fr1-3ab-6272
6273,Fr19-3c-6273
6274,Fr28-3ac-6274
6275,Fr29-3ab-6275
6276,Fx36-3a-6276
6277,Fx37-3bc-6277
6278,Gd27-3a-6278
6279,Hg5-3a-6279
6280,Hh17-3a-6280
6281,Hh18-2-3a-6281
6282,Hh19-3abc-6282
6283,Hl44-3ab-6283
6284,I-1abc-6284
6285,I-Ah-Pg-3-6285
6286,I-Be-2b-6286
6287,I-Fh-Hh-3-6287
6288,I-Fo-3b-6288
6289,I-Hh-1c-6289
6291,I-Th-1abc-6291
6292,I-Th-Be-1-6292
6293,I-To-Ah-3-6293
6294,I-Tv-Od-1-6294
6296,Lc95-2a-6296
6297,Nd62-3ac-6297
6299,R2-2-3c-6299
6300,R2-2-3c-6300
6301,R3-3bc-6301
6305,Rd38-1c-6305
6306,Re1-1c-6306
6308,Re76-c-6308
6309,Re77-2bc-6309
6310,Re78-2bc-6310
6311,Re79-3bc-6311
6312,Th13-2-3b-6312
6313,Th14-3bc-6313
6314,Th15-3c-6314
6315,Th16-2abc-6315
6316,Tm15-2c-6316
6317,Tm16-3ab-6317
6318,Tm17-ab-6318
6320,Tm19-bc-6320
6321,Tm20-2bc-6321
6322,Tm21-2bc-6322
6323,Tm22-1-2a-6323
6324,Tm24-3a-6324
6325,To18-3bc-6325
6326,To21-2-3a-6326
6327,To22-3abc-6327
6328,To23-3abc-6328
6329,Tv33-abc-6329
6332,Tv35-1bc-6332
6333,Tv36-bc-6333
6334,Tv37-1b-6334
6335,Vc55-3ab-6335
6336,Ag12-2b-6336
6337,Ag13-2b-6337
6338,Ag14-2ab-6338
6339,Ah20-3c-6339
6340,Ah1-3a-6340
6341,Ah19-3b-6341
6342,Ah21-3c-6342
6343,Ao1-3c-6343
6344,Ao100-2bc-6344
6345,Ao98-3c-6345
6346,Ao99-3bc-6346
6347,Bd2-2c-6347
6348,Bd3-2a-6348
6349,Bd3-2bc-6349
6350,Bd3-2c-6350
6351,Bd43-1ab-6351
6352,Bd44-1ab-6352
6353,Bd45-3c-6353
6354,Bd46-2c-6354
6355,Bd47-2c-6355
6356,Bd48-2c-6356
6357,Bd49-2abc-6357
6358,Bd50-2c-6358
6359,Bd51-2abc-6359
6360,Bd52-1-2c-6360
6361,Bd52-2ab-6361
6362,Bd53-1-2c-6362
6363,Bd54-1ab-6363
6364,Bd55-2c-6364
6365,Bd56-2c-6365
6366,Be1-2abc-6366
6368,Be95-3c-6368
6369,Be97-2bc-6369
6370,Be98-2bc-6370
6371,Bh20-2a-6371
6372,Fo100-3ab-6372
6373,Gh19-2-3a-6373
6374,I-Po-Bd-1-6374
6376,Jd8-2a-6376
6377,Je82-2a-6377
6378,Je83-2a-6378
6380,Lg22-2a-6380
6381,Lg38-2bc-6381
6382,Lk18-2a-6382
6383,Lo35-2bc-6383
6384,Lo61-2-3c-6384
6385,Lo62-2bc-6385
6386,Lo63-1-2b-6386
6387,Od17-a-6387
6388,Po11-1bc-6388
6389,Po26-1ab-6389
6390,Pp2-2bc-6390
6391,Re74-1bc-6391
6393,Th4-2ab-6393
6394,To19-2ab-6394
6395,To20-2bc-6395
6396,Tv19-1c-6396
6397,Tv2-1ab-6397
6400,Bc27-2-3b-6400
6402,Bc48-3ab-6402
6403,Bc51-3ab-6403
6406,Bd42-1-2b-6406
6407,Bd67-2b-6407
6408,Bd67-2b-6408
6409,Bd67-2b-6409
6410,Bd68-2bc-6410
6411,Bd68-2bc-6411
6413,Bd69-2b-6413
6414,Bd69-2b-6414
6415,Bd70-2a-6415
6416,Bd71-1-2b-6416
6417,Bd71-1-2b-6417
6418,Bd72-2b-6418
6419,Bd72-2b-6419
6420,Bd73-2b-6420
6421,Bd75-2ab-6421
6422,Bd76-2ab-6422
6423,Bd77-1-2b-6423
6424,Bd77-1-2b-6424
6425,Bd77-1-2b-6425
6426,Bd78-2b-6426
6427,Bd78-2b-6427
6428,Bd79-2ab-6428
6430,Bd80-1-2b-6430
6432,Be120-2bc-6432
6433,Be120-2bc-6433
6434,Be124-2-3-6434
6435,Be125-2b-6435
6436,Be126-2-3-6436
6437,Be127-2ab-6437
6438,Be127-2ab-6438
6440,Be128-2-3-6440
6441,Be128-2-3-6441
6442,Be129-1-2-6442
6443,Be130-2-3-6443
6444,Be131-1-2-6444
6445,Be133-2-3-6445
6446,Be134-1-2-6446
6447,Be135-2ab-6447
6448,Be136-1-2-6448
6449,Be136-1-2-6449
6450,Be137-2a-6450
6451,Be138-2a-6451
6452,Be139-2ab-6452
6453,Be140-2a-6453
6454,Be141-2-3-6454
6455,Be142-2-3-6455
6456,Be143-2-3-6456
6457,Be145-2ab-6457
6458,Be146-2ab-6458
6459,Be147-2a-6459
6460,Be96-2ab-6460
6461,Bg10-2a-6461
6462,Bg11-3ab-6462
6463,Bg12-2ab-6463
6464,Bg9-2b-6464
6465,Bh26-1b-6465
6466,Bh27-1-2b-6466
6467,Bk32-2-3c-6467
6468,Bk45-2bc-6468
6470,Bk46-2a-6470
6471,Bk47-2-3b-6471
6472,Bk47-2-3b-6472
6475,Bk48-2-3b-6475
6476,Bv18-3a-6476
6477,Bv22-2a-6477
6478,Bv23-2a-6478
6479,Bv23-2a-6479
6480,Ch21-2ab-6480
6481,Ch23-2a-6481
6483,Ck11-2ab-6483
6485,Ck9-2a-6485
6486,Dd6-1-2a-6486
6487,Dd7-1ab-6487
6488,Dd9-2ab-6488
6489,De14-1ab-6489
6491,Dg6-2ab-6491
6492,E22-2-3b-6492
6493,E22-2-3b-6493
6494,E23-2bc-6494
6496,E24-2c-6496
6498,E25-2-3ab-6498
6499,E26-2-3ab-6499
6500,E26-2-3ab-6500
6501,Gd30-3bc-6501
6502,Gd32-2-3b-6502
6503,Gd33-3b-6503
6504,Ge64-1-2a-6504
6505,Ge65-3a-6505
6506,Ge66-2-3a-6506
6508,Ge67-2b-6508
6509,Ge68-1-2a-6509
6510,Ge69-2-3a-6510
6511,Ge70-2-3a-6511
6512,Ge71-2-3a-6512
6513,Gh22-2-3a-6513
6514,Gh24-2b-6514
6515,Gh25-2b-6515
6516,Gm14-2-3a-6516
6517,Gm29-2-3a-6517
6518,Hc2-2a-6518
6519,Hc3-2a-6519
6520,Hc4-1a-6520
6521,Hg10-2a-6521
6522,Hg8-3a-6522
6523,Hg9-2-3a-6523
6524,Hh23-3a-6524
6525,Hh24-2-3a-6525
6527,Hh26-2ab-6527
6528,I-2bc-6528
6529,I-Bd-1-2a-6529
6530,I-L-2-3bc-6530
6531,I-Lo-Bc-2-6531
6532,I-U-1-2c-6532
6534,Jc1-1-2a-6534
6535,Jc57-1-2a-6535
6536,Jc59-2-3a-6536
6537,Je74-2-3a-6537
6538,Je86-2-3a-6538
6539,Je86-2-3a-6539
6541,Je88-1a-6541
6542,Lc102-3b-6542
6543,Lc106-2b-6543
6544,Lc108-2b-6544
6545,Lc109-2a-6545
6546,Lc109-2b-6546
6547,Lc110-2a-6547
6548,Lc111-2ab-6548
6550,Lc46-2-3b-6550
6552,Lf97-2-3b-6552
6553,Lg40-2ab-6553
6554,Lg40-2ab-6554
6555,Lg41-2-3a-6555
6556,Lg42-2b-6556
6558,Lg44-2-3a-6558
6559,Lg45-2-3b-6559
6560,Lg45-2-3b-6560
6561,Lg46-2ab-6561
6562,Lg47-2-3a-6562
6563,Lg48-2-3a-6563
6564,Lg51-2-3a-6564
6565,Lg53-2ab-6565
6566,Lo69-2ab-6566
6567,Lo71-3ab-6567
6568,Lo72-2b-6568
6569,Lo73-2ab-6569
6570,Lo74-2a-6570
6571,Lo76-2-3b-6571
6572,Lo79-2a-6572
6573,Lo80-2b-6573
6574,Lo81-1a-6574
6575,Lo82-1a-6575
6576,Lo83-2bc-6576
6577,Lo83-2bc-6577
6578,Lo84-2b-6578
6579,Lo86-1-2a-6579
6580,Lo87-3b-6580
6581,Lo88-2-3b-6581
6582,Lo90-2ab-6582
6583,Lo92-2b-6583
6584,Lv8-2ab-6584
6586,Od25-a-6586
6587,Od26-a-6587
6588,Od27-a-6588
6589,Oe13-a-6589
6590,Oe15-a-6590
6592,Pg5-2c-6592
6594,Ph15-1a-6594
6595,Ph16-1a-6595
6596,Ph17-1a-6596
6597,Ph18-1ab-6597
6598,Ph19-1ab-6598
6599,Pl6-1ab-6599
6600,Pl8-1-2bc-6600
6602,Po2-1b-6602
6604,Po28-1bc-6604
6605,Po28-1bc-6605
6606,Po29-1b-6606
6607,Po29-1b-6607
6609,Po31-1b-6609
6610,Po32-1-2a-6610
6611,Po35-1b-6611
6612,Po36-1ab-6612
6613,Po37-1ab-6613
6614,Po38-1a-6614
6616,Po39-1ab-6616
6617,Po39-1ab-6617
6618,Po40-1ab-6618
6619,Pp3-1b-6619
6620,Pp4-1b-6620
6621,Pp5-2b-6621
6622,Qc61-1a-6622
6623,Qc62-1a-6623
6624,Qc63-1a-6624
6625,Ql28-1b-6625
6626,Rc47-1b-6626
6627,Rc52-2-3b-6627
6630,Re84-1ab-6630
6631,Re85-2b-6631
6632,Re86-2-3b-6632
6633,Sm15-3a-6633
6634,Tm25-2bc-6634
6635,Tv33-1ab-6635
6636,Tv39-2b-6636
6637,U3-2c-6637
6639,U4-2bc-6639
6640,U5-1bc-6640
6641,Vc14-3a-6641
6642,Vc60-3a-6642
6643,Vp69-3a-6643
6644,Vp70-3a-6644
6645,Wd4-2ab-6645
6646,Wd5-1a-6646
6647,Xk57-2-3b-6647
6648,Xy6-2-3b-6648
6649,Zg18-2a-6649
6650,Zg19-2-3a-6650
6651,Lf32-3bc-6651
6653,Rd1-1a-6653
6654,We21-2ab-6654
6656,Be128-2-3-6656
6657,Hh24-2-3c-6657
6658,Lg49-1-2a-6658
6659,Bk49-2c-6659
6660,Lc105-2-3-6660
6661,Jc52-2a-6661
6662,Je66-2a-6662
6663,Je69-2-3a-6663
6664,Lc72-2a-6664
6665,Lf10-2a-6665
6666,Lf92-2a-6666
6667,Lf95-1a-6667
6668,Lf96-2ab-6668
6669,Ne56-2b-6669
6670,Ne58-1bc-6670
6671,Ne59-2a-6671
6672,Od13-a-6672
6673,Xh12-2a-6673
6674,Xl17-1a-6674
6676,Gm16-3a-6676
6677,Yk1-3a-6677
6678,Be96-3c-6678
6679,Re75-1ab-6679
6680,Ph14-1-2c-6680
6681,Bh26-1ab-6681
6682,Be117-2-3-6682
6683,Bk35-2-3a-6683
6684,I-Bk-E-c-6684
6685,I-Rc-bc-6685
6686,Lv7-3ab-6686
6687,Xk22-2-3b-6687
6689,Zg3-2-3a-6689
6690,Ge52-3a-6690
6691,Ge41-3a-6691
6692,Ge42-3a-6692
6693,Ge43-2a-6693
6694,ROCK-6694
6695,Xl1-2b-6695
6696,Yt3-2b-6696
6697,Gx9-2a-6697
6698,Bf14-2b-6698
6699,Gm28-2-3a-6699
6700,I-Bd-Bh-c-6700
6701,Mg4-3a-6701
6702,Th19-2bc-6702
6709,Bd19-3bc-6709
6710,E2-3b-6710
6711,Nd26-3bc-6711
6712,Ne22-2abc-6712
6713,Lk15-1-2a-6713
6714,Lo58-1-2a-6714
6715,Po17-1a-6715
6716,Qa15-1c-6716
6717,Xk48-2b-6717
6718,Ge9-3a-6718
6719,I-ab-6719
6720,Nd4-3c-6720
6721,Xh36-2a-6721
6722,Cl1-3a-6722
6723,De5-2b-6723
6997,WATER-6997
6998,GLACIER-6998
