date,inflow,std
20110101,16.04,0
20110102,16.08,0
20110103,16.12,0
20110104,16.16,0
20110105,16.19,0
20110106,16.22,0
20110107,16.26,0
20110108,16.29,0
20110109,16.33,0
20110110,16.36,0
20110111,16.39,0
20110112,16.44,0
20110113,16.44,0
20110114,16.45,0
20110115,16.47,0
20110116,16.48,0
20110117,16.49,0
20110118,16.51,0
20110119,16.53,0
20110120,16.54,0
20110121,16.56,0
20110122,16.57,0
20110123,16.58,0
20110124,16.59,0
20110125,16.6,0
20110126,16.61,0
20110127,16.61,0
20110128,16.55,0
20110129,16.47,0
20110130,16.41,0
20110131,16.36,0
20110201,16.3,0
20110202,16.25,0
20110203,16.19,0
20110204,16.19,0
20110205,16.19,0
20110206,16.19,0
20110207,16.19,0
20110208,16.19,0
20110209,16.19,0
20110210,16.19,0
20110211,16.15,0
20110212,16.09,0
20110213,16.03,0
20110214,15.97,0
20110215,15.91,0
20110216,15.85,0
20110217,15.79,0
20110218,15.73,0
20110219,15.67,0
20110220,15.61,0
20110221,15.56,0
20110222,15.5,0
20110223,15.45,0
20110224,15.39,0
20110225,15.32,0
20110226,15.2,0
20110227,15.06,0
20110228,14.96,0
20110301,14.86,0
20110302,14.72,0
20110303,14.57,0
20110304,14.43,0
20110305,14.43,0
20110306,14.11,0
20110307,13.95,0
20110308,13.8,0
20110309,13.64,0
20110310,13.49,0
20110311,13.34,0
20110312,13.19,0
20110313,13.05,0
20110314,12.91,0
20110315,12.76,0
20110316,12.62,0
20110317,12.47,0
20110318,12.33,0
20110319,12.18,0
20110320,12.04,0
20110321,11.91,0
20110322,11.79,0
20110323,11.66,0
20110324,11.58,0
20110325,11.49,0
20110326,11.48,0
20110327,11.47,0
20110328,11.46,0
20110329,11.46,0
20110330,11.45,0
20110331,11.41,0
20110401,11.35,0
20110402,11.29,0
20110403,11.17,0
20110404,11.06,0
20110405,10.96,0
20110406,10.85,0
20110407,10.71,0
20110408,10.63,0
20110409,10.49,0
20110410,10.34,0
20110411,3.88,0
20110412,10.05,0
20110413,9.9,0
20110414,9.77,0
20110415,9.64,0
20110416,9.51,0
20110417,9.38,0
20110418,9.26,0
20110419,9.18,0
20110420,9.12,0
20110421,9.12,0
20110422,9.12,0
20110423,9.28,0
20110424,9.7,0
20110425,9.91,0
20110426,10.1,0
20110427,10.15,0
20110428,10.18,0
20110429,10.13,0
20110430,10.07,0
20110501,10.04,0
20110502,9.99,0
20110503,9.94,0
20110504,9.88,0
20110505,9.84,0
20110506,9.68,0
20110507,9.54,0
20110508,9.4,0
20110509,9.24,0
20110510,9.08,0
20110511,8.92,0
20110512,8.76,0
20110513,8.6,0
20110514,8.44,0
20110515,8.29,0
20110516,8.15,0
20110517,8.01,0
20110518,7.87,0
20110519,7.82,0
20110520,7.85,0
20110521,7.85,0
20110522,7.85,0
20110523,7.85,0
20110524,7.85,0
20110525,7.85,0
20110526,7.85,0
20110527,7.85,0
20110528,7.87,0
20110529,7.85,0
20110530,7.81,0
20110531,7.68,0
20110601,7.56,0
20110602,7.46,0
20110603,7.54,0
20110604,8.06,0
20110605,8.48,0
20110606,8.92,0
20110607,9.16,0
20110608,9.31,0
20110609,9.44,0
20110610,9.59,0
20110611,9.72,0
20110612,9.98,0
20110613,10.26,0
20110614,10.57,0
20110615,11.01,0
20110616,11.37,0
20110617,11.59,0
20110618,12.13,0
20110619,13.48,0
20110620,14.85,0
20110621,15.6,0
20110622,15.95,0
20110623,16.11,0
20110624,16.24,0
20110625,16.4,0
20110626,16.73,0
20110627,17.09,0
20110628,17.62,0
20110629,17.99,0
20110630,17.84,0
20110701,17.72,0
20110702,17.62,0
20110703,17.49,0
20110704,17.39,0
20110705,17.34,0
20110706,17.32,0
20110707,17.35,0
20110708,17.35,0
20110709,,0
20110710,,0
20110711,,0
20110712,,0
20110713,,0
20110714,,0
20110715,,0
20110716,17.66,0
20110717,17.76,0
20110718,17.66,0
20110719,17.3,0
20110720,17.33,0
20110721,17.23,0
20110722,17.24,0
20110723,17.23,0
20110724,17.23,0
20110725,17.24,0
20110726,17.41,0
20110727,17.39,0
20110728,17.29,0
20110729,17.23,0
20110730,17.12,0
20110731,17.01,0
20110801,16.97,0
20110802,16.99,0
20110803,17.18,0
20110804,17.45,0
20110805,17.73,0
20110806,18.16,0
20110807,18.37,0
20110808,18.57,0
20110809,18.69,0
20110810,18.85,0
20110811,18.87,0
20110812,18.87,0
20110813,18.86,0
20110814,19,0
20110815,19.02,0
20110816,18.87,0
20110817,18.72,0
20110818,18.75,0
20110819,18.96,0
20110820,18.93,0
20110821,18.9,0
20110822,19.13,0
20110823,19.08,0
20110824,19.01,0
20110825,18.88,0
20110826,18.77,0
20110827,18.67,0
20110828,18.75,0
20110829,18.77,0
20110830,18.88,0
20110831,19.21,0
20110901,19.22,0
20110902,18.23,0
20110903,18.83,0
20110904,19.08,0
20110905,18.92,0
20110906,19.43,0
20110907,19.52,0
20110908,19.52,0
20110909,19.52,0
20110910,19.52,0
20110911,19.52,0
20110912,19.52,0
20110913,19.43,0
20110914,19.2,0
20110915,19.03,0
20110916,18.93,0
20110917,19.03,0
20110918,18.98,0
20110919,18.83,0
20110920,18.72,0
20110921,18.59,0
20110922,18.44,0
20110923,18.35,0
20110924,18.24,0
20110925,18.12,0
20110926,18,0
20110927,17.85,0
20110928,17.69,0
20110929,17.54,0
20110930,17.39,0
20111001,17.23,0
20111002,17.06,0
20111003,16.89,0
20111004,16.72,0
20111005,16.54,0
20111006,16.36,0
20111007,16.17,0
20111008,15.99,0
20111009,15.8,0
20111010,15.63,0
20111011,15.49,0
20111012,15.38,0
20111013,15.25,0
20111014,15.16,0
20111015,15.19,0
20111016,15.22,0
20111017,15.14,0
20111018,15.03,0
20111019,14.91,0
20111020,14.79,0
20111021,14.65,0
20111022,14.55,0
20111023,14.43,0
20111024,14.4,0
20111025,14.52,0
20111026,14.56,0
20111027,14.6,0
20111028,14.54,0
20111029,14.44,0
20111030,14.31,0
20111031,14.28,0
20111101,14.22,0
20111102,14.1,0
20111103,14.06,0
20111104,14.11,0
20111105,14.21,0
20111106,14.26,0
20111107,14.52,0
20111108,14.63,0
20111109,14.51,0
20111110,14.37,0
20111111,14.22,0
20111112,14.06,0
20111113,13.89,0
20111114,13.73,0
20111115,13.56,0
20111116,13.38,0
20111117,13.19,0
20111118,13.01,0
20111119,12.85,0
20111120,12.69,0
20111121,12.53,0
20111122,12.37,0
20111123,12.19,0
20111124,12.02,0
20111125,11.87,0
20111126,11.76,0
20111127,11.68,0
20111128,11.61,0
20111129,11.59,0
20111130,11.57,0
20111201,11.64,0
20111202,11.67,0
20111203,11.72,0
20111204,11.76,0
20111205,11.73,0
20111206,11.73,0
20111207,11.72,0
20111208,11.73,0
20111209,11.74,0
20111210,11.75,0
20111211,11.76,0
20111212,11.73,0
20111213,11.73,0
20111214,11.74,0
20111215,11.75,0
20111216,11.75,0
20111217,11.76,0
20111218,11.78,0
20111219,11.82,0
20111220,11.85,0
20111221,11.88,0
20111222,12.37,0
20111223,11.94,0
20111224,11.97,0
20111225,12,0
20111226,12.03,0
20111227,12.06,0
20111228,12.09,0
20111229,12.12,0
20111230,12.15,0
20111231,12.17,0
20120101,11.71,0
20120102,,0
20120103,,0
20120104,,0
20120105,,0
20120106,,0
20120107,,0
20120108,,0
20120109,,0
20120110,,0
20120111,,0
20120112,,0
20120113,,0
20120114,,0
20120115,,0
20120116,,0
20120117,,0
20120118,,0
20120119,,0
20120120,,0
20120121,,0
20120122,,0
20120123,,0
20120124,,0
20120125,,0
20120126,,0
20120127,,0
20120128,,0
20120129,,0
20120130,,0
20120131,,0
20120201,,0
20120202,,0
20120203,,0
20120204,,0
20120205,,0
20120206,,0
20120207,,0
20120208,,0
20120209,,0
20120210,,0
20120211,,0
20120212,,0
20120213,,0
20120214,,0
20120215,,0
20120216,,0
20120217,,0
20120218,,0
20120219,,0
20120220,,0
20120221,,0
20120222,,0
20120223,,0
20120224,,0
20120225,,0
20120226,,0
20120227,,0
20120228,,0
20120229,,0
20120301,,0
20120302,,0
20120303,,0
20120304,,0
20120305,,0
20120306,,0
20120307,,0
20120308,,0
20120309,,0
20120310,,0
20120311,,0
20120312,,0
20120313,,0
20120314,,0
20120315,,0
20120316,,0
20120317,,0
20120318,,0
20120319,,0
20120320,,0
20120321,,0
20120322,,0
20120323,,0
20120324,,0
20120325,,0
20120326,,0
20120327,,0
20120328,,0
20120329,,0
20120330,,0
20120331,,0
20120401,,0
20120402,,0
20120403,,0
20120404,,0
20120405,,0
20120406,,0
20120407,,0
20120408,,0
20120409,,0
20120410,,0
20120411,,0
20120412,,0
20120413,,0
20120414,,0
20120415,,0
20120416,,0
20120417,,0
20120418,,0
20120419,,0
20120420,,0
20120421,,0
20120422,,0
20120423,,0
20120424,,0
20120425,,0
20120426,,0
20120427,,0
20120428,,0
20120429,,0
20120430,,0
20120501,,0
20120502,,0
20120503,,0
20120504,,0
20120505,,0
20120506,,0
20120507,,0
20120508,,0
20120509,,0
20120510,,0
20120511,,0
20120512,,0
20120513,,0
20120514,,0
20120515,,0
20120516,,0
20120517,,0
20120518,,0
20120519,,0
20120520,,0
20120521,,0
20120522,,0
20120523,,0
20120524,,0
20120525,,0
20120526,,0
20120527,,0
20120528,,0
20120529,,0
20120530,,0
20120531,6.3,0
20120601,6.22,0
20120602,6.15,0
20120603,6.08,0
20120604,6.01,0
20120605,5.94,0
20120606,5.87,0
20120607,5.79,0
20120608,5.79,0
20120609,5.64,0
20120610,5.59,0
20120611,5.53,0
20120612,5.47,0
20120613,5.4,0
20120614,,0
20120615,5.27,0
20120616,5.23,0
20120617,5.24,0
20120618,5.24,0
20120619,5.48,0
20120620,5.89,0
20120621,6.14,0
20120622,6.34,0
20120623,6.44,0
20120624,6.5,0
20120625,6.52,0
20120626,6.52,0
20120627,6.52,0
20120628,6.54,0
20120629,6.58,0
20120630,6.74,0
20120701,6.92,0
20120702,7.1,0
20120703,7.32,0
20120704,7.79,0
20120705,8.25,0
20120706,8.52,0
20120707,8.72,0
20120708,8.84,0
20120709,8.97,0
20120710,9.11,0
20120711,9.41,0
20120712,9.66,0
20120713,9.8,0
20120714,9.92,0
20120715,10.04,0
20120716,10.18,0
20120717,10.29,0
20120718,10.37,0
20120719,10.47,0
20120720,10.57,0
20120721,10.65,0
20120722,10.81,0
20120723,11.24,0
20120724,11.71,0
20120725,12.07,0
20120726,12.32,0
20120727,12.74,0
20120728,13.37,0
20120729,13.91,0
20120730,14.3,0
20120731,14.55,0
20120801,14.66,0
20120802,14.85,0
20120803,14.96,0
20120804,15.07,0
20120805,15.25,0
20120806,15.56,0
20120807,16.59,0
20120808,18.07,0
20120809,18.33,0
20120810,18.1,0
20120811,17.79,0
20120812,17.42,0
20120813,17.12,0
20120814,17.06,0
20120815,17.1,0
20120816,17.12,0
20120817,17.13,0
20120818,17.18,0
20120819,17.2,0
20120820,17.18,0
20120821,17.07,0
20120822,16.94,0
20120823,16.81,0
20120824,16.67,0
20120825,16.53,0
20120826,16.4,0
20120827,16.4,0
20120828,16.31,0
20120829,16.31,0
20120830,16.45,0
20120831,16.9,0
20120901,16.9,0
20120902,17.48,0
20120903,17.4,0
20120904,17.46,0
20120905,17.71,0
20120906,17.88,0
20120907,17.87,0
20120908,17.85,0
20120909,17.77,0
20120910,17.72,0
20120911,18.21,0
20120912,18.12,0
20120913,17.87,0
20120914,17.45,0
20120915,16.99,0
20120916,16.51,0
20120917,15.53,0
20120918,15,0
20120919,15,0
20120920,14.68,0
20120921,14.61,0
20120922,14.5,0
20120923,14.38,0
20120924,14.26,0
20120925,14.12,0
20120926,13.97,0
20120927,13.82,0
20120928,13.69,0
20120929,13.59,0
20120930,13.34,0
20121001,12.82,0
20121002,12.33,0
20121003,11.93,0
20121004,11.66,0
20121005,11.42,0
20121006,11.21,0
20121007,11.06,0
20121008,10.91,0
20121009,10.8,0
20121010,10.73,0
20121011,10.73,0
20121012,10.64,0
20121013,10.55,0
20121014,10.49,0
20121015,10.47,0
20121016,10.5,0
20121017,10.48,0
20121018,10.44,0
20121019,10.34,0
20121020,10.23,0
20121021,10.13,0
20121022,10.09,0
20121023,10.01,0
20121024,9.92,0
20121025,9.81,0
20121026,9.69,0
20121027,9.58,0
20121028,9.48,0
20121029,9.38,0
20121030,9.31,0
20121031,9.24,0
20121101,9.22,0
20121102,9.36,0
20121103,9.78,0
20121104,9.99,0
20121105,10.1,0
20121106,10.14,0
20121107,10.04,0
20121108,9.92,0
20121109,9.87,0
20121110,9.76,0
20121111,9.67,0
20121112,9.57,0
20121113,9.46,0
20121114,9.36,0
20121115,9.26,0
20121116,9.16,0
20121117,9.05,0
20121118,8.95,0
20121119,8.84,0
20121120,8.74,0
20121121,8.64,0
20121122,8.54,0
20121123,8.44,0
20121124,8.37,0
20121125,8.3,0
20121126,8.23,0
20121127,8.15,0
20121128,8.07,0
20121129,7.98,0
20121130,7.88,0
20121201,0,0
20121202,7.69,0
20121203,7.59,0
20121204,7.51,0
20121205,7.47,0
20121206,7.42,0
20121207,7.36,0
20121208,7.29,0
20121209,7.21,0
20121210,7.12,0
20121211,7.05,0
20121212,6.98,0
20121213,6.91,0
20121214,6.85,0
20121215,6.79,0
20121216,6.73,0
20121217,6.66,0
20121218,6.59,0
20121219,6.52,0
20121220,6.45,0
20121221,6.39,0
20121222,6.35,0
20121223,6.31,0
20121224,6.27,0
20121225,6.23,0
20121226,6.2,0
20121227,6.16,0
20121228,6.12,0
20121229,6.08,0
20121230,6.04,0
20121231,6.04,0
20130101,,0
20130102,,0
20130103,,0
20130104,,0
20130105,,0
20130106,,0
20130107,,0
20130108,,0
20130109,,0
20130110,,0
20130111,,0
20130112,,0
20130113,,0
20130114,,0
20130115,,0
20130116,,0
20130117,,0
20130118,,0
20130119,,0
20130120,,0
20130121,,0
20130122,5.52,0
20130123,5.48,0
20130124,5.44,0
20130125,5.41,0
20130126,5.37,0
20130127,5.34,0
20130128,5.3,0
20130129,5.27,0
20130130,5.23,0
20130131,5.19,0
20130201,5.15,0
20130202,5.1,0
20130203,5.08,0
20130204,5.04,0
20130205,,0
20130206,,0
20130207,,0
20130208,,0
20130209,,0
20130210,,0
20130211,,0
20130212,,0
20130213,,0
20130214,,0
20130215,,0
20130216,,0
20130217,,0
20130218,,0
20130219,,0
20130220,,0
20130221,,0
20130222,,0
20130223,,0
20130224,,0
20130225,,0
20130226,,0
20130227,,0
20130228,,0
20130301,,0
20130302,,0
20130303,,0
20130304,,0
20130305,,0
20130306,,0
20130307,,0
20130308,,0
20130309,,0
20130310,,0
20130311,,0
20130312,,0
20130313,,0
20130314,,0
20130315,,0
20130316,,0
20130317,,0
20130318,,0
20130319,,0
20130320,,0
20130321,,0
20130322,,0
20130323,,0
20130324,,0
20130325,,0
20130326,,0
20130327,,0
20130328,,0
20130329,,0
20130330,,0
20130331,,0
20130401,,0
20130402,,0
20130403,,0
20130404,,0
20130405,,0
20130406,,0
20130407,,0
20130408,,0
20130409,,0
20130410,,0
20130411,,0
20130412,,0
20130413,,0
20130414,,0
20130415,,0
20130416,,0
20130417,,0
20130418,,0
20130419,,0
20130420,,0
20130421,,0
20130422,,0
20130423,,0
20130424,,0
20130425,,0
20130426,,0
20130427,,0
20130428,,0
20130429,,0
20130430,,0
20130501,,0
20130502,,0
20130503,,0
20130504,,0
20130505,,0
20130506,,0
20130507,,0
20130508,,0
20130509,,0
20130510,,0
20130511,,0
20130512,,0
20130513,,0
20130514,,0
20130515,,0
20130516,,0
20130517,,0
20130518,,0
20130519,,0
20130520,,0
20130521,,0
20130522,,0
20130523,,0
20130524,,0
20130525,,0
20130526,,0
20130527,,0
20130528,,0
20130529,,0
20130530,,0
20130531,,0
20130601,,0
20130602,,0
20130603,,0
20130604,,0
20130605,,0
20130606,,0
20130607,,0
20130608,,0
20130609,,0
20130610,,0
20130611,4.05,0
20130612,4.25,0
20130613,4.56,0
20130614,4.78,0
20130615,5.27,0
20130616,6.03,0
20130617,7.28,0
20130618,5.21,0
20130619,9.95,0
20130620,10.79,0
20130621,11.9,0
20130622,12.81,0
20130623,13.46,0
20130624,14.28,0
20130625,15.37,0
20130626,6.52,0
20130627,17.05,0
20130628,16.72,0
20130629,16.2,0
20130630,16.59,0
20130701,16.85,0
20130702,17.01,0
20130703,17.42,0
20130704,18.84,0
20130705,18.21,0
20130706,18.35,0
20130707,18.81,0
20130708,17.94,0
20130709,17.27,0
20130710,17.09,0
20130711,17.22,0
20130712,17.39,0
20130713,17.31,0
20130714,17.15,0
20130715,17.05,0
20130716,17.06,0
20130717,17.15,0
20130718,17.05,0
20130719,17.15,0
20130720,17.22,0
20130721,17.05,0
20130722,17.52,0
20130723,18.21,0
20130724,18.75,0
20130725,18.83,0
20130726,18.3,0
20130727,17.78,0
20130728,17.74,0
20130729,17.74,0
20130730,17.68,0
20130731,17.78,0
20130801,18.02,0
20130802,18.2,0
20130803,17.98,0
20130804,17.82,0
20130805,17.7,0
20130806,17.7,0
20130807,17.79,0
20130808,17.81,0
20130809,17.91,0
20130810,18.07,0
20130811,18.1,0
20130812,18.1,0
20130813,18.09,0
20130814,17.98,0
20130815,17.87,0
20130816,17.7,0
20130817,17.68,0
20130818,17.69,0
20130819,17.65,0
20130820,17.57,0
20130821,17.45,0
20130822,17.44,0
20130823,17.42,0
20130824,17.39,0
20130825,17.32,0
20130826,17.28,0
20130827,17.12,0
20130828,17.05,0
20130829,16.99,0
20130830,16.89,0
20130831,16.82,0
20130901,16.76,0
20130902,16.73,0
20130903,16.78,0
20130904,16.75,0
20130905,16.73,0
20130906,16.66,0
20130907,16.59,0
20130908,16.55,0
20130909,16.53,0
20130910,16.57,0
20130911,16.54,0
20130912,16.49,0
20130913,16.48,0
20130914,16.64,0
20130915,16.75,0
20130916,16.85,0
20130917,16.99,0
20130918,17.19,0
20130919,17.62,0
20130920,18.04,0
20130921,18.7,0
20130922,19.24,0
20130923,19.26,0
20130924,19.26,0
20130925,19.26,0
20130926,19.26,0
20130927,19.24,0
20130928,19.16,0
20130929,19.08,0
20130930,19.01,0
20131001,18.95,0
20131002,18.88,0
20131003,18.79,0
20131004,18.69,0
20131005,18.56,0
20131006,18.43,0
20131007,18.32,0
20131008,18.19,0
20131009,18.11,0
20131010,18.02,0
20131011,17.9,0
20131012,17.76,0
20131013,17.64,0
20131014,17.51,0
20131015,17.38,0
20131016,17.23,0
20131017,17.21,0
20131018,17.36,0
20131019,17.36,0
20131020,17.39,0
20131021,17.54,0
20131022,17.58,0
20131023,17.66,0
20131024,17.69,0
20131025,17.77,0
20131026,17.85,0
20131027,,0
20131028,17.83,0
20131029,17.75,0
20131030,17.65,0
20131031,,0
20131101,17.41,0
20131102,17.26,0
20131103,17.1,0
20131104,16.93,0
20131105,16.75,0
20131106,16.56,0
20131107,16.36,0
20131108,16.17,0
20131109,19.52,0
20131110,15.81,0
20131111,15.64,0
20131112,15.47,0
20131113,15.29,0
20131114,15.11,0
20131115,14.94,0
20131116,14.76,0
20131117,14.59,0
20131118,14.43,0
20131119,14.31,0
20131120,14.33,0
20131121,14.32,0
20131122,14.25,0
20131123,14.15,0
20131124,14.03,0
20131125,14.01,0
20131126,14.04,0
20131127,14.05,0
20131128,14.01,0
20131129,13.97,0
20131130,13.99,0
20131201,0,0
20131202,14.03,0
20131203,14.05,0
20131204,14.08,0
20131205,14.11,0
20131206,14.11,0
20131207,14.11,0
20131208,14.11,0
20131209,14.11,0
20131210,14.11,0
20131211,14.11,0
20131212,14.11,0
20131213,14.09,0
20131214,14.09,0
20131215,14.1,0
20131216,14.11,0
20131217,14.14,0
20131218,14.17,0
20131219,14.21,0
20131220,14.22,0
20131221,14.23,0
20131222,14.25,0
20131223,14.26,0
20131224,14.28,0
20131225,14.3,0
20131226,14.31,0
20131227,14.33,0
20131228,14.35,0
20131229,14.36,0
20131230,14.38,0
20131231,14.4,0
20140101,14.42,0
20140102,14.44,0
20140103,14.47,0
20140104,14.47,0
20140105,14.49,0
20140106,14.51,0
20140107,14.52,0
20140108,14.54,0
20140109,14.57,0
20140110,14.57,0
20140111,14.59,0
20140112,14.6,0
20140113,14.61,0
20140114,14.62,0
20140115,14.63,0
20140116,14.64,0
20140117,14.66,0
20140118,14.67,0
20140119,14.68,0
20140120,14.69,0
20140121,14.7,0
20140122,14.7,0
20140123,14.71,0
20140124,14.71,0
20140125,14.72,0
20140126,14.73,0
20140127,14.73,0
20140128,14.74,0
20140129,14.74,0
20140130,14.74,0
20140131,14.74,0
20140201,14.74,0
20140202,14.74,0
20140203,14.74,0
20140204,14.74,0
20140205,14.74,0
20140206,14.74,0
20140207,14.74,0
20140208,14.74,0
20140209,14.74,0
20140210,14.75,0
20140211,14.75,0
20140212,14.75,0
20140213,14.75,0
20140214,14.75,0
20140215,14.64,0
20140216,14.74,0
20140217,14.74,0
20140218,14.73,0
20140219,14.72,0
20140220,14.71,0
20140221,14.71,0
20140222,14.7,0
20140223,14.66,0
20140224,14.6,0
20140225,14.55,0
20140226,14.49,0
20140227,14.44,0
20140228,14.37,0
20140301,14.3,0
20140302,14.22,0
20140303,14.14,0
20140304,14.06,0
20140305,13.98,0
20140306,13.89,0
20140307,13.81,0
20140308,13.72,0
20140309,13.64,0
20140310,13.55,0
20140311,13.46,0
20140312,13.38,0
20140313,13.29,0
20140314,13.21,0
20140315,13.12,0
20140316,13.04,0
20140317,12.95,0
20140318,12.86,0
20140319,12.77,0
20140320,,0
20140321,12.6,0
20140322,12.5,0
20140323,12.41,0
20140324,12.32,0
20140325,12.23,0
20140326,12.14,0
20140327,12.05,0
20140328,11.96,0
20140329,11.88,0
20140330,11.81,0
20140331,11.74,0
20140401,11.66,0
20140402,11.58,0
20140403,11.46,0
20140404,11.33,0
20140405,11.19,0
20140406,11.06,0
20140407,10.97,0
20140408,10.88,0
20140409,10.79,0
20140410,10.7,0
20140411,10.63,0
20140412,10.55,0
20140413,10.49,0
20140414,10.43,0
20140415,10.36,0
20140416,10.31,0
20140417,10.26,0
20140418,10.2,0
20140419,10.16,0
20140420,10.17,0
20140421,10.14,0
20140422,10.11,0
20140423,10.02,0
20140424,9.93,0
20140425,9.84,0
20140426,10.11,0
20140427,9.67,0
20140428,9.59,0
20140429,9.5,0
20140430,9.42,0
20140501,9.39,0
20140502,9.37,0
20140503,9.39,0
20140504,9.37,0
20140505,9.33,0
20140506,9.32,0
20140507,9.28,0
20140508,9.24,0
20140509,9.46,0
20140510,9.85,0
20140511,9.94,0
20140512,9.93,0
20140513,9.9,0
20140514,9.86,0
20140515,0,0
20140516,9.73,0
20140517,9.65,0
20140518,9.57,0
20140519,9.49,0
20140520,9.47,0
20140521,9.4,0
20140522,9.33,0
20140523,9.28,0
20140524,9.19,0
20140525,9.12,0
20140526,9.04,0
20140527,8.95,0
20140528,8.87,0
20140529,8.82,0
20140530,8.85,0
20140531,8.82,0
20140601,8.8,0
20140602,8.75,0
20140603,8.74,0
20140604,8.73,0
20140605,8.72,0
20140606,8.68,0
20140607,8.61,0
20140608,8.56,0
20140609,8.48,0
20140610,8.42,0
20140611,8.39,0
20140612,8.37,0
20140613,8.35,0
20140614,8.34,0
20140615,8.33,0
20140616,8.3,0
20140617,8.28,0
20140618,8.25,0
20140619,8.38,0
20140620,9.21,0
20140621,10.38,0
20140622,11.44,0
20140623,12.29,0
20140624,12.64,0
20140625,12.62,0
20140626,12.6,0
20140627,12.45,0
20140628,11.97,0
20140629,11.59,0
20140630,11.51,0
20140701,11.46,0
20140702,11.43,0
20140703,11.44,0
20140704,11.41,0
20140705,11.35,0
20140706,11.32,0
20140707,11.33,0
20140708,11.34,0
20140709,11.34,0
20140710,11.41,0
20140711,11.79,0
20140712,12.28,0
20140713,12.86,0
20140714,14.17,0
20140715,15.62,0
20140716,16.64,0
20140717,17.42,0
20140718,17.63,0
20140719,18.05,0
20140720,18.87,0
20140721,18.62,0
20140722,18.04,0
20140723,17.82,0
20140724,17.78,0
20140725,17.66,0
20140726,17.27,0
20140727,16.57,0
20140728,16.82,0
20140729,17.02,0
20140730,16.98,0
20140731,17.02,0
20140801,17.52,0
20140802,17.7,0
20140803,17.72,0
20140804,17.76,0
20140805,18.07,0
20140806,18.35,0
20140807,18.33,0
20140808,18.02,0
20140809,17.91,0
20140810,18.1,0
20140811,18.17,0
20140812,18.23,0
20140813,18.3,0
20140814,18.33,0
20140815,18.1,0
20140816,17.32,0
20140817,17.38,0
20140818,17.47,0
20140819,17.64,0
20140820,17.78,0
20140821,17.84,0
20140822,17.96,0
20140823,18.3,0
20140824,18.62,0
20140825,18.68,0
20140826,18.65,0
20140827,18.57,0
20140828,18.49,0
20140829,18.55,0
20140830,18.59,0
20140831,19.07,0
20140901,19.48,0
20140902,19.35,0
20140903,19.5,0
20140904,19.46,0
20140905,19.19,0
20140906,18.8,0
20140907,18.98,0
20140908,19.43,0
20140909,19.49,0
20140910,19.52,0
20140911,19.49,0
20140912,19.46,0
20140913,19.52,0
20140914,19.52,0
20140915,19.52,0
20140916,19.51,0
20140917,19.52,0
20140918,19.43,0
20140919,19.34,0
20140920,19.26,0
20140921,19.2,0
20140922,19.09,0
20140923,19.12,0
20140924,19.39,0
20140925,19.52,0
20140926,19.52,0
20140927,19.5,0
20140928,19.41,0
20140929,19.41,0
20140930,19.43,0
20141001,19.41,0
20141002,19.41,0
20141003,19.41,0
20141004,19.28,0
20141005,19.32,0
20141006,19.13,0
20141007,19.23,0
20141008,18.91,0
20141009,18.85,0
20141010,18.79,0
20141011,18.7,0
20141012,18.72,0
20141013,18.7,0
20141014,18.65,0
20141015,18.54,0
20141016,18.45,0
20141017,18.38,0
20141018,18.32,0
20141019,18.3,0
20141020,18.27,0
20141021,18.24,0
20141022,18.17,0
20141023,18.07,0
20141024,18.01,0
20141025,18.07,0
20141026,18.24,0
20141027,18.35,0
20141028,18.38,0
20141029,18.4,0
20141030,18.42,0
20141031,18.33,0
20141101,18.23,0
20141102,18.1,0
20141103,17.97,0
20141104,17.84,0
20141105,17.69,0
20141106,17.54,0
20141107,17.39,0
20141108,17.22,0
20141109,17.07,0
20141110,16.91,0
20141111,16.75,0
20141112,16.58,0
20141113,16.47,0
20141114,16.32,0
20141115,16.21,0
20141116,16.1,0
20141117,15.95,0
20141118,15.79,0
20141119,15.61,0
20141120,15.44,0
20141121,15.27,0
20141122,15.1,0
20141123,14.95,0
20141124,14.81,0
20141125,14.67,0
20141126,14.5,0
20141127,14.33,0
20141128,14.18,0
20141129,14.02,0
20141130,13.87,0
20141201,13.73,0
20141202,13.73,0
20141203,13.44,0
20141204,13.29,0
20141205,13.16,0
20141206,13.04,0
20141207,12.94,0
20141208,12.85,0
20141209,12.76,0
20141210,12.76,0
20141211,12.75,0
20141212,12.94,0
20141213,13.02,0
20141214,13.26,0
20141215,13.52,0
20141216,13.84,0
20141217,14.07,0
20141218,14.25,0
20141219,14.36,0
20141220,14.44,0
20141221,14.5,0
20141222,14.53,0
20141223,14.55,0
20141224,14.56,0
20141225,14.58,0
20141226,14.6,0
20141227,14.62,0
20141228,14.63,0
20141229,14.65,0
20141230,14.67,0
20141231,14.67,0
20150101,13.73,0
20150102,14.73,0
20150103,14.75,0
20150104,14.77,0
20150105,14.78,0
20150106,14.81,0
20150107,14.83,0
20150108,14.84,0
20150109,14.87,0
20150110,14.89,0
20150111,14.91,0
20150112,14.92,0
20150113,14.94,0
20150114,14.95,0
20150115,14.97,0
20150116,14.99,0
20150117,15,0
20150118,15.01,0
20150119,15.03,0
20150120,15.04,0
20150121,15.05,0
20150122,15.07,0
20150123,15.08,0
20150124,15.08,0
20150125,15.11,0
20150126,15.12,0
20150127,15.14,0
20150128,15.15,0
20150129,15.16,0
20150130,15.17,0
20150131,15.17,0
20150201,15.18,0
20150202,15.19,0
20150203,15.2,0
20150204,15.2,0
20150205,15.2,0
20150206,15.2,0
20150207,15.21,0
20150208,15.21,0
20150209,15.21,0
20150210,15.21,0
20150211,15.21,0
20150212,15.21,0
20150213,15.21,0
20150214,15.21,0
20150215,15.21,0
20150216,15.21,0
20150217,15.16,0
20150218,15.1,0
20150219,15.05,0
20150220,15.05,0
20150221,15.05,0
20150222,15.03,0
20150223,15,0
20150224,14.95,0
20150225,14.84,0
20150226,14.7,0
20150227,14.57,0
20150228,14.48,0
20150301,14.41,0
20150302,14.32,0
20150303,14.24,0
20150304,14.19,0
20150305,14.11,0
20150306,14.03,0
20150307,13.97,0
20150308,13.96,0
20150309,13.95,0
20150310,13.94,0
20150311,13.87,0
20150312,13.78,0
20150313,13.7,0
20150314,13.61,0
20150315,13.53,0
20150316,13.45,0
20150317,13.43,0
20150318,13.4,0
20150319,13.38,0
20150320,13.35,0
20150321,13.32,0
20150322,13.3,0
20150323,13.27,0
20150324,13.24,0
20150325,13.22,0
20150326,13.19,0
20150327,13.14,0
20150328,13.08,0
20150329,13.01,0
20150330,12.93,0
20150331,12.84,0
20150401,12.74,0
20150402,12.65,0
20150403,12.55,0
20150404,12.46,0
20150405,12.37,0
20150406,12.29,0
20150407,12.22,0
20150408,12.15,0
20150409,12.09,0
20150410,12.07,0
20150411,12.08,0
20150412,12.1,0
20150413,12.12,0
20150414,12.12,0
20150415,12.11,0
20150416,12.09,0
20150417,12.06,0
20150418,12.03,0
20150419,11.96,0
20150420,11.86,0
20150421,11.77,0
20150422,11.67,0
20150423,11.54,0
20150424,11.49,0
20150425,11.44,0
20150426,11.41,0
20150427,11.36,0
20150428,11.31,0
20150429,11.26,0
20150430,11.23,0
20150501,11.19,0
20150502,11.1,0
20150503,11.01,0
20150504,10.92,0
20150505,10.82,0
20150506,10.73,0
20150507,10.64,0
20150508,10.64,0
20150509,10.57,0
20150510,10.48,0
20150511,10.38,0
20150512,10.38,0
20150513,10.31,0
20150514,10.39,0
20150515,10.51,0
20150516,10.53,0
20150517,10.59,0
20150518,10.72,0
20150519,10.78,0
20150520,10.77,0
20150521,10.69,0
20150522,10.6,0
20150523,10.5,0
20150524,10.39,0
20150525,10.29,0
20150526,10.19,0
20150527,10.09,0
20150528,10.08,0
20150529,10.07,0
20150530,10.07,0
20150531,10.06,0
20150601,9.99,0
20150602,9.9,0
20150603,9.8,0
20150604,9.71,0
20150605,9.64,0
20150606,9.55,0
20150607,9.45,0
20150608,9.36,0
20150609,9.31,0
20150610,9.28,0
20150611,9.25,0
20150612,9.2,0
20150613,9.16,0
20150614,9.12,0
20150615,9.09,0
20150616,9.08,0
20150617,9.06,0
20150618,9.17,0
20150619,9.26,0
20150620,9.39,0
20150621,10.02,0
20150622,11.11,0
20150623,12.39,0
20150624,13.74,0
20150625,14.88,0
20150626,16.09,0
20150627,17.25,0
20150628,18.69,0
20150629,19.52,0
20150630,19.06,0
20150701,19,0
20150702,18.93,0
20150703,18.84,0
20150704,18.79,0
20150705,18.73,0
20150706,18.7,0
20150707,18.67,0
20150708,18.62,0
20150709,18.67,0
20150710,18.73,0
20150711,18.65,0
20150712,18.77,0
20150713,18.8,0
20150714,18.76,0
20150715,18.71,0
20150716,18.72,0
20150717,18.75,0
20150718,18.91,0
20150719,19.04,0
20150720,18.89,0
20150721,18.59,0
20150722,18.62,0
20150723,18.84,0
20150724,19.11,0
20150725,19.21,0
20150726,19.19,0
20150727,19.08,0
20150728,18.96,0
20150729,18.75,0
20150730,18.56,0
20150731,18.35,0
20150801,18.16,0
20150802,17.94,0
20150803,17.81,0
20150804,17.71,0
20150805,17.64,0
20150806,17.64,0
20150807,17.64,0
20150808,17.56,0
20150809,17.61,0
20150810,17.66,0
20150811,17.6,0
20150812,17.6,0
20150813,17.83,0
20150814,17.87,0
20150815,17.79,0
20150816,17.72,0
20150817,17.64,0
20150818,17.51,0
20150819,17.47,0
20150820,17.36,0
20150821,17.12,0
20150822,16.91,0
20150823,16.71,0
20150824,16.53,0
20150825,16.25,0
20150826,16.03,0
20150827,15.88,0
20150828,15.73,0
20150829,15.54,0
20150830,15.35,0
20150831,15.2,0
20150901,15.06,0
20150902,14.94,0
20150903,14.82,0
20150904,14.69,0
20150905,14.58,0
20150906,14.51,0
20150907,14.55,0
20150908,14.55,0
20150909,14.9,0
20150910,15.04,0
20150911,15.12,0
20150912,15.16,0
20150913,15.17,0
20150914,15.16,0
20150915,15.06,0
20150916,14.94,0
20150917,14.91,0
20150918,14.85,0
20150919,14.67,0
20150920,14.41,0
20150921,14.08,0
20150922,13.74,0
20150923,13.36,0
20150924,13.08,0
20150925,12.76,0
20150926,12.52,0
20150927,12.29,0
20150928,12.03,0
20150929,12.31,0
20150930,12.43,0
20151001,12.43,0
20151002,12.44,0
20151003,12.39,0
20151004,12.3,0
20151005,12.19,0
20151006,12.17,0
20151007,12.33,0
20151008,12.48,0
20151009,12.63,0
20151010,12.81,0
20151011,12.92,0
20151012,12.95,0
20151013,12.91,0
20151014,12.84,0
20151015,12.85,0
20151016,12.82,0
20151017,12.79,0
20151018,12.75,0
20151019,12.7,0
20151020,12.61,0
20151021,12.51,0
20151022,12.41,0
20151023,12.29,0
20151024,12.18,0
20151025,12.06,0
20151026,11.93,0
20151027,11.81,0
20151028,11.68,0
20151029,11.55,0
20151030,11.44,0
20151031,11.33,0
20151101,11.22,0
20151102,11.1,0
20151103,11.05,0
20151104,11.01,0
20151105,11.07,0
20151106,11.18,0
20151107,11.24,0
20151108,11.27,0
20151109,11.28,0
20151110,11.29,0
20151111,11.31,0
20151112,11.32,0
20151113,11.35,0
20151114,11.47,0
20151115,11.55,0
20151116,11.55,0
20151117,11.49,0
20151118,11.39,0
20151119,11.29,0
20151120,11.24,0
20151121,11.28,0
20151122,11.3,0
20151123,11.29,0
20151124,11.29,0
20151125,11.24,0
20151126,11.19,0
20151127,11.13,0
20151128,11,0
20151129,10.84,0
20151130,10.7,0
20151201,10.58,0
20151202,10.46,0
20151203,10.36,0
20151204,10.23,0
20151205,10.13,0
20151206,10.07,0
20151207,10.01,0
20151208,9.95,0
20151209,9.9,0
20151210,9.9,0
20151211,9.88,0
20151212,9.82,0
20151213,9.76,0
20151214,9.73,0
20151215,9.71,0
20151216,9.69,0
20151217,9.67,0
20151218,9.65,0
20151219,9.63,0
20151220,9.6,0
20151221,9.56,0
20151222,9.53,0
20151223,9.49,0
20151224,9.46,0
20151225,9.42,0
20151226,9.44,0
20151227,9.47,0
20151228,9.48,0
20151229,9.5,0
20151230,9.52,0
20151231,9.53,0
20160101,9.55,0
20160102,9.56,0
20160103,9.56,0
20160104,9.57,0
20160105,9.58,0
20160106,9.59,0
20160107,9.6,0
20160108,9.61,0
20160109,9.62,0
20160110,9.6,0
20160111,9.58,0
20160112,9.56,0
20160113,9.53,0
20160114,9.5,0
20160115,9.48,0
20160116,9.49,0
20160117,9.5,0
20160118,9.52,0
20160119,9.53,0
20160120,9.54,0
20160121,9.55,0
20160122,9.56,0
20160123,9.57,0
20160124,9.58,0
20160125,9.59,0
20160126,9.6,0
20160127,9.61,0
20160128,9.62,0
20160129,9.64,0
20160130,9.62,0
20160131,9.59,0
20160201,9.56,0
20160202,9.53,0
20160203,9.5,0
20160204,9.47,0
20160205,9.43,0
20160206,9.42,0
20160207,9.41,0
20160208,9.4,0
20160209,9.39,0
20160210,9.38,0
20160211,9.37,0
20160212,9.36,0
20160213,9.34,0
20160214,9.33,0
20160215,9.32,0
20160216,9.3,0
20160217,9.29,0
20160218,9.28,0
20160219,9.24,0
20160220,9.24,0
20160221,9.12,0
20160222,9.12,0
20160223,8.95,0
20160224,8.83,0
20160225,8.71,0
20160226,8.6,0
20160227,8.51,0
20160228,8.43,0
20160229,8.35,0
20160301,8.27,0
20160302,8.18,0
20160303,8.1,0
20160304,8.01,0
20160305,7.92,0
20160306,7.84,0
20160307,7.75,0
20160308,7.67,0
20160309,7.6,0
20160310,7.55,0
20160311,7.5,0
20160312,7.44,0
20160313,7.39,0
20160314,7.34,0
20160315,7.28,0
20160316,7.23,0
20160317,7.18,0
20160318,7.13,0
20160319,7.08,0
20160320,7.03,0
20160321,6.98,0
20160322,6.92,0
20160323,6.87,0
20160324,6.82,0
20160325,6.76,0
20160326,6.71,0
20160327,6.66,0
20160328,6.6,0
20160329,6.55,0
20160330,6.5,0
20160331,6.45,0
20160401,6.41,0
20160402,6.36,0
20160403,6.3,0
20160404,6.25,0
20160405,6.19,0
20160406,6.12,0
20160407,6.04,0
20160408,5.98,0
20160409,5.95,0
20160410,5.85,0
20160411,5.72,0
20160412,5.62,0
20160413,5.53,0
20160414,5.44,0
20160415,5.36,0
20160416,5.28,0
20160417,5.21,0
20160418,5.13,0
20160419,5.06,0
20160420,4.99,0
20160421,4.92,0
20160422,4.85,0
20160423,4.78,0
20160424,4.71,0
20160425,4.64,0
20160426,4.56,0
20160427,4.49,0
20160428,4.41,0
20160429,4.33,0
20160430,4.25,0
20160501,4.16,0
20160502,4.08,0
20160503,4,0
20160504,3.92,0
20160505,3.92,0
20160506,3.77,0
20160507,3.69,0
20160508,3.67,0
20160509,3.66,0
20160510,3.64,0
20160511,3.6,0
20160512,3.56,0
20160513,3.5,0
20160514,3.42,0
20160515,3.34,0
20160516,3.26,0
20160517,3.18,0
20160518,3.1,0
20160519,3.01,0
20160520,2.93,0
20160521,2.85,0
20160522,2.8,0
20160523,2.76,0
20160524,2.72,0
20160525,2.68,0
20160526,2.64,0
20160527,2.63,0
20160528,2.61,0
20160529,2.59,0
20160530,2.55,0
20160531,2.52,0
20160601,2.47,0
20160602,2.44,0
20160603,2.4,0
20160604,2.37,0
20160605,2.34,0
20160606,2.33,0
20160607,2.32,0
20160608,2.31,0
20160609,2.3,0
20160610,2.3,0
20160611,2.29,0
20160612,2.29,0
20160613,2.29,0
20160614,2.31,0
20160615,2.34,0
20160616,2.35,0
20160617,2.37,0
20160618,2.4,0
20160619,2.49,0
20160620,2.58,0
20160621,2.66,0
20160622,2.74,0
20160623,2.83,0
20160624,2.91,0
20160625,2.99,0
20160626,3.13,0
20160627,3.26,0
20160628,3.44,0
20160629,4.66,0
20160630,6,0
20160701,7.21,0
20160702,7.92,0
20160703,8.11,0
20160704,8.23,0
20160705,8.45,0
20160706,8.81,0
20160707,9.17,0
20160708,9.56,0
20160709,9.89,0
20160710,10.09,0
20160711,10.34,0
20160712,10.97,0
20160713,11.36,0
20160714,11.67,0
20160715,11.87,0
20160716,12.01,0
20160717,12.28,0
20160718,12.37,0
20160719,12.53,0
20160720,12.58,0
20160721,12.67,0
20160722,12.83,0
20160723,13.07,0
20160724,13.37,0
20160725,13.63,0
20160726,13.76,0
20160727,13.84,0
20160728,13.84,0
20160729,13.86,0
20160730,13.96,0
20160731,14.06,0
20160801,14.18,0
20160802,14.21,0
20160803,14.26,0
20160804,14.26,0
20160805,14.24,0
20160806,14.3,0
20160807,14.51,0
20160808,14.58,0
20160809,14.67,0
20160810,14.74,0
20160811,14.73,0
20160812,14.64,0
20160813,14.59,0
20160814,14.54,0
20160815,14.68,0
20160816,14.74,0
20160817,14.81,0
20160818,15.04,0
20160819,15.48,0
20160820,15.69,0
20160821,15.69,0
20160822,15.57,0
20160823,15.4,0
20160824,15.31,0
20160825,15.22,0
20160826,15.09,0
20160827,14.97,0
20160828,14.81,0
20160829,14.68,0
20160830,14.61,0
20160831,14.56,0
20160901,14.63,0
20160902,14.68,0
20160903,14.73,0
20160904,14.79,0
20160905,14.81,0
20160906,14.81,0
20160907,14.75,0
20160908,14.46,0
20160909,14.03,0
20160910,13.62,0
20160911,13.27,0
20160912,12.93,0
20160913,12.61,0
20160914,12.3,0
20160915,12.06,0
20160916,11.81,0
20160917,11.6,0
20160918,11.49,0
20160919,11.44,0
20160920,11.42,0
20160921,11.47,0
20160922,11.55,0
20160923,11.62,0
20160924,11.71,0
20160925,11.8,0
20160926,11.88,0
20160927,11.96,0
20160928,12.08,0
20160929,12.18,0
20160930,12.31,0
20161001,12.39,0
20161002,12.45,0
20161003,12.49,0
20161004,12.4,0
20161005,12.12,0
20161006,11.83,0
20161007,11.54,0
20161008,11.25,0
20161009,10.91,0
20161010,10.53,0
20161011,10.37,0
20161012,10.34,0
20161013,10.36,0
20161014,10.37,0
20161015,10.44,0
20161016,10.48,0
20161017,10.49,0
20161018,10.5,0
20161019,10.52,0
20161020,10.54,0
20161021,10.54,0
20161022,10.55,0
20161023,10.56,0
20161024,10.49,0
20161025,10.32,0
20161026,10.15,0
20161027,9.98,0
20161028,9.82,0
20161029,9.66,0
20161030,9.57,0
20161031,9.57,0
20161101,9.58,0
20161102,9.63,0
20161103,9.68,0
20161104,9.71,0
20161105,9.73,0
20161106,9.73,0
20161107,9.76,0
20161108,9.74,0
20161109,9.72,0
20161110,9.64,0
20161111,9.48,0
20161112,9.33,0
20161113,9.16,0
20161114,9,0
20161115,8.92,0
20161116,8.91,0
20161117,8.91,0
20161118,8.91,0
20161119,8.91,0
20161120,8.9,0
20161121,8.89,0
20161122,8.88,0
20161123,8.85,0
20161124,8.82,0
20161125,8.8,0
20161126,8.75,0
20161127,8.69,0
20161128,8.66,0
20161129,8.63,0
20161130,8.6,0
20161201,8.57,0
20161202,8.55,0
20161203,8.54,0
20161204,8.52,0
20161205,8.51,0
20161206,8.48,0
20161207,8.45,0
20161208,8.42,0
20161209,8.38,0
20161210,8.34,0
20161211,8.3,0
20161212,8.26,0
20161213,8.22,0
20161214,8.18,0
20161215,8.15,0
20161216,8.12,0
20161217,8.08,0
20161218,8.05,0
20161219,8.02,0
20161220,7.99,0
20161221,7.95,0
20161222,7.92,0
20161223,7.88,0
20161224,7.85,0
20161225,7.82,0
20161226,7.79,0
20161227,7.75,0
20161228,7.72,0
20161229,7.69,0
20161230,7.65,0
20161231,7.61,0
20170101,7.58,0
20170102,7.54,0
20170103,7.51,0
20170104,7.47,0
20170105,7.43,0
20170106,7.4,0
20170107,7.36,0
20170108,7.32,0
20170109,7.29,0
20170110,7.25,0
20170111,7.21,0
20170112,7.17,0
20170113,7.13,0
20170114,7.09,0
20170115,7.06,0
20170116,7.02,0
20170117,6.98,0
20170118,6.94,0
20170119,6.9,0
20170120,6.86,0
20170121,6.82,0
20170122,6.78,0
20170123,6.74,0
20170124,6.74,0
20170125,6.7,0
20170126,6.66,0
20170127,6.62,0
20170128,6.59,0
20170129,6.55,0
20170130,6.51,0
20170131,6.47,0
20170201,6.43,0
20170202,6.39,0
20170203,6.35,0
20170204,6.3,0
20170205,6.23,0
20170206,6.18,0
20170207,6.12,0
20170208,6.06,0
20170209,6.01,0
20170210,5.95,0
20170211,5.89,0
20170212,5.83,0
20170213,5.79,0
20170214,5.75,0
20170215,5.7,0
20170216,5.66,0
20170217,5.62,0
20170218,5.56,0
20170219,5.5,0
20170220,5.44,0
20170221,5.38,0
20170222,5.32,0
20170223,5.26,0
20170224,5.19,0
20170225,5.13,0
20170226,5.07,0
20170227,5.01,0
20170228,4.94,0
20170301,4.87,0
20170302,4.8,0
20170303,4.73,0
20170304,4.66,0
20170305,4.59,0
20170306,4.52,0
20170307,4.52,0
20170308,4.49,0
20170309,4.47,0
20170310,4.47,0
20170311,4.45,0
20170312,4.45,0
20170313,4.43,0
20170314,4.43,0
20170315,4.42,0
20170316,4.41,0
20170317,4.4,0
20170318,4.39,0
20170319,4.38,0
20170320,4.37,0
20170321,4.36,0
20170322,4.35,0
20170323,4.34,0
20170324,4.33,0
20170325,4.32,0
20170326,4.31,0
20170327,4.3,0
20170328,4.29,0
20170329,4.28,0
20170330,4.27,0
20170331,4.26,0
20170401,4.25,0
20170402,4.24,0
20170403,4.23,0
20170404,4.22,0
20170405,4.21,0
20170406,4.19,0
20170407,4.18,0
20170408,4.17,0
20170409,4.18,0
20170410,4.15,0
20170411,4.14,0
20170412,4.14,0
20170413,4.11,0
20170414,4.1,0
20170415,4.09,0
20170416,4.08,0
20170417,4.06,0
20170418,4.05,0
20170419,4.04,0
20170420,4.03,0
20170421,4.02,0
20170422,4.01,0
20170423,4,0
20170424,4,0
20170425,3.99,0
20170426,3.98,0
20170427,3.98,0
20170428,3.97,0
20170429,3.96,0
20170430,3.96,0
20170501,3.95,0
20170502,3.95,0
20170503,3.94,0
20170504,3.93,0
20170505,3.92,0
20170506,3.91,0
20170507,3.9,0
20170508,3.89,0
20170509,3.88,0
20170510,3.87,0
20170511,3.85,0
20170512,3.85,0
20170513,3.83,0
20170514,3.82,0
20170515,3.81,0
20170516,3.8,0
20170517,3.79,0
20170518,3.78,0
20170519,3.77,0
20170520,3.76,0
20170521,3.75,0
20170522,3.74,0
20170523,3.73,0
20170524,3.72,0
20170525,3.71,0
20170526,3.71,0
20170527,3.7,0
20170528,3.69,0
20170529,3.68,0
20170530,3.67,0
20170531,3.67,0
20170601,3.66,0
20170602,3.66,0
20170603,3.65,0
20170604,3.65,0
20170605,3.64,0
20170606,3.64,0
20170607,3.63,0
20170608,3.62,0
20170609,3.62,0
20170610,3.62,0
20170611,3.62,0
20170612,3.64,0
20170613,3.77,0
20170614,3.87,0
20170615,3.92,0
20170616,3.95,0
20170617,3.98,0
20170618,4.01,0
20170619,4.04,0
20170620,4.08,0
20170621,4.11,0
20170622,4.15,0
20170623,4.15,0
20170624,4.28,0
20170625,4.42,0
20170626,4.57,0
20170627,4.94,0
20170628,6.08,0
20170629,6.87,0
20170630,7.43,0
20170701,7.67,0
20170702,8,0
20170703,8,0
20170704,8,0
20170705,8,0
20170706,8,0
20170707,9,0
20170708,9,0
20170709,8.76,0
20170710,8.8,0
20170711,8.83,0
20170712,8.85,0
20170713,8.93,0
20170714,9,0
20170715,9.16,0
20170716,9.32,0
20170717,9.52,0
20170718,9.8,0
20170719,10.24,0
20170720,11.22,0
20170721,12.55,0
20170722,13.39,0
20170723,13.72,0
20170724,13.77,0
20170725,13.72,0
20170726,13.59,0
20170727,13.42,0
20170728,13.22,0
20170729,13.07,0
20170730,12.92,0
20170731,12.69,0
20170801,12.44,0
20170802,12.18,0
20170803,11.88,0
20170804,11.63,0
20170805,11.49,0
20170806,11.57,0
20170807,11.81,0
20170808,11.97,0
20170809,11.93,0
20170810,11.87,0
20170811,11.71,0
20170812,11.47,0
20170813,11.2,0
20170814,10.92,0
20170815,10.71,0
20170816,10.58,0
20170817,10.5,0
20170818,10.38,0
20170819,10.27,0
20170820,10.28,0
20170821,10.59,0
20170822,10.93,0
20170823,11.32,0
20170824,11.6,0
20170825,11.72,0
20170826,11.76,0
20170827,11.82,0
20170828,12.17,0
20170829,12.81,0
20170830,13.9,0
20170831,14.66,0
20170901,15.06,0
20170902,15.09,0
20170903,15.13,0
20170904,15.34,0
20170905,15.51,0
20170906,15.85,0
20170907,16.06,0
20170908,16.16,0
20170909,16.24,0
20170910,16.39,0
20170911,16.44,0
20170912,16.46,0
20170913,16.45,0
20170914,16.42,0
20170915,16.45,0
20170916,16.49,0
20170917,16.73,0
20170918,17.58,0
20170919,18.52,0
20170920,18.95,0
20170921,19.52,0
20170922,19.46,0
20170923,19.2,0
20170924,18.83,0
20170925,18.62,0
20170926,18.5,0
20170927,18.35,0
20170928,18.24,0
20170929,18.13,0
20170930,17.95,0
20171001,17.8,0
20171002,17.72,0
20171003,17.69,0
20171004,17.61,0
20171005,17.52,0
20171006,17.42,0
20171007,17.45,0
20171008,17.44,0
20171009,17.39,0
20171010,17.36,0
20171011,17.31,0
20171012,17.5,0
20171013,17.66,0
20171014,17.8,0
20171015,17.96,0
20171016,18.07,0
20171017,18.17,0
20171018,18.17,0
20171019,18.35,0
20171020,18.4,0
20171021,18.43,0
20171022,18.45,0
20171023,18.45,0
20171024,18.44,0
20171025,18.4,0
20171026,18.33,0
20171027,18.27,0
20171028,18.18,0
20171029,18.27,0
20171030,18.24,0
20171031,18.19,0
20171101,18.09,0
20171102,18,0
20171103,17.9,0
20171104,17.81,0
20171105,17.7,0
20171106,17.6,0
20171107,17.54,0
20171108,17.54,0
20171109,17.55,0
20171110,17.54,0
20171111,17.54,0
20171112,17.52,0
20171113,17.51,0
20171114,17.48,0
20171115,17.45,0
20171116,17.42,0
20171117,17.39,0
20171118,17.35,0
20171119,17.32,0
20171120,17.29,0
20171121,17.23,0
20171122,17.15,0
20171123,17.04,0
20171124,16.91,0
20171125,16.78,0
20171126,16.64,0
20171127,16.5,0
20171128,16.34,0
20171129,16.18,0
20171130,16.02,0
20171201,15.86,0
20171202,15.75,0
20171203,15.66,0
20171204,15.61,0
20171205,15.58,0
20171206,15.55,0
20171207,15.51,0
20171208,15.48,0
20171209,15.44,0
20171210,15.4,0
20171211,15.36,0
20171212,15.32,0
20171213,15.28,0
20171214,15.25,0
20171215,15.21,0
20171216,15.17,0
20171217,15.12,0
20171218,15.08,0
20171219,14.98,0
20171220,14.98,0
20171221,14.73,0
20171222,14.6,0
20171223,14.48,0
20171224,14.35,0
20171225,14.23,0
20171226,14.14,0
20171227,14.08,0
20171228,14.04,0
20171229,14,0
20171230,13.96,0
20171231,13.92,0
20180101,13.88,0
20180102,13.84,0
20180103,13.81,0
20180104,13.77,0
20180105,13.73,0
20180106,13.71,0
20180107,13.69,0
20180108,13.67,0
20180109,13.65,0
20180110,13.62,0
20180111,13.6,0
20180112,13.58,0
20180113,13.56,0
20180114,13.54,0
20180115,13.52,0
20180116,13.5,0
20180117,13.47,0
20180118,13.45,0
20180119,13.43,0
20180120,13.41,0
20180121,13.39,0
20180122,13.37,0
20180123,13.35,0
20180124,13.33,0
20180125,13.3,0
20180126,13.28,0
20180127,13.26,0
20180128,13.23,0
20180129,13.2,0
20180130,13.17,0
20180131,13.13,0
20180201,13.1,0
20180202,13.06,0
20180203,13.01,0
20180204,12.96,0
20180205,12.92,0
20180206,12.92,0
20180207,12.64,0
20180208,12.46,0
20180209,12.28,0
20180210,12.1,0
20180211,11.92,0
20180212,11.74,0
20180213,11.56,0
20180214,11.38,0
20180215,11.2,0
20180216,11.02,0
20180217,10.85,0
20180218,10.74,0
20180219,10.7,0
20180220,10.63,0
20180221,10.56,0
20180222,10.47,0
20180223,10.4,0
20180224,10.34,0
20180225,10.28,0
20180226,10.21,0
20180227,10.15,0
20180228,10.08,0
20180301,10.01,0
20180302,9.95,0
20180303,9.88,0
20180304,9.82,0
20180305,9.76,0
20180306,9.61,0
20180307,9.44,0
20180308,9.27,0
20180309,9.1,0
20180310,8.93,0
20180311,8.76,0
20180312,8.59,0
20180313,8.42,0
20180314,8.28,0
20180315,8.26,0
20180316,8.3,0
20180317,8.34,0
20180318,8.36,0
20180319,8.36,0
20180320,8.36,0
20180321,8.35,0
20180322,8.31,0
20180323,8.26,0
20180324,8.21,0
20180325,8.16,0
20180326,8.11,0
20180327,8.06,0
20180328,8.01,0
20180329,7.96,0
20180330,7.91,0
20180331,7.86,0
20180401,7.82,0
20180402,7.77,0
20180403,7.72,0
20180404,7.66,0
20180405,7.61,0
20180406,7.5,0
20180407,7.38,0
20180408,7.26,0
20180409,7.14,0
20180410,7.02,0
20180411,6.9,0
20180412,6.76,0
20180413,6.61,0
20180414,6.48,0
20180415,6.34,0
20180416,6.3,0
20180417,6.26,0
20180418,6.26,0
20180419,6.24,0
20180420,6.21,0
20180421,6.18,0
20180422,6.14,0
20180423,6.1,0
20180424,6.06,0
20180425,6.02,0
20180426,5.98,0
20180427,5.94,0
20180428,5.89,0
20180429,5.84,0
20180430,5.79,0
20180501,5.75,0
20180502,5.71,0
20180503,5.67,0
20180504,5.65,0
20180505,5.62,0
20180506,5.58,0
20180507,5.53,0
20180508,5.49,0
20180509,5.48,0
20180510,5.48,0
20180511,5.46,0
20180512,5.45,0
20180513,5.45,0
20180514,5.45,0
20180515,5.44,0
20180516,5.44,0
20180517,5.44,0
20180518,5.45,0
20180519,5.45,0
20180520,5.46,0
20180521,5.47,0
20180522,5.48,0
20180523,5.49,0
20180524,5.5,0
20180525,5.5,0
20180526,5.66,0
20180527,5.84,0
20180528,6,0
20180529,6.17,0
20180530,6.34,0
20180531,6.53,0
20180601,6.67,0
20180602,6.74,0
20180603,6.81,0
20180604,6.84,0
20180605,6.87,0
20180606,6.89,0
20180607,6.92,0
20180608,6.99,0
20180609,7.14,0
20180610,7.72,0
20180611,9.69,0
20180612,11.22,0
20180613,13.23,0
20180614,15.12,0
20180615,16.87,0
20180616,16.7,0
20180617,16.93,0
20180618,17.69,0
20180619,18.13,0
20180620,18.46,0
20180621,18.43,0
20180622,17.64,0
20180623,17.52,0
20180624,17.46,0
20180625,17.64,0
20180626,17.81,0
20180627,18.09,0
20180628,18.46,0
20180629,18.38,0
20180630,18.32,0
20180701,18.46,0
20180702,18.48,0
20180703,18.44,0
20180704,18.34,0
20180705,18.34,0
20180706,18.56,0
20180707,18.54,0
20180708,18.37,0
20180709,18,0
20180710,18,0
20180711,18,0
20180712,18,0
20180713,18,0
20180714,18,0
20180715,18,0
20180716,18.04,0
20180717,18.24,0
20180718,18.13,0
20180719,18.25,0
20180720,18.24,0
20180721,19.36,0
20180722,19.08,0
20180723,18.87,0
20180724,18.89,0
20180725,18.71,0
20180726,18.79,0
20180727,18.87,0
20180728,18.69,0
20180729,18.74,0
20180730,18.8,0
20180731,18.79,0
20180801,18.98,0
20180802,18.96,0
20180803,18.96,0
20180804,19.04,0
20180805,18.98,0
20180806,18.89,0
20180807,18.96,0
20180808,19.13,0
20180809,18.91,0
20180810,18.4,0
20180811,17.88,0
20180812,15.89,0
20180813,15.39,0
20180814,15.33,0
20180815,15.93,0
20180816,16.29,0
20180817,17.15,0
20180818,17.19,0
20180819,17.06,0
20180820,17.12,0
20180821,17.82,0
20180822,18.23,0
20180823,18.6,0
20180824,18.64,0
20180825,18.67,0
20180826,18.67,0
20180827,18.72,0
20180828,18.82,0
20180829,18.81,0
20180830,18.89,0
20180831,18.81,0
20180901,18.79,0
20180902,18.96,0
20180903,19.18,0
20180904,19.34,0
20180905,19.32,0
20180906,19.26,0
20180907,19.28,0
20180908,19.3,0
20180909,19.31,0
20180910,19.32,0
20180911,19.32,0
20180912,19.31,0
20180913,19.32,0
20180914,19.3,0
20180915,19.26,0
20180916,19.26,0
20180917,19.17,0
20180918,19.12,0
20180919,19.03,0
20180920,19.07,0
20180921,19.43,0
20180922,18.65,0
20180923,18.53,0
20180924,18.46,0
20180925,18.58,0
20180926,18.54,0
20180927,18.49,0
20180928,18.43,0
20180929,18.38,0
20180930,18.46,0
20181001,18.51,0
20181002,18.55,0
20181003,18.5,0
20181004,18.44,0
20181005,18.44,0
20181006,18.53,0
20181007,18.74,0
20181008,18.82,0
20181009,18.98,0
20181010,19.13,0
20181011,19.21,0
20181012,19.21,0
20181013,19.13,0
20181014,19.07,0
20181015,19.04,0
20181016,19,0
20181017,19.03,0
20181018,19.4,0
20181019,19.36,0
20181020,19.49,0
20181021,19.52,0
20181022,19.43,0
20181023,19.4,0
20181024,19.38,0
20181025,19.34,0
20181026,19.26,0
20181027,19.19,0
20181028,19.06,0
20181029,18.91,0
20181030,18.76,0
20181031,18.61,0
20181101,18.45,0
20181102,18.3,0
20181103,18.13,0
20181104,18.05,0
20181105,17.96,0
20181106,17.85,0
20181107,17.75,0
20181108,17.65,0
20181109,17.53,0
20181110,17.39,0
20181111,17.27,0
20181112,17.13,0
20181113,17,0
20181114,16.88,0
20181115,16.77,0
20181116,16.77,0
20181117,16.49,0
20181118,16.38,0
20181119,16.26,0
20181120,16.16,0
20181121,16.09,0
20181122,16.03,0
20181123,15.96,0
20181124,15.89,0
20181125,15.87,0
20181126,15.8,0
20181127,15.71,0
20181128,15.6,0
20181129,15.49,0
20181130,15.44,0
20181201,15.37,0
20181202,15.33,0
20181203,15,0
20181204,15,0
20181205,15,0
20181206,15,0
20181207,15,0
20181208,15,0
20181209,15,0
20181210,15.29,0
20181211,15.28,0
20181212,15.25,0
20181213,15.18,0
20181214,15.1,0
20181215,15.06,0
20181216,15.04,0
20181217,15.03,0
20181218,15.02,0
20181219,14.99,0
20181220,14.95,0
20181221,14.93,0
20181222,14.93,0
20181223,14.94,0
20181224,14.95,0
20181225,14.96,0
20181226,15.03,0
20181227,15.05,0
20181228,15.06,0
20181229,15.07,0
20181230,15.08,0
20181231,15.09,0
20190101,15.1,0
20190102,15.12,0
20190103,15.13,0
20190104,15.14,0
20190105,15.16,0
20190106,15.15,0
20190107,15.11,0
20190108,15.09,0
20190109,15.05,0
20190110,15.02,0
20190111,15,0
20190112,14.99,0
20190113,14.98,0
20190114,14.97,0
20190115,14.97,0
20190116,14.96,0
20190117,14.94,0
20190118,14.91,0
20190119,14.87,0
20190120,14.84,0
20190121,14.81,0
20190122,14.77,0
20190123,14.74,0
20190124,14.71,0
20190125,14.7,0
20190126,14.71,0
20190127,14.73,0
20190128,14.73,0
20190129,14.73,0
20190130,14.71,0
20190131,14.68,0
20190201,14.65,0
20190202,14.62,0
20190203,14.58,0
20190204,14.55,0
20190205,14.51,0
20190206,14.49,0
20190207,14.48,0
20190208,14.46,0
20190209,14.44,0
20190210,14.42,0
20190211,14.38,0
20190212,14.34,0
20190213,14.3,0
20190214,14.26,0
20190215,14.23,0
20190216,14.17,0
20190217,14.05,0
20190218,13.94,0
20190219,13.93,0
20190220,13.89,0
20190221,13.84,0
20190222,13.8,0
20190223,13.76,0
20190224,13.7,0
20190225,13.64,0
20190226,13.57,0
20190227,13.5,0
20190228,13.43,0
20190301,13.36,0
20190302,13.28,0
20190303,13.2,0
20190304,13.11,0
20190305,13.04,0
20190306,12.96,0
20190307,12.89,0
20190308,12.82,0
20190309,12.74,0
20190310,12.67,0
20190311,12.6,0
20190312,12.52,0
20190313,12.44,0
20190314,12.37,0
20190315,12.29,0
20190316,12.2,0
20190317,12.2,0
20190318,12.05,0
20190319,11.97,0
20190320,11.9,0
20190321,11.75,0
20190322,11.59,0
20190323,11.43,0
20190324,11.31,0
20190325,11.15,0
20190326,10.98,0
20190327,10.82,0
20190328,10.65,0
20190329,10.49,0
20190330,10.33,0
20190331,10.21,0
20190401,10.13,0
20190402,10.06,0
20190403,9.99,0
20190404,9.92,0
20190405,9.84,0
20190406,9.78,0
20190407,9.74,0
20190408,9.7,0
20190409,9.64,0
20190410,9.48,0
20190411,9.33,0
20190412,9.17,0
20190413,9.01,0
20190414,8.84,0
20190415,8.68,0
20190416,8.52,0
20190417,8.36,0
20190418,8.2,0
20190419,8.1,0
20190420,8.12,0
20190421,8.11,0
20190422,8.1,0
20190423,8.07,0
20190424,8.05,0
20190425,8.03,0
20190426,8,0
20190427,7.97,0
20190428,7.93,0
20190429,7.89,0
20190430,7.9,0
20190501,7.88,0
20190502,7.87,0
20190503,7.86,0
20190504,7.83,0
20190505,7.79,0
20190506,7.76,0
20190507,7.67,0
20190508,7.57,0
20190509,7.55,0
20190510,7.53,0
20190511,7.5,0
20190512,7.5,0
20190513,7.44,0
20190514,7.5,0
20190515,7.31,0
20190516,7.25,0
20190517,7.22,0
20190518,7.19,0
20190519,7.16,0
20190520,7.12,0
20190521,7.1,0
20190522,7.08,0
20190523,7.05,0
20190524,7.01,0
20190525,6.97,0
20190526,6.89,0
20190527,6.84,0
20190528,6.78,0
20190529,6.72,0
20190530,6.65,0
20190531,6.59,0
20190601,6.53,0
20190602,6.48,0
20190603,6.41,0
20190604,6.34,0
20190605,6.28,0
20190606,6.21,0
20190607,6.17,0
20190608,6.13,0
20190609,6.08,0
20190610,6.02,0
20190611,5.96,0
20190612,6.95,0
20190613,5.95,0
20190614,6,0
20190615,6.06,0
20190616,6.12,0
20190617,6.14,0
20190618,6.11,0
20190619,6.1,0
20190620,6.08,0
20190621,6.08,0
20190622,6.07,0
20190623,6.12,0
20190624,6.19,0
20190625,6.28,0
20190626,6.33,0
20190627,6.39,0
20190628,6.42,0
20190629,6.42,0
20190630,6.42,0
20190701,6.43,0
20190702,6.5,0
20190703,6.51,0
20190704,6.59,0
20190705,6.73,0
20190706,7.05,0
20190707,8.08,0
20190708,8.91,0
20190709,9.37,0
20190710,9.71,0
20190711,10.2,0
20190712,10.51,0
20190713,10.73,0
20190714,10.87,0
20190715,10.96,0
20190716,11.09,0
20190717,11.18,0
20190718,11.27,0
20190719,11.33,0
20190720,11.59,0
20190721,11.93,0
20190722,12.27,0
20190723,12.74,0
20190724,13.22,0
20190725,13.33,0
20190726,13.29,0
20190727,13.33,0
20190728,13.34,0
20190729,13.2,0
20190730,13.18,0
20190731,13.33,0
20190801,13.45,0
20190802,13.59,0
20190803,13.67,0
20190804,13.89,0
20190805,14.14,0
20190806,14.97,0
20190807,16.36,0
20190808,17.96,0
20190809,13.97,0
20190810,14.77,0
20190811,13.3,0
20190812,13.65,0
20190813,18.93,0
20190814,18.6,0
20190815,18.75,0
20190816,19.26,0
20190817,19.34,0
20190818,19.24,0
20190819,19.38,0
20190820,19.39,0
20190821,19.36,0
20190822,19.36,0
20190823,19.43,0
20190824,19.46,0
20190825,19.38,0
20190826,19.39,0
20190827,19.43,0
20190828,19.52,0
20190829,19.3,0
20190830,19.34,0
20190831,19.43,0
20190901,19.4,0
20190902,19.43,0
20190903,19.49,0
20190904,19.43,0
20190905,19.02,0
20190906,19.15,0
20190907,19.39,0
20190908,19.39,0
20190909,19.26,0
20190910,19.08,0
20190911,19.36,0
20190912,19.52,0
20190913,19.36,0
20190914,19.46,0
20190915,19.52,0
20190916,19.5,0
20190917,19.52,0
20190918,19.45,0
20190919,19.52,0
20190920,19.52,0
20190921,19.52,0
20190922,19.52,0
20190923,19.51,0
20190924,19.52,0
20190925,19.52,0
20190926,19.52,0
20190927,19.52,0
20190928,19.52,0
20190929,19.52,0
20190930,19.52,0
20191001,19.52,0
20191002,19.47,0
20191003,19.43,0
20191004,19.39,0
20191005,19.38,0
20191006,19.38,0
20191007,19.36,0
20191008,19.36,0
20191009,19.31,0
20191010,19.28,0
20191011,19.26,0
20191012,19.22,0
20191013,19.21,0
20191014,19.21,0
20191015,19.25,0
20191016,19.23,0
20191017,19.27,0
20191018,19.3,0
20191019,19.45,0
20191020,19.45,0
20191021,19.46,0
20191022,19.49,0
20191023,19.4,0
20191024,19.45,0
20191025,19.5,0
20191026,19.45,0
20191027,19.4,0
20191028,19.48,0
20191029,19.5,0
20191030,19.46,0
20191031,19.48,0
20191101,19.43,0
20191102,19.5,0
20191103,19.49,0
20191104,19.48,0
20191105,19.45,0
20191106,19.38,0
20191107,19.33,0
20191108,19.26,0
20191109,19.23,0
20191110,19.23,0
20191111,19.23,0
20191112,,0
20191113,19.21,0
20191114,19.15,0
20191115,19.06,0
20191116,18.95,0
20191117,18.85,0
20191118,18.75,0
20191119,18.63,0
20191120,18.49,0
20191121,18.33,0
20191122,18.16,0
20191123,18,0
20191124,17.83,0
20191125,17.66,0
20191126,17.49,0
20191127,17.32,0
20191128,17.15,0
20191129,16.97,0
20191130,16.79,0
20191201,16.62,0
20191202,16.57,0
20191203,16.61,0
20191204,16.61,0
20191205,16.53,0
20191206,16.46,0
20191207,16.35,0
20191208,16.24,0
20191209,16.15,0
20191210,16.05,0
20191211,19.23,0
20191212,15.82,0
20191213,15.7,0
20191214,15.6,0
20191215,15.59,0
20191216,15.56,0
20191217,15.56,0
20191218,15.48,0
20191219,15.44,0
20191220,15.38,0
20191221,15.31,0
20191222,11.39,0
20191223,11.32,0
20191224,15.14,0
20191225,15.16,0
20191226,15.18,0
20191227,15.2,0
20191228,15.22,0
20191229,15.25,0
20191230,15.26,0
20191231,15.28,0
20200101,15.3,0
20200102,15.32,0
20200103,15.34,0
20200104,15.36,0
20200105,15.38,0
20200106,15.4,0
20200107,15.42,0
20200108,15.44,0
20200109,15.46,0
20200110,15.48,0
20200111,15.5,0
20200112,15.51,0
20200113,15.54,0
20200114,15.56,0
20200115,15.59,0
20200116,15.61,0
20200117,15.64,0
20200118,15.66,0
20200119,15.69,0
20200120,15.71,0
20200121,15.74,0
20200122,15.76,0
20200123,15.77,0
20200124,15.8,0
20200125,15.81,0
20200126,15.84,0
20200127,15.85,0
20200128,15.88,0
20200129,15.9,0
20200130,15.92,0
20200131,15.94,0
20200201,15.96,0
20200202,15.98,0
20200203,16,0
20200204,16.02,0
20200205,16.04,0
20200206,16.06,0
20200207,16.07,0
20200208,16.1,0
20200209,16.11,0
20200210,16.11,0
20200211,16.1,0
20200212,16.09,0
20200213,16.09,0
20200214,16.07,0
20200215,16.09,0
20200216,16.09,0
20200217,16.1,0
20200218,16.1,0
20200219,16.11,0
20200220,16.11,0
20200221,16.12,0
20200222,16.12,0
20200223,16.13,0
20200224,16.11,0
20200225,16.1,0
20200226,16.04,0
20200227,15.85,0
20200228,15.62,0
20200229,15.48,0
20200301,15.22,0
20200302,15.19,0
20200303,15.05,0
20200304,14.91,0
20200305,14.77,0
20200306,14.63,0
20200307,14.49,0
20200308,14.35,0
20200309,14.21,0
20200310,14.06,0
20200311,13.95,0
20200312,13.89,0
20200313,13.83,0
20200314,13.76,0
20200315,13.7,0
20200316,13.64,0
20200317,13.58,0
20200318,13.52,0
20200319,13.46,0
20200320,13.41,0
20200321,13.36,0
20200322,13.3,0
20200323,13.25,0
20200324,13.2,0
20200325,13.16,0
20200326,13.1,0
20200327,13.05,0
20200328,12.99,0
20200329,12.93,0
20200330,12.85,0
20200331,12.76,0
20200401,12.66,0
20200402,12.54,0
20200403,12.43,0
20200404,12.32,0
20200405,12.2,0
20200406,12.09,0
20200407,11.98,0
20200408,11.89,0
20200409,11.82,0
20200410,11.79,0
20200411,11.73,0
20200412,11.68,0
20200413,11.63,0
20200414,11.59,0
20200415,11.53,0
20200416,11.47,0
20200417,11.42,0
20200418,11.36,0
20200419,11.3,0
20200420,11.24,0
20200421,11.18,0
20200422,11.1,0
20200423,11.01,0
20200424,10.93,0
20200425,10.86,0
20200426,10.8,0
20200427,10.76,0
20200428,10.7,0
20200429,10.68,0
20200430,10.62,0
20200501,10.56,0
20200502,10.5,0
20200503,10.45,0
20200504,10.39,0
20200505,10.34,0
20200506,10.29,0
20200507,10.17,0
20200508,10.08,0
20200509,10.01,0
20200510,9.89,0
20200511,9.77,0
20200512,9.67,0
20200513,9.55,0
20200514,9.43,0
20200515,9.28,0
20200516,9.12,0
20200517,8.95,0
20200518,8.8,0
20200519,8.66,0
20200520,8.63,0
20200521,8.59,0
20200522,8.54,0
20200523,8.49,0
20200524,8.43,0
20200525,8.38,0
20200526,8.33,0
20200527,8.28,0
20200528,8.21,0
20200529,8.15,0
20200530,8.13,0
20200531,8.11,0
20200601,8.06,0
20200602,8.03,0
20200603,7.99,0
20200604,7.98,0
20200605,7.99,0
20200606,8,0
20200607,7.99,0
20200608,8.21,0
20200609,8.25,0
20200610,8.17,0
20200611,8.07,0
20200612,8.01,0
20200613,7.95,0
20200614,7.9,0
20200615,7.97,0
20200616,8.12,0
20200617,8.19,0
20200618,8.23,0
20200619,8.31,0
20200620,8.28,0
20200621,8.19,0
20200622,8.14,0
20200623,8.18,0
20200624,8.17,0
20200625,8.14,0
20200626,8.08,0
20200627,8.01,0
20200628,7.93,0
20200629,7.85,0
20200630,7.82,0
20200701,7.96,0
20200702,7.99,0
20200703,8.1,0
20200704,8.4,0
20200705,8.8,0
20200706,9.19,0
20200707,9.83,0
20200708,10.67,0
20200709,,0
20200710,,0
20200711,,0
20200712,,0
20200713,,0
20200714,,0
20200715,,0
20200716,,0
20200717,,0
20200718,,0
20200719,,0
20200720,,0
20200721,,0
20200722,,0
20200723,15.2,0
20200724,15.28,0
20200725,15.31,0
20200726,15.32,0
20200727,15.31,0
20200728,15.32,0
20200729,15.35,0
20200730,15.38,0
20200731,15.54,0
20200801,15.58,0
20200802,15.73,0
20200803,16.04,0
20200804,16.64,0
20200805,16.97,0
20200806,,0
20200807,,0
20200808,,0
20200809,,0
20200810,,0
20200811,,0
20200812,,0
20200813,18.85,0
20200814,18.88,0
20200815,18.6,0
20200816,18.59,0
20200817,18.81,0
20200818,19.06,0
20200819,19.34,0
20200820,19.45,0
20200821,19.43,0
20200822,19.45,0
20200823,19.45,0
20200824,19.45,0
20200825,19.46,0
20200826,19.41,0
20200827,19.34,0
20200828,19.21,0
20200829,19.08,0
20200830,18.95,0
20200831,18.79,0
20200901,18.67,0
20200902,18.64,0
20200903,18.7,0
20200904,18.67,0
20200905,18.59,0
20200906,18.59,0
20200907,18.65,0
20200908,18.86,0
20200909,18.88,0
20200910,18.88,0
20200911,18.96,0
20200912,19.17,0
20200913,19.41,0
20200914,19.47,0
20200915,19.45,0
20200916,19.52,0
20200917,19.43,0
20200918,19.45,0
20200919,19.46,0
20200920,19.52,0
20200921,18.93,0
20200922,18.6,0
20200923,19.52,0
20200924,19.18,0
20200925,19.43,0
20200926,19.52,0
20200927,19.48,0
20200928,19.4,0
20200929,19.43,0
20200930,19.43,0
20201001,19.4,0
20201002,19.36,0
20201003,19.31,0
20201004,19.28,0
20201005,19.23,0
20201006,19.15,0
20201007,19.04,0
20201008,18.96,0
20201009,18.87,0
20201010,18.85,0
20201011,18.87,0
20201012,18.88,0
20201013,19.02,0
20201014,19.34,0
20201015,19.32,0
20201016,19.32,0
20201017,19.28,0
20201018,19.22,0
20201019,19.15,0
20201020,19.06,0
20201021,18.98,0
20201022,18.9,0
20201023,18.83,0
20201024,18.74,0
20201025,18.62,0
20201026,18.49,0
20201027,18.35,0
20201028,18.2,0
20201029,18.07,0
20201030,17.91,0
20201031,17.74,0
20201101,17.57,0
20201102,17.42,0
20201103,17.32,0
20201104,17.21,0
20201105,17.09,0
20201106,16.97,0
20201107,16.97,0
20201108,16.89,0
20201109,16.77,0
20201110,16.64,0
20201111,16.5,0
20201112,16.34,0
20201113,16.16,0
20201114,15.99,0
20201115,15.84,0
20201116,15.66,0
20201117,15.5,0
20201118,15.38,0
20201119,15.22,0
20201120,15.07,0
20201121,14.9,0
20201122,14.72,0
20201123,14.54,0
20201124,14.35,0
20201125,14.15,0
20201126,13.96,0
20201127,13.85,0
20201128,13.75,0
20201129,13.63,0
20201130,13.49,0
20201201,13.35,0
20201202,13.21,0
20201203,13.06,0
20201204,12.92,0
20201205,12.78,0
20201206,12.66,0
20201207,12.52,0
20201208,12.39,0
20201209,12.36,0
20201210,12.36,0
20201211,12.36,0
20201212,12.36,0
20201213,12.38,0
20201214,12.39,0
20201215,12.39,0
20201216,12.37,0
20201217,17.59651566,0.767818749
20201218,17.64348221,0.782154918
20201219,17.68914223,0.800738573
20201220,17.70397758,0.793281734
20201221,17.75022697,0.788227975
20201222,17.7908802,0.799943745
20201223,17.82674026,0.811640739
20201224,17.83838463,0.81540519
20201225,17.84115791,0.799815476
20201226,17.86105728,0.802817047
20201227,17.88444519,0.819251359
20201228,17.8825264,0.809962928
20201229,17.88552284,0.810503542
20201230,17.87891197,0.804435134
20201231,17.86438179,0.811056852
20210101,17.87677765,0.809520721
20210102,17.82924271,0.819935799
20210103,17.82232094,0.788944542
20210104,17.80223083,0.805726051
20210105,17.76979637,0.811502338
20210106,17.75737572,0.802654386
20210107,17.71244431,0.8093642
20210108,17.6760273,0.776047766
20210109,17.64108086,0.770139873
20210110,17.61059761,0.782359302
20210111,17.55103111,0.764835775
20210112,17.50592613,0.769536793
20210113,17.46068764,0.762659371
20210114,17.41159058,0.767678738
20210115,17.37016106,0.767855823
20210116,17.32159615,0.758880675
20210117,17.25408745,0.741563499
20210118,17.1941452,0.739764273
20210119,17.13635826,0.732744396
20210120,17.07390404,0.73491168
20210121,17.03283882,0.720767736
20210122,16.96712875,0.730067968
20210123,16.88770676,0.712798894
20210124,16.83790398,0.6919083
20210125,16.76729774,0.696494401
20210126,16.71300888,0.689809501
20210127,16.64138031,0.655982196
20210128,16.57126617,0.665687561
20210129,16.50127983,0.652730286
20210130,16.4224968,0.65851891
20210131,16.3507843,0.648739576
20210201,16.28834534,0.641453922
20210202,16.20349312,0.627057135
20210203,16.12676811,0.621038735
20210204,16.06807899,0.610336721
20210205,15.98717403,0.607255757
20210206,15.91473389,0.582737386
20210207,15.83358765,0.570023298
20210208,15.76402378,0.586799085
20210209,15.71102333,0.552996814
20210210,15.61547279,0.55376178
20210211,15.56194115,0.559931874
20210212,15.49716759,0.529586434
20210213,15.42722893,0.53216213
20210214,15.35415649,0.521897733
20210215,15.28810024,0.512256384
20210216,15.22259903,0.516502619
20210217,15.15695095,0.510728657
20210218,15.08526993,0.509797752
20210219,15.01930523,0.492292494
20210220,14.96730328,0.503849983
20210221,14.89749718,0.516480804
20210222,14.84434414,0.513925254
20210223,14.76314163,0.509242237
20210224,14.71115494,0.513292611
20210225,14.65333271,0.502173364
20210226,14.60163975,0.523495019
20210227,14.53754616,0.513622403
20210228,14.47636223,0.52321291
20210301,14.41785526,0.527109206
20210302,14.36819172,0.525002837
20210303,14.31146812,0.535909534
20210304,14.25229168,0.538669169
20210305,14.18631744,0.549342692
20210306,14.15111732,0.546111703
20210307,14.06155872,0.561288178
20210308,14.02231312,0.544638693
20210309,13.97653484,0.549416542
20210310,13.91150856,0.561181903
20210311,13.8754158,0.553840578
20210312,13.81581306,0.570187748
20210313,13.76733494,0.570301294
20210314,13.71968365,0.570775867
20210315,13.69129848,0.571268678
20210316,13.61619949,0.566219866
