Date,Observed Outflow
20110101,1.416
20110102,1.416
20110103,1.416
20110104,1.416
20110105,1.416
20110106,1.416
20110107,1.416
20110108,1.416
20110109,1.416
20110110,1.416
20110111,1.416
20110112,1.416
20110113,1.416
20110114,1.416
20110115,1.416
20110116,1.416
20110117,1.416
20110118,1.416
20110119,1.416
20110120,1.416
20110121,1.416
20110122,1.416
20110123,1.416
20110124,1.416
20110125,1.416
20110126,1.416
20110127,1.416
20110128,24.94992
20110129,28.32
20110130,20.532
20110131,19.824
20110201,19.824
20110202,19.824
20110203,19.824
20110204,3.70992
20110205,1.416
20110206,1.416
20110207,1.416
20110208,1.416
20110209,1.416
20110210,1.416
20110211,12.26256
20110212,21.24
20110213,21.24
20110214,21.8064
20110215,21.8064
20110216,21.8064
20110217,21.8064
20110218,21.8064
20110219,19.34256
20110220,18.9744
20110221,18.9744
20110222,18.9744
20110223,18.9744
20110224,18.9744
20110225,24.6384
20110226,48.93696
20110227,50.8344
20110228,36.90096
20110301,34.18224
20110302,44.26416
20110303,47.5776
20110304,47.5776
20110305,47.5776
20110306,53.2416
20110307,53.2416
20110308,50.77776
20110309,50.4096
20110310,50.4096
20110311,48.7104
20110312,47.66256
20110313,45.312
20110314,45.312
20110315,45.312
20110316,46.4448
20110317,46.4448
20110318,46.4448
20110319,46.4448
20110320,43.6128
20110321,40.7808
20110322,40.7808
20110323,40.7808
20110324,25.2048
20110325,25.2048
20110326,1.416
20110327,1.416
20110328,1.416
20110329,1.416
20110330,1.416
20110331,10.78992
20110401,16.992
20110402,16.992
20110403,38.232
20110404,31.52016
20110405,29.736
20110406,30.444
20110407,41.064
20110408,42.96144
20110409,46.728
20110410,46.728
20110411,9.912
20110412,46.728
20110413,46.728
20110414,41.064
20110415,41.064
20110416,41.064
20110417,41.064
20110418,41.064
20110419,41.064
20110420,41.064
20110421,40.7808
20110422,20.9568
20110423,4.50288
20110424,2.5488
20110425,2.5488
20110426,2.5488
20110427,3.1152
20110428,3.1152
20110429,21.3816
20110430,19.2576
20110501,18.1248
20110502,18.1248
20110503,18.1248
20110504,18.6912
20110505,18.6912
20110506,52.90176
20110507,47.0112
20110508,49.1352
20110509,52.6752
20110510,52.6752
20110511,52.6752
20110512,52.6752
20110513,52.6752
20110514,52.6752
20110515,47.94576
20110516,47.0112
20110517,46.4448
20110518,46.4448
20110519,16.22736
20110520,2.5488
20110521,2.5488
20110522,2.5488
20110523,2.5488
20110524,2.5488
20110525,2.5488
20110526,2.5488
20110527,2.5488
20110528,6.68352
20110529,11.7528
20110530,12.4608
20110531,46.89792
20110601,42.1968
20110602,35.8248
20110603,24.97824
20110604,29.82096
20110605,35.1168
20110606,35.1168
20110607,35.1168
20110608,35.1168
20110609,29.4528
20110610,19.42752
20110611,14.16
20110612,14.16
20110613,14.16
20110614,14.16
20110615,26.56416
20110616,33.984
20110617,33.984
20110618,28.32
20110619,28.32
20110620,33.984
20110621,24.55344
20110622,19.824
20110623,19.824
20110624,19.824
20110625,19.824
20110626,19.824
20110627,46.728
20110628,82.60944
20110629,256.06944
20110630,339.84
20110701,197.64528
20110702,141.6
20110703,141.6
20110704,113.28
20110705,74.93472
20110706,56.64
20110707,42.48
20110708,55.45056
20110709,
20110710,
20110711,
20110712,
20110713,
20110714,
20110715,
20110716,135.6528
20110717,354.53808
20110718,653.65392
20110719,790.5528
20110720,585.2328
20110721,510.8928
20110722,440.0928
20110723,440.0928
20110724,440.0928
20110725,440.0928
20110726,440.0928
20110727,440.0928
20110728,286.68336
20110729,161.02752
20110730,156.8928
20110731,91.41696
20110801,71.9328
20110802,44.80224
20110803,43.6128
20110804,57.7728
20110805,114.4128
20110806,185.2128
20110807,435.36336
20110808,362.2128
20110809,326.8128
20110810,235.96224
20110811,241.8528
20110812,194.64336
20110813,185.2128
20110814,185.2128
20110815,185.2128
20110816,185.2128
20110817,185.2128
20110818,83.74224
20110819,71.9328
20110820,140.38224
20110821,102.60336
20110822,99.06336
20110823,141.54336
20110824,142.7328
20110825,142.7328
20110826,142.7328
20110827,142.7328
20110828,156.8928
20110829,171.0528
20110830,171.0528
20110831,237.97296
20110901,562.20864
20110902,1112.32464
20110903,522.95712
20110904,669.00336
20110905,719.12976
20110906,223.52976
20110907,282.54864
20110908,299.0592
20110909,204.07392
20110910,200.7888
20110911,200.7888
20110912,200.7888
20110913,200.7888
20110914,200.7888
20110915,200.7888
20110916,200.7888
20110917,200.7888
20110918,146.49936
20110919,144.1488
20110920,117.01824
20110921,115.8288
20110922,115.8288
20110923,88.69824
20110924,79.0128
20110925,79.0128
20110926,79.0128
20110927,79.0128
20110928,79.0128
20110929,70.5168
20110930,70.5168
20111001,70.5168
20111002,70.5168
20111003,70.5168
20111004,70.5168
20111005,70.5168
20111006,70.5168
20111007,76.1808
20111008,76.1808
20111009,76.1808
20111010,76.1808
20111011,76.1808
20111012,76.1808
20111013,76.1808
20111014,69.9504
20111015,69.9504
20111016,64.2864
20111017,64.2864
20111018,64.2864
20111019,76.1808
20111020,76.1808
20111021,73.3488
20111022,67.6848
20111023,70.5168
20111024,67.1184
20111025,69.9504
20111026,67.1184
20111027,67.1184
20111028,67.1184
20111029,73.3488
20111030,73.3488
20111031,67.1184
20111101,67.1184
20111102,67.1184
20111103,60.888
20111104,60.888
20111105,37.9488
20111106,30.8688
20111107,20.9568
20111108,35.93808
20111109,61.4544
20111110,61.4544
20111111,61.4544
20111112,61.4544
20111113,61.4544
20111114,61.4544
20111115,61.4544
20111116,61.4544
20111117,61.4544
20111118,61.4544
20111119,54.9408
20111120,54.9408
20111121,54.9408
20111122,57.7728
20111123,60.6048
20111124,57.7728
20111125,52.1088
20111126,43.6128
20111127,43.6128
20111128,43.6128
20111129,22.3728
20111130,37.77888
20111201,22.3728
20111202,15.576
20111203,15.576
20111204,15.576
20111205,15.576
20111206,29.736
20111207,29.736
20111208,21.24
20111209,21.24
20111210,21.24
20111211,21.24
20111212,33.984
20111213,24.44016
20111214,21.24
20111215,21.24
20111216,21.24
20111217,21.24
20111218,12.97056
20111219,1.416
20111220,1.416
20111221,1.416
20111222,57.7728
20111223,1.416
20111224,1.416
20111225,1.416
20111226,1.416
20111227,1.416
20111228,1.416
20111229,1.416
20111230,1.416
20111231,1.416
20120101,1.416
20120102,
20120103,
20120104,
20120105,
20120106,
20120107,
20120108,
20120109,
20120110,
20120111,
20120112,
20120113,
20120114,
20120115,
20120116,
20120117,
20120118,
20120119,
20120120,
20120121,
20120122,
20120123,
20120124,
20120125,
20120126,
20120127,
20120128,
20120129,
20120130,
20120131,
20120201,
20120202,
20120203,
20120204,
20120205,
20120206,
20120207,
20120208,
20120209,
20120210,
20120211,
20120212,
20120213,
20120214,
20120215,
20120216,
20120217,
20120218,
20120219,
20120220,
20120221,
20120222,
20120223,
20120224,
20120225,
20120226,
20120227,
20120228,
20120229,
20120301,
20120302,
20120303,
20120304,
20120305,
20120306,
20120307,
20120308,
20120309,
20120310,
20120311,
20120312,
20120313,
20120314,
20120315,
20120316,
20120317,
20120318,
20120319,
20120320,
20120321,
20120322,
20120323,
20120324,
20120325,
20120326,
20120327,
20120328,
20120329,
20120330,
20120331,
20120401,
20120402,
20120403,
20120404,
20120405,
20120406,
20120407,
20120408,
20120409,
20120410,
20120411,
20120412,
20120413,
20120414,
20120415,
20120416,
20120417,
20120418,
20120419,
20120420,
20120421,
20120422,
20120423,
20120424,
20120425,
20120426,
20120427,
20120428,
20120429,
20120430,
20120501,
20120502,
20120503,
20120504,
20120505,
20120506,
20120507,
20120508,
20120509,
20120510,
20120511,
20120512,
20120513,
20120514,
20120515,
20120516,
20120517,
20120518,
20120519,
20120520,
20120521,
20120522,
20120523,
20120524,
20120525,
20120526,
20120527,
20120528,
20120529,
20120530,
20120531,22.656
20120601,22.656
20120602,22.656
20120603,22.656
20120604,22.656
20120605,22.656
20120606,23.84544
20120607,26.904
20120608,26.904
20120609,26.904
20120610,26.904
20120611,26.904
20120612,26.904
20120613,26.904
20120614,
20120615,26.904
20120616,26.904
20120617,24.072
20120618,24.072
20120619,24.072
20120620,24.072
20120621,24.072
20120622,24.072
20120623,24.072
20120624,24.072
20120625,24.072
20120626,24.072
20120627,22.656
20120628,24.072
20120629,14.16
20120630,14.16
20120701,14.16
20120702,9.68544
20120703,8.496
20120704,10.45008
20120705,11.328
20120706,11.328
20120707,11.328
20120708,11.328
20120709,11.328
20120710,11.328
20120711,11.328
20120712,11.328
20120713,11.328
20120714,11.328
20120715,11.328
20120716,11.328
20120717,11.328
20120718,11.328
20120719,11.328
20120720,11.328
20120721,11.328
20120722,11.328
20120723,11.328
20120724,11.328
20120725,12.97056
20120726,15.576
20120727,15.576
20120728,15.576
20120729,15.576
20120730,15.576
20120731,15.576
20120801,15.576
20120802,15.576
20120803,15.576
20120804,15.576
20120805,15.576
20120806,0
20120807,0
20120808,0
20120809,0
20120810,0
20120811,0
20120812,0
20120813,486.8208
20120814,371.64336
20120815,113.7048
20120816,96.0048
20120817,96.0048
20120818,87.5088
20120819,87.5088
20120820,87.5088
20120821,87.5088
20120822,86.6592
20120823,80.9952
20120824,80.9952
20120825,80.9952
20120826,80.9952
20120827,80.9952
20120828,80.9952
20120829,80.9952
20120830,80.9952
20120831,80.9952
20120901,80.9952
20120902,194.2752
20120903,194.2752
20120904,194.2752
20120905,194.2752
20120906,223.4448
20120907,227.6928
20120908,227.6928
20120909,222.0288
20120910,222.0288
20120911,222.0288
20120912,295.06608
20120913,322.5648
20120914,337.31952
20120915,362.09952
20120916,365.15808
20120917,356.77536
20120918,324.91536
20120919,324.91536
20120920,204.07392
20120921,87.5088
20120922,87.5088
20120923,87.5088
20120924,81.8448
20120925,80.4288
20120926,79.0128
20120927,79.0128
20120928,79.0128
20120929,79.0128
20120930,117.9528
20121001,209.2848
20121002,209.2848
20121003,203.6208
20121004,141.68496
20121005,113.7048
20121006,95.66496
20121007,76.1808
20121008,70.88496
20121009,59.472
20121010,50.976
20121011,50.976
20121012,50.976
20121013,50.976
20121014,52.6752
20121015,55.5072
20121016,55.5072
20121017,44.37744
20121018,42.48
20121019,52.6752
20121020,52.6752
20121021,52.6752
20121022,52.6752
20121023,52.6752
20121024,52.6752
20121025,52.6752
20121026,52.6752
20121027,52.6752
20121028,52.6752
20121029,49.24848
20121030,47.0112
20121031,44.1792
20121101,43.896
20121102,4.956
20121103,1.416
20121104,1.416
20121105,2.2656
20121106,17.64336
20121107,57.29136
20121108,58.3392
20121109,58.3392
20121110,58.3392
20121111,55.28064
20121112,55.5072
20121113,55.5072
20121114,55.5072
20121115,52.6752
20121116,52.6752
20121117,52.6752
20121118,52.6752
20121119,50.91936
20121120,48.4272
20121121,48.4272
20121122,48.4272
20121123,48.4272
20121124,48.4272
20121125,46.78464
20121126,45.5952
20121127,39.9312
20121128,39.9312
20121129,39.9312
20121130,39.9312
20121201,39.9312
20121202,39.9312
20121203,38.232
20121204,35.4
20121205,35.4
20121206,31.4352
20121207,31.4352
20121208,31.4352
20121209,31.4352
20121210,31.4352
20121211,28.32
20121212,28.32
20121213,25.488
20121214,24.072
20121215,24.072
20121216,25.2048
20121217,25.7712
20121218,25.7712
20121219,25.7712
20121220,25.7712
20121221,24.3552
20121222,16.992
20121223,15.576
20121224,15.576
20121225,15.576
20121226,15.576
20121227,15.576
20121228,15.576
20121229,15.576
20121230,15.576
20121231,3.76656
20130101,
20130102,
20130103,
20130104,
20130105,
20130106,
20130107,
20130108,
20130109,
20130110,
20130111,
20130112,
20130113,
20130114,
20130115,
20130116,
20130117,
20130118,
20130119,
20130120,
20130121,
20130122,14.16
20130123,14.16
20130124,14.16
20130125,14.16
20130126,14.16
20130127,14.16
20130128,14.16
20130129,14.16
20130130,14.16
20130131,14.16
20130201,14.16
20130202,14.16
20130203,14.16
20130204,14.16
20130205,
20130206,
20130207,
20130208,
20130209,
20130210,
20130211,
20130212,
20130213,
20130214,
20130215,
20130216,
20130217,
20130218,
20130219,
20130220,
20130221,
20130222,
20130223,
20130224,
20130225,
20130226,
20130227,
20130228,
20130301,
20130302,
20130303,
20130304,
20130305,
20130306,
20130307,
20130308,
20130309,
20130310,
20130311,
20130312,
20130313,
20130314,
20130315,
20130316,
20130317,
20130318,
20130319,
20130320,
20130321,
20130322,
20130323,
20130324,
20130325,
20130326,
20130327,
20130328,
20130329,
20130330,
20130331,
20130401,
20130402,
20130403,
20130404,
20130405,
20130406,
20130407,
20130408,
20130409,
20130410,
20130411,
20130412,
20130413,
20130414,
20130415,
20130416,
20130417,
20130418,
20130419,
20130420,
20130421,
20130422,
20130423,
20130424,
20130425,
20130426,
20130427,
20130428,
20130429,
20130430,
20130501,
20130502,
20130503,
20130504,
20130505,
20130506,
20130507,
20130508,
20130509,
20130510,
20130511,
20130512,
20130513,
20130514,
20130515,
20130516,
20130517,
20130518,
20130519,
20130520,
20130521,
20130522,
20130523,
20130524,
20130525,
20130526,
20130527,
20130528,
20130529,
20130530,
20130531,
20130601,
20130602,
20130603,
20130604,
20130605,
20130606,
20130607,
20130608,
20130609,
20130610,
20130611,2.832
20130612,2.832
20130613,2.832
20130614,2.832
20130615,2.832
20130616,2.832
20130617,2.832
20130618,2.832
20130619,5.664
20130620,8.496
20130621,18.408
20130622,28.32
20130623,28.32
20130624,28.32
20130625,121.776
20130626,361.56144
20130627,882.64944
20130628,1032.49056
20130629,897.97056
20130630,169.32528
20130701,56.64
20130702,56.64
20130703,32.62464
20130704,174.168
20130705,1405.60656
20130706,990.26544
20130707,733.488
20130708,1122.888
20130709,903.408
20130710,492.768
20130711,308.688
20130712,379.488
20130713,450.288
20130714,458.784
20130715,467.28
20130716,302.06112
20130717,395.29056
20130718,481.44
20130719,405.91056
20130720,804.76944
20130721,1006.54944
20130722,516.84
20130723,422.44944
20130724,398.83056
20130725,605.34
20130726,1018.89696
20130727,1048.9728
20130728,795.28224
20130729,765.7728
20130730,677.2728
20130731,476.9088
20130801,476.9088
20130802,804.37296
20130803,1302.91824
20130804,1326.5088
20130805,1037.41824
20130806,760.1088
20130807,541.81824
20130808,476.9088
20130809,240.91824
20130810,193.992
20130811,193.992
20130812,193.992
20130813,193.992
20130814,193.992
20130815,193.992
20130816,193.992
20130817,129.08256
20130818,123.192
20130819,123.192
20130820,119.70864
20130821,117.8112
20130822,103.6512
20130823,95.1552
20130824,95.1552
20130825,95.1552
20130826,95.1552
20130827,95.1552
20130828,88.0752
20130829,80.9952
20130830,80.9952
20130831,80.9952
20130901,80.9952
20130902,80.9952
20130903,80.9952
20130904,75.69936
20130905,75.69936
20130906,78.1632
20130907,78.1632
20130908,78.1632
20130909,78.1632
20130910,70.74336
20130911,72.4992
20130912,72.4992
20130913,65.22096
20130914,45.53856
20130915,39.648
20130916,45.312
20130917,54.0912
20130918,54.0912
20130919,54.0912
20130920,54.0912
20130921,51.2592
20130922,177.8496
20130923,220.95264
20130924,72.27264
20130925,78.1632
20130926,66.8352
20130927,66.8352
20130928,66.8352
20130929,66.8352
20130930,66.8352
20131001,66.8352
20131002,66.8352
20131003,64.7112
20131004,64.0032
20131005,64.0032
20131006,64.0032
20131007,64.0032
20131008,64.0032
20131009,64.0032
20131010,64.0032
20131011,64.0032
20131012,64.0032
20131013,64.0032
20131014,64.0032
20131015,64.8528
20131016,64.8528
20131017,64.0032
20131018,60.6048
20131019,60.6048
20131020,56.83824
20131021,49.2768
20131022,46.4448
20131023,45.0288
20131024,45.0288
20131025,45.0288
20131026,45.0288
20131027,
20131028,59.7552
20131029,59.7552
20131030,59.7552
20131031,
20131101,64.0032
20131102,64.8528
20131103,64.8528
20131104,64.8528
20131105,64.8528
20131106,64.8528
20131107,64.8528
20131108,64.8528
20131109,64.8528
20131110,58.3392
20131111,58.3392
20131112,58.3392
20131113,58.3392
20131114,58.3392
20131115,58.3392
20131116,58.3392
20131117,58.3392
20131118,55.73376
20131119,49.50336
20131120,22.3728
20131121,29.99088
20131122,36.5328
20131123,39.84624
20131124,55.30896
20131125,24.58176
20131126,19.5408
20131127,24.97824
20131128,30.8688
20131129,26.13936
20131130,16.7088
20131201,16.7088
20131202,16.7088
20131203,16.7088
20131204,16.7088
20131205,16.7088
20131206,16.7088
20131207,16.7088
20131208,16.7088
20131209,16.7088
20131210,16.7088
20131211,16.7088
20131212,16.7088
20131213,16.7088
20131214,16.7088
20131215,15.576
20131216,8.496
20131217,1.416
20131218,1.416
20131219,1.416
20131220,1.416
20131221,1.416
20131222,1.416
20131223,1.416
20131224,1.416
20131225,1.416
20131226,1.416
20131227,1.416
20131228,1.416
20131229,1.416
20131230,1.416
20131231,1.416
20140101,1.416
20140102,1.416
20140103,1.416
20140104,1.416
20140105,1.416
20140106,1.416
20140107,1.416
20140108,1.416
20140109,1.416
20140110,1.416
20140111,1.416
20140112,1.416
20140113,1.416
20140114,1.416
20140115,1.416
20140116,1.416
20140117,1.416
20140118,1.416
20140119,1.416
20140120,1.416
20140121,1.416
20140122,1.416
20140123,1.416
20140124,1.416
20140125,1.416
20140126,1.416
20140127,1.416
20140128,1.416
20140129,1.416
20140130,1.416
20140131,1.416
20140201,1.416
20140202,1.416
20140203,1.416
20140204,1.416
20140205,1.416
20140206,1.416
20140207,1.416
20140208,1.416
20140209,1.416
20140210,1.416
20140211,1.416
20140212,1.416
20140213,1.416
20140214,1.416
20140215,1.416
20140216,1.416
20140217,1.416
20140218,1.416
20140219,1.416
20140220,1.416
20140221,1.416
20140222,1.416
20140223,12.4608
20140224,16.992
20140225,16.992
20140226,16.992
20140227,16.992
20140228,19.56912
20140301,21.24
20140302,21.24
20140303,21.24
20140304,21.24
20140305,21.24
20140306,21.24
20140307,21.24
20140308,21.24
20140309,21.24
20140310,21.24
20140311,21.24
20140312,21.24
20140313,21.24
20140314,21.24
20140315,21.24
20140316,21.24
20140317,22.17456
20140318,22.656
20140319,22.656
20140320,
20140321,22.656
20140322,22.656
20140323,22.656
20140324,22.656
20140325,22.656
20140326,27.8952
20140327,27.8952
20140328,27.8952
20140329,24.12864
20140330,22.656
20140331,22.54272
20140401,24.072
20140402,24.072
20140403,34.04064
20140404,42.48
20140405,42.48
20140406,42.48
20140407,26.79072
20140408,26.70576
20140409,27.1872
20140410,27.1872
20140411,27.1872
20140412,27.1872
20140413,26.196
20140414,26.196
20140415,26.196
20140416,26.196
20140417,28.32
20140418,28.32
20140419,28.32
20140420,28.7448
20140421,28.7448
20140422,28.7448
20140423,28.7448
20140424,28.7448
20140425,28.7448
20140426,28.7448
20140427,26.6208
20140428,26.6208
20140429,26.6208
20140430,26.6208
20140501,26.6208
20140502,26.6208
20140503,26.6208
20140504,26.0544
20140505,26.0544
20140506,26.0544
20140507,26.0544
20140508,26.0544
20140509,26.0544
20140510,21.8064
20140511,26.0544
20140512,26.6208
20140513,26.6208
20140514,27.3288
20140515,0
20140516,28.0368
20140517,28.0368
20140518,28.0368
20140519,28.0368
20140520,28.0368
20140521,28.0368
20140522,28.0368
20140523,28.0368
20140524,28.0368
20140525,28.0368
20140526,28.0368
20140527,28.0368
20140528,28.0368
20140529,28.0368
20140530,28.0368
20140531,28.0368
20140601,28.0368
20140602,28.0368
20140603,28.0368
20140604,20.2488
20140605,23.7888
20140606,28.0368
20140607,28.0368
20140608,28.0368
20140609,28.0368
20140610,28.0368
20140611,28.0368
20140612,28.0368
20140613,28.0368
20140614,28.0368
20140615,28.0368
20140616,26.7624
20140617,25.488
20140618,28.32
20140619,33.984
20140620,33.984
20140621,95.80656
20140622,122.37072
20140623,140.55216
20140624,141.6
20140625,141.6
20140626,119.17056
20140627,125.68416
20140628,141.6
20140629,242.50416
20140630,70.8
20140701,67.91136
20140702,52.9584
20140703,49.56
20140704,49.56
20140705,49.56
20140706,49.56
20140707,28.32
20140708,28.32
20140709,28.32
20140710,28.32
20140711,28.32
20140712,28.32
20140713,28.32
20140714,28.32
20140715,103.84944
20140716,271.872
20140717,325.68
20140718,498.65856
20140719,529.584
20140720,208.86
20140721,789.42
20140722,951.43872
20140723,33.984
20140724,33.984
20140725,33.984
20140726,50.49456
20140727,56.64
20140728,56.64
20140729,56.64
20140730,368.16
20140731,335.11056
20140801,437.77056
20140802,884.66016
20140803,930.68016
20140804,765.4896
20140805,623.8896
20140806,694.6896
20140807,939.54432
20140808,1038.3528
20140809,820.62864
20140810,559.82976
20140811,379.88448
20140812,341.5392
20140813,477.24864
20140814,333.86448
20140815,350.96976
20140816,530.34864
20140817,145.64976
20140818,100.8192
20140819,100.8192
20140820,100.8192
20140821,89.4912
20140822,89.4912
20140823,89.4912
20140824,89.4912
20140825,89.4912
20140826,91.7568
20140827,89.4912
20140828,89.4912
20140829,89.4912
20140830,89.4912
20140831,89.4912
20140901,282.43536
20140902,653.54064
20140903,496.5912
20140904,448.81536
20140905,411.348
20140906,496.5912
20140907,133.75536
20140908,89.4912
20140909,190.96176
20140910,188.6112
20140911,188.6112
20140912,156.7512
20140913,94.22064
20140914,89.4912
20140915,89.4912
20140916,89.4912
20140917,96.5712
20140918,96.0048
20140919,90.624
20140920,90.624
20140921,90.624
20140922,90.624
20140923,90.624
20140924,81.5616
20140925,65.10768
20140926,94.07904
20140927,99.9696
20140928,99.9696
20140929,114.1296
20140930,114.1296
20141001,124.0416
20141002,95.0136
20141003,91.4736
20141004,91.4736
20141005,91.4736
20141006,91.4736
20141007,91.4736
20141008,91.4736
20141009,88.6416
20141010,88.6416
20141011,88.6416
20141012,88.6416
20141013,88.6416
20141014,78.24816
20141015,77.3136
20141016,77.3136
20141017,71.87616
20141018,71.6496
20141019,71.6496
20141020,71.6496
20141021,71.6496
20141022,71.6496
20141023,71.6496
20141024,71.6496
20141025,71.6496
20141026,64.08816
20141027,57.4896
20141028,57.4896
20141029,48.9936
20141030,59.6136
20141031,65.9856
20141101,68.8176
20141102,67.968
20141103,69.1008
20141104,69.1008
20141105,69.1008
20141106,69.1008
20141107,69.1008
20141108,69.1008
20141109,66.9768
20141110,66.552
20141111,66.552
20141112,66.552
20141113,64.0032
20141114,63.72
20141115,63.72
20141116,63.72
20141117,63.72
20141118,63.72
20141119,63.72
20141120,63.72
20141121,63.72
20141122,60.54816
20141123,56.64
20141124,53.808
20141125,53.808
20141126,60.888
20141127,60.888
20141128,57.43296
20141129,56.64
20141130,55.224
20141201,53.808
20141202,53.808
20141203,53.808
20141204,53.808
20141205,53.808
20141206,45.90672
20141207,39.648
20141208,39.648
20141209,38.232
20141210,38.232
20141211,36.5328
20141212,30.5856
20141213,30.5856
20141214,30.5856
20141215,30.5856
20141216,29.736
20141217,29.736
20141218,29.736
20141219,15.576
20141220,1.416
20141221,1.416
20141222,1.416
20141223,1.416
20141224,1.416
20141225,1.416
20141226,1.416
20141227,1.416
20141228,1.416
20141229,1.416
20141230,1.416
20141231,1.416
20150101,53.808
20150102,1.416
20150103,1.416
20150104,1.416
20150105,1.416
20150106,1.416
20150107,1.416
20150108,1.416
20150109,1.416
20150110,1.416
20150111,1.416
20150112,1.416
20150113,1.416
20150114,1.416
20150115,1.416
20150116,1.416
20150117,1.416
20150118,1.416
20150119,1.416
20150120,1.416
20150121,1.416
20150122,1.416
20150123,1.416
20150124,1.416
20150125,1.416
20150126,1.416
20150127,1.416
20150128,1.416
20150129,1.416
20150130,1.416
20150131,1.416
20150201,1.416
20150202,1.416
20150203,1.416
20150204,1.416
20150205,1.416
20150206,1.416
20150207,1.416
20150208,1.416
20150209,1.416
20150210,1.416
20150211,1.416
20150212,1.416
20150213,1.416
20150214,1.416
20150215,1.416
20150216,4.13472
20150217,15.576
20150218,23.364
20150219,15.7176
20150220,1.416
20150221,2.5488
20150222,6.7968
20150223,11.0448
20150224,16.93536
20150225,36.78768
20150226,49.2768
20150227,43.896
20150228,30.27408
20150301,26.904
20150302,26.904
20150303,26.904
20150304,26.904
20150305,26.904
20150306,25.00656
20150307,21.24
20150308,8.86416
20150309,7.08
20150310,16.82208
20150311,27.66864
20150312,28.32
20150313,28.32
20150314,28.32
20150315,28.32
20150316,28.32
20150317,8.2128
20150318,8.2128
20150319,8.2128
20150320,8.2128
20150321,8.2128
20150322,8.2128
20150323,8.2128
20150324,8.2128
20150325,8.2128
20150326,8.2128
20150327,15.2928
20150328,22.656
20150329,22.656
20150330,25.9128
20150331,29.736
20150401,29.736
20150402,29.736
20150403,29.736
20150404,29.736
20150405,26.904
20150406,26.904
20150407,26.6208
20150408,26.6208
20150409,18.1248
20150410,11.0448
20150411,12.4608
20150412,12.4608
20150413,12.4608
20150414,12.4608
20150415,12.4608
20150416,12.4608
20150417,12.4608
20150418,14.69808
20150419,28.40496
20150420,32.568
20150421,32.568
20150422,32.568
20150423,32.568
20150424,29.736
20150425,17.07696
20150426,15.2928
20150427,15.2928
20150428,15.2928
20150429,15.576
20150430,15.576
20150501,15.576
20150502,29.736
20150503,29.736
20150504,29.736
20150505,29.736
20150506,29.736
20150507,29.736
20150508,29.736
20150509,29.736
20150510,29.736
20150511,29.736
20150512,29.736
20150513,29.736
20150514,29.736
20150515,29.736
20150516,29.736
20150517,29.736
20150518,29.736
20150519,29.736
20150520,38.232
20150521,38.232
20150522,38.232
20150523,38.232
20150524,38.232
20150525,38.232
20150526,38.232
20150527,38.232
20150528,38.232
20150529,38.232
20150530,38.232
20150531,38.232
20150601,38.232
20150602,38.232
20150603,38.232
20150604,38.232
20150605,38.232
20150606,38.232
20150607,38.232
20150608,38.232
20150609,19.59744
20150610,15.576
20150611,15.576
20150612,15.576
20150613,15.576
20150614,15.576
20150615,15.576
20150616,15.576
20150617,15.576
20150618,15.576
20150619,15.576
20150620,15.576
20150621,14.16
20150622,14.16
20150623,14.16
20150624,84.96
20150625,167.56944
20150626,216.53472
20150627,542.80944
20150628,262.35648
20150629,293.5368
20150630,525.10944
20150701,300.9
20150702,165.19056
20150703,130.98
20150704,105.01056
20150705,0
20150706,84.96
20150707,70.8
20150708,70.8
20150709,70.8
20150710,88.5
20150711,113.28
20150712,100.30944
20150713,138.93792
20150714,141.6
20150715,104.44416
20150716,84.96
20150717,84.96
20150718,112.09056
20150719,383.50944
20150720,566.4
20150721,566.4
20150722,344.56944
20150723,161.424
20150724,179.832
20150725,198.24
20150726,192.34944
20150727,184.08
20150728,178.18944
20150729,169.92
20150730,186.912
20150731,147.03744
20150801,107.616
20150802,107.616
20150803,82.80768
20150804,80.1456
20150805,75.24624
20150806,75.24624
20150807,69.384
20150808,69.384
20150809,69.384
20150810,69.384
20150811,69.384
20150812,69.384
20150813,123.192
20150814,142.67616
20150815,151.512
20150816,138.54144
20150817,137.352
20150818,137.352
20150819,124.38144
20150820,136.16256
20150821,137.352
20150822,134.40672
20150823,165.672
20150824,179.124
20150825,171.336
20150826,139.13616
20150827,101.952
20150828,97.95888
20150829,94.872
20150830,94.872
20150831,69.384
20150901,63.72
20150902,61.48272
20150903,60.888
20150904,60.888
20150905,60.888
20150906,58.42416
20150907,58.056
20150908,56.41344
20150909,55.224
20150910,55.224
20150911,55.224
20150912,55.224
20150913,55.224
20150914,55.224
20150915,55.224
20150916,58.056
20150917,66.552
20150918,66.552
20150919,110.448
20150920,160.008
20150921,160.008
20150922,160.008
20150923,160.008
20150924,112.79856
20150925,124.608
20150926,143.016
20150927,128.856
20150928,128.856
20150929,63.72
20150930,62.19072
20151001,58.056
20151002,58.056
20151003,58.056
20151004,58.056
20151005,58.056
20151006,58.056
20151007,42.22512
20151008,38.232
20151009,38.232
20151010,50.976
20151011,52.392
20151012,52.392
20151013,52.392
20151014,52.392
20151015,52.392
20151016,52.392
20151017,52.392
20151018,52.392
20151019,52.392
20151020,52.392
20151021,52.392
20151022,49.56
20151023,49.56
20151024,49.56
20151025,49.56
20151026,49.56
20151027,49.56
20151028,49.56
20151029,49.56
20151030,49.56
20151031,49.56
20151101,49.56
20151102,49.56
20151103,49.56
20151104,49.56
20151105,41.88528
20151106,35.4
20151107,29.736
20151108,29.736
20151109,28.8864
20151110,29.736
20151111,29.736
20151112,29.736
20151113,29.736
20151114,29.736
20151115,29.736
20151116,35.4
20151117,48.144
20151118,48.144
20151119,49.56
20151120,35.4
20151121,35.4
20151122,35.4
20151123,35.4
20151124,35.4
20151125,48.37056
20151126,49.56
20151127,49.56
20151128,62.78544
20151129,72.216
20151130,62.1624
20151201,55.224
20151202,55.224
20151203,55.224
20151204,55.224
20151205,49.56
20151206,37.18416
20151207,35.4
20151208,35.4
20151209,33.984
20151210,17.47344
20151211,25.71456
20151212,33.984
20151213,33.984
20151214,25.488
20151215,25.488
20151216,25.488
20151217,25.488
20151218,25.488
20151219,25.488
20151220,25.488
20151221,25.488
20151222,25.488
20151223,25.488
20151224,25.488
20151225,25.488
20151226,5.664
20151227,5.664
20151228,5.664
20151229,5.664
20151230,5.664
20151231,5.664
20160101,5.664
20160102,5.664
20160103,5.664
20160104,5.664
20160105,5.664
20160106,5.664
20160107,5.664
20160108,5.664
20160109,5.664
20160110,12.40416
20160111,14.16
20160112,14.16
20160113,14.16
20160114,14.16
20160115,14.16
20160116,1.416
20160117,1.416
20160118,1.416
20160119,1.416
20160120,1.416
20160121,1.416
20160122,1.416
20160123,1.416
20160124,1.416
20160125,1.416
20160126,1.416
20160127,1.416
20160128,1.416
20160129,1.416
20160130,10.45008
20160131,14.16
20160201,14.16
20160202,14.16
20160203,14.16
20160204,14.16
20160205,14.16
20160206,7.788
20160207,5.664
20160208,5.664
20160209,5.664
20160210,5.664
20160211,5.664
20160212,5.664
20160213,5.664
20160214,5.664
20160215,5.664
20160216,5.664
20160217,5.664
20160218,5.664
20160219,14.16
20160220,14.16
20160221,26.84736
20160222,26.84736
20160223,28.32
20160224,40.12944
20160225,42.48
20160226,35.99472
20160227,28.32
20160228,28.32
20160229,28.32
20160301,28.32
20160302,28.32
20160303,28.32
20160304,28.32
20160305,28.32
20160306,28.32
20160307,28.32
20160308,28.32
20160309,21.24
20160310,16.992
20160311,16.992
20160312,16.992
20160313,16.992
20160314,16.992
20160315,16.992
20160316,16.992
20160317,16.992
20160318,16.992
20160319,16.992
20160320,16.992
20160321,16.992
20160322,16.992
20160323,16.992
20160324,16.992
20160325,16.992
20160326,16.992
20160327,16.992
20160328,16.992
20160329,16.992
20160330,15.23616
20160331,14.16
20160401,14.16
20160402,15.94416
20160403,16.992
20160404,16.992
20160405,16.992
20160406,16.992
20160407,27.612
20160408,16.284
20160409,11.328
20160410,29.50944
20160411,42.48
20160412,30.10416
20160413,28.32
20160414,28.32
20160415,28.32
20160416,28.32
20160417,28.32
20160418,28.32
20160419,28.32
20160420,28.32
20160421,28.32
20160422,28.32
20160423,28.32
20160424,28.32
20160425,28.32
20160426,28.32
20160427,28.32
20160428,28.32
20160429,28.32
20160430,28.32
20160501,28.32
20160502,28.32
20160503,28.32
20160504,28.32
20160505,28.32
20160506,28.32
20160507,28.32
20160508,14.16
20160509,14.16
20160510,14.16
20160511,25.96944
20160512,28.32
20160513,28.32
20160514,28.32
20160515,28.32
20160516,28.32
20160517,28.32
20160518,28.32
20160519,28.32
20160520,28.32
20160521,28.32
20160522,15.94416
20160523,14.16
20160524,14.16
20160525,14.16
20160526,14.16
20160527,5.664
20160528,7.44816
20160529,10.84656
20160530,14.16
20160531,14.16
20160601,18.63456
20160602,14.16
20160603,14.16
20160604,14.16
20160605,14.16
20160606,6.74016
20160607,5.664
20160608,5.664
20160609,5.664
20160610,5.664
20160611,5.664
20160612,5.664
20160613,5.664
20160614,5.664
20160615,5.664
20160616,5.664
20160617,5.664
20160618,5.664
20160619,5.664
20160620,5.664
20160621,5.664
20160622,5.664
20160623,5.664
20160624,5.664
20160625,5.664
20160626,28.32
20160627,28.32
20160628,28.32
20160629,28.32
20160630,28.32
20160701,57.51792
20160702,70.8
20160703,70.8
20160704,70.8
20160705,70.8
20160706,70.8
20160707,90.28416
20160708,99.12
20160709,99.12
20160710,99.12
20160711,99.12
20160712,99.12
20160713,99.12
20160714,99.12
20160715,99.12
20160716,99.12
20160717,99.12
20160718,99.12
20160719,70.8
20160720,70.8
20160721,56.64
20160722,70.8
20160723,56.64
20160724,56.64
20160725,56.64
20160726,81.36336
20160727,86.0928
20160728,97.90224
20160729,88.16016
20160730,86.376
20160731,86.376
20160801,86.376
20160802,86.376
20160803,86.376
20160804,86.376
20160805,92.86128
20160806,109.032
20160807,109.032
20160808,109.032
20160809,109.032
20160810,109.032
20160811,123.192
20160812,130.272
20160813,123.192
20160814,123.192
20160815,123.192
20160816,137.352
20160817,137.352
20160818,137.352
20160819,159.18672
20160820,165.672
20160821,165.672
20160822,154.45728
20160823,151.512
20160824,123.192
20160825,123.192
20160826,123.192
20160827,123.192
20160828,123.192
20160829,123.192
20160830,110.22144
20160831,109.032
20160901,58.056
20160902,58.056
20160903,58.056
20160904,32.08656
20160905,29.736
20160906,29.736
20160907,54.516
20160908,127.66656
20160909,170.14656
20160910,156.58128
20160911,135.936
20160912,128.856
20160913,118.83072
20160914,114.696
20160915,114.696
20160916,114.696
20160917,114.696
20160918,88.16016
20160919,72.216
20160920,66.32544
20160921,33.276
20160922,15.576
20160923,15.576
20160924,15.576
20160925,15.576
20160926,15.576
20160927,15.576
20160928,15.576
20160929,15.576
20160930,15.576
20161001,15.576
20161002,15.576
20161003,15.576
20161004,50.976
20161005,114.696
20161006,114.696
20161007,114.696
20161008,114.696
20161009,133.58544
20161010,143.016
20161011,74.56656
20161012,24.44016
20161013,15.576
20161014,15.576
20161015,14.16
20161016,14.16
20161017,14.16
20161018,14.16
20161019,8.496
20161020,8.496
20161021,8.496
20161022,8.496
20161023,9.912
20161024,31.152
20161025,66.552
20161026,66.552
20161027,66.552
20161028,60.888
20161029,60.888
20161030,35.4
20161031,8.496
20161101,8.496
20161102,8.496
20161103,8.496
20161104,8.496
20161105,8.496
20161106,8.496
20161107,13.67856
20161108,17.92656
20161109,16.992
20161110,36.44784
20161111,62.304
20161112,62.304
20161113,62.304
20161114,62.304
20161115,35.4
20161116,8.496
20161117,8.496
20161118,8.496
20161119,8.496
20161120,8.58096
20161121,8.496
20161122,12.3192
20161123,14.16
20161124,14.16
20161125,14.16
20161126,21.948
20161127,21.24
20161128,15.34944
20161129,14.16
20161130,14.16
20161201,12.26256
20161202,8.496
20161203,8.496
20161204,8.496
20161205,8.496
20161206,12.744
20161207,14.16
20161208,14.16
20161209,16.39728
20161210,16.992
20161211,16.992
20161212,16.992
20161213,16.992
20161214,16.992
20161215,16.992
20161216,15.34944
20161217,14.16
20161218,14.16
20161219,14.16
20161220,14.16
20161221,14.16
20161222,14.16
20161223,14.16
20161224,14.16
20161225,14.16
20161226,14.16
20161227,14.16
20161228,14.16
20161229,14.16
20161230,14.16
20161231,14.16
20170101,14.16
20170102,14.16
20170103,14.16
20170104,14.16
20170105,14.16
20170106,14.16
20170107,14.16
20170108,14.16
20170109,14.16
20170110,14.16
20170111,14.16
20170112,14.16
20170113,14.16
20170114,14.16
20170115,14.16
20170116,14.16
20170117,14.16
20170118,14.16
20170119,14.16
20170120,14.16
20170121,14.16
20170122,14.16
20170123,14.16
20170124,2.35056
20170125,14.16
20170126,14.16
20170127,14.16
20170128,14.16
20170129,14.16
20170130,14.16
20170131,14.16
20170201,14.16
20170202,14.16
20170203,14.16
20170204,19.824
20170205,19.824
20170206,19.824
20170207,19.824
20170208,19.824
20170209,19.824
20170210,19.824
20170211,19.824
20170212,19.824
20170213,14.16
20170214,14.16
20170215,14.16
20170216,14.16
20170217,14.16
20170218,19.824
20170219,19.824
20170220,19.824
20170221,19.824
20170222,19.824
20170223,19.824
20170224,19.824
20170225,19.824
20170226,19.824
20170227,19.824
20170228,22.656
20170301,22.656
20170302,22.656
20170303,22.656
20170304,22.656
20170305,22.656
20170306,22.656
20170307,22.656
20170308,0
20170309,2.832
20170310,2.832
20170311,2.832
20170312,2.832
20170313,2.832
20170314,2.832
20170315,2.832
20170316,2.832
20170317,2.832
20170318,2.832
20170319,2.832
20170320,2.832
20170321,2.832
20170322,2.832
20170323,2.832
20170324,2.832
20170325,2.832
20170326,2.832
20170327,2.832
20170328,2.832
20170329,2.832
20170330,2.832
20170331,2.832
20170401,2.832
20170402,2.832
20170403,2.832
20170404,2.832
20170405,2.832
20170406,2.832
20170407,2.832
20170408,2.832
20170409,2.832
20170410,2.832
20170411,2.832
20170412,2.832
20170413,2.832
20170414,2.832
20170415,2.832
20170416,2.832
20170417,2.832
20170418,2.832
20170419,2.832
20170420,2.832
20170421,2.832
20170422,2.832
20170423,1.416
20170424,1.416
20170425,1.416
20170426,1.416
20170427,1.416
20170428,1.416
20170429,1.416
20170430,1.416
20170501,1.416
20170502,1.416
20170503,1.416
20170504,1.416
20170505,2.832
20170506,2.832
20170507,2.832
20170508,2.832
20170509,2.832
20170510,2.832
20170511,2.832
20170512,2.832
20170513,2.832
20170514,2.832
20170515,2.832
20170516,2.832
20170517,2.832
20170518,2.832
20170519,2.832
20170520,2.832
20170521,2.832
20170522,2.832
20170523,2.832
20170524,2.832
20170525,2.832
20170526,2.832
20170527,2.832
20170528,2.832
20170529,2.832
20170530,2.832
20170531,2.832
20170601,2.832
20170602,2.832
20170603,2.832
20170604,2.832
20170605,2.832
20170606,2.832
20170607,2.832
20170608,2.832
20170609,2.832
20170610,2.832
20170611,2.832
20170612,2.832
20170613,2.832
20170614,2.832
20170615,2.832
20170616,2.832
20170617,2.832
20170618,2.832
20170619,2.832
20170620,2.832
20170621,2.832
20170622,2.832
20170623,2.832
20170624,2.832
20170625,2.832
20170626,2.832
20170627,2.832
20170628,2.832
20170629,2.832
20170630,30.21744
20170701,84.96
20170702,74.93472
20170703,56.64
20170704,56.64
20170705,56.64
20170706,56.64
20170707,56.64
20170708,56.64
20170709,56.64
20170710,56.64
20170711,56.64
20170712,56.64
20170713,56.64
20170714,56.64
20170715,56.64
20170716,56.64
20170717,56.64
20170718,56.64
20170719,56.64
20170720,56.64
20170721,56.64
20170722,107.38944
20170723,169.92
20170724,169.92
20170725,169.92
20170726,169.92
20170727,169.92
20170728,169.92
20170729,169.92
20170730,169.92
20170731,169.92
20170801,169.92
20170802,169.92
20170803,169.92
20170804,169.92
20170805,169.92
20170806,169.92
20170807,148.68
20170808,113.28
20170809,113.28
20170810,113.28
20170811,153.40944
20170812,176.292
20170813,170.628
20170814,170.628
20170815,153.15456
20170816,126.61872
20170817,108.324
20170818,108.324
20170819,108.324
20170820,108.324
20170821,108.324
20170822,108.324
20170823,108.324
20170824,108.324
20170825,108.324
20170826,85.668
20170827,85.668
20170828,85.668
20170829,85.668
20170830,63.72
20170831,94.39056
20170901,113.28
20170902,113.28
20170903,92.04
20170904,56.64
20170905,56.64
20170906,56.64
20170907,56.64
20170908,56.64
20170909,56.64
20170910,56.64
20170911,56.64
20170912,56.64
20170913,56.64
20170914,56.64
20170915,48.144
20170916,48.144
20170917,47.26608
20170918,51.684
20170919,223.02
20170920,420.07056
20170921,255.588
20170922,307.272
20170923,312.936
20170924,312.936
20170925,189.036
20170926,143.49744
20170927,142.308
20170928,135.228
20170929,128.148
20170930,128.148
20171001,113.988
20171002,93.93744
20171003,85.668
20171004,85.668
20171005,85.668
20171006,85.668
20171007,57.348
20171008,57.348
20171009,57.348
20171010,57.348
20171011,57.348
20171012,20.75856
20171013,0.708
20171014,0.708
20171015,0.708
20171016,0.708
20171017,0.708
20171018,0.708
20171019,9.204
20171020,9.204
20171021,9.204
20171022,9.204
20171023,16.284
20171024,17.7
20171025,26.196
20171026,37.524
20171027,37.524
20171028,43.188
20171029,43.188
20171030,43.188
20171031,43.188
20171101,43.188
20171102,43.188
20171103,43.188
20171104,43.188
20171105,43.188
20171106,43.188
20171107,29.028
20171108,14.868
20171109,14.868
20171110,14.868
20171111,14.868
20171112,14.868
20171113,14.868
20171114,14.868
20171115,14.868
20171116,14.868
20171117,14.868
20171118,14.868
20171119,14.868
20171120,14.868
20171121,36.108
20171122,57.348
20171123,48.852
20171124,48.852
20171125,48.852
20171126,48.852
20171127,48.852
20171128,57.348
20171129,56.64
20171130,56.64
20171201,56.64
20171202,48.144
20171203,48.144
20171204,31.152
20171205,14.16
20171206,14.16
20171207,14.16
20171208,14.16
20171209,14.16
20171210,14.16
20171211,14.16
20171212,14.16
20171213,14.16
20171214,14.16
20171215,14.16
20171216,14.16
20171217,15.576
20171218,15.576
20171219,36.108
20171220,36.108
20171221,43.188
20171222,43.188
20171223,43.188
20171224,43.188
20171225,43.188
20171226,30.21744
20171227,21.35328
20171228,14.868
20171229,14.868
20171230,14.868
20171231,14.16
20180101,14.16
20180102,14.16
20180103,14.16
20180104,14.16
20180105,14.16
20180106,8.496
20180107,8.496
20180108,8.496
20180109,8.496
20180110,8.496
20180111,8.496
20180112,8.496
20180113,8.496
20180114,8.496
20180115,8.496
20180116,8.496
20180117,8.496
20180118,8.496
20180119,8.496
20180120,8.496
20180121,8.496
20180122,8.496
20180123,8.496
20180124,8.496
20180125,8.496
20180126,8.496
20180127,8.496
20180128,11.328
20180129,11.328
20180130,11.328
20180131,11.328
20180201,11.328
20180202,16.992
20180203,16.992
20180204,16.992
20180205,16.992
20180206,16.992
20180207,60.18
20180208,60.18
20180209,60.18
20180210,60.18
20180211,60.18
20180212,60.888
20180213,60.888
20180214,60.888
20180215,60.888
20180216,60.888
20180217,60.888
20180218,37.524
20180219,36.108
20180220,21.24
20180221,28.32
20180222,28.32
20180223,22.656
20180224,22.656
20180225,22.656
20180226,22.656
20180227,22.656
20180228,22.656
20180301,22.656
20180302,19.824
20180303,19.824
20180304,19.824
20180305,19.824
20180306,46.728
20180307,55.224
20180308,55.224
20180309,55.224
20180310,55.224
20180311,55.224
20180312,55.224
20180313,52.392
20180314,49.56
20180315,49.56
20180316,14.16
20180317,7.788
20180318,5.664
20180319,5.664
20180320,5.664
20180321,5.664
20180322,11.328
20180323,16.992
20180324,16.992
20180325,15.576
20180326,14.16
20180327,15.576
20180328,16.992
20180329,16.992
20180330,16.992
20180331,16.992
20180401,16.992
20180402,16.992
20180403,16.992
20180404,16.992
20180405,16.992
20180406,36.816
20180407,38.232
20180408,38.232
20180409,38.232
20180410,38.232
20180411,41.064
20180412,46.728
20180413,46.728
20180414,45.312
20180415,43.896
20180416,14.16
20180417,14.16
20180418,14.16
20180419,14.16
20180420,14.16
20180421,16.992
20180422,16.992
20180423,16.992
20180424,16.992
20180425,16.992
20180426,16.992
20180427,16.992
20180428,16.992
20180429,16.992
20180430,16.992
20180501,16.992
20180502,16.992
20180503,16.992
20180504,16.992
20180505,16.992
20180506,16.992
20180507,16.992
20180508,16.992
20180509,16.992
20180510,16.992
20180511,16.992
20180512,16.992
20180513,16.992
20180514,16.992
20180515,16.992
20180516,16.992
20180517,16.992
20180518,16.992
20180519,16.992
20180520,16.992
20180521,16.992
20180522,16.992
20180523,16.992
20180524,16.992
20180525,16.992
20180526,10.62
20180527,8.496
20180528,8.496
20180529,8.496
20180530,8.496
20180531,8.496
20180601,8.496
20180602,8.496
20180603,6.14544
20180604,2.832
20180605,2.832
20180606,2.832
20180607,2.832
20180608,2.832
20180609,2.832
20180610,2.832
20180611,2.832
20180612,2.832
20180613,2.832
20180614,2.832
20180615,459.01056
20180616,991.2
20180617,531
20180618,20.64528
20180619,14.16
20180620,14.16
20180621,350.46
20180622,699.87216
20180623,425.508
20180624,188.80944
20180625,7.08
20180626,14.16
20180627,14.16
20180628,174.64944
20180629,625.39056
20180630,554.59056
20180701,206.50944
20180702,141.6
20180703,141.6
20180704,141.6
20180705,141.6
20180706,28.32
20180707,126.36384
20180708,718.62
20180709,1019.52
20180710,1044.3
20180711,1123.36944
20180712,1369.98
20180713,1338.12
20180714,1297.056
20180715,1167.23712
20180716,943.056
20180717,1013.856
20180718,1155.456
20180719,1013.856
20180720,1031.556
20180721,438.47856
20180722,977.97456
20180723,883.584
20180724,768.54816
20180725,851.724
20180726,765.57456
20180727,741.984
20180728,741.984
20180729,541.39344
20180730,458.784
20180731,458.784
20180801,458.784
20180802,600.384
20180803,547.284
20180804,458.784
20180805,458.784
20180806,305.37456
20180807,175.584
20180808,218.064
20180809,1247.60928
20180810,2133.09072
20180811,2299.584
20180812,2299.584
20180813,1455.87456
20180814,1168.2
20180815,1233.10944
20180816,1463.20944
20180817,1970.59056
20180818,2247.9
20180819,1781.80944
20180820,1321.60944
20180821,766.99056
20180822,601.8
20180823,460.2
20180824,460.2
20180825,359.89056
20180826,318.6
20180827,177
20180828,177
20180829,261.96
20180830,323.32944
20180831,328.03056
20180901,219.48
20180902,84.96
20180903,63.72
20180904,77.88
20180905,120.36
20180906,120.36
20180907,60.888
20180908,43.896
20180909,43.896
20180910,43.896
20180911,42.48
20180912,42.48
20180913,42.48
20180914,42.48
20180915,42.48
20180916,42.48
20180917,42.48
20180918,42.48
20180919,55.224
20180920,66.552
20180921,66.552
20180922,66.552
20180923,66.552
20180924,66.552
20180925,66.552
20180926,66.552
20180927,66.552
20180928,66.552
20180929,66.552
20180930,56.64
20181001,56.64
20181002,58.056
20181003,58.056
20181004,58.056
20181005,58.056
20181006,58.056
20181007,58.056
20181008,58.056
20181009,58.056
20181010,63.94656
20181011,59.24544
20181012,58.056
20181013,58.056
20181014,43.896
20181015,43.896
20181016,43.896
20181017,43.896
20181018,93.456
20181019,79.89072
20181020,50.976
20181021,48.59712
20181022,57.23472
20181023,42.48
20181024,42.48
20181025,42.48
20181026,42.48
20181027,42.48
20181028,50.976
20181029,56.64
20181030,56.64
20181031,56.64
20181101,58.056
20181102,58.056
20181103,58.056
20181104,43.896
20181105,43.896
20181106,43.896
20181107,43.896
20181108,43.896
20181109,43.896
20181110,49.56
20181111,45.312
20181112,48.144
20181113,48.144
20181114,43.188
20181115,41.064
20181116,41.064
20181117,46.728
20181118,42.48
20181119,42.48
20181120,35.4
20181121,28.32
20181122,24.072
20181123,25.488
20181124,28.20672
20181125,29.736
20181126,29.736
20181127,35.4
20181128,38.232
20181129,39.648
20181130,21.24
20181201,26.904
20181202,16.284
20181203,14.16
20181204,8.496
20181205,4.248
20181206,4.248
20181207,4.248
20181208,4.248
20181209,8.496
20181210,4.248
20181211,8.496
20181212,12.744
20181213,25.488
20181214,32.568
20181215,15.576
20181216,8.496
20181217,7.08
20181218,8.496
20181219,12.744
20181220,14.16
20181221,10.62
20181222,5.664
20181223,0
20181224,0
20181225,0
20181226,0
20181227,0
20181228,0
20181229,0
20181230,0
20181231,0
20190101,0
20190102,0
20190103,0
20190104,0
20190105,0
20190106,7.95792
20190107,14.16
20190108,14.16
20190109,14.16
20190110,14.16
20190111,10.62
20190112,7.08
20190113,7.08
20190114,5.664
20190115,5.664
20190116,5.664
20190117,9.912
20190118,14.16
20190119,14.16
20190120,14.16
20190121,14.16
20190122,14.16
20190123,14.16
20190124,14.16
20190125,5.29584
20190126,0
20190127,0
20190128,2.124
20190129,3.54
20190130,8.41104
20190131,14.16
20190201,14.16
20190202,14.16
20190203,14.16
20190204,14.16
20190205,14.16
20190206,9.43056
20190207,7.08
20190208,7.08
20190209,7.08
20190210,10.62
20190211,14.16
20190212,14.16
20190213,14.16
20190214,14.16
20190215,14.16
20190216,19.824
20190217,42.48
20190218,36.27792
20190219,7.08
20190220,14.16
20190221,14.16
20190222,14.16
20190223,14.16
20190224,19.824
20190225,19.824
20190226,22.656
20190227,22.656
20190228,22.17456
20190301,21.948
20190302,23.59056
20190303,25.488
20190304,25.488
20190305,23.364
20190306,22.656
20190307,22.656
20190308,22.656
20190309,22.656
20190310,22.656
20190311,22.656
20190312,22.656
20190313,22.656
20190314,22.656
20190315,22.656
20190316,28.32
20190317,24.29856
20190318,22.656
20190319,22.656
20190320,22.656
20190321,48.62544
20190322,50.976
20190323,50.976
20190324,36.816
20190325,52.392
20190326,52.392
20190327,65.136
20190328,52.392
20190329,51.684
20190330,51.684
20190331,37.524
20190401,23.364
20190402,22.656
20190403,19.824
20190404,21.24
20190405,21.24
20190406,17.7
20190407,11.328
20190408,11.328
20190409,18.408
20190410,48.62544
20190411,48.144
20190412,50.976
20190413,50.976
20190414,50.976
20190415,50.976
20190416,50.976
20190417,50.976
20190418,50.976
20190419,36.816
20190420,22.656
20190421,22.656
20190422,22.656
20190423,22.656
20190424,22.656
20190425,22.656
20190426,22.656
20190427,22.656
20190428,24.072
20190429,25.488
20190430,25.488
20190501,25.488
20190502,16.992
20190503,14.16
20190504,19.824
20190505,19.824
20190506,19.824
20190507,45.76512
20190508,48.144
20190509,48.144
20190510,48.144
20190511,48.144
20190512,48.144
20190513,48.144
20190514,48.144
20190515,50.976
20190516,22.656
20190517,22.656
20190518,22.656
20190519,22.656
20190520,22.656
20190521,22.656
20190522,22.656
20190523,22.656
20190524,28.80144
20190525,30.92544
20190526,33.984
20190527,25.488
20190528,25.488
20190529,25.488
20190530,24.072
20190531,22.656
20190601,22.656
20190602,22.656
20190603,22.656
20190604,45.312
20190605,22.656
20190606,21.948
20190607,19.824
20190608,19.824
20190609,19.824
20190610,21.948
20190611,19.824
20190612,19.824
20190613,19.824
20190614,19.824
20190615,19.824
20190616,19.824
20190617,19.824
20190618,19.824
20190619,19.824
20190620,17.92656
20190621,16.992
20190622,16.992
20190623,16.992
20190624,16.992
20190625,16.992
20190626,16.992
20190627,16.992
20190628,16.992
20190629,14.4432
20190630,14.16
20190701,14.16
20190702,14.16
20190703,14.16
20190704,14.16
20190705,14.16
20190706,14.16
20190707,14.16
20190708,14.16
20190709,14.16
20190710,14.16
20190711,14.16
20190712,14.16
20190713,14.16
20190714,14.16
20190715,14.16
20190716,14.16
20190717,14.16
20190718,14.16
20190719,14.16
20190720,56.64
20190721,97.93056
20190722,136.30416
20190723,141.6
20190724,141.6
20190725,141.6
20190726,184.08
20190727,198.24
20190728,151.03056
20190729,141.6
20190730,93.22944
20190731,46.02
20190801,35.99472
20190802,18.18144
20190803,28.32
20190804,29.028
20190805,29.1696
20190806,28.8864
20190807,60.34992
20190808,310.07568
20190809,2208.36528
20190810,2919.31056
20190811,3426.72
20190812,1523.36112
20190813,659.62944
20190814,954.61056
20190815,487.33056
20190816,178.18944
20190817,251.34
20190818,219.48
20190819,133.33056
20190820,169.92
20190821,169.92
20190822,115.63056
20190823,113.28
20190824,113.988
20190825,170.628
20190826,113.988
20190827,154.11744
20190828,242.61744
20190829,368.868
20190830,170.628
20190831,170.628
20190901,170.628
20190902,142.308
20190903,215.45856
20190904,340.548
20190905,754.728
20190906,642.63744
20190907,689.81856
20190908,689.81856
20190909,737.028
20190910,737.028
20190911,388.91856
20190912,241.428
20190913,270.93744
20190914,118.71744
20190915,113.988
20190916,113.988
20190917,113.988
20190918,113.988
20190919,62.67216
20190920,121.068
20190921,59.69856
20190922,57.348
20190923,57.348
20190924,57.348
20190925,95.09856
20190926,78.588
20190927,85.668
20190928,87.5088
20190929,101.6688
20190930,68.61936
20191001,59.1888
20191002,45.0288
20191003,45.0288
20191004,45.0288
20191005,45.0288
20191006,45.0288
20191007,45.0288
20191008,45.0288
20191009,45.0288
20191010,45.0288
20191011,45.0288
20191012,45.0288
20191013,45.0288
20191014,45.0288
20191015,45.0288
20191016,45.0288
20191017,15.576
20191018,15.576
20191019,15.576
20191020,92.26656
20191021,69.86544
20191022,135.936
20191023,143.016
20191024,68.676
20191025,134.74656
20191026,256.296
20191027,256.296
20191028,82.836
20191029,58.056
20191030,58.056
20191031,29.736
20191101,104.076
20191102,58.056
20191103,66.32544
20191104,46.24656
20191105,43.896
20191106,48.62544
20191107,49.56
20191108,49.56
20191109,48.852
20191110,48.852
20191111,48.852
20191112,
20191113,48.852
20191114,48.852
20191115,48.852
20191116,57.348
20191117,57.348
20191118,57.348
20191119,57.348
20191120,59.69856
20191121,63.72
20191122,63.72
20191123,62.304
20191124,62.304
20191125,62.304
20191126,62.304
20191127,62.304
20191128,62.304
20191129,62.304
20191130,62.304
20191201,62.304
20191202,62.304
20191203,62.304
20191204,48.144
20191205,48.144
20191206,48.144
20191207,48.144
20191208,48.144
20191209,48.144
20191210,48.144
20191211,48.852
20191212,48.144
20191213,48.144
20191214,39.648
20191215,28.32
20191216,28.32
20191217,28.32
20191218,28.32
20191219,28.32
20191220,28.32
20191221,28.32
20191222,29.736
20191223,29.736
20191224,15.576
20191225,1.416
20191226,1.416
20191227,1.416
20191228,1.416
20191229,1.416
20191230,1.416
20191231,1.416
20200101,1.416
20200102,1.416
20200103,1.416
20200104,1.416
20200105,1.416
20200106,1.416
20200107,1.416
20200108,1.416
20200109,1.416
20200110,1.416
20200111,1.416
20200112,1.416
20200113,1.416
20200114,0
20200115,0
20200116,0
20200117,0
20200118,0
20200119,0
20200120,0
20200121,0
20200122,0
20200123,0
20200124,0
20200125,0
20200126,0
20200127,0
20200128,0
20200129,0
20200130,0
20200131,0
20200201,0
20200202,0
20200203,0
20200204,0
20200205,0
20200206,0
20200207,0
20200208,0
20200209,0
20200210,7.08
20200211,7.08
20200212,7.08
20200213,7.08
20200214,7.08
20200215,0
20200216,0
20200217,0
20200218,0
20200219,0
20200220,0
20200221,0
20200222,0
20200223,0
20200224,7.08
20200225,7.08
20200226,21.01344
20200227,63.46512
20200228,76.464
20200229,48.144
20200301,48.144
20200302,48.144
20200303,48.852
20200304,48.852
20200305,48.852
20200306,48.852
20200307,48.852
20200308,48.852
20200309,48.852
20200310,48.852
20200311,38.94
20200312,21.24
20200313,21.24
20200314,21.24
20200315,21.24
20200316,20.532
20200317,19.824
20200318,19.824
20200319,19.824
20200320,19.824
20200321,19.824
20200322,19.824
20200323,19.824
20200324,19.824
20200325,19.824
20200326,19.824
20200327,19.824
20200328,19.824
20200329,19.824
20200330,29.028
20200331,29.028
20200401,33.276
20200402,37.524
20200403,37.524
20200404,37.524
20200405,37.524
20200406,37.524
20200407,37.524
20200408,37.524
20200409,28.68816
20200410,19.824
20200411,19.824
20200412,19.824
20200413,19.824
20200414,19.824
20200415,19.824
20200416,19.824
20200417,19.824
20200418,19.824
20200419,19.824
20200420,19.824
20200421,19.824
20200422,27.612
20200423,28.32
20200424,28.32
20200425,20.532
20200426,19.824
20200427,19.824
20200428,19.824
20200429,19.824
20200430,19.824
20200501,19.824
20200502,19.824
20200503,19.824
20200504,19.824
20200505,19.824
20200506,19.824
20200507,28.32
20200508,43.188
20200509,43.188
20200510,43.188
20200511,43.188
20200512,43.188
20200513,43.188
20200514,43.188
20200515,50.976
20200516,51.684
20200517,53.808
20200518,54.516
20200519,54.516
20200520,32.08656
20200521,16.992
20200522,16.992
20200523,16.992
20200524,16.992
20200525,16.992
20200526,16.992
20200527,16.992
20200528,21.948
20200529,22.656
20200530,22.656
20200531,22.656
20200601,22.656
20200602,22.656
20200603,22.656
20200604,22.656
20200605,22.656
20200606,22.656
20200607,22.656
20200608,22.656
20200609,37.524
20200610,42.48
20200611,42.48
20200612,42.48
20200613,42.48
20200614,42.48
20200615,42.48
20200616,42.48
20200617,42.48
20200618,42.48
20200619,58.39584
20200620,70.8
20200621,70.8
20200622,46.02
20200623,42.48
20200624,42.48
20200625,42.48
20200626,42.48
20200627,42.48
20200628,42.48
20200629,42.48
20200630,42.48
20200701,42.48
20200702,42.48
20200703,42.48
20200704,42.48
20200705,42.48
20200706,42.48
20200707,42.48
20200708,42.48
20200709,
20200710,
20200711,
20200712,
20200713,
20200714,
20200715,
20200716,
20200717,
20200718,
20200719,
20200720,
20200721,
20200722,
20200723,42.48
20200724,53.3832
20200725,64.31472
20200726,70.8
20200727,70.8
20200728,46.24656
20200729,36.816
20200730,47.09616
20200731,70.8
20200801,70.8
20200802,70.8
20200803,70.8
20200804,99.71472
20200805,624.68256
20200806,
20200807,
20200808,
20200809,
20200810,
20200811,
20200812,
20200813,681.46416
20200814,442.5
20200815,442.5
20200816,248.0832
20200817,60.18
20200818,60.18
20200819,60.18
20200820,92.63472
20200821,115.06416
20200822,82.60944
20200823,76.69056
20200824,60.18
20200825,60.18
20200826,60.18
20200827,60.18
20200828,74.34
20200829,74.34
20200830,74.34
20200831,74.34
20200901,74.34
20200902,60.18
20200903,60.18
20200904,60.18
20200905,60.18
20200906,60.18
20200907,60.18
20200908,60.18
20200909,60.18
20200910,60.18
20200911,60.18
20200912,72.58416
20200913,107.98416
20200914,144.26208
20200915,159.3
20200916,68.73264
20200917,131.85792
20200918,90.85056
20200919,107.98416
20200920,325.08528
20200921,1008.9
20200922,855.49056
20200923,126.56208
20200924,512.70528
20200925,83.48736
20200926,91.16208
20200927,104.13264
20200928,93.22944
20200929,51.34416
20200930,71.39472
20201001,54.88416
20201002,58.056
20201003,58.056
20201004,52.392
20201005,52.392
20201006,58.056
20201007,58.056
20201008,58.056
20201009,58.056
20201010,49.56
20201011,46.728
20201012,41.772
20201013,46.728
20201014,121.068
20201015,96.06144
20201016,66.552
20201017,54.45936
20201018,52.392
20201019,52.392
20201020,52.392
20201021,52.392
20201022,52.392
20201023,52.392
20201024,52.392
20201025,58.056
20201026,58.056
20201027,58.056
20201028,58.056
20201029,58.056
20201030,59.472
20201031,66.2688
20201101,64.8528
20201102,60.6048
20201103,59.1888
20201104,54.9408
20201105,53.5248
20201106,53.5248
20201107,53.5248
20201108,53.5248
20201109,53.5248
20201110,56.3568
20201111,56.3568
20201112,64.8528
20201113,69.1008
20201114,67.6848
20201115,59.1888
20201116,67.6848
20201117,62.0208
20201118,53.5248
20201119,62.0208
20201120,60.888
20201121,66.552
20201122,69.384
20201123,69.384
20201124,73.632
20201125,73.632
20201126,72.216
20201127,47.436
20201128,42.1968
20201129,49.92816
20201130,55.224
20201201,55.224
20201202,56.64
20201203,56.64
20201204,55.224
20201205,55.224
20201206,55.224
20201207,55.224
20201208,55.224
20201209,29.736
20201210,21.24
20201211,21.24
20201212,7.08
20201213,7.08
20201214,7.08
20201215,12.744
20201216,19.116
20201217,
20201218,
20201219,
20201220,
20201221,
20201222,
20201223,
20201224,
20201225,
20201226,
20201227,
20201228,
20201229,
20201230,
20201231,
