Date,Observed Storage
20110101,16.04
20110102,16.08
20110103,16.12
20110104,16.16
20110105,16.19
20110106,16.22
20110107,16.26
20110108,16.29
20110109,16.33
20110110,16.36
20110111,16.39
20110112,16.44
20110113,16.44
20110114,16.45
20110115,16.47
20110116,16.48
20110117,16.49
20110118,16.51
20110119,16.53
20110120,16.54
20110121,16.56
20110122,16.57
20110123,16.58
20110124,16.59
20110125,16.6
20110126,16.61
20110127,16.61
20110128,16.55
20110129,16.47
20110130,16.41
20110131,16.36
20110201,16.3
20110202,16.25
20110203,16.19
20110204,16.19
20110205,16.19
20110206,16.19
20110207,16.19
20110208,16.19
20110209,16.19
20110210,16.19
20110211,16.15
20110212,16.09
20110213,16.03
20110214,15.97
20110215,15.91
20110216,15.85
20110217,15.79
20110218,15.73
20110219,15.67
20110220,15.61
20110221,15.56
20110222,15.5
20110223,15.45
20110224,15.39
20110225,15.32
20110226,15.2
20110227,15.06
20110228,14.96
20110301,14.86
20110302,14.72
20110303,14.57
20110304,14.43
20110305,14.43
20110306,14.11
20110307,13.95
20110308,13.8
20110309,13.64
20110310,13.49
20110311,13.34
20110312,13.19
20110313,13.05
20110314,12.91
20110315,12.76
20110316,12.62
20110317,12.47
20110318,12.33
20110319,12.18
20110320,12.04
20110321,11.91
20110322,11.79
20110323,11.66
20110324,11.58
20110325,11.49
20110326,11.48
20110327,11.47
20110328,11.46
20110329,11.46
20110330,11.45
20110331,11.41
20110401,11.35
20110402,11.29
20110403,11.17
20110404,11.06
20110405,10.96
20110406,10.85
20110407,10.71
20110408,10.63
20110409,10.49
20110410,10.34
20110411,3.88
20110412,10.05
20110413,9.9
20110414,9.77
20110415,9.64
20110416,9.51
20110417,9.38
20110418,9.26
20110419,9.18
20110420,9.12
20110421,9.12
20110422,9.12
20110423,9.28
20110424,9.7
20110425,9.91
20110426,10.1
20110427,10.15
20110428,10.18
20110429,10.13
20110430,10.07
20110501,10.04
20110502,9.99
20110503,9.94
20110504,9.88
20110505,9.84
20110506,9.68
20110507,9.54
20110508,9.4
20110509,9.24
20110510,9.08
20110511,8.92
20110512,8.76
20110513,8.6
20110514,8.44
20110515,8.29
20110516,8.15
20110517,8.01
20110518,7.87
20110519,7.82
20110520,7.85
20110521,7.85
20110522,7.85
20110523,7.85
20110524,7.85
20110525,7.85
20110526,7.85
20110527,7.85
20110528,7.87
20110529,7.85
20110530,7.81
20110531,7.68
20110601,7.56
20110602,7.46
20110603,7.54
20110604,8.06
20110605,8.48
20110606,8.92
20110607,9.16
20110608,9.31
20110609,9.44
20110610,9.59
20110611,9.72
20110612,9.98
20110613,10.26
20110614,10.57
20110615,11.01
20110616,11.37
20110617,11.59
20110618,12.13
20110619,13.48
20110620,14.85
20110621,15.6
20110622,15.95
20110623,16.11
20110624,16.24
20110625,16.4
20110626,16.73
20110627,17.09
20110628,17.62
20110629,17.99
20110630,17.84
20110701,17.72
20110702,17.62
20110703,17.49
20110704,17.39
20110705,17.34
20110706,17.32
20110707,17.35
20110708,17.35
20110709,
20110710,
20110711,
20110712,
20110713,
20110714,
20110715,
20110716,17.66
20110717,17.76
20110718,17.66
20110719,17.3
20110720,17.33
20110721,17.23
20110722,17.24
20110723,17.23
20110724,17.23
20110725,17.24
20110726,17.41
20110727,17.39
20110728,17.29
20110729,17.23
20110730,17.12
20110731,17.01
20110801,16.97
20110802,16.99
20110803,17.18
20110804,17.45
20110805,17.73
20110806,18.16
20110807,18.37
20110808,18.57
20110809,18.69
20110810,18.85
20110811,18.87
20110812,18.87
20110813,18.86
20110814,19
20110815,19.02
20110816,18.87
20110817,18.72
20110818,18.75
20110819,18.96
20110820,18.93
20110821,18.9
20110822,19.13
20110823,19.08
20110824,19.01
20110825,18.88
20110826,18.77
20110827,18.67
20110828,18.75
20110829,18.77
20110830,18.88
20110831,19.21
20110901,19.22
20110902,18.23
20110903,18.83
20110904,19.08
20110905,18.92
20110906,19.43
20110907,19.52
20110908,19.52
20110909,19.52
20110910,19.52
20110911,19.52
20110912,19.52
20110913,19.43
20110914,19.2
20110915,19.03
20110916,18.93
20110917,19.03
20110918,18.98
20110919,18.83
20110920,18.72
20110921,18.59
20110922,18.44
20110923,18.35
20110924,18.24
20110925,18.12
20110926,18
20110927,17.85
20110928,17.69
20110929,17.54
20110930,17.39
20111001,17.23
20111002,17.06
20111003,16.89
20111004,16.72
20111005,16.54
20111006,16.36
20111007,16.17
20111008,15.99
20111009,15.8
20111010,15.63
20111011,15.49
20111012,15.38
20111013,15.25
20111014,15.16
20111015,15.19
20111016,15.22
20111017,15.14
20111018,15.03
20111019,14.91
20111020,14.79
20111021,14.65
20111022,14.55
20111023,14.43
20111024,14.4
20111025,14.52
20111026,14.56
20111027,14.6
20111028,14.54
20111029,14.44
20111030,14.31
20111031,14.28
20111101,14.22
20111102,14.1
20111103,14.06
20111104,14.11
20111105,14.21
20111106,14.26
20111107,14.52
20111108,14.63
20111109,14.51
20111110,14.37
20111111,14.22
20111112,14.06
20111113,13.89
20111114,13.73
20111115,13.56
20111116,13.38
20111117,13.19
20111118,13.01
20111119,12.85
20111120,12.69
20111121,12.53
20111122,12.37
20111123,12.19
20111124,12.02
20111125,11.87
20111126,11.76
20111127,11.68
20111128,11.61
20111129,11.59
20111130,11.57
20111201,11.64
20111202,11.67
20111203,11.72
20111204,11.76
20111205,11.73
20111206,11.73
20111207,11.72
20111208,11.73
20111209,11.74
20111210,11.75
20111211,11.76
20111212,11.73
20111213,11.73
20111214,11.74
20111215,11.75
20111216,11.75
20111217,11.76
20111218,11.78
20111219,11.82
20111220,11.85
20111221,11.88
20111222,12.37
20111223,11.94
20111224,11.97
20111225,12
20111226,12.03
20111227,12.06
20111228,12.09
20111229,12.12
20111230,12.15
20111231,12.17
20120101,11.71
20120102,
20120103,
20120104,
20120105,
20120106,
20120107,
20120108,
20120109,
20120110,
20120111,
20120112,
20120113,
20120114,
20120115,
20120116,
20120117,
20120118,
20120119,
20120120,
20120121,
20120122,
20120123,
20120124,
20120125,
20120126,
20120127,
20120128,
20120129,
20120130,
20120131,
20120201,
20120202,
20120203,
20120204,
20120205,
20120206,
20120207,
20120208,
20120209,
20120210,
20120211,
20120212,
20120213,
20120214,
20120215,
20120216,
20120217,
20120218,
20120219,
20120220,
20120221,
20120222,
20120223,
20120224,
20120225,
20120226,
20120227,
20120228,
20120229,
20120301,
20120302,
20120303,
20120304,
20120305,
20120306,
20120307,
20120308,
20120309,
20120310,
20120311,
20120312,
20120313,
20120314,
20120315,
20120316,
20120317,
20120318,
20120319,
20120320,
20120321,
20120322,
20120323,
20120324,
20120325,
20120326,
20120327,
20120328,
20120329,
20120330,
20120331,
20120401,
20120402,
20120403,
20120404,
20120405,
20120406,
20120407,
20120408,
20120409,
20120410,
20120411,
20120412,
20120413,
20120414,
20120415,
20120416,
20120417,
20120418,
20120419,
20120420,
20120421,
20120422,
20120423,
20120424,
20120425,
20120426,
20120427,
20120428,
20120429,
20120430,
20120501,
20120502,
20120503,
20120504,
20120505,
20120506,
20120507,
20120508,
20120509,
20120510,
20120511,
20120512,
20120513,
20120514,
20120515,
20120516,
20120517,
20120518,
20120519,
20120520,
20120521,
20120522,
20120523,
20120524,
20120525,
20120526,
20120527,
20120528,
20120529,
20120530,
20120531,6.3
20120601,6.22
20120602,6.15
20120603,6.08
20120604,6.01
20120605,5.94
20120606,5.87
20120607,5.79
20120608,5.79
20120609,5.64
20120610,5.59
20120611,5.53
20120612,5.47
20120613,5.4
20120614,
20120615,5.27
20120616,5.23
20120617,5.24
20120618,5.24
20120619,5.48
20120620,5.89
20120621,6.14
20120622,6.34
20120623,6.44
20120624,6.5
20120625,6.52
20120626,6.52
20120627,6.52
20120628,6.54
20120629,6.58
20120630,6.74
20120701,6.92
20120702,7.1
20120703,7.32
20120704,7.79
20120705,8.25
20120706,8.52
20120707,8.72
20120708,8.84
20120709,8.97
20120710,9.11
20120711,9.41
20120712,9.66
20120713,9.8
20120714,9.92
20120715,10.04
20120716,10.18
20120717,10.29
20120718,10.37
20120719,10.47
20120720,10.57
20120721,10.65
20120722,10.81
20120723,11.24
20120724,11.71
20120725,12.07
20120726,12.32
20120727,12.74
20120728,13.37
20120729,13.91
20120730,14.3
20120731,14.55
20120801,14.66
20120802,14.85
20120803,14.96
20120804,15.07
20120805,15.25
20120806,15.56
20120807,16.59
20120808,18.07
20120809,18.33
20120810,18.1
20120811,17.79
20120812,17.42
20120813,17.12
20120814,17.06
20120815,17.1
20120816,17.12
20120817,17.13
20120818,17.18
20120819,17.2
20120820,17.18
20120821,17.07
20120822,16.94
20120823,16.81
20120824,16.67
20120825,16.53
20120826,16.4
20120827,16.4
20120828,16.31
20120829,16.31
20120830,16.45
20120831,16.9
20120901,16.9
20120902,17.48
20120903,17.4
20120904,17.46
20120905,17.71
20120906,17.88
20120907,17.87
20120908,17.85
20120909,17.77
20120910,17.72
20120911,18.21
20120912,18.12
20120913,17.87
20120914,17.45
20120915,16.99
20120916,16.51
20120917,15.53
20120918,15
20120919,15
20120920,14.68
20120921,14.61
20120922,14.5
20120923,14.38
20120924,14.26
20120925,14.12
20120926,13.97
20120927,13.82
20120928,13.69
20120929,13.59
20120930,13.34
20121001,12.82
20121002,12.33
20121003,11.93
20121004,11.66
20121005,11.42
20121006,11.21
20121007,11.06
20121008,10.91
20121009,10.8
20121010,10.73
20121011,10.73
20121012,10.64
20121013,10.55
20121014,10.49
20121015,10.47
20121016,10.5
20121017,10.48
20121018,10.44
20121019,10.34
20121020,10.23
20121021,10.13
20121022,10.09
20121023,10.01
20121024,9.92
20121025,9.81
20121026,9.69
20121027,9.58
20121028,9.48
20121029,9.38
20121030,9.31
20121031,9.24
20121101,9.22
20121102,9.36
20121103,9.78
20121104,9.99
20121105,10.1
20121106,10.14
20121107,10.04
20121108,9.92
20121109,9.87
20121110,9.76
20121111,9.67
20121112,9.57
20121113,9.46
20121114,9.36
20121115,9.26
20121116,9.16
20121117,9.05
20121118,8.95
20121119,8.84
20121120,8.74
20121121,8.64
20121122,8.54
20121123,8.44
20121124,8.37
20121125,8.3
20121126,8.23
20121127,8.15
20121128,8.07
20121129,7.98
20121130,7.88
20121201,0
20121202,7.69
20121203,7.59
20121204,7.51
20121205,7.47
20121206,7.42
20121207,7.36
20121208,7.29
20121209,7.21
20121210,7.12
20121211,7.05
20121212,6.98
20121213,6.91
20121214,6.85
20121215,6.79
20121216,6.73
20121217,6.66
20121218,6.59
20121219,6.52
20121220,6.45
20121221,6.39
20121222,6.35
20121223,6.31
20121224,6.27
20121225,6.23
20121226,6.2
20121227,6.16
20121228,6.12
20121229,6.08
20121230,6.04
20121231,6.04
20130101,
20130102,
20130103,
20130104,
20130105,
20130106,
20130107,
20130108,
20130109,
20130110,
20130111,
20130112,
20130113,
20130114,
20130115,
20130116,
20130117,
20130118,
20130119,
20130120,
20130121,
20130122,5.52
20130123,5.48
20130124,5.44
20130125,5.41
20130126,5.37
20130127,5.34
20130128,5.3
20130129,5.27
20130130,5.23
20130131,5.19
20130201,5.15
20130202,5.1
20130203,5.08
20130204,5.04
20130205,
20130206,
20130207,
20130208,
20130209,
20130210,
20130211,
20130212,
20130213,
20130214,
20130215,
20130216,
20130217,
20130218,
20130219,
20130220,
20130221,
20130222,
20130223,
20130224,
20130225,
20130226,
20130227,
20130228,
20130301,
20130302,
20130303,
20130304,
20130305,
20130306,
20130307,
20130308,
20130309,
20130310,
20130311,
20130312,
20130313,
20130314,
20130315,
20130316,
20130317,
20130318,
20130319,
20130320,
20130321,
20130322,
20130323,
20130324,
20130325,
20130326,
20130327,
20130328,
20130329,
20130330,
20130331,
20130401,
20130402,
20130403,
20130404,
20130405,
20130406,
20130407,
20130408,
20130409,
20130410,
20130411,
20130412,
20130413,
20130414,
20130415,
20130416,
20130417,
20130418,
20130419,
20130420,
20130421,
20130422,
20130423,
20130424,
20130425,
20130426,
20130427,
20130428,
20130429,
20130430,
20130501,
20130502,
20130503,
20130504,
20130505,
20130506,
20130507,
20130508,
20130509,
20130510,
20130511,
20130512,
20130513,
20130514,
20130515,
20130516,
20130517,
20130518,
20130519,
20130520,
20130521,
20130522,
20130523,
20130524,
20130525,
20130526,
20130527,
20130528,
20130529,
20130530,
20130531,
20130601,
20130602,
20130603,
20130604,
20130605,
20130606,
20130607,
20130608,
20130609,
20130610,
20130611,4.05
20130612,4.25
20130613,4.56
20130614,4.78
20130615,5.27
20130616,6.03
20130617,7.28
20130618,5.21
20130619,9.95
20130620,10.79
20130621,11.9
20130622,12.81
20130623,13.46
20130624,14.28
20130625,15.37
20130626,6.52
20130627,17.05
20130628,16.72
20130629,16.2
20130630,16.59
20130701,16.85
20130702,17.01
20130703,17.42
20130704,18.84
20130705,18.21
20130706,18.35
20130707,18.81
20130708,17.94
20130709,17.27
20130710,17.09
20130711,17.22
20130712,17.39
20130713,17.31
20130714,17.15
20130715,17.05
20130716,17.06
20130717,17.15
20130718,17.05
20130719,17.15
20130720,17.22
20130721,17.05
20130722,17.52
20130723,18.21
20130724,18.75
20130725,18.83
20130726,18.3
20130727,17.78
20130728,17.74
20130729,17.74
20130730,17.68
20130731,17.78
20130801,18.02
20130802,18.2
20130803,17.98
20130804,17.82
20130805,17.7
20130806,17.7
20130807,17.79
20130808,17.81
20130809,17.91
20130810,18.07
20130811,18.1
20130812,18.1
20130813,18.09
20130814,17.98
20130815,17.87
20130816,17.7
20130817,17.68
20130818,17.69
20130819,17.65
20130820,17.57
20130821,17.45
20130822,17.44
20130823,17.42
20130824,17.39
20130825,17.32
20130826,17.28
20130827,17.12
20130828,17.05
20130829,16.99
20130830,16.89
20130831,16.82
20130901,16.76
20130902,16.73
20130903,16.78
20130904,16.75
20130905,16.73
20130906,16.66
20130907,16.59
20130908,16.55
20130909,16.53
20130910,16.57
20130911,16.54
20130912,16.49
20130913,16.48
20130914,16.64
20130915,16.75
20130916,16.85
20130917,16.99
20130918,17.19
20130919,17.62
20130920,18.04
20130921,18.7
20130922,19.24
20130923,19.26
20130924,19.26
20130925,19.26
20130926,19.26
20130927,19.24
20130928,19.16
20130929,19.08
20130930,19.01
20131001,18.95
20131002,18.88
20131003,18.79
20131004,18.69
20131005,18.56
20131006,18.43
20131007,18.32
20131008,18.19
20131009,18.11
20131010,18.02
20131011,17.9
20131012,17.76
20131013,17.64
20131014,17.51
20131015,17.38
20131016,17.23
20131017,17.21
20131018,17.36
20131019,17.36
20131020,17.39
20131021,17.54
20131022,17.58
20131023,17.66
20131024,17.69
20131025,17.77
20131026,17.85
20131027,
20131028,17.83
20131029,17.75
20131030,17.65
20131031,
20131101,17.41
20131102,17.26
20131103,17.1
20131104,16.93
20131105,16.75
20131106,16.56
20131107,16.36
20131108,16.17
20131109,19.52
20131110,15.81
20131111,15.64
20131112,15.47
20131113,15.29
20131114,15.11
20131115,14.94
20131116,14.76
20131117,14.59
20131118,14.43
20131119,14.31
20131120,14.33
20131121,14.32
20131122,14.25
20131123,14.15
20131124,14.03
20131125,14.01
20131126,14.04
20131127,14.05
20131128,14.01
20131129,13.97
20131130,13.99
20131201,0
20131202,14.03
20131203,14.05
20131204,14.08
20131205,14.11
20131206,14.11
20131207,14.11
20131208,14.11
20131209,14.11
20131210,14.11
20131211,14.11
20131212,14.11
20131213,14.09
20131214,14.09
20131215,14.1
20131216,14.11
20131217,14.14
20131218,14.17
20131219,14.21
20131220,14.22
20131221,14.23
20131222,14.25
20131223,14.26
20131224,14.28
20131225,14.3
20131226,14.31
20131227,14.33
20131228,14.35
20131229,14.36
20131230,14.38
20131231,14.4
20140101,14.42
20140102,14.44
20140103,14.47
20140104,14.47
20140105,14.49
20140106,14.51
20140107,14.52
20140108,14.54
20140109,14.57
20140110,14.57
20140111,14.59
20140112,14.6
20140113,14.61
20140114,14.62
20140115,14.63
20140116,14.64
20140117,14.66
20140118,14.67
20140119,14.68
20140120,14.69
20140121,14.7
20140122,14.7
20140123,14.71
20140124,14.71
20140125,14.72
20140126,14.73
20140127,14.73
20140128,14.74
20140129,14.74
20140130,14.74
20140131,14.74
20140201,14.74
20140202,14.74
20140203,14.74
20140204,14.74
20140205,14.74
20140206,14.74
20140207,14.74
20140208,14.74
20140209,14.74
20140210,14.75
20140211,14.75
20140212,14.75
20140213,14.75
20140214,14.75
20140215,14.64
20140216,14.74
20140217,14.74
20140218,14.73
20140219,14.72
20140220,14.71
20140221,14.71
20140222,14.7
20140223,14.66
20140224,14.6
20140225,14.55
20140226,14.49
20140227,14.44
20140228,14.37
20140301,14.3
20140302,14.22
20140303,14.14
20140304,14.06
20140305,13.98
20140306,13.89
20140307,13.81
20140308,13.72
20140309,13.64
20140310,13.55
20140311,13.46
20140312,13.38
20140313,13.29
20140314,13.21
20140315,13.12
20140316,13.04
20140317,12.95
20140318,12.86
20140319,12.77
20140320,
20140321,12.6
20140322,12.5
20140323,12.41
20140324,12.32
20140325,12.23
20140326,12.14
20140327,12.05
20140328,11.96
20140329,11.88
20140330,11.81
20140331,11.74
20140401,11.66
20140402,11.58
20140403,11.46
20140404,11.33
20140405,11.19
20140406,11.06
20140407,10.97
20140408,10.88
20140409,10.79
20140410,10.7
20140411,10.63
20140412,10.55
20140413,10.49
20140414,10.43
20140415,10.36
20140416,10.31
20140417,10.26
20140418,10.2
20140419,10.16
20140420,10.17
20140421,10.14
20140422,10.11
20140423,10.02
20140424,9.93
20140425,9.84
20140426,10.11
20140427,9.67
20140428,9.59
20140429,9.5
20140430,9.42
20140501,9.39
20140502,9.37
20140503,9.39
20140504,9.37
20140505,9.33
20140506,9.32
20140507,9.28
20140508,9.24
20140509,9.46
20140510,9.85
20140511,9.94
20140512,9.93
20140513,9.9
20140514,9.86
20140515,0
20140516,9.73
20140517,9.65
20140518,9.57
20140519,9.49
20140520,9.47
20140521,9.4
20140522,9.33
20140523,9.28
20140524,9.19
20140525,9.12
20140526,9.04
20140527,8.95
20140528,8.87
20140529,8.82
20140530,8.85
20140531,8.82
20140601,8.8
20140602,8.75
20140603,8.74
20140604,8.73
20140605,8.72
20140606,8.68
20140607,8.61
20140608,8.56
20140609,8.48
20140610,8.42
20140611,8.39
20140612,8.37
20140613,8.35
20140614,8.34
20140615,8.33
20140616,8.3
20140617,8.28
20140618,8.25
20140619,8.38
20140620,9.21
20140621,10.38
20140622,11.44
20140623,12.29
20140624,12.64
20140625,12.62
20140626,12.6
20140627,12.45
20140628,11.97
20140629,11.59
20140630,11.51
20140701,11.46
20140702,11.43
20140703,11.44
20140704,11.41
20140705,11.35
20140706,11.32
20140707,11.33
20140708,11.34
20140709,11.34
20140710,11.41
20140711,11.79
20140712,12.28
20140713,12.86
20140714,14.17
20140715,15.62
20140716,16.64
20140717,17.42
20140718,17.63
20140719,18.05
20140720,18.87
20140721,18.62
20140722,18.04
20140723,17.82
20140724,17.78
20140725,17.66
20140726,17.27
20140727,16.57
20140728,16.82
20140729,17.02
20140730,16.98
20140731,17.02
20140801,17.52
20140802,17.7
20140803,17.72
20140804,17.76
20140805,18.07
20140806,18.35
20140807,18.33
20140808,18.02
20140809,17.91
20140810,18.1
20140811,18.17
20140812,18.23
20140813,18.3
20140814,18.33
20140815,18.1
20140816,17.32
20140817,17.38
20140818,17.47
20140819,17.64
20140820,17.78
20140821,17.84
20140822,17.96
20140823,18.3
20140824,18.62
20140825,18.68
20140826,18.65
20140827,18.57
20140828,18.49
20140829,18.55
20140830,18.59
20140831,19.07
20140901,19.48
20140902,19.35
20140903,19.5
20140904,19.46
20140905,19.19
20140906,18.8
20140907,18.98
20140908,19.43
20140909,19.49
20140910,19.52
20140911,19.49
20140912,19.46
20140913,19.52
20140914,19.52
20140915,19.52
20140916,19.51
20140917,19.52
20140918,19.43
20140919,19.34
20140920,19.26
20140921,19.2
20140922,19.09
20140923,19.12
20140924,19.39
20140925,19.52
20140926,19.52
20140927,19.5
20140928,19.41
20140929,19.41
20140930,19.43
20141001,19.41
20141002,19.41
20141003,19.41
20141004,19.28
20141005,19.32
20141006,19.13
20141007,19.23
20141008,18.91
20141009,18.85
20141010,18.79
20141011,18.7
20141012,18.72
20141013,18.7
20141014,18.65
20141015,18.54
20141016,18.45
20141017,18.38
20141018,18.32
20141019,18.3
20141020,18.27
20141021,18.24
20141022,18.17
20141023,18.07
20141024,18.01
20141025,18.07
20141026,18.24
20141027,18.35
20141028,18.38
20141029,18.4
20141030,18.42
20141031,18.33
20141101,18.23
20141102,18.1
20141103,17.97
20141104,17.84
20141105,17.69
20141106,17.54
20141107,17.39
20141108,17.22
20141109,17.07
20141110,16.91
20141111,16.75
20141112,16.58
20141113,16.47
20141114,16.32
20141115,16.21
20141116,16.1
20141117,15.95
20141118,15.79
20141119,15.61
20141120,15.44
20141121,15.27
20141122,15.1
20141123,14.95
20141124,14.81
20141125,14.67
20141126,14.5
20141127,14.33
20141128,14.18
20141129,14.02
20141130,13.87
20141201,13.73
20141202,13.73
20141203,13.44
20141204,13.29
20141205,13.16
20141206,13.04
20141207,12.94
20141208,12.85
20141209,12.76
20141210,12.76
20141211,12.75
20141212,12.94
20141213,13.02
20141214,13.26
20141215,13.52
20141216,13.84
20141217,14.07
20141218,14.25
20141219,14.36
20141220,14.44
20141221,14.5
20141222,14.53
20141223,14.55
20141224,14.56
20141225,14.58
20141226,14.6
20141227,14.62
20141228,14.63
20141229,14.65
20141230,14.67
20141231,14.67
20150101,13.73
20150102,14.73
20150103,14.75
20150104,14.77
20150105,14.78
20150106,14.81
20150107,14.83
20150108,14.84
20150109,14.87
20150110,14.89
20150111,14.91
20150112,14.92
20150113,14.94
20150114,14.95
20150115,14.97
20150116,14.99
20150117,15
20150118,15.01
20150119,15.03
20150120,15.04
20150121,15.05
20150122,15.07
20150123,15.08
20150124,15.08
20150125,15.11
20150126,15.12
20150127,15.14
20150128,15.15
20150129,15.16
20150130,15.17
20150131,15.17
20150201,15.18
20150202,15.19
20150203,15.2
20150204,15.2
20150205,15.2
20150206,15.2
20150207,15.21
20150208,15.21
20150209,15.21
20150210,15.21
20150211,15.21
20150212,15.21
20150213,15.21
20150214,15.21
20150215,15.21
20150216,15.21
20150217,15.16
20150218,15.1
20150219,15.05
20150220,15.05
20150221,15.05
20150222,15.03
20150223,15
20150224,14.95
20150225,14.84
20150226,14.7
20150227,14.57
20150228,14.48
20150301,14.41
20150302,14.32
20150303,14.24
20150304,14.19
20150305,14.11
20150306,14.03
20150307,13.97
20150308,13.96
20150309,13.95
20150310,13.94
20150311,13.87
20150312,13.78
20150313,13.7
20150314,13.61
20150315,13.53
20150316,13.45
20150317,13.43
20150318,13.4
20150319,13.38
20150320,13.35
20150321,13.32
20150322,13.3
20150323,13.27
20150324,13.24
20150325,13.22
20150326,13.19
20150327,13.14
20150328,13.08
20150329,13.01
20150330,12.93
20150331,12.84
20150401,12.74
20150402,12.65
20150403,12.55
20150404,12.46
20150405,12.37
20150406,12.29
20150407,12.22
20150408,12.15
20150409,12.09
20150410,12.07
20150411,12.08
20150412,12.1
20150413,12.12
20150414,12.12
20150415,12.11
20150416,12.09
20150417,12.06
20150418,12.03
20150419,11.96
20150420,11.86
20150421,11.77
20150422,11.67
20150423,11.54
20150424,11.49
20150425,11.44
20150426,11.41
20150427,11.36
20150428,11.31
20150429,11.26
20150430,11.23
20150501,11.19
20150502,11.1
20150503,11.01
20150504,10.92
20150505,10.82
20150506,10.73
20150507,10.64
20150508,10.64
20150509,10.57
20150510,10.48
20150511,10.38
20150512,10.38
20150513,10.31
20150514,10.39
20150515,10.51
20150516,10.53
20150517,10.59
20150518,10.72
20150519,10.78
20150520,10.77
20150521,10.69
20150522,10.6
20150523,10.5
20150524,10.39
20150525,10.29
20150526,10.19
20150527,10.09
20150528,10.08
20150529,10.07
20150530,10.07
20150531,10.06
20150601,9.99
20150602,9.9
20150603,9.8
20150604,9.71
20150605,9.64
20150606,9.55
20150607,9.45
20150608,9.36
20150609,9.31
20150610,9.28
20150611,9.25
20150612,9.2
20150613,9.16
20150614,9.12
20150615,9.09
20150616,9.08
20150617,9.06
20150618,9.17
20150619,9.26
20150620,9.39
20150621,10.02
20150622,11.11
20150623,12.39
20150624,13.74
20150625,14.88
20150626,16.09
20150627,17.25
20150628,18.69
20150629,19.52
20150630,19.06
20150701,19
20150702,18.93
20150703,18.84
20150704,18.79
20150705,18.73
20150706,18.7
20150707,18.67
20150708,18.62
20150709,18.67
20150710,18.73
20150711,18.65
20150712,18.77
20150713,18.8
20150714,18.76
20150715,18.71
20150716,18.72
20150717,18.75
20150718,18.91
20150719,19.04
20150720,18.89
20150721,18.59
20150722,18.62
20150723,18.84
20150724,19.11
20150725,19.21
20150726,19.19
20150727,19.08
20150728,18.96
20150729,18.75
20150730,18.56
20150731,18.35
20150801,18.16
20150802,17.94
20150803,17.81
20150804,17.71
20150805,17.64
20150806,17.64
20150807,17.64
20150808,17.56
20150809,17.61
20150810,17.66
20150811,17.6
20150812,17.6
20150813,17.83
20150814,17.87
20150815,17.79
20150816,17.72
20150817,17.64
20150818,17.51
20150819,17.47
20150820,17.36
20150821,17.12
20150822,16.91
20150823,16.71
20150824,16.53
20150825,16.25
20150826,16.03
20150827,15.88
20150828,15.73
20150829,15.54
20150830,15.35
20150831,15.2
20150901,15.06
20150902,14.94
20150903,14.82
20150904,14.69
20150905,14.58
20150906,14.51
20150907,14.55
20150908,14.55
20150909,14.9
20150910,15.04
20150911,15.12
20150912,15.16
20150913,15.17
20150914,15.16
20150915,15.06
20150916,14.94
20150917,14.91
20150918,14.85
20150919,14.67
20150920,14.41
20150921,14.08
20150922,13.74
20150923,13.36
20150924,13.08
20150925,12.76
20150926,12.52
20150927,12.29
20150928,12.03
20150929,12.31
20150930,12.43
20151001,12.43
20151002,12.44
20151003,12.39
20151004,12.3
20151005,12.19
20151006,12.17
20151007,12.33
20151008,12.48
20151009,12.63
20151010,12.81
20151011,12.92
20151012,12.95
20151013,12.91
20151014,12.84
20151015,12.85
20151016,12.82
20151017,12.79
20151018,12.75
20151019,12.7
20151020,12.61
20151021,12.51
20151022,12.41
20151023,12.29
20151024,12.18
20151025,12.06
20151026,11.93
20151027,11.81
20151028,11.68
20151029,11.55
20151030,11.44
20151031,11.33
20151101,11.22
20151102,11.1
20151103,11.05
20151104,11.01
20151105,11.07
20151106,11.18
20151107,11.24
20151108,11.27
20151109,11.28
20151110,11.29
20151111,11.31
20151112,11.32
20151113,11.35
20151114,11.47
20151115,11.55
20151116,11.55
20151117,11.49
20151118,11.39
20151119,11.29
20151120,11.24
20151121,11.28
20151122,11.3
20151123,11.29
20151124,11.29
20151125,11.24
20151126,11.19
20151127,11.13
20151128,11
20151129,10.84
20151130,10.7
20151201,10.58
20151202,10.46
20151203,10.36
20151204,10.23
20151205,10.13
20151206,10.07
20151207,10.01
20151208,9.95
20151209,9.9
20151210,9.9
20151211,9.88
20151212,9.82
20151213,9.76
20151214,9.73
20151215,9.71
20151216,9.69
20151217,9.67
20151218,9.65
20151219,9.63
20151220,9.6
20151221,9.56
20151222,9.53
20151223,9.49
20151224,9.46
20151225,9.42
20151226,9.44
20151227,9.47
20151228,9.48
20151229,9.5
20151230,9.52
20151231,9.53
20160101,9.55
20160102,9.56
20160103,9.56
20160104,9.57
20160105,9.58
20160106,9.59
20160107,9.6
20160108,9.61
20160109,9.62
20160110,9.6
20160111,9.58
20160112,9.56
20160113,9.53
20160114,9.5
20160115,9.48
20160116,9.49
20160117,9.5
20160118,9.52
20160119,9.53
20160120,9.54
20160121,9.55
20160122,9.56
20160123,9.57
20160124,9.58
20160125,9.59
20160126,9.6
20160127,9.61
20160128,9.62
20160129,9.64
20160130,9.62
20160131,9.59
20160201,9.56
20160202,9.53
20160203,9.5
20160204,9.47
20160205,9.43
20160206,9.42
20160207,9.41
20160208,9.4
20160209,9.39
20160210,9.38
20160211,9.37
20160212,9.36
20160213,9.34
20160214,9.33
20160215,9.32
20160216,9.3
20160217,9.29
20160218,9.28
20160219,9.24
20160220,9.24
20160221,9.12
20160222,9.12
20160223,8.95
20160224,8.83
20160225,8.71
20160226,8.6
20160227,8.51
20160228,8.43
20160229,8.35
20160301,8.27
20160302,8.18
20160303,8.1
20160304,8.01
20160305,7.92
20160306,7.84
20160307,7.75
20160308,7.67
20160309,7.6
20160310,7.55
20160311,7.5
20160312,7.44
20160313,7.39
20160314,7.34
20160315,7.28
20160316,7.23
20160317,7.18
20160318,7.13
20160319,7.08
20160320,7.03
20160321,6.98
20160322,6.92
20160323,6.87
20160324,6.82
20160325,6.76
20160326,6.71
20160327,6.66
20160328,6.6
20160329,6.55
20160330,6.5
20160331,6.45
20160401,6.41
20160402,6.36
20160403,6.3
20160404,6.25
20160405,6.19
20160406,6.12
20160407,6.04
20160408,5.98
20160409,5.95
20160410,5.85
20160411,5.72
20160412,5.62
20160413,5.53
20160414,5.44
20160415,5.36
20160416,5.28
20160417,5.21
20160418,5.13
20160419,5.06
20160420,4.99
20160421,4.92
20160422,4.85
20160423,4.78
20160424,4.71
20160425,4.64
20160426,4.56
20160427,4.49
20160428,4.41
20160429,4.33
20160430,4.25
20160501,4.16
20160502,4.08
20160503,4
20160504,3.92
20160505,3.92
20160506,3.77
20160507,3.69
20160508,3.67
20160509,3.66
20160510,3.64
20160511,3.6
20160512,3.56
20160513,3.5
20160514,3.42
20160515,3.34
20160516,3.26
20160517,3.18
20160518,3.1
20160519,3.01
20160520,2.93
20160521,2.85
20160522,2.8
20160523,2.76
20160524,2.72
20160525,2.68
20160526,2.64
20160527,2.63
20160528,2.61
20160529,2.59
20160530,2.55
20160531,2.52
20160601,2.47
20160602,2.44
20160603,2.4
20160604,2.37
20160605,2.34
20160606,2.33
20160607,2.32
20160608,2.31
20160609,2.3
20160610,2.3
20160611,2.29
20160612,2.29
20160613,2.29
20160614,2.31
20160615,2.34
20160616,2.35
20160617,2.37
20160618,2.4
20160619,2.49
20160620,2.58
20160621,2.66
20160622,2.74
20160623,2.83
20160624,2.91
20160625,2.99
20160626,3.13
20160627,3.26
20160628,3.44
20160629,4.66
20160630,6
20160701,7.21
20160702,7.92
20160703,8.11
20160704,8.23
20160705,8.45
20160706,8.81
20160707,9.17
20160708,9.56
20160709,9.89
20160710,10.09
20160711,10.34
20160712,10.97
20160713,11.36
20160714,11.67
20160715,11.87
20160716,12.01
20160717,12.28
20160718,12.37
20160719,12.53
20160720,12.58
20160721,12.67
20160722,12.83
20160723,13.07
20160724,13.37
20160725,13.63
20160726,13.76
20160727,13.84
20160728,13.84
20160729,13.86
20160730,13.96
20160731,14.06
20160801,14.18
20160802,14.21
20160803,14.26
20160804,14.26
20160805,14.24
20160806,14.3
20160807,14.51
20160808,14.58
20160809,14.67
20160810,14.74
20160811,14.73
20160812,14.64
20160813,14.59
20160814,14.54
20160815,14.68
20160816,14.74
20160817,14.81
20160818,15.04
20160819,15.48
20160820,15.69
20160821,15.69
20160822,15.57
20160823,15.4
20160824,15.31
20160825,15.22
20160826,15.09
20160827,14.97
20160828,14.81
20160829,14.68
20160830,14.61
20160831,14.56
20160901,14.63
20160902,14.68
20160903,14.73
20160904,14.79
20160905,14.81
20160906,14.81
20160907,14.75
20160908,14.46
20160909,14.03
20160910,13.62
20160911,13.27
20160912,12.93
20160913,12.61
20160914,12.3
20160915,12.06
20160916,11.81
20160917,11.6
20160918,11.49
20160919,11.44
20160920,11.42
20160921,11.47
20160922,11.55
20160923,11.62
20160924,11.71
20160925,11.8
20160926,11.88
20160927,11.96
20160928,12.08
20160929,12.18
20160930,12.31
20161001,12.39
20161002,12.45
20161003,12.49
20161004,12.4
20161005,12.12
20161006,11.83
20161007,11.54
20161008,11.25
20161009,10.91
20161010,10.53
20161011,10.37
20161012,10.34
20161013,10.36
20161014,10.37
20161015,10.44
20161016,10.48
20161017,10.49
20161018,10.5
20161019,10.52
20161020,10.54
20161021,10.54
20161022,10.55
20161023,10.56
20161024,10.49
20161025,10.32
20161026,10.15
20161027,9.98
20161028,9.82
20161029,9.66
20161030,9.57
20161031,9.57
20161101,9.58
20161102,9.63
20161103,9.68
20161104,9.71
20161105,9.73
20161106,9.73
20161107,9.76
20161108,9.74
20161109,9.72
20161110,9.64
20161111,9.48
20161112,9.33
20161113,9.16
20161114,9
20161115,8.92
20161116,8.91
20161117,8.91
20161118,8.91
20161119,8.91
20161120,8.9
20161121,8.89
20161122,8.88
20161123,8.85
20161124,8.82
20161125,8.8
20161126,8.75
20161127,8.69
20161128,8.66
20161129,8.63
20161130,8.6
20161201,8.57
20161202,8.55
20161203,8.54
20161204,8.52
20161205,8.51
20161206,8.48
20161207,8.45
20161208,8.42
20161209,8.38
20161210,8.34
20161211,8.3
20161212,8.26
20161213,8.22
20161214,8.18
20161215,8.15
20161216,8.12
20161217,8.08
20161218,8.05
20161219,8.02
20161220,7.99
20161221,7.95
20161222,7.92
20161223,7.88
20161224,7.85
20161225,7.82
20161226,7.79
20161227,7.75
20161228,7.72
20161229,7.69
20161230,7.65
20161231,7.61
20170101,7.58
20170102,7.54
20170103,7.51
20170104,7.47
20170105,7.43
20170106,7.4
20170107,7.36
20170108,7.32
20170109,7.29
20170110,7.25
20170111,7.21
20170112,7.17
20170113,7.13
20170114,7.09
20170115,7.06
20170116,7.02
20170117,6.98
20170118,6.94
20170119,6.9
20170120,6.86
20170121,6.82
20170122,6.78
20170123,6.74
20170124,6.74
20170125,6.7
20170126,6.66
20170127,6.62
20170128,6.59
20170129,6.55
20170130,6.51
20170131,6.47
20170201,6.43
20170202,6.39
20170203,6.35
20170204,6.3
20170205,6.23
20170206,6.18
20170207,6.12
20170208,6.06
20170209,6.01
20170210,5.95
20170211,5.89
20170212,5.83
20170213,5.79
20170214,5.75
20170215,5.7
20170216,5.66
20170217,5.62
20170218,5.56
20170219,5.5
20170220,5.44
20170221,5.38
20170222,5.32
20170223,5.26
20170224,5.19
20170225,5.13
20170226,5.07
20170227,5.01
20170228,4.94
20170301,4.87
20170302,4.8
20170303,4.73
20170304,4.66
20170305,4.59
20170306,4.52
20170307,4.52
20170308,4.49
20170309,4.47
20170310,4.47
20170311,4.45
20170312,4.45
20170313,4.43
20170314,4.43
20170315,4.42
20170316,4.41
20170317,4.4
20170318,4.39
20170319,4.38
20170320,4.37
20170321,4.36
20170322,4.35
20170323,4.34
20170324,4.33
20170325,4.32
20170326,4.31
20170327,4.3
20170328,4.29
20170329,4.28
20170330,4.27
20170331,4.26
20170401,4.25
20170402,4.24
20170403,4.23
20170404,4.22
20170405,4.21
20170406,4.19
20170407,4.18
20170408,4.17
20170409,4.18
20170410,4.15
20170411,4.14
20170412,4.14
20170413,4.11
20170414,4.1
20170415,4.09
20170416,4.08
20170417,4.06
20170418,4.05
20170419,4.04
20170420,4.03
20170421,4.02
20170422,4.01
20170423,4
20170424,4
20170425,3.99
20170426,3.98
20170427,3.98
20170428,3.97
20170429,3.96
20170430,3.96
20170501,3.95
20170502,3.95
20170503,3.94
20170504,3.93
20170505,3.92
20170506,3.91
20170507,3.9
20170508,3.89
20170509,3.88
20170510,3.87
20170511,3.85
20170512,3.85
20170513,3.83
20170514,3.82
20170515,3.81
20170516,3.8
20170517,3.79
20170518,3.78
20170519,3.77
20170520,3.76
20170521,3.75
20170522,3.74
20170523,3.73
20170524,3.72
20170525,3.71
20170526,3.71
20170527,3.7
20170528,3.69
20170529,3.68
20170530,3.67
20170531,3.67
20170601,3.66
20170602,3.66
20170603,3.65
20170604,3.65
20170605,3.64
20170606,3.64
20170607,3.63
20170608,3.62
20170609,3.62
20170610,3.62
20170611,3.62
20170612,3.64
20170613,3.77
20170614,3.87
20170615,3.92
20170616,3.95
20170617,3.98
20170618,4.01
20170619,4.04
20170620,4.08
20170621,4.11
20170622,4.15
20170623,4.15
20170624,4.28
20170625,4.42
20170626,4.57
20170627,4.94
20170628,6.08
20170629,6.87
20170630,7.43
20170701,7.67
20170702,8
20170703,8
20170704,8
20170705,8
20170706,8
20170707,9
20170708,9
20170709,8.76
20170710,8.8
20170711,8.83
20170712,8.85
20170713,8.93
20170714,9
20170715,9.16
20170716,9.32
20170717,9.52
20170718,9.8
20170719,10.24
20170720,11.22
20170721,12.55
20170722,13.39
20170723,13.72
20170724,13.77
20170725,13.72
20170726,13.59
20170727,13.42
20170728,13.22
20170729,13.07
20170730,12.92
20170731,12.69
20170801,12.44
20170802,12.18
20170803,11.88
20170804,11.63
20170805,11.49
20170806,11.57
20170807,11.81
20170808,11.97
20170809,11.93
20170810,11.87
20170811,11.71
20170812,11.47
20170813,11.2
20170814,10.92
20170815,10.71
20170816,10.58
20170817,10.5
20170818,10.38
20170819,10.27
20170820,10.28
20170821,10.59
20170822,10.93
20170823,11.32
20170824,11.6
20170825,11.72
20170826,11.76
20170827,11.82
20170828,12.17
20170829,12.81
20170830,13.9
20170831,14.66
20170901,15.06
20170902,15.09
20170903,15.13
20170904,15.34
20170905,15.51
20170906,15.85
20170907,16.06
20170908,16.16
20170909,16.24
20170910,16.39
20170911,16.44
20170912,16.46
20170913,16.45
20170914,16.42
20170915,16.45
20170916,16.49
20170917,16.73
20170918,17.58
20170919,18.52
20170920,18.95
20170921,19.52
20170922,19.46
20170923,19.2
20170924,18.83
20170925,18.62
20170926,18.5
20170927,18.35
20170928,18.24
20170929,18.13
20170930,17.95
20171001,17.8
20171002,17.72
20171003,17.69
20171004,17.61
20171005,17.52
20171006,17.42
20171007,17.45
20171008,17.44
20171009,17.39
20171010,17.36
20171011,17.31
20171012,17.5
20171013,17.66
20171014,17.8
20171015,17.96
20171016,18.07
20171017,18.17
20171018,18.17
20171019,18.35
20171020,18.4
20171021,18.43
20171022,18.45
20171023,18.45
20171024,18.44
20171025,18.4
20171026,18.33
20171027,18.27
20171028,18.18
20171029,18.27
20171030,18.24
20171031,18.19
20171101,18.09
20171102,18
20171103,17.9
20171104,17.81
20171105,17.7
20171106,17.6
20171107,17.54
20171108,17.54
20171109,17.55
20171110,17.54
20171111,17.54
20171112,17.52
20171113,17.51
20171114,17.48
20171115,17.45
20171116,17.42
20171117,17.39
20171118,17.35
20171119,17.32
20171120,17.29
20171121,17.23
20171122,17.15
20171123,17.04
20171124,16.91
20171125,16.78
20171126,16.64
20171127,16.5
20171128,16.34
20171129,16.18
20171130,16.02
20171201,15.86
20171202,15.75
20171203,15.66
20171204,15.61
20171205,15.58
20171206,15.55
20171207,15.51
20171208,15.48
20171209,15.44
20171210,15.4
20171211,15.36
20171212,15.32
20171213,15.28
20171214,15.25
20171215,15.21
20171216,15.17
20171217,15.12
20171218,15.08
20171219,14.98
20171220,14.98
20171221,14.73
20171222,14.6
20171223,14.48
20171224,14.35
20171225,14.23
20171226,14.14
20171227,14.08
20171228,14.04
20171229,14
20171230,13.96
20171231,13.92
20180101,13.88
20180102,13.84
20180103,13.81
20180104,13.77
20180105,13.73
20180106,13.71
20180107,13.69
20180108,13.67
20180109,13.65
20180110,13.62
20180111,13.6
20180112,13.58
20180113,13.56
20180114,13.54
20180115,13.52
20180116,13.5
20180117,13.47
20180118,13.45
20180119,13.43
20180120,13.41
20180121,13.39
20180122,13.37
20180123,13.35
20180124,13.33
20180125,13.3
20180126,13.28
20180127,13.26
20180128,13.23
20180129,13.2
20180130,13.17
20180131,13.13
20180201,13.1
20180202,13.06
20180203,13.01
20180204,12.96
20180205,12.92
20180206,12.92
20180207,12.64
20180208,12.46
20180209,12.28
20180210,12.1
20180211,11.92
20180212,11.74
20180213,11.56
20180214,11.38
20180215,11.2
20180216,11.02
20180217,10.85
20180218,10.74
20180219,10.7
20180220,10.63
20180221,10.56
20180222,10.47
20180223,10.4
20180224,10.34
20180225,10.28
20180226,10.21
20180227,10.15
20180228,10.08
20180301,10.01
20180302,9.95
20180303,9.88
20180304,9.82
20180305,9.76
20180306,9.61
20180307,9.44
20180308,9.27
20180309,9.1
20180310,8.93
20180311,8.76
20180312,8.59
20180313,8.42
20180314,8.28
20180315,8.26
20180316,8.3
20180317,8.34
20180318,8.36
20180319,8.36
20180320,8.36
20180321,8.35
20180322,8.31
20180323,8.26
20180324,8.21
20180325,8.16
20180326,8.11
20180327,8.06
20180328,8.01
20180329,7.96
20180330,7.91
20180331,7.86
20180401,7.82
20180402,7.77
20180403,7.72
20180404,7.66
20180405,7.61
20180406,7.5
20180407,7.38
20180408,7.26
20180409,7.14
20180410,7.02
20180411,6.9
20180412,6.76
20180413,6.61
20180414,6.48
20180415,6.34
20180416,6.3
20180417,6.26
20180418,6.26
20180419,6.24
20180420,6.21
20180421,6.18
20180422,6.14
20180423,6.1
20180424,6.06
20180425,6.02
20180426,5.98
20180427,5.94
20180428,5.89
20180429,5.84
20180430,5.79
20180501,5.75
20180502,5.71
20180503,5.67
20180504,5.65
20180505,5.62
20180506,5.58
20180507,5.53
20180508,5.49
20180509,5.48
20180510,5.48
20180511,5.46
20180512,5.45
20180513,5.45
20180514,5.45
20180515,5.44
20180516,5.44
20180517,5.44
20180518,5.45
20180519,5.45
20180520,5.46
20180521,5.47
20180522,5.48
20180523,5.49
20180524,5.5
20180525,5.5
20180526,5.66
20180527,5.84
20180528,6
20180529,6.17
20180530,6.34
20180531,6.53
20180601,6.67
20180602,6.74
20180603,6.81
20180604,6.84
20180605,6.87
20180606,6.89
20180607,6.92
20180608,6.99
20180609,7.14
20180610,7.72
20180611,9.69
20180612,11.22
20180613,13.23
20180614,15.12
20180615,16.87
20180616,16.7
20180617,16.93
20180618,17.69
20180619,18.13
20180620,18.46
20180621,18.43
20180622,17.64
20180623,17.52
20180624,17.46
20180625,17.64
20180626,17.81
20180627,18.09
20180628,18.46
20180629,18.38
20180630,18.32
20180701,18.46
20180702,18.48
20180703,18.44
20180704,18.34
20180705,18.34
20180706,18.56
20180707,18.54
20180708,18.37
20180709,18
20180710,18
20180711,18
20180712,18
20180713,18
20180714,18
20180715,18
20180716,18.04
20180717,18.24
20180718,18.13
20180719,18.25
20180720,18.24
20180721,19.36
20180722,19.08
20180723,18.87
20180724,18.89
20180725,18.71
20180726,18.79
20180727,18.87
20180728,18.69
20180729,18.74
20180730,18.8
20180731,18.79
20180801,18.98
20180802,18.96
20180803,18.96
20180804,19.04
20180805,18.98
20180806,18.89
20180807,18.96
20180808,19.13
20180809,18.91
20180810,18.4
20180811,17.88
20180812,15.89
20180813,15.39
20180814,15.33
20180815,15.93
20180816,16.29
20180817,17.15
20180818,17.19
20180819,17.06
20180820,17.12
20180821,17.82
20180822,18.23
20180823,18.6
20180824,18.64
20180825,18.67
20180826,18.67
20180827,18.72
20180828,18.82
20180829,18.81
20180830,18.89
20180831,18.81
20180901,18.79
20180902,18.96
20180903,19.18
20180904,19.34
20180905,19.32
20180906,19.26
20180907,19.28
20180908,19.3
20180909,19.31
20180910,19.32
20180911,19.32
20180912,19.31
20180913,19.32
20180914,19.3
20180915,19.26
20180916,19.26
20180917,19.17
20180918,19.12
20180919,19.03
20180920,19.07
20180921,19.43
20180922,18.65
20180923,18.53
20180924,18.46
20180925,18.58
20180926,18.54
20180927,18.49
20180928,18.43
20180929,18.38
20180930,18.46
20181001,18.51
20181002,18.55
20181003,18.5
20181004,18.44
20181005,18.44
20181006,18.53
20181007,18.74
20181008,18.82
20181009,18.98
20181010,19.13
20181011,19.21
20181012,19.21
20181013,19.13
20181014,19.07
20181015,19.04
20181016,19
20181017,19.03
20181018,19.4
20181019,19.36
20181020,19.49
20181021,19.52
20181022,19.43
20181023,19.4
20181024,19.38
20181025,19.34
20181026,19.26
20181027,19.19
20181028,19.06
20181029,18.91
20181030,18.76
20181031,18.61
20181101,18.45
20181102,18.3
20181103,18.13
20181104,18.05
20181105,17.96
20181106,17.85
20181107,17.75
20181108,17.65
20181109,17.53
20181110,17.39
20181111,17.27
20181112,17.13
20181113,17
20181114,16.88
20181115,16.77
20181116,16.77
20181117,16.49
20181118,16.38
20181119,16.26
20181120,16.16
20181121,16.09
20181122,16.03
20181123,15.96
20181124,15.89
20181125,15.87
20181126,15.8
20181127,15.71
20181128,15.6
20181129,15.49
20181130,15.44
20181201,15.37
20181202,15.33
20181203,15
20181204,15
20181205,15
20181206,15
20181207,15
20181208,15
20181209,15
20181210,15.29
20181211,15.28
20181212,15.25
20181213,15.18
20181214,15.1
20181215,15.06
20181216,15.04
20181217,15.03
20181218,15.02
20181219,14.99
20181220,14.95
20181221,14.93
20181222,14.93
20181223,14.94
20181224,14.95
20181225,14.96
20181226,15.03
20181227,15.05
20181228,15.06
20181229,15.07
20181230,15.08
20181231,15.09
20190101,15.1
20190102,15.12
20190103,15.13
20190104,15.14
20190105,15.16
20190106,15.15
20190107,15.11
20190108,15.09
20190109,15.05
20190110,15.02
20190111,15
20190112,14.99
20190113,14.98
20190114,14.97
20190115,14.97
20190116,14.96
20190117,14.94
20190118,14.91
20190119,14.87
20190120,14.84
20190121,14.81
20190122,14.77
20190123,14.74
20190124,14.71
20190125,14.7
20190126,14.71
20190127,14.73
20190128,14.73
20190129,14.73
20190130,14.71
20190131,14.68
20190201,14.65
20190202,14.62
20190203,14.58
20190204,14.55
20190205,14.51
20190206,14.49
20190207,14.48
20190208,14.46
20190209,14.44
20190210,14.42
20190211,14.38
20190212,14.34
20190213,14.3
20190214,14.26
20190215,14.23
20190216,14.17
20190217,14.05
20190218,13.94
20190219,13.93
20190220,13.89
20190221,13.84
20190222,13.8
20190223,13.76
20190224,13.7
20190225,13.64
20190226,13.57
20190227,13.5
20190228,13.43
20190301,13.36
20190302,13.28
20190303,13.2
20190304,13.11
20190305,13.04
20190306,12.96
20190307,12.89
20190308,12.82
20190309,12.74
20190310,12.67
20190311,12.6
20190312,12.52
20190313,12.44
20190314,12.37
20190315,12.29
20190316,12.2
20190317,12.2
20190318,12.05
20190319,11.97
20190320,11.9
20190321,11.75
20190322,11.59
20190323,11.43
20190324,11.31
20190325,11.15
20190326,10.98
20190327,10.82
20190328,10.65
20190329,10.49
20190330,10.33
20190331,10.21
20190401,10.13
20190402,10.06
20190403,9.99
20190404,9.92
20190405,9.84
20190406,9.78
20190407,9.74
20190408,9.7
20190409,9.64
20190410,9.48
20190411,9.33
20190412,9.17
20190413,9.01
20190414,8.84
20190415,8.68
20190416,8.52
20190417,8.36
20190418,8.2
20190419,8.1
20190420,8.12
20190421,8.11
20190422,8.1
20190423,8.07
20190424,8.05
20190425,8.03
20190426,8
20190427,7.97
20190428,7.93
20190429,7.89
20190430,7.9
20190501,7.88
20190502,7.87
20190503,7.86
20190504,7.83
20190505,7.79
20190506,7.76
20190507,7.67
20190508,7.57
20190509,7.55
20190510,7.53
20190511,7.5
20190512,7.5
20190513,7.44
20190514,7.5
20190515,7.31
20190516,7.25
20190517,7.22
20190518,7.19
20190519,7.16
20190520,7.12
20190521,7.1
20190522,7.08
20190523,7.05
20190524,7.01
20190525,6.97
20190526,6.89
20190527,6.84
20190528,6.78
20190529,6.72
20190530,6.65
20190531,6.59
20190601,6.53
20190602,6.48
20190603,6.41
20190604,6.34
20190605,6.28
20190606,6.21
20190607,6.17
20190608,6.13
20190609,6.08
20190610,6.02
20190611,5.96
20190612,6.95
20190613,5.95
20190614,6
20190615,6.06
20190616,6.12
20190617,6.14
20190618,6.11
20190619,6.1
20190620,6.08
20190621,6.08
20190622,6.07
20190623,6.12
20190624,6.19
20190625,6.28
20190626,6.33
20190627,6.39
20190628,6.42
20190629,6.42
20190630,6.42
20190701,6.43
20190702,6.5
20190703,6.51
20190704,6.59
20190705,6.73
20190706,7.05
20190707,8.08
20190708,8.91
20190709,9.37
20190710,9.71
20190711,10.2
20190712,10.51
20190713,10.73
20190714,10.87
20190715,10.96
20190716,11.09
20190717,11.18
20190718,11.27
20190719,11.33
20190720,11.59
20190721,11.93
20190722,12.27
20190723,12.74
20190724,13.22
20190725,13.33
20190726,13.29
20190727,13.33
20190728,13.34
20190729,13.2
20190730,13.18
20190731,13.33
20190801,13.45
20190802,13.59
20190803,13.67
20190804,13.89
20190805,14.14
20190806,14.97
20190807,16.36
20190808,17.96
20190809,13.97
20190810,14.77
20190811,13.3
20190812,13.65
20190813,18.93
20190814,18.6
20190815,18.75
20190816,19.26
20190817,19.34
20190818,19.24
20190819,19.38
20190820,19.39
20190821,19.36
20190822,19.36
20190823,19.43
20190824,19.46
20190825,19.38
20190826,19.39
20190827,19.43
20190828,19.52
20190829,19.3
20190830,19.34
20190831,19.43
20190901,19.4
20190902,19.43
20190903,19.49
20190904,19.43
20190905,19.02
20190906,19.15
20190907,19.39
20190908,19.39
20190909,19.26
20190910,19.08
20190911,19.36
20190912,19.52
20190913,19.36
20190914,19.46
20190915,19.52
20190916,19.5
20190917,19.52
20190918,19.45
20190919,19.52
20190920,19.52
20190921,19.52
20190922,19.52
20190923,19.51
20190924,19.52
20190925,19.52
20190926,19.52
20190927,19.52
20190928,19.52
20190929,19.52
20190930,19.52
20191001,19.52
20191002,19.47
20191003,19.43
20191004,19.39
20191005,19.38
20191006,19.38
20191007,19.36
20191008,19.36
20191009,19.31
20191010,19.28
20191011,19.26
20191012,19.22
20191013,19.21
20191014,19.21
20191015,19.25
20191016,19.23
20191017,19.27
20191018,19.3
20191019,19.45
20191020,19.45
20191021,19.46
20191022,19.49
20191023,19.4
20191024,19.45
20191025,19.5
20191026,19.45
20191027,19.4
20191028,19.48
20191029,19.5
20191030,19.46
20191031,19.48
20191101,19.43
20191102,19.5
20191103,19.49
20191104,19.48
20191105,19.45
20191106,19.38
20191107,19.33
20191108,19.26
20191109,19.23
20191110,19.23
20191111,19.23
20191112,
20191113,19.21
20191114,19.15
20191115,19.06
20191116,18.95
20191117,18.85
20191118,18.75
20191119,18.63
20191120,18.49
20191121,18.33
20191122,18.16
20191123,18
20191124,17.83
20191125,17.66
20191126,17.49
20191127,17.32
20191128,17.15
20191129,16.97
20191130,16.79
20191201,16.62
20191202,16.57
20191203,16.61
20191204,16.61
20191205,16.53
20191206,16.46
20191207,16.35
20191208,16.24
20191209,16.15
20191210,16.05
20191211,19.23
20191212,15.82
20191213,15.7
20191214,15.6
20191215,15.59
20191216,15.56
20191217,15.56
20191218,15.48
20191219,15.44
20191220,15.38
20191221,15.31
20191222,11.39
20191223,11.32
20191224,15.14
20191225,15.16
20191226,15.18
20191227,15.2
20191228,15.22
20191229,15.25
20191230,15.26
20191231,15.28
20200101,15.3
20200102,15.32
20200103,15.34
20200104,15.36
20200105,15.38
20200106,15.4
20200107,15.42
20200108,15.44
20200109,15.46
20200110,15.48
20200111,15.5
20200112,15.51
20200113,15.54
20200114,15.56
20200115,15.59
20200116,15.61
20200117,15.64
20200118,15.66
20200119,15.69
20200120,15.71
20200121,15.74
20200122,15.76
20200123,15.77
20200124,15.8
20200125,15.81
20200126,15.84
20200127,15.85
20200128,15.88
20200129,15.9
20200130,15.92
20200131,15.94
20200201,15.96
20200202,15.98
20200203,16
20200204,16.02
20200205,16.04
20200206,16.06
20200207,16.07
20200208,16.1
20200209,16.11
20200210,16.11
20200211,16.1
20200212,16.09
20200213,16.09
20200214,16.07
20200215,16.09
20200216,16.09
20200217,16.1
20200218,16.1
20200219,16.11
20200220,16.11
20200221,16.12
20200222,16.12
20200223,16.13
20200224,16.11
20200225,16.1
20200226,16.04
20200227,15.85
20200228,15.62
20200229,15.48
20200301,15.22
20200302,15.19
20200303,15.05
20200304,14.91
20200305,14.77
20200306,14.63
20200307,14.49
20200308,14.35
20200309,14.21
20200310,14.06
20200311,13.95
20200312,13.89
20200313,13.83
20200314,13.76
20200315,13.7
20200316,13.64
20200317,13.58
20200318,13.52
20200319,13.46
20200320,13.41
20200321,13.36
20200322,13.3
20200323,13.25
20200324,13.2
20200325,13.16
20200326,13.1
20200327,13.05
20200328,12.99
20200329,12.93
20200330,12.85
20200331,12.76
20200401,12.66
20200402,12.54
20200403,12.43
20200404,12.32
20200405,12.2
20200406,12.09
20200407,11.98
20200408,11.89
20200409,11.82
20200410,11.79
20200411,11.73
20200412,11.68
20200413,11.63
20200414,11.59
20200415,11.53
20200416,11.47
20200417,11.42
20200418,11.36
20200419,11.3
20200420,11.24
20200421,11.18
20200422,11.1
20200423,11.01
20200424,10.93
20200425,10.86
20200426,10.8
20200427,10.76
20200428,10.7
20200429,10.68
20200430,10.62
20200501,10.56
20200502,10.5
20200503,10.45
20200504,10.39
20200505,10.34
20200506,10.29
20200507,10.17
20200508,10.08
20200509,10.01
20200510,9.89
20200511,9.77
20200512,9.67
20200513,9.55
20200514,9.43
20200515,9.28
20200516,9.12
20200517,8.95
20200518,8.8
20200519,8.66
20200520,8.63
20200521,8.59
20200522,8.54
20200523,8.49
20200524,8.43
20200525,8.38
20200526,8.33
20200527,8.28
20200528,8.21
20200529,8.15
20200530,8.13
20200531,8.11
20200601,8.06
20200602,8.03
20200603,7.99
20200604,7.98
20200605,7.99
20200606,8
20200607,7.99
20200608,8.21
20200609,8.25
20200610,8.17
20200611,8.07
20200612,8.01
20200613,7.95
20200614,7.9
20200615,7.97
20200616,8.12
20200617,8.19
20200618,8.23
20200619,8.31
20200620,8.28
20200621,8.19
20200622,8.14
20200623,8.18
20200624,8.17
20200625,8.14
20200626,8.08
20200627,8.01
20200628,7.93
20200629,7.85
20200630,7.82
20200701,7.96
20200702,7.99
20200703,8.1
20200704,8.4
20200705,8.8
20200706,9.19
20200707,9.83
20200708,10.67
20200709,
20200710,
20200711,
20200712,
20200713,
20200714,
20200715,
20200716,
20200717,
20200718,
20200719,
20200720,
20200721,
20200722,
20200723,15.2
20200724,15.28
20200725,15.31
20200726,15.32
20200727,15.31
20200728,15.32
20200729,15.35
20200730,15.38
20200731,15.54
20200801,15.58
20200802,15.73
20200803,16.04
20200804,16.64
20200805,16.97
20200806,
20200807,
20200808,
20200809,
20200810,
20200811,
20200812,
20200813,18.85
20200814,18.88
20200815,18.6
20200816,18.59
20200817,18.81
20200818,19.06
20200819,19.34
20200820,19.45
20200821,19.43
20200822,19.45
20200823,19.45
20200824,19.45
20200825,19.46
20200826,19.41
20200827,19.34
20200828,19.21
20200829,19.08
20200830,18.95
20200831,18.79
20200901,18.67
20200902,18.64
20200903,18.7
20200904,18.67
20200905,18.59
20200906,18.59
20200907,18.65
20200908,18.86
20200909,18.88
20200910,18.88
20200911,18.96
20200912,19.17
20200913,19.41
20200914,19.47
20200915,19.45
20200916,19.52
20200917,19.43
20200918,19.45
20200919,19.46
20200920,19.52
20200921,18.93
20200922,18.6
20200923,19.52
20200924,19.18
20200925,19.43
20200926,19.52
20200927,19.48
20200928,19.4
20200929,19.43
20200930,19.43
20201001,19.4
20201002,19.36
20201003,19.31
20201004,19.28
20201005,19.23
20201006,19.15
20201007,19.04
20201008,18.96
20201009,18.87
20201010,18.85
20201011,18.87
20201012,18.88
20201013,19.02
20201014,19.34
20201015,19.32
20201016,19.32
20201017,19.28
20201018,19.22
20201019,19.15
20201020,19.06
20201021,18.98
20201022,18.9
20201023,18.83
20201024,18.74
20201025,18.62
20201026,18.49
20201027,18.35
20201028,18.2
20201029,18.07
20201030,17.91
20201031,17.74
20201101,17.57
20201102,17.42
20201103,17.32
20201104,17.21
20201105,17.09
20201106,16.97
20201107,16.97
20201108,16.89
20201109,16.77
20201110,16.64
20201111,16.5
20201112,16.34
20201113,16.16
20201114,15.99
20201115,15.84
20201116,15.66
20201117,15.5
20201118,15.38
20201119,15.22
20201120,15.07
20201121,14.9
20201122,14.72
20201123,14.54
20201124,14.35
20201125,14.15
20201126,13.96
20201127,13.85
20201128,13.75
20201129,13.63
20201130,13.49
20201201,13.35
20201202,13.21
20201203,13.06
20201204,12.92
20201205,12.78
20201206,12.66
20201207,12.52
20201208,12.39
20201209,12.36
20201210,12.36
20201211,12.36
20201212,12.36
20201213,12.38
20201214,12.39
20201215,12.39
20201216,12.37
20201217,
20201218,
20201219,
20201220,
20201221,
20201222,
20201223,
20201224,
20201225,
20201226,
20201227,
20201228,
20201229,
20201230,
20201231,
