Date,observed Inflow
20110101,16.1424
20110102,16.1424
20110103,17.9832
20110104,14.32992
20110105,14.32992
20110106,14.32992
20110107,14.32992
20110108,14.32992
20110109,14.32992
20110110,14.32992
20110111,12.51744
20110112,10.67664
20110113,10.67664
20110114,8.86416
20110115,8.86416
20110116,7.08
20110117,7.13664
20110118,8.97744
20110119,8.97744
20110120,9.00576
20110121,7.13664
20110122,7.13664
20110123,7.13664
20110124,7.13664
20110125,7.13664
20110126,5.26752
20110127,5.26752
20110128,6.372
20110129,4.19136
20110130,4.248
20110131,3.54
20110201,3.54
20110202,3.62496
20110203,3.62496
20110204,3.93648
20110205,3.48336
20110206,3.48336
20110207,3.48336
20110208,3.48336
20110209,3.48336
20110210,3.48336
20110211,3.37008
20110212,3.22848
20110213,3.22848
20110214,3.76656
20110215,3.79488
20110216,3.90816
20110217,3.90816
20110218,3.90816
20110219,3.2568
20110220,2.88864
20110221,2.88864
20110222,2.86032
20110223,2.86032
20110224,2.86032
20110225,3.22848
20110226,9.65712
20110227,9.7704
20110228,4.8144
20110301,3.87984
20110302,3.03024
20110303,2.88864
20110304,2.88864
20110305,2.88864
20110306,3.59664
20110307,3.59664
20110308,2.88864
20110309,2.77536
20110310,2.88864
20110311,2.91696
20110312,1.9824
20110313,2.35056
20110314,2.32224
20110315,2.32224
20110316,2.35056
20110317,1.52928
20110318,1.50096
20110319,1.47264
20110320,1.30272
20110321,1.72752
20110322,1.72752
20110323,1.89744
20110324,1.33104
20110325,1.30272
20110326,1.24608
20110327,1.24608
20110328,1.24608
20110329,1.24608
20110330,1.21776
20110331,1.10448
20110401,0.9912
20110402,1.95408
20110403,1.2744
20110404,1.35936
20110405,1.10448
20110406,1.2744
20110407,1.64256
20110408,17.92656
20110409,6.5136
20110410,1.95408
20110411,0.2832
20110412,1.5576
20110413,1.52928
20110414,2.06736
20110415,2.57712
20110416,2.57712
20110417,2.5488
20110418,3.08688
20110419,20.30544
20110420,24.61008
20110421,44.34912
20110422,24.52512
20110423,59.6136
20110424,145.22496
20110425,73.68864
20110426,69.97872
20110427,23.13744
20110428,15.74592
20110429,8.80752
20110430,5.21088
20110501,9.99696
20110502,7.27824
20110503,4.33296
20110504,3.3984
20110505,7.84464
20110506,5.83392
20110507,5.89056
20110508,5.06928
20110509,4.87104
20110510,4.98432
20110511,3.62496
20110512,3.34176
20110513,3.31344
20110514,4.1064
20110515,3.1152
20110516,6.17376
20110517,4.16304
20110518,3.6816
20110519,2.9736
20110520,16.22736
20110521,5.9472
20110522,5.9472
20110523,5.9472
20110524,5.9472
20110525,5.9472
20110526,5.9472
20110527,5.9472
20110528,16.5672
20110529,8.75088
20110530,3.03024
20110531,6.85344
20110601,6.9384
20110602,3.34176
20110603,53.55312
20110604,204.0456
20110605,175.75392
20110606,180.00192
20110607,119.34048
20110608,85.15824
20110609,75.55776
20110610,71.6496
20110611,60.6048
20110612,102.40512
20110613,105.97344
20110614,118.68912
20110615,175.52736
20110616,155.84496
20110617,106.6248
20110618,208.77504
20110619,475.54944
20110620,484.92336
20110621,276.51648
20110622,135.7944
20110623,78.13488
20110624,63.52176
20110625,78.13488
20110626,129.33744
20110627,170.54304
20110628,259.128
20110629,380.45088
20110630,294.27312
20110701,161.93376
20110702,113.22336
20110703,102.03696
20110704,83.4024
20110705,62.53056
20110706,51.9672
20110707,55.30896
20110708,58.56576
20110709,
20110710,
20110711,
20110712,
20110713,
20110714,
20110715,
20110716,247.63008
20110717,389.34336
20110718,625.164
20110719,675.12048
20110720,598.03344
20110721,480.98688
20110722,447.05952
20110723,439.29984
20110724,443.17968
20110725,447.05952
20110726,499.47984
20110727,435.44832
20110728,260.06256
20110729,149.92608
20110730,126.36384
20110731,61.3128
20110801,65.19264
20110802,56.72496
20110803,113.28
20110804,153.43776
20110805,210.67248
20110806,334.09104
20110807,508.71216
20110808,436.58112
20110809,372.46464
20110810,296.00064
20110811,254.7384
20110812,199.17456
20110813,189.80064
20110814,236.52864
20110815,198.26832
20110816,145.02672
20110817,140.41056
20110818,72.32928
20110819,149.58624
20110820,134.26512
20110821,100.73424
20110822,180.28512
20110823,131.20656
20110824,128.11968
20110825,106.79472
20110826,112.26048
20110827,118.54752
20110828,188.1864
20110829,185.9208
20110830,212.76816
20110831,353.292
20110901,573.16848
20110902,794.46096
20110903,724.76544
20110904,758.4096
20110905,672.65664
20110906,396.48
20110907,319.25136
20110908,305.94096
20110909,210.95568
20110910,207.67056
20110911,207.67056
20110912,207.67056
20110913,177.8496
20110914,133.07568
20110915,152.22
20110916,173.48832
20110917,241.65456
20110918,136.24752
20110919,102.3768
20110920,86.77248
20110921,81.47664
20110922,73.23552
20110923,66.60864
20110924,48.7104
20110925,46.10496
20110926,46.07664
20110927,38.14704
20110928,30.21744
20110929,30.18912
20110930,28.51824
20111001,22.656
20111002,22.00464
20111003,20.07888
20111004,20.27712
20111005,16.51056
20111006,19.20096
20111007,19.85232
20111008,19.85232
20111009,20.1072
20111010,27.52704
20111011,36.56112
20111012,43.81104
20111013,40.55424
20111014,45.14208
20111015,86.40432
20111016,80.74032
20111017,43.0464
20111018,32.2848
20111019,42.36672
20111020,42.48
20111021,33.984
20111022,41.3472
20111023,35.2584
20111024,63.88992
20111025,116.5368
20111026,83.45904
20111027,85.2432
20111028,54.99744
20111029,46.98288
20111030,34.52208
20111031,34.52208
20111101,55.11072
20111102,33.53088
20111103,51.99552
20111104,82.01472
20111105,76.7472
20111106,53.77968
20111107,111.5808
20111108,74.99136
20111109,29.36784
20111110,20.44704
20111111,17.02032
20111112,13.7352
20111113,10.30848
20111114,8.69424
20111115,7.3632
20111116,5.60736
20111117,3.87984
20111118,3.51168
20111119,3.8232
20111120,3.79488
20111121,5.32416
20111122,4.92768
20111123,4.44624
20111124,4.41792
20111125,5.32416
20111126,6.54192
20111127,21.0984
20111128,23.25072
20111129,32.02992
20111130,25.31808
20111201,39.95952
20111202,26.7624
20111203,33.4176
20111204,30.24576
20111205,28.65984
20111206,26.59248
20111207,26.59248
20111208,26.196
20111209,26.196
20111210,26.196
20111211,26.196
20111212,25.99776
20111213,26.16768
20111214,26.196
20111215,26.196
20111216,24.58176
20111217,24.58176
20111218,22.7976
20111219,16.08576
20111220,14.47152
20111221,12.85728
20111222,4.92768
20111223,12.85728
20111224,12.85728
20111225,12.8856
20111226,12.8856
20111227,12.8856
20111228,12.8856
20111229,12.8856
20111230,11.27136
20111231,11.27136
20120101,14.7264
20120102,
20120103,
20120104,
20120105,
20120106,
20120107,
20120108,
20120109,
20120110,
20120111,
20120112,
20120113,
20120114,
20120115,
20120116,
20120117,
20120118,
20120119,
20120120,
20120121,
20120122,
20120123,
20120124,
20120125,
20120126,
20120127,
20120128,
20120129,
20120130,
20120131,
20120201,
20120202,
20120203,
20120204,
20120205,
20120206,
20120207,
20120208,
20120209,
20120210,
20120211,
20120212,
20120213,
20120214,
20120215,
20120216,
20120217,
20120218,
20120219,
20120220,
20120221,
20120222,
20120223,
20120224,
20120225,
20120226,
20120227,
20120228,
20120229,
20120301,
20120302,
20120303,
20120304,
20120305,
20120306,
20120307,
20120308,
20120309,
20120310,
20120311,
20120312,
20120313,
20120314,
20120315,
20120316,
20120317,
20120318,
20120319,
20120320,
20120321,
20120322,
20120323,
20120324,
20120325,
20120326,
20120327,
20120328,
20120329,
20120330,
20120331,
20120401,
20120402,
20120403,
20120404,
20120405,
20120406,
20120407,
20120408,
20120409,
20120410,
20120411,
20120412,
20120413,
20120414,
20120415,
20120416,
20120417,
20120418,
20120419,
20120420,
20120421,
20120422,
20120423,
20120424,
20120425,
20120426,
20120427,
20120428,
20120429,
20120430,
20120501,
20120502,
20120503,
20120504,
20120505,
20120506,
20120507,
20120508,
20120509,
20120510,
20120511,
20120512,
20120513,
20120514,
20120515,
20120516,
20120517,
20120518,
20120519,
20120520,
20120521,
20120522,
20120523,
20120524,
20120525,
20120526,
20120527,
20120528,
20120529,
20120530,
20120531,2.03904
20120601,1.89744
20120602,2.09568
20120603,2.09568
20120604,2.09568
20120605,2.06736
20120606,1.58592
20120607,2.80368
20120608,2.80368
20120609,6.06048
20120610,11.52624
20120611,10.78992
20120612,9.7704
20120613,6.54192
20120614,
20120615,7.58976
20120616,15.34944
20120617,28.1784
20120618,28.1784
20120619,113.28
20120620,162.10368
20120621,107.81424
20120622,91.95504
20120623,60.09504
20120624,45.4536
20120625,33.04944
20120626,25.17648
20120627,24.89328
20120628,33.07776
20120629,29.90592
20120630,69.8088
20120701,73.54704
20120702,70.03536
20120703,84.87504
20120704,165.33216
20120705,163.4064
20120706,103.84944
20120707,77.82336
20120708,52.70352
20120709,55.7904
20120710,59.44368
20120711,112.60032
20120712,95.04192
20120713,61.65264
20120714,52.16544
20120715,52.2504
20120716,59.67024
20120717,51.00432
20120718,38.03376
20120719,48.65376
20120720,44.12256
20120721,41.09232
20120722,65.90064
20120723,156.52464
20120724,165.8136
20120725,133.75536
20120726,101.89536
20120727,156.41136
20120728,223.07664
20120729,195.71952
20120730,147.37728
20120731,98.49696
20120801,55.81872
20120802,80.82528
20120803,54.34608
20120804,54.3744
20120805,77.71008
20120806,119.62368
20120807,370.39728
20120808,545.32992
20120809,492.00336
20120810,481.75152
20120811,384.35904
20120812,367.82016
20120813,388.9752
20120814,355.30272
20120815,131.5464
20120816,104.89728
20120817,101.01744
20120818,108.0408
20120819,96.40128
20120820,82.836
20120821,57.57456
20120822,46.38816
20120823,41.064
20120824,39.16656
20120825,37.26912
20120826,41.54544
20120827,41.54544
20120828,71.16816
20120829,83.94048
20120830,129.564
20120831,233.2152
20120901,233.2152
20120902,242.136
20120903,172.27056
20120904,216.90288
20120905,279.49008
20120906,282.12384
20120907,227.04144
20120908,225.05904
20120909,204.55536
20120910,214.41072
20120911,390.47616
20120912,273.68448
20120913,247.74336
20120914,210.19104
20120915,217.61088
20120916,216.16656
20120917,201.32688
20120918,159.97968
20120919,159.97968
20120920,107.30448
20120921,72.27264
20120922,58.02768
20120923,58.02768
20120924,50.60784
20120925,42.39504
20120926,37.43904
20120927,37.43904
20120928,44.604
20120929,51.8256
20120930,45.22704
20121001,44.43408
20121002,55.98864
20121003,80.08896
20121004,58.22592
20121005,36.87264
20121006,31.37856
20121007,27.10224
20121008,23.42064
20121009,27.4704
20121010,28.26336
20121011,54.57264
20121012,22.656
20121013,24.18528
20121014,33.47424
20121015,51.45744
20121016,68.16624
20121017,40.356
20121018,32.36976
20121019,19.79568
20121020,20.05056
20121021,22.0896
20121022,41.3472
20121023,28.00848
20121024,25.03488
20121025,19.08768
20121026,15.40608
20121027,18.32304
20121028,19.76736
20121029,20.6736
20121030,24.55344
20121031,23.19408
20121101,40.10112
20121102,52.36368
20121103,141.00528
20121104,71.02656
20121105,39.47808
20121106,34.1256
20121107,24.86496
20121108,21.24
20121109,42.1968
20121110,26.196
20121111,26.39424
20121112,23.70384
20121113,22.25952
20121114,22.31616
20121115,21.35328
20121116,21.35328
20121117,21.32496
20121118,18.46464
20121119,17.44512
20121120,17.8416
20121121,17.8416
20121122,17.81328
20121123,17.19024
20121124,24.3552
20121125,26.73408
20121126,22.85424
20121127,17.19024
20121128,14.83968
20121129,11.83776
20121130,7.98624
20121201,9.23232
20121202,9.37392
20121203,8.43936
20121204,10.56336
20121205,23.02416
20121206,17.81328
20121207,11.58288
20121208,10.73328
20121209,5.12592
20121210,5.12592
20121211,5.57904
20121212,5.29584
20121213,5.60736
20121214,5.5224
20121215,5.5224
20121216,5.46576
20121217,4.87104
20121218,4.98432
20121219,4.47456
20121220,4.47456
20121221,4.16304
20121222,4.70112
20121223,4.3896
20121224,4.3896
20121225,4.33296
20121226,4.27632
20121227,4.27632
20121228,4.27632
20121229,4.27632
20121230,4.27632
20121231,4.956
20130101,
20130102,
20130103,
20130104,
20130105,
20130106,
20130107,
20130108,
20130109,
20130110,
20130111,
20130112,
20130113,
20130114,
20130115,
20130116,
20130117,
20130118,
20130119,
20130120,
20130121,
20130122,3.56832
20130123,3.56832
20130124,3.54
20130125,3.54
20130126,3.54
20130127,3.54
20130128,3.54
20130129,3.54
20130130,2.77536
20130131,2.94528
20130201,2.94528
20130202,3.03024
20130203,3.03024
20130204,3.03024
20130205,
20130206,
20130207,
20130208,
20130209,
20130210,
20130211,
20130212,
20130213,
20130214,
20130215,
20130216,
20130217,
20130218,
20130219,
20130220,
20130221,
20130222,
20130223,
20130224,
20130225,
20130226,
20130227,
20130228,
20130301,
20130302,
20130303,
20130304,
20130305,
20130306,
20130307,
20130308,
20130309,
20130310,
20130311,
20130312,
20130313,
20130314,
20130315,
20130316,
20130317,
20130318,
20130319,
20130320,
20130321,
20130322,
20130323,
20130324,
20130325,
20130326,
20130327,
20130328,
20130329,
20130330,
20130331,
20130401,
20130402,
20130403,
20130404,
20130405,
20130406,
20130407,
20130408,
20130409,
20130410,
20130411,
20130412,
20130413,
20130414,
20130415,
20130416,
20130417,
20130418,
20130419,
20130420,
20130421,
20130422,
20130423,
20130424,
20130425,
20130426,
20130427,
20130428,
20130429,
20130430,
20130501,
20130502,
20130503,
20130504,
20130505,
20130506,
20130507,
20130508,
20130509,
20130510,
20130511,
20130512,
20130513,
20130514,
20130515,
20130516,
20130517,
20130518,
20130519,
20130520,
20130521,
20130522,
20130523,
20130524,
20130525,
20130526,
20130527,
20130528,
20130529,
20130530,
20130531,
20130601,
20130602,
20130603,
20130604,
20130605,
20130606,
20130607,
20130608,
20130609,
20130610,
20130611,54.85584
20130612,70.20528
20130613,103.42464
20130614,77.90832
20130615,160.26288
20130616,258.67488
20130617,414.97296
20130618,449.12688
20130619,441.084
20130620,282.9168
20130621,383.90592
20130622,328.9368
20130623,247.43184
20130624,297.61488
20130625,484.47024
20130626,801.82416
20130627,998.39328
20130628,929.66064
20130629,731.7888
20130630,299.71056
20130701,146.18784
20130702,111.97728
20130703,176.06544
20130704,645.15792
20130705,1208.78256
20130706,1045.31952
20130707,891.71184
20130708,845.23872
20130709,692.25408
20130710,442.55664
20130711,359.3808
20130712,443.80272
20130713,431.14368
20130714,414.37824
20130715,440.34768
20130716,313.9272
20130717,432.38976
20130718,456.43344
20130719,446.8896
20130720,837.9888
20130721,956.30976
20130722,682.0872
20130723,655.3248
20130724,583.36368
20130725,640.34352
20130726,852.48864
20130727,886.35936
20130728,791.51568
20130729,773.87232
20130730,665.60496
20130731,516.64176
20130801,559.20672
20130802,868.91424
20130803,1230.98544
20130804,127.827984
20130805,1001.02704
20130806,763.28064
20130807,574.64112
20130808,486.02784
20130809,277.73424
20130810,248.62128
20130811,209.08656
20130812,197.22048
20130813,193.284
20130814,159.63984
20130815,161.59392
20130816,141.79824
20130817,126.3072
20130818,128.34624
20130819,114.49776
20130820,95.60832
20130821,84.08208
20130822,100.9608
20130823,92.4648
20130824,90.51072
20130825,73.03728
20130826,86.60256
20130827,45.82176
20130828,65.90064
20130829,65.36256
20130830,52.27872
20130831,59.72688
20130901,65.33424
20130902,72.89568
20130903,100.90416
20130904,71.33808
20130905,66.2688
20130906,60.71808
20130907,56.95152
20130908,68.16624
20130909,75.6144
20130910,86.88576
20130911,66.24048
20130912,58.764
20130913,62.67216
20130914,100.90416
20130915,81.9864
20130916,80.17392
20130917,102.06528
20130918,124.4664
20130919,197.07888
20130920,193.73712
20130921,271.872
20130922,360.372
20130923,228.76896
20130924,75.84096
20130925,81.73152
20130926,70.40352
20130927,66.1272
20130928,42.70656
20130929,42.67824
20130930,49.05024
20131001,49.05024
20131002,48.34224
20131003,36.56112
20131004,33.92736
20131005,25.68624
20131006,23.61888
20131007,29.76432
20131008,29.53776
20131009,44.29248
20131010,40.32768
20131011,28.43328
20131012,24.46848
20131013,30.38736
20131014,29.14128
20131015,26.11104
20131016,22.20288
20131017,64.03152
20131018,116.93328
20131019,66.46704
20131020,71.47968
20131021,103.39632
20131022,64.0032
20131023,78.27648
20131024,58.84896
20131025,86.54592
20131026,78.64464
20131027,
20131028,53.83632
20131029,38.00544
20131030,34.04064
20131031,
20131101,25.26144
20131102,23.70384
20131103,17.86992
20131104,13.48032
20131105,10.45008
20131106,6.68352
20131107,7.33488
20131108,6.28704
20131109,8.09952
20131110,7.30656
20131111,7.44816
20131112,7.44816
20131113,5.86224
20131114,6.17376
20131115,6.17376
20131116,6.31536
20131117,6.68352
20131118,7.61808
20131119,15.60432
20131120,36.50448
20131121,29.90592
20131122,18.71952
20131123,11.55456
20131124,21.72144
20131125,24.80832
20131126,32.08656
20131127,30.47232
20131128,18.6912
20131129,15.74592
20131130,23.95872
20131201,27.49872
20131202,22.11792
20131203,27.44208
20131204,27.44208
20131205,27.44208
20131206,18.60624
20131207,20.36208
20131208,18.60624
20131209,18.60624
20131210,18.60624
20131211,16.8504
20131212,18.60624
20131213,11.55456
20131214,18.60624
20131215,21.01344
20131216,13.93344
20131217,13.90512
20131218,12.14928
20131219,15.66096
20131220,6.85344
20131221,8.60928
20131222,8.60928
20131223,8.60928
20131224,8.6376
20131225,8.66592
20131226,8.66592
20131227,8.66592
20131228,8.66592
20131229,8.66592
20131230,10.45008
20131231,8.66592
20140101,8.66592
20140102,10.39344
20140103,8.66592
20140104,8.66592
20140105,10.45008
20140106,8.66592
20140107,8.66592
20140108,8.66592
20140109,8.66592
20140110,8.66592
20140111,8.66592
20140112,8.66592
20140113,6.88176
20140114,6.88176
20140115,6.88176
20140116,6.88176
20140117,6.88176
20140118,6.88176
20140119,6.88176
20140120,6.88176
20140121,6.88176
20140122,5.0976
20140123,5.0976
20140124,5.0976
20140125,5.12592
20140126,5.12592
20140127,5.12592
20140128,5.0976
20140129,3.34176
20140130,3.34176
20140131,3.34176
20140201,3.34176
20140202,3.34176
20140203,3.34176
20140204,3.34176
20140205,5.12592
20140206,3.54
20140207,3.54
20140208,3.54
20140209,3.54
20140210,5.32416
20140211,3.54
20140212,3.54
20140213,3.54
20140214,3.54
20140215,3.03024
20140216,3.73824
20140217,3.03024
20140218,3.73824
20140219,3.73824
20140220,3.73824
20140221,3.73824
20140222,2.23728
20140223,2.88864
20140224,3.87984
20140225,3.85152
20140226,3.85152
20140227,3.85152
20140228,2.88864
20140301,2.77536
20140302,2.71872
20140303,2.80368
20140304,2.77536
20140305,2.77536
20140306,2.01072
20140307,2.01072
20140308,2.03904
20140309,2.20896
20140310,2.20896
20140311,2.18064
20140312,2.18064
20140313,2.15232
20140314,2.15232
20140315,2.74704
20140316,2.77536
20140317,1.9824
20140318,2.43552
20140319,2.43552
20140320,
20140321,1.58592
20140322,1.64256
20140323,1.64256
20140324,1.58592
20140325,1.58592
20140326,1.8408
20140327,2.23728
20140328,2.23728
20140329,1.6992
20140330,1.81248
20140331,1.6992
20140401,1.78416
20140402,1.18944
20140403,1.64256
20140404,2.15232
20140405,2.15232
20140406,1.47264
20140407,1.24608
20140408,1.16112
20140409,1.61424
20140410,3.31344
20140411,6.71184
20140412,5.18256
20140413,8.75088
20140414,11.78112
20140415,5.69232
20140416,14.78304
20140417,16.62384
20140418,11.29968
20140419,17.24688
20140420,35.42832
20140421,25.0632
20140422,20.64528
20140423,4.30464
20140424,2.80368
20140425,2.80368
20140426,20.64528
20140427,2.66208
20140428,2.66208
20140429,2.66208
20140430,2.63376
20140501,21.5232
20140502,23.2224
20140503,37.77888
20140504,22.656
20140505,18.46464
20140506,24.18528
20140507,18.46464
20140508,17.02032
20140509,100.50768
20140510,155.30688
20140511,59.67024
20140512,26.13936
20140513,20.22048
20140514,19.42752
20140515,#VALUE!
20140516,8.72256
20140517,5.8056
20140518,5.8056
20140519,5.77728
20140520,23.2224
20140521,10.13856
20140522,8.86416
20140523,14.7264
20140524,4.70112
20140525,7.53312
20140526,4.6728
20140527,4.64448
20140528,3.70992
20140529,16.45392
20140530,41.60208
20140531,20.3904
20140601,24.80832
20140602,16.79376
20140603,26.56416
20140604,20.16384
20140605,22.28784
20140606,16.76544
20140607,9.7704
20140608,12.26256
20140609,5.86224
20140610,10.4784
20140611,19.88064
20140612,23.9304
20140613,23.9304
20140614,29.3112
20140615,25.26144
20140616,21.29664
20140617,21.35328
20140618,30.33072
20140619,37.07088
20140620,63.83328
20140621,105.43536
20140622,146.44272
20140623,182.97552
20140624,205.34832
20140625,136.55904
20140626,117.44304
20140627,80.8536
20140628,50.4096
20140629,55.3656
20140630,50.18304
20140701,53.60976
20140702,46.02
20140703,55.28064
20140704,42.6216
20140705,31.54848
20140706,40.72416
20140707,34.01232
20140708,34.01232
20140709,30.84048
20140710,54.57264
20140711,153.40944
20140712,191.98128
20140713,221.71728
20140714,460.3416
20140715,582.8256
20140716,607.54896
20140717,587.47008
20140718,571.66752
20140719,674.1576
20140720,483.8472
20140721,717.57216
20140722,795.39552
20140723,811.0848
20140724,987.57504
20140725,995.70288
20140726,922.2408
20140727,731.84544
20140728,412.73568
20140729,399.0288
20140730,363.0624
20140731,356.15232
20140801,613.94928
20140802,947.78544
20140803,944.69856
20140804,787.4376
20140805,734.84736
20140806,795.2256
20140807,941.58336
20140808,944.50032
20140809,793.15824
20140810,629.2704
20140811,411.7728
20140812,369.49104
20140813,507.97584
20140814,350.29008
20140815,284.8992
20140816,283.28496
20140817,173.09184
20140818,136.04928
20140819,165.19056
20140820,154.40064
20140821,117.3864
20140822,137.18208
20140823,209.11488
20140824,202.51632
20140825,118.29264
20140826,87.48048
20140827,73.09392
20140828,70.8
20140829,97.73232
20140830,130.61184
20140831,256.35264
20140901,424.99824
20140902,619.44336
20140903,554.0808
20140904,442.41504
20140905,332.50512
20140906,377.98704
20140907,201.072
20140908,244.93968
20140909,218.65872
20140910,205.65984
20140911,188.6112
20140912,154.6272
20140913,121.9176
20140914,98.01552
20140915,98.01552
20140916,95.89152
20140917,107.21952
20140918,76.83216
20140919,69.29904
20140920,73.54704
20140921,77.79504
20140922,65.02272
20140923,107.616
20140924,177.36816
20140925,116.22528
20140926,102.60336
20140927,104.24592
20140928,76.54896
20140929,124.77792
20140930,129.02592
20141001,119.11392
20141002,97.90224
20141003,94.36224
20141004,51.74064
20141005,51.74064
20141006,79.40928
20141007,79.40928
20141008,51.71232
20141009,70.3752
20141010,72.95232
20141011,60.6048
20141012,99.65808
20141013,60.6048
20141014,54.31776
20141015,43.10304
20141016,49.24848
20141017,54.06288
20141018,51.79728
20141019,68.22288
20141020,66.15552
20141021,64.08816
20141022,50.63616
20141023,40.72416
20141024,54.57264
20141025,96.08976
20141026,122.17248
20141027,95.1552
20141028,72.55584
20141029,55.84704
20141030,68.5344
20141031,42.02688
20141101,36.75936
20141102,27.83856
20141103,29.79264
20141104,27.81024
20141105,23.84544
20141106,22.42944
20141107,20.78688
20141108,16.90704
20141109,18.63456
20141110,16.05744
20141111,16.05744
20141112,12.57408
20141113,30.61392
20141114,18.29472
20141115,29.25456
20141116,29.25456
20141117,14.64144
20141118,13.11216
20141119,9.54384
20141120,9.54384
20141121,8.04288
20141122,8.69424
20141123,8.38272
20141124,9.14736
20141125,9.54384
20141126,9.4872
20141127,7.70304
20141128,8.04288
20141129,7.39152
20141130,7.75968
20141201,8.12784
20141202,8.12784
20141203,8.41104
20141204,8.38272
20141205,10.50672
20141206,10.13856
20141207,8.97744
20141208,10.67664
20141209,12.68736
20141210,12.68736
20141211,38.34528
20141212,93.93744
20141213,58.056
20141214,109.76832
20141215,119.99184
20141216,136.98384
20141217,105.7752
20141218,89.88768
20141219,52.98672
20141220,30.0192
20141221,24.66672
20141222,12.23424
20141223,8.66592
20141224,8.66592
20141225,8.66592
20141226,8.66592
20141227,10.45008
20141228,8.66592
20141229,8.66592
20141230,10.45008
20141231,10.45008
20150101,8.12784
20150102,8.66592
20150103,10.45008
20150104,10.45008
20150105,8.66592
20150106,10.45008
20150107,10.50672
20150108,8.75088
20150109,10.53504
20150110,10.53504
20150111,8.75088
20150112,8.75088
20150113,8.75088
20150114,8.75088
20150115,8.75088
20150116,8.75088
20150117,8.75088
20150118,6.9384
20150119,8.75088
20150120,8.75088
20150121,6.9384
20150122,8.75088
20150123,6.9384
20150124,6.9384
20150125,6.9384
20150126,6.9384
20150127,8.75088
20150128,6.96672
20150129,6.9384
20150130,6.9384
20150131,5.15424
20150201,5.15424
20150202,7.16496
20150203,5.3808
20150204,5.3808
20150205,3.56832
20150206,3.56832
20150207,5.35248
20150208,3.56832
20150209,3.56832
20150210,3.56832
20150211,5.3808
20150212,3.56832
20150213,3.56832
20150214,3.56832
20150215,3.56832
20150216,4.50288
20150217,3.37008
20150218,3.99312
20150219,3.59664
20150220,3.56832
20150221,2.91696
20150222,3.56832
20150223,4.21968
20150224,2.91696
20150225,3.03024
20150226,3.28512
20150227,3.31344
20150228,3.93648
20150301,4.1064
20150302,3.54
20150303,3.62496
20150304,12.57408
20150305,3.73824
20150306,3.62496
20150307,3.37008
20150308,8.6376
20150309,8.6376
20150310,16.59552
20150311,6.25872
20150312,5.15424
20150313,3.48336
20150314,3.59664
20150315,3.56832
20150316,5.32416
20150317,4.47456
20150318,4.47456
20150319,2.71872
20150320,2.6904
20150321,2.6904
20150322,2.6904
20150323,2.6904
20150324,2.6904
20150325,2.6904
20150326,2.74704
20150327,3.1152
20150328,3.62496
20150329,3.62496
20150330,3.45504
20150331,2.124
20150401,2.124
20150402,3.45504
20150403,2.43552
20150404,2.4072
20150405,2.86032
20150406,2.86032
20150407,9.17568
20150408,6.0888
20150409,2.77536
20150410,8.6376
20150411,19.76736
20150412,24.6384
20150413,21.40992
20150414,16.53888
20150415,14.92464
20150416,10.0536
20150417,6.82512
20150418,6.85344
20150419,9.79872
20150420,5.83392
20150421,4.21968
20150422,5.89056
20150423,4.92768
20150424,6.54192
20150425,3.65328
20150426,8.18448
20150427,3.42672
20150428,3.3984
20150429,3.6816
20150430,8.41104
20150501,6.91008
20150502,4.50288
20150503,2.94528
20150504,4.47456
20150505,2.91696
20150506,2.88864
20150507,6.54192
20150508,33.8424
20150509,9.54384
20150510,3.45504
20150511,3.45504
20150512,3.45504
20150513,38.31696
20150514,61.11456
20150515,71.73456
20150516,41.40384
20150517,53.55312
20150518,74.82144
20150519,55.45056
20150520,36.16464
20150521,19.34256
20150522,10.4784
20150523,8.9208
20150524,8.9208
20150525,7.39152
20150526,10.95984
20150527,9.65712
20150528,39.27984
20150529,39.27984
20150530,42.22512
20150531,37.77888
20150601,18.52128
20150602,11.4696
20150603,10.02528
20150604,10.56336
20150605,16.36896
20150606,11.95104
20150607,10.50672
20150608,9.11904
20150609,6.59856
20150610,9.74208
20150611,6.88176
20150612,4.02144
20150613,5.43744
20150614,4.02144
20150615,9.74208
20150616,14.0184
20150617,12.6024
20150618,54.14784
20150619,46.98288
20150620,60.01008
20150621,224.69088
20150622,371.24688
20150623,437.79888
20150624,532.2744
20150625,543.4608
20150626,617.63088
20150627,927.14016
20150628,736.06512
20150629,570.25152
20150630,380.13936
20150701,283.70976
20150702,147.29232
20150703,104.84064
20150704,91.92672
20150705,90.85056
20150706,78.0216
20150707,63.8616
20150708,57.68784
20150709,90.56736
20150710,112.37376
20150711,91.95504
20150712,140.63712
20150713,152.55984
20150714,132.62256
20150715,91.36032
20150716,92.40816
20150717,96.288
20150718,169.41024
20150719,429.50112
20150720,518.65248
20150721,473.73696
20150722,358.16304
20150723,238.7376
20150724,270.25776
20150725,235.73568
20150726,189.37584
20150727,149.16144
20150728,143.24256
20150729,121.43616
20150730,128.60112
20150731,80.48544
20150801,48.25728
20150802,39.648
20150803,42.48
20150804,51.684
20150805,54.68592
20150806,54.68592
20150807,72.55584
20150808,47.2944
20150809,88.0752
20150810,90.17088
20150811,52.98672
20150812,72.52752
20150813,161.9904
20150814,159.7248
20150815,127.0152
20150816,117.98112
20150817,114.80928
20150818,97.78896
20150819,113.93136
20150820,104.3592
20150821,60.85968
20150822,71.19648
20150823,103.31136
20150824,120.44496
20150825,84.47856
20150826,69.07248
20150827,55.67712
20150828,50.1264
20150829,37.97712
20150830,36.19296
20150831,22.03296
20150901,21.74976
20150902,24.86496
20150903,22.48608
20150904,22.85424
20150905,28.1784
20150906,36.3912
20150907,73.37712
20150908,61.05792
20150909,172.21392
20150910,104.784
20150911,83.23248
20150912,70.68672
20150913,61.70928
20150914,54.516
20150915,29.25456
20150916,24.72336
20150917,60.15168
20150918,54.77088
20150919,56.01696
20150920,82.52448
20150921,58.11264
20150922,53.12832
20150923,43.49952
20150924,25.28976
20150925,26.30928
20150926,70.31856
20150927,60.23664
20150928,49.7016
20150929,159.66816
20150930,107.8992
20151001,64.0032
20151002,66.86352
20151003,48.65376
20151004,33.72912
20151005,27.10224
20151006,55.33728
20151007,100.64928
20151008,95.09856
20151009,97.47744
20151010,117.2448
20151011,93.85248
20151012,66.49536
20151013,45.99168
20151014,35.71152
20151015,59.64192
20151016,47.69088
20151017,47.69088
20151018,45.96336
20151019,40.83744
20151020,29.5944
20151021,24.78
20151022,21.91968
20151023,16.93536
20151024,16.93536
20151025,16.17072
20151026,14.55648
20151027,12.91392
20151028,12.94224
20151029,13.8768
20151030,18.60624
20151031,18.60624
20151101,15.32112
20151102,12.4608
20151103,34.2672
20151104,38.91168
20151105,63.72
20151106,72.72576
20151107,50.29632
20151108,40.95072
20151109,34.63536
20151110,36.22128
20151111,37.8072
20151112,34.63536
20151113,40.97904
20151114,72.58416
20151115,55.19568
20151116,38.74176
20151117,30.78384
20151118,19.71072
20151119,18.1248
20151120,21.32496
20151121,48.20064
20151122,45.05712
20151123,32.39808
20151124,37.15584
20151125,34.29552
20151126,35.5416
20151127,32.7096
20151128,21.18336
20151129,19.76736
20151130,20.6736
20151201,17.47344
20151202,17.38848
20151203,17.38848
20151204,19.17264
20151205,18.5496
20151206,18.03984
20151207,17.72832
20151208,17.72832
20151209,20.75856
20151210,19.05936
20151211,18.408
20151212,17.78496
20151213,16.62384
20151214,15.4344
20151215,19.79568
20151216,22.71264
20151217,19.79568
20151218,21.24
20151219,18.35136
20151220,16.87872
20151221,16.87872
20151222,15.4344
20151223,15.4344
20151224,15.4344
20151225,15.40608
20151226,14.47152
20151227,14.47152
20151228,13.0272
20151229,13.0272
20151230,13.0272
20151231,11.55456
20160101,11.58288
20160102,10.13856
20160103,10.13856
20160104,10.13856
20160105,10.13856
20160106,10.13856
20160107,10.13856
20160108,10.13856
20160109,10.13856
20160110,9.60048
20160111,8.46768
20160112,6.99504
20160113,6.99504
20160114,6.99504
20160115,6.99504
20160116,7.33488
20160117,7.33488
20160118,7.33488
20160119,7.33488
20160120,7.33488
20160121,5.89056
20160122,5.89056
20160123,5.89056
20160124,5.89056
20160125,5.89056
20160126,5.89056
20160127,7.33488
20160128,7.33488
20160129,7.33488
20160130,6.20208
20160131,7.02336
20160201,5.55072
20160202,5.40912
20160203,6.0888
20160204,6.06048
20160205,4.61616
20160206,5.49408
20160207,4.84272
20160208,4.84272
20160209,4.84272
20160210,4.8144
20160211,3.37008
20160212,3.42672
20160213,3.42672
20160214,3.42672
20160215,3.42672
20160216,3.42672
20160217,3.42672
20160218,3.42672
20160219,3.34176
20160220,3.34176
20160221,3.1152
20160222,3.1152
20160223,3.17184
20160224,2.86032
20160225,2.57712
20160226,3.05856
20160227,2.35056
20160228,3.2568
20160229,3.34176
20160301,3.34176
20160302,2.57712
20160303,2.5488
20160304,2.52048
20160305,2.49216
20160306,2.49216
20160307,2.46384
20160308,2.832
20160309,2.43552
20160310,1.89744
20160311,1.89744
20160312,1.86912
20160313,1.86912
20160314,1.8408
20160315,2.35056
20160316,2.46384
20160317,2.46384
20160318,2.43552
20160319,2.43552
20160320,2.4072
20160321,2.4072
20160322,1.52928
20160323,1.6992
20160324,1.6992
20160325,1.6992
20160326,1.6992
20160327,1.67088
20160328,1.67088
20160329,1.1328
20160330,1.61424
20160331,1.67088
20160401,1.64256
20160402,1.5576
20160403,1.47264
20160404,1.44432
20160405,1.30272
20160406,1.416
20160407,1.67088
20160408,1.6992
20160409,1.2744
20160410,0.90624
20160411,1.16112
20160412,0.79296
20160413,0.48144
20160414,2.91696
20160415,3.9648
20160416,3.9648
20160417,5.60736
20160418,5.9472
20160419,6.9384
20160420,7.9296
20160421,7.27824
20160422,8.12784
20160423,7.13664
20160424,7.10832
20160425,7.19328
20160426,6.5136
20160427,6.48528
20160428,4.61616
20160429,3.3984
20160430,3.42672
20160501,2.52048
20160502,3.22848
20160503,4.50288
20160504,5.26752
20160505,5.26752
20160506,4.75776
20160507,3.9648
20160508,8.46768
20160509,14.66976
20160510,8.46768
20160511,15.91584
20160512,18.06816
20160513,12.26256
20160514,3.56832
20160515,3.31344
20160516,3.3984
20160517,3.37008
20160518,3.28512
20160519,3.00192
20160520,3.05856
20160521,2.9736
20160522,3.14352
20160523,2.74704
20160524,2.832
20160525,2.77536
20160526,2.74704
20160527,3.48336
20160528,3.93648
20160529,4.6728
20160530,3.9648
20160531,4.78608
20160601,3.93648
20160602,4.44624
20160603,4.41792
20160604,5.01264
20160605,4.98432
20160606,3.99312
20160607,3.45504
20160608,3.99312
20160609,4.55952
20160610,5.0976
20160611,5.0976
20160612,5.664
20160613,5.63568
20160614,14.52816
20160615,15.09456
20160616,13.3104
20160617,12.85728
20160618,15.2928
20160619,35.93808
20160620,35.5416
20160621,34.04064
20160622,35.03184
20160623,36.33456
20160624,31.46352
20160625,35.42832
20160626,72.69744
20160627,76.6056
20160628,88.58496
20160629,427.54704
20160630,469.34736
20160701,458.33088
20160702,304.10016
20160703,136.10592
20160704,110.61792
20160705,145.62144
20160706,191.04672
20160707,210.38928
20160708,231.2328
20160709,209.51136
20160710,166.71984
20160711,182.12592
20160712,307.98
20160713,229.64688
20160714,204.41376
20160715,166.38
20160716,148.68
20160717,188.328
20160718,131.60304
20160719,129.79056
20160720,91.67184
20160721,92.43648
20160722,113.90304
20160723,141.37344
20160724,161.45232
20160725,148.56672
20160726,131.34816
20160727,118.71744
20160728,104.04768
20160729,99.60144
20160730,124.3248
20160731,126.08064
20160801,131.37648
20160802,101.3856
20160803,110.22144
20160804,92.54976
20160805,93.7392
20160806,134.68992
20160807,182.83392
20160808,138.3432
20160809,145.45152
20160810,136.55904
20160811,127.60992
20160812,107.98416
20160813,109.93824
20160814,109.93824
20160815,173.99808
20160816,161.48064
20160817,165.02064
20160818,219.0552
20160819,305.91264
20160820,239.13408
20160821,170.23152
20160822,120.95472
20160823,101.6688
20160824,95.2968
20160825,99.00672
20160826,86.43264
20160827,86.43264
20160828,77.48352
20160829,85.01664
20160830,89.83104
20160831,99.31824
20160901,85.69632
20160902,76.8888
20160903,80.45712
20160904,56.27184
20160905,41.46048
20160906,34.35216
20160907,37.77888
20160908,37.97712
20160909,34.80528
20160910,25.51632
20160911,26.64912
20160912,21.6648
20160913,18.01152
20160914,18.01152
20160915,40.41264
20160916,38.0904
20160917,48.4272
20160918,56.10192
20160919,59.10384
20160920,64.2864
20160921,56.52672
20160922,43.58448
20160923,45.1704
20160924,46.92624
20160925,47.37936
20160926,45.79344
20160927,44.1792
20160928,57.14976
20160929,50.66448
20160930,61.39776
20161001,46.50144
20161002,36.02304
20161003,32.7096
20161004,23.364
20161005,22.91088
20161006,22.96752
20161007,22.42944
20161008,21.97632
20161009,22.31616
20161010,22.48608
20161011,21.97632
20161012,18.86112
20161013,22.14624
20161014,22.14624
20161015,38.94
20161016,28.32
20161017,20.75856
20161018,17.7
20161019,18.1248
20161020,16.59552
20161021,13.48032
20161022,14.98128
20161023,13.48032
20161024,11.95104
20161025,12.43248
20161026,11.83776
20161027,12.26256
20161028,11.01648
20161029,10.50672
20161030,9.74208
20161031,8.97744
20161101,14.78304
20161102,24.6384
20161103,27.55536
20161104,18.8328
20161105,17.38848
20161106,18.8328
20161107,16.76544
20161108,13.7352
20161109,12.80064
20161110,11.92272
20161111,11.6112
20161112,11.80944
20161113,10.93152
20161114,9.4872
20161115,9.912
20161116,8.66592
20161117,10.0536
20161118,8.66592
20161119,10.0536
20161120,7.27824
20161121,8.66592
20161122,8.29776
20161123,7.33488
20161124,5.9472
20161125,7.33488
20161126,6.74016
20161127,6.03216
20161128,5.72064
20161129,5.91888
20161130,4.50288
20161201,5.40912
20161202,4.3896
20161203,5.77728
20161204,4.3896
20161205,5.77728
20161206,4.72944
20161207,4.87104
20161208,6.20208
20161209,4.3896
20161210,4.98432
20161211,6.31536
20161212,4.98432
20161213,6.31536
20161214,4.956
20161215,7.6464
20161216,6.00384
20161217,4.98432
20161218,5.29584
20161219,3.99312
20161220,5.29584
20161221,3.99312
20161222,5.26752
20161223,3.99312
20161224,5.26752
20161225,3.9648
20161226,5.2392
20161227,3.9648
20161228,5.2392
20161229,4.16304
20161230,4.30464
20161231,3.05856
20170101,4.30464
20170102,3.03024
20170103,4.27632
20170104,3.03024
20170105,4.27632
20170106,3.00192
20170107,4.248
20170108,3.00192
20170109,3.45504
20170110,2.2656
20170111,3.45504
20170112,2.23728
20170113,3.42672
20170114,2.23728
20170115,3.42672
20170116,2.20896
20170117,3.3984
20170118,2.37888
20170119,2.60544
20170120,2.57712
20170121,2.60544
20170122,2.57712
20170123,2.60544
20170124,2.43552
20170125,2.57712
20170126,1.416
20170127,1.416
20170128,3.8232
20170129,3.93648
20170130,2.77536
20170131,1.64256
20170201,2.77536
20170202,1.75584
20170203,2.88864
20170204,1.67088
20170205,2.57712
20170206,1.8408
20170207,2.9736
20170208,1.8408
20170209,2.94528
20170210,1.81248
20170211,1.01952
20170212,2.5488
20170213,1.24608
20170214,2.35056
20170215,1.21776
20170216,2.32224
20170217,1.24608
20170218,1.58592
20170219,0.79296
20170220,1.86912
20170221,0.79296
20170222,1.8408
20170223,0.76464
20170224,0.45312
20170225,1.52928
20170226,0.48144
20170227,1.50096
20170228,1.21776
20170301,1.416
20170302,0.48144
20170303,1.10448
20170304,1.07616
20170305,1.1328
20170306,0.53808
20170307,0.53808
20170308,0.79296
20170309,0.87792
20170310,1.78416
20170311,0.8496
20170312,1.78416
20170313,0.8496
20170314,1.75584
20170315,0.8496
20170316,1.75584
20170317,0.82128
20170318,1.75584
20170319,0.8496
20170320,1.72752
20170321,0.93456
20170322,1.04784
20170323,1.89744
20170324,1.01952
20170325,1.86912
20170326,1.01952
20170327,1.86912
20170328,0.9912
20170329,1.86912
20170330,0.9912
20170331,1.86912
20170401,0.9912
20170402,0.67968
20170403,1.5576
20170404,0.65136
20170405,1.50096
20170406,0.65136
20170407,1.50096
20170408,0.62304
20170409,1.50096
20170410,0.62304
20170411,1.47264
20170412,1.47264
20170413,1.47264
20170414,0.59472
20170415,0.8496
20170416,1.64256
20170417,0.82128
20170418,1.64256
20170419,0.82128
20170420,1.67088
20170421,0.82128
20170422,1.61424
20170423,1.01952
20170424,1.81248
20170425,0.9912
20170426,1.81248
20170427,0.9912
20170428,1.81248
20170429,0.9912
20170430,1.81248
20170501,0.9912
20170502,1.95408
20170503,1.1328
20170504,1.92576
20170505,0.93456
20170506,1.72752
20170507,0.90624
20170508,1.6992
20170509,0.87792
20170510,1.6992
20170511,0.87792
20170512,1.78416
20170513,1.04784
20170514,1.81248
20170515,1.04784
20170516,1.8408
20170517,1.01952
20170518,1.81248
20170519,1.01952
20170520,1.81248
20170521,1.81248
20170522,2.60544
20170523,1.81248
20170524,1.01952
20170525,1.81248
20170526,2.57712
20170527,1.81248
20170528,2.57712
20170529,1.78416
20170530,2.5488
20170531,3.34176
20170601,2.5488
20170602,3.34176
20170603,4.13472
20170604,3.34176
20170605,2.57712
20170606,3.34176
20170607,2.5488
20170608,3.34176
20170609,4.1064
20170610,3.34176
20170611,4.1064
20170612,14.21664
20170613,45.34032
20170614,40.29936
20170615,21.24
20170616,13.93344
20170617,14.78304
20170618,15.60432
20170619,14.81136
20170620,15.63264
20170621,15.0096
20170622,18.09648
20170623,18.09648
20170624,31.12368
20170625,49.56
20170626,55.7904
20170627,127.77984
20170628,376.40112
20170629,264.9336
20170630,217.4976
20170701,167.96592
20170702,122.9088
20170703,108.80544
20170704,101.13072
20170705,109.90992
20170706,101.86704
20170707,106.17168
20170708,97.9872
20170709,96.59952
20170710,72.86736
20170711,65.87232
20170712,65.90064
20170713,86.85744
20170714,80.40048
20170715,113.33664
20170716,110.47632
20170717,125.57088
20170718,150.5208
20170719,201.2136
20170720,380.87568
20170721,497.1576
20170722,385.5768
20170723,279.54672
20170724,188.58288
20170725,156.8928
20170726,128.96928
20170727,116.6784
20170728,109.65504
20170729,122.9088
20170730,123.07872
20170731,97.39248
20170801,91.30368
20170802,86.40432
20170803,73.74528
20170804,92.23824
20170805,124.7496
20170806,199.34448
20170807,229.70352
20170808,167.68272
20170809,102.9432
20170810,98.07216
20170811,100.9608
20170812,101.21568
20170813,84.64848
20170814,81.78816
20170815,86.0928
20170816,86.57424
20170817,83.45904
20170818,72.83904
20170819,74.34
20170820,115.29072
20170821,210.89904
20170822,222.8784
20170823,237.01008
20170824,205.71648
20170825,149.13312
20170826,101.18736
20170827,109.28688
20170828,199.99584
20170829,300.0504
20170830,422.8176
20170831,345.3624
20170901,248.508
20170902,125.14608
20170903,109.28688
20170904,127.75152
20170905,115.65888
20170906,170.11824
20170907,128.77104
20170908,92.43648
20170909,85.12992
20170910,110.70288
20170911,76.01088
20170912,65.07936
20170913,55.932
20170914,50.46624
20170915,60.23664
20170916,65.844
20170917,126.84528
20170918,362.38272
20170919,535.87104
20170920,561.98208
20170921,446.4648
20170922,291.58272
20170923,231.17616
20170924,195.37968
20170925,124.57968
20170926,105.71856
20170927,98.35536
20170928,101.5272
20170929,95.80656
20170930,72.04608
20171001,67.74144
20171002,68.90256
20171003,78.41808
20171004,62.78544
20171005,61.11456
20171006,55.28064
20171007,69.6672
20171008,54.11952
20171009,44.43408
20171010,50.23968
20171011,44.40576
20171012,83.51568
20171013,57.82944
20171014,48.852
20171015,54.7992
20171016,40.97904
20171017,37.04256
20171018,37.04256
20171019,42.7632
20171020,28.37664
20171021,22.2312
20171022,18.1248
20171023,19.03104
20171024,18.408
20171025,16.62384
20171026,17.67168
20171027,17.64336
20171028,17.86992
20171029,75.98256
20171030,35.62656
20171031,28.06512
20171101,14.24496
20171102,15.74592
20171103,13.76352
20171104,13.7352
20171105,11.7528
20171106,12.00768
20171107,11.78112
20171108,17.04864
20171109,18.9744
20171110,17.92656
20171111,15.09456
20171112,13.14048
20171113,11.21472
20171114,9.26064
20171115,7.33488
20171116,7.30656
20171117,5.3808
20171118,5.35248
20171119,5.35248
20171120,7.30656
20171121,18.8328
20171122,34.23888
20171123,14.16
20171124,7.98624
20171125,7.95792
20171126,6.0888
20171127,6.06048
20171128,6.2304
20171129,5.74896
20171130,5.72064
20171201,5.86224
20171202,13.84848
20171203,22.91088
20171204,14.98128
20171205,7.05168
20171206,5.21088
20171207,5.21088
20171208,3.3984
20171209,3.3984
20171210,3.42672
20171211,3.3984
20171212,3.54
20171213,3.51168
20171214,3.54
20171215,3.51168
20171216,3.54
20171217,3.14352
20171218,3.1152
20171219,3.90816
20171220,3.90816
20171221,4.07808
20171222,4.16304
20171223,4.19136
20171224,4.13472
20171225,4.27632
20171226,3.85152
20171227,3.8232
20171228,4.3896
20171229,2.63376
20171230,2.60544
20171231,3.6816
20180101,3.65328
20180102,3.6816
20180103,3.65328
20180104,3.6816
20180105,3.70992
20180106,3.37008
20180107,3.34176
20180108,3.37008
20180109,3.34176
20180110,3.37008
20180111,3.34176
20180112,3.37008
20180113,3.34176
20180114,3.37008
20180115,3.34176
20180116,3.37008
20180117,3.34176
20180118,3.37008
20180119,3.34176
20180120,3.31344
20180121,3.34176
20180122,3.31344
20180123,3.34176
20180124,3.31344
20180125,3.34176
20180126,3.28512
20180127,3.31344
20180128,2.66208
20180129,2.71872
20180130,2.88864
20180131,2.91696
20180201,2.88864
20180202,3.62496
20180203,3.59664
20180204,3.62496
20180205,3.59664
20180206,3.59664
20180207,2.74704
20180208,2.52048
20180209,2.49216
20180210,3.08688
20180211,3.8232
20180212,4.5312
20180213,3.85152
20180214,4.27632
20180215,4.248
20180216,3.87984
20180217,3.90816
20180218,3.73824
20180219,3.76656
20180220,3.31344
20180221,2.80368
20180222,2.832
20180223,3.20016
20180224,3.17184
20180225,3.20016
20180226,3.56832
20180227,2.20896
20180228,2.18064
20180301,2.20896
20180302,1.86912
20180303,1.8408
20180304,1.86912
20180305,2.18064
20180306,1.52928
20180307,1.30272
20180308,1.75584
20180309,2.06736
20180310,1.9824
20180311,2.01072
20180312,1.92576
20180313,1.64256
20180314,3.65328
20180315,46.69968
20180316,30.13248
20180317,23.76048
20180318,13.56528
20180319,9.54384
20180320,6.85344
20180321,4.16304
20180322,3.08688
20180323,2.01072
20180324,1.9824
20180325,1.92576
20180326,1.8408
20180327,2.37888
20180328,2.74704
20180329,2.71872
20180330,2.6904
20180331,3.99312
20180401,3.9648
20180402,3.1152
20180403,3.48336
20180404,2.60544
20180405,2.6904
20180406,2.5488
20180407,2.6904
20180408,2.20896
20180409,2.80368
20180410,2.77536
20180411,2.57712
20180412,3.00192
20180413,2.9736
20180414,2.2656
20180415,2.03904
20180416,2.06736
20180417,4.36128
20180418,18.1248
20180419,10.25184
20180420,6.91008
20180421,8.6376
20180422,7.5048
20180423,8.60928
20180424,6.372
20180425,5.26752
20180426,8.60928
20180427,6.372
20180428,4.248
20180429,3.34176
20180430,3.31344
20180501,4.41792
20180502,6.7968
20180503,7.87296
20180504,12.26256
20180505,10.0536
20180506,6.7968
20180507,6.00384
20180508,4.92768
20180509,17.72832
20180510,19.88064
20180511,13.452
20180512,15.60432
20180513,19.88064
20180514,22.00464
20180515,16.65216
20180516,17.72832
20180517,18.80448
20180518,24.15696
20180519,22.00464
20180520,23.0808
20180521,22.00464
20180522,23.0808
20180523,22.00464
20180524,23.0808
20180525,20.9568
20180526,66.52368
20180527,69.384
20180528,63.4368
20180529,67.34496
20180530,68.1096
20180531,74.6232
20180601,57.85776
20180602,34.06896
20180603,29.39616
20180604,14.41488
20180605,15.60432
20180606,13.28208
20180607,14.4432
20180608,28.80144
20180609,53.18496
20180610,196.31424
20180611,649.57584
20180612,507.52272
20180613,665.15184
20180614,625.81536
20180615,1037.928
20180616,938.89296
20180617,609.36144
20180618,271.67376
20180619,164.3976
20180620,125.62752
20180621,344.17296
20180622,444.3408
20180623,390.47616
20180624,173.1768
20180625,69.1008
20180626,73.37712
20180627,110.98608
20180628,299.93712
20180629,604.71696
20180630,537.99504
20180701,255.67296
20180702,151.05888
20180703,132.56592
20180704,112.03392
20180705,112.03392
20180706,64.51296
20180707,123.50352
20180708,787.69248
20180709,924.2232
20180710,1010.5992
20180711,1143.08016
20180712,1346.53104
20180713,1287.2856
20180714,1229.088
20180715,1132.85664
20180716,1023.39984
20180717,1084.34448
20180718,1120.56576
20180719,1056.64752
20180720,1030.848
20180721,809.18736
20180722,889.8144
20180723,816.69216
20180724,780.44256
20180725,795.19728
20180726,793.58304
20180727,772.05984
20180728,685.7688
20180729,561.1608
20180730,482.68608
20180731,458.04768
20180801,525.08112
20180802,597.38208
20180803,552.8064
20180804,487.72704
20180805,440.88576
20180806,281.076
20180807,200.27904
20180808,276.85632
20180809,1180.71744
20180810,1967.41872
20180811,2134.7616
20180812,1649.04528
20180813,1295.64
20180814,1149.48048
20180815,1433.50176
20180816,1584.7872
20180817,2253.62064
20180818,2266.50624
20180819,1740.23568
20180820,1346.02128
20180821,998.30832
20180822,741.47424
20180823,584.6664
20180824,475.86096
20180825,371.44512
20180826,321.94176
20180827,198.83472
20180828,211.18224
20180829,263.26272
20180830,353.68848
20180831,304.41168
20180901,214.60896
20180902,144.94176
20180903,139.67424
20180904,134.68992
20180905,115.404
20180906,106.87968
20180907,68.70432
20180908,55.98864
20180909,49.58832
20180910,49.61664
20180911,46.04832
20180912,43.92432
20180913,48.17232
20180914,41.80032
20180915,33.276
20180916,31.12368
20180917,31.09536
20180918,28.97136
20180919,28.94304
20180920,29.5944
20180921,28.48992
20180922,28.91472
20180923,28.8864
20180924,47.37936
20180925,109.00368
20180926,57.65952
20180927,53.5248
20180928,49.4184
20180929,53.5248
20180930,86.74416
20181001,76.49232
20181002,75.1896
20181003,42.3384
20181004,42.31008
20181005,60.80304
20181006,89.57616
20181007,128.62944
20181008,87.56544
20181009,113.50656
20181010,117.89616
20181011,87.6504
20181012,60.91632
20181013,33.21936
20181014,27.58368
20181015,36.07968
20181016,33.95568
20181017,57.37632
20181018,217.72416
20181019,70.00704
20181020,96.45792
20181021,60.01008
20181022,30.3024
20181023,36.84432
20181024,38.96832
20181025,32.59632
20181026,19.79568
20181027,19.76736
20181028,13.36704
20181029,10.4784
20181030,9.60048
20181031,10.11024
20181101,7.39152
20181102,11.01648
20181103,6.20208
20181104,20.41872
20181105,14.47152
20181106,12.48912
20181107,12.4608
20181108,12.4608
20181109,7.16496
20181110,7.08
20181111,6.68352
20181112,5.63568
20181113,6.20208
20181114,6.06048
20181115,5.77728
20181116,5.77728
20181117,5.8056
20181118,6.06048
20181119,6.17376
20181120,6.40032
20181121,6.62688
20181122,6.00384
20181123,5.60736
20181124,6.57024
20181125,26.30928
20181126,8.18448
20181127,6.59856
20181128,5.8056
20181129,5.40912
20181130,5.12592
20181201,5.32416
20181202,5.63568
20181203,5.32416
20181204,5.04096
20181205,6.17376
20181206,11.55456
20181207,11.55456
20181208,6.17376
20181209,5.04096
20181210,6.17376
20181211,5.04096
20181212,5.69232
20181213,5.86224
20181214,5.77728
20181215,4.92768
20181216,5.04096
20181217,5.40912
20181218,5.04096
20181219,5.69232
20181220,5.32416
20181221,5.35248
20181222,5.77728
20181223,5.5224
20181224,5.49408
20181225,5.5224
20181226,25.26144
20181227,7.30656
20181228,5.5224
20181229,5.49408
20181230,5.5224
20181231,5.49408
20190101,5.5224
20190102,7.30656
20190103,5.5224
20190104,5.49408
20190105,7.30656
20190106,6.28704
20190107,5.32416
20190108,7.10832
20190109,5.29584
20190110,5.32416
20190111,5.35248
20190112,5.40912
20190113,5.3808
20190114,5.77728
20190115,5.8056
20190116,5.77728
20190117,4.64448
20190118,5.29584
20190119,5.32416
20190120,5.29584
20190121,5.32416
20190122,5.3808
20190123,5.40912
20190124,5.40912
20190125,5.40912
20190126,5.46576
20190127,5.49408
20190128,5.8056
20190129,5.49408
20190130,4.98432
20190131,5.3808
20190201,5.40912
20190202,5.60736
20190203,5.57904
20190204,5.60736
20190205,3.8232
20190206,4.41792
20190207,3.85152
20190208,3.87984
20190209,3.85152
20190210,3.8232
20190211,3.79488
20190212,3.8232
20190213,3.79488
20190214,3.85152
20190215,3.90816
20190216,4.27632
20190217,3.9648
20190218,3.05856
20190219,3.85152
20190220,3.87984
20190221,2.124
20190222,2.09568
20190223,2.124
20190224,2.57712
20190225,2.63376
20190226,1.9824
20190227,1.95408
20190228,1.50096
20190301,1.2744
20190302,1.04784
20190303,0.82128
20190304,1.38768
20190305,0.96288
20190306,1.95408
20190307,1.92576
20190308,1.89744
20190309,1.86912
20190310,1.95408
20190311,0.93456
20190312,0.90624
20190313,0.93456
20190314,0.90624
20190315,0.87792
20190316,1.5576
20190317,1.2744
20190318,1.416
20190319,1.44432
20190320,1.38768
20190321,1.44432
20190322,1.33104
20190323,1.78416
20190324,1.81248
20190325,1.92576
20190326,1.1328
20190327,1.10448
20190328,1.5576
20190329,1.416
20190330,1.38768
20190331,1.33104
20190401,0.9912
20190402,1.18944
20190403,1.30272
20190404,1.24608
20190405,1.21776
20190406,0.8496
20190407,1.89744
20190408,1.86912
20190409,1.72752
20190410,1.416
20190411,1.10448
20190412,1.58592
20190413,1.5576
20190414,0.79296
20190415,1.35936
20190416,1.30272
20190417,1.6992
20190418,3.17184
20190419,6.45696
20190420,31.32192
20190421,24.61008
20190422,20.56032
20190423,18.23808
20190424,18.20976
20190425,18.18144
20190426,16.90704
20190427,15.63264
20190428,15.74592
20190429,14.5848
20190430,31.26528
20190501,23.56224
20190502,16.59552
20190503,13.76352
20190504,12.99888
20190505,12.97056
20190506,11.69616
20190507,19.31424
20190508,18.94608
20190509,46.50144
20190510,43.98096
20190511,41.46048
20190512,51.48576
20190513,31.4352
20190514,41.17728
20190515,28.12176
20190516,6.71184
20190517,13.90512
20190518,16.284
20190519,16.25568
20190520,13.8768
20190521,17.47344
20190522,18.66288
20190523,17.44512
20190524,19.9656
20190525,18.49296
20190526,13.76352
20190527,13.33872
20190528,8.24112
20190529,7.02336
20190530,5.60736
20190531,4.3896
20190601,7.39152
20190602,6.54192
20190603,3.08688
20190604,1.92576
20190605,1.89744
20190606,2.77536
20190607,8.60928
20190608,10.84656
20190609,4.13472
20190610,3.00192
20190611,2.9736
20190612,4.13472
20190613,35.31504
20190614,39.84624
20190615,42.08352
20190616,39.87456
20190617,28.68816
20190618,10.81824
20190619,18.63456
20190620,15.63264
20190621,19.17264
20190622,15.80256
20190623,33.67248
20190624,41.51712
20190625,48.37056
20190626,38.68512
20190627,37.55232
20190628,30.67056
20190629,16.65216
20190630,15.23616
20190701,20.9568
20190702,36.64608
20190703,19.45584
20190704,44.66064
20190705,61.42608
20190706,120.67152
20190707,355.44432
20190708,286.08864
20190709,169.46688
20190710,128.37456
20190711,174.47952
20190712,117.72624
20190713,90.99216
20190714,63.06864
20190715,46.04832
20190716,56.89488
20190717,46.07664
20190718,46.55808
20190719,37.2408
20190720,142.95936
20190721,213.07968
20190722,251.36832
20190723,297.30336
20190724,301.77792
20190725,179.4072
20190726,174.5928
20190727,215.03376
20190728,157.3176
20190729,98.8368
20190730,89.15136
20190731,95.91984
20190801,79.06944
20190802,66.52368
20190803,59.16048
20190804,102.32016
20190805,113.22336
20190806,321.48864
20190807,521.56944
20190808,835.38336
20190809,2166.08352
20190810,3186.31152
20190811,2947.65888
20190812,1640.97408
20190813,1132.03536
20190814,850.36464
20190815,537.91008
20190816,350.54496
20190817,280.33968
20190818,190.96176
20190819,181.50288
20190820,177.65136
20190821,162.72672
20190822,119.0856
20190823,138.06
20190824,130.24368
20190825,146.4144
20190826,121.71936
20190827,168.2208
20190828,275.92176
20190829,299.9088
20190830,188.97936
20190831,201.78
20190901,165.55872
20190902,156.55296
20190903,238.22784
20190904,324.972
20190905,621.96384
20190906,688.77072
20190907,774.32544
20190908,774.32544
20190909,657.53376
20190910,680.92608
20190911,484.04544
20190912,296.14224
20190913,223.38816
20190914,156.38304
20190915,134.63328
20190916,111.18432
20190917,123.98496
20190918,94.164
20190919,89.68944
20190920,124.66464
20190921,63.2952
20190922,60.94464
20190923,58.82064
20190924,63.06864
20190925,98.6952
20190926,82.18464
20190927,89.26464
20190928,91.10544
20190929,105.26544
20190930,72.216
20191001,62.78544
20191002,33.02112
20191003,32.9928
20191004,37.26912
20191005,43.64112
20191006,43.64112
20191007,41.51712
20191008,47.91744
20191009,30.8688
20191010,37.2408
20191011,41.51712
20191012,37.2408
20191013,43.64112
20191014,47.88912
20191015,60.66144
20191016,41.4888
20191017,31.20864
20191018,26.96064
20191019,67.45824
20191020,95.1552
20191021,77.0304
20191022,149.47296
20191023,116.08368
20191024,86.48928
20191025,154.68384
20191026,242.16432
20191027,244.28832
20191028,111.2976
20191029,67.34496
20191030,50.29632
20191031,36.90096
20191101,89.94432
20191102,86.00784
20191103,64.45632
20191104,44.37744
20191105,35.65488
20191106,29.70768
20191107,34.91856
20191108,30.64224
20191109,40.58256
20191110,51.23088
20191111,49.07856
20191112,
20191113,44.83056
20191114,29.90592
20191115,23.5056
20191116,21.35328
20191117,27.95184
20191118,26.79072
20191119,20.61696
20191120,16.79376
20191121,12.57408
20191122,11.35632
20191123,10.84656
20191124,8.83584
20191125,8.80752
20191126,8.26944
20191127,8.496
20191128,8.46768
20191129,7.39152
20191130,6.48528
20191201,6.45696
20191202,49.33344
20191203,75.50112
20191204,50.1264
20191205,25.82784
20191206,25.96944
20191207,13.5936
20191208,13.62192
20191209,20.90016
20191210,17.24688
20191211,53.35488
20191212,11.97936
20191213,10.22352
20191214,10.78992
20191215,26.64912
20191216,19.37088
20191217,17.5584
20191218,17.53008
20191219,15.74592
20191220,10.28016
20191221,8.69424
20191222,8.32608
20191223,8.32608
20191224,8.52432
20191225,8.72256
20191226,10.53504
20191227,10.56336
20191228,10.53504
20191229,10.50672
20191230,8.72256
20191231,10.53504
20200101,8.72256
20200102,10.50672
20200103,10.53504
20200104,8.75088
20200105,10.56336
20200106,8.7792
20200107,10.59168
20200108,8.7792
20200109,10.62
20200110,8.80752
20200111,10.62
20200112,8.7792
20200113,10.59168
20200114,9.17568
20200115,10.98816
20200116,9.204
20200117,11.01648
20200118,9.17568
20200119,11.01648
20200120,9.204
20200121,10.98816
20200122,9.17568
20200123,7.39152
20200124,9.204
20200125,7.39152
20200126,9.204
20200127,7.3632
20200128,10.98816
20200129,9.204
20200130,7.39152
20200131,9.26064
20200201,7.41984
20200202,9.45888
20200203,7.6464
20200204,9.45888
20200205,7.6464
20200206,9.45888
20200207,7.6464
20200208,9.45888
20200209,7.6464
20200210,7.41984
20200211,7.39152
20200212,5.60736
20200213,7.41984
20200214,5.57904
20200215,5.8056
20200216,3.99312
20200217,4.02144
20200218,3.99312
20200219,4.02144
20200220,3.99312
20200221,3.9648
20200222,3.99312
20200223,4.02144
20200224,3.76656
20200225,3.73824
20200226,3.08688
20200227,3.73824
20200228,4.27632
20200229,3.17184
20200301,3.2568
20200302,4.84272
20200303,7.3632
20200304,5.55072
20200305,5.69232
20200306,5.91888
20200307,5.9472
20200308,5.91888
20200309,6.0888
20200310,4.50288
20200311,5.18256
20200312,5.12592
20200313,5.0976
20200314,3.37008
20200315,3.45504
20200316,4.55952
20200317,3.85152
20200318,3.8232
20200319,3.85152
20200320,5.55072
20200321,5.57904
20200322,3.79488
20200323,5.5224
20200324,9.03408
20200325,7.6464
20200326,5.9472
20200327,4.21968
20200328,4.19136
20200329,4.16304
20200330,4.84272
20200331,3.1152
20200401,4.16304
20200402,3.1152
20200403,3.08688
20200404,4.72944
20200405,3.05856
20200406,3.73824
20200407,7.13664
20200408,10.36512
20200409,9.60048
20200410,13.67856
20200411,3.9648
20200412,7.19328
20200413,9.14736
20200414,5.97552
20200415,4.3896
20200416,4.36128
20200417,5.9472
20200418,4.36128
20200419,4.33296
20200420,4.36128
20200421,2.88864
20200422,3.20016
20200423,3.90816
20200424,3.87984
20200425,3.8232
20200426,3.1152
20200427,9.31728
20200428,3.28512
20200429,17.16192
20200430,3.48336
20200501,3.45504
20200502,4.16304
20200503,7.19328
20200504,5.664
20200505,7.16496
20200506,5.63568
20200507,6.99504
20200508,19.03104
20200509,24.94992
20200510,7.16496
20200511,7.41984
20200512,15.1512
20200513,7.87296
20200514,6.40032
20200515,5.89056
20200516,3.99312
20200517,3.22848
20200518,9.23232
20200519,10.7616
20200520,24.61008
20200521,8.12784
20200522,3.90816
20200523,4.13472
20200524,3.17184
20200525,3.1152
20200526,4.44624
20200527,3.08688
20200528,3.99312
20200529,4.6728
20200530,20.8152
20200531,19.45584
20200601,10.59168
20200602,16.19904
20200603,12.34752
20200604,21.32496
20200605,27.7536
20200606,29.05632
20200607,21.32496
20200608,97.59072
20200609,52.22208
20200610,18.15312
20200611,14.47152
20200612,25.74288
20200613,24.46848
20200614,28.29168
20200615,69.41232
20200616,94.27728
20200617,67.93968
20200618,57.17808
20200619,87.90528
20200620,62.64384
20200621,42.45168
20200622,32.45472
20200623,58.50912
20200624,43.69776
20200625,32.93616
20200626,26.45088
20200627,21.89136
20200628,19.31424
20200629,19.28592
20200630,34.692
20200701,91.24704
20200702,54.00624
20200703,80.62704
20200704,141.51504
20200705,178.8408
20200706,169.69344
20200707,256.1544
20200708,320.69568
20200709,
20200710,
20200711,
20200712,
20200713,
20200714,
20200715,
20200716,
20200717,
20200718,
20200719,
20200720,
20200721,
20200722,
20200723,92.04
20200724,81.42
20200725,77.99328
20200726,77.28528
20200727,70.12032
20200728,52.73184
20200729,48.68208
20200730,59.01888
20200731,126.27888
20200801,88.2168
20200802,122.65392
20200803,173.68656
20200804,299.17248
20200805,737.90592
20200806,
20200807,
20200808,
20200809,
20200810,
20200811,
20200812,
20200813,648.86784
20200814,456.29184
20200815,355.30272
20200816,247.29024
20200817,135.42624
20200818,145.96128
20200819,155.1936
20200820,130.18704
20200821,112.1472
20200822,92.4648
20200823,92.4648
20200824,63.66336
20200825,70.03536
20200826,46.61472
20200827,40.2144
20200828,35.17344
20200829,35.14512
20200830,33.02112
20200831,27.49872
20200901,36.58944
20200902,55.42224
20200903,82.128
20200904,53.35488
20200905,59.50032
20200906,59.50032
20200907,84.16704
20200908,131.46144
20200909,69.97872
20200910,63.66336
20200911,91.36032
20200912,142.13808
20200913,192.49104
20200914,167.03136
20200915,154.37232
20200916,95.74992
20200917,107.7576
20200918,98.6952
20200919,117.9528
20200920,345.73056
20200921,818.61792
20200922,753.51024
20200923,429.38784
20200924,405.51408
20200925,167.99424
20200926,124.57968
20200927,94.95696
20200928,71.25312
20200929,63.4368
20200930,77.11536
20201001,47.83248
20201002,48.17232
20201003,43.896
20201004,44.604
20201005,40.356
20201006,33.21936
20201007,26.81904
20201008,33.19104
20201009,31.06704
20201010,46.21824
20201011,55.70544
20201012,48.852
20201013,94.27728
20201014,230.41152
20201015,90.42576
20201016,69.41232
20201017,46.67136
20201018,36.07968
20201019,29.67936
20201020,27.55536
20201021,27.52704
20201022,29.65104
20201023,32.22816
20201024,24.38352
20201025,21.8064
20201026,19.73904
20201027,13.53696
20201028,13.99008
20201029,13.84848
20201030,12.71568
20201031,11.58288
20201101,12.51744
20201102,12.29088
20201103,28.34832
20201104,22.14624
20201105,14.89632
20201106,17.75664
20201107,55.62048
20201108,27.612
20201109,16.36896
20201110,15.46272
20201111,15.4344
20201112,13.7352
20201113,12.71568
20201114,13.11216
20201115,12.09264
20201116,11.69616
20201117,11.4696
20201118,15.66096
20201119,11.92272
20201120,12.63072
20201121,12.8856
20201122,12.43248
20201123,12.65904
20201124,11.55456
20201125,11.86608
20201126,12.37584
20201127,12.3192
20201128,12.37584
20201129,11.55456
20201130,11.63952
20201201,11.6112
20201202,11.21472
20201203,10.59168
20201204,10.87488
20201205,10.84656
20201206,16.25568
20201207,12.26256
20201208,13.93344
20201209,23.2224
20201210,23.02416
20201211,21.35328
20201212,16.53888
20201213,15.49104
20201214,13.82016
20201215,14.52816
20201216,14.24496
20201217,
20201218,
20201219,
20201220,
20201221,
20201222,
20201223,
20201224,
20201225,
20201226,
20201227,
20201228,
20201229,
20201230,
20201231,
