Date,Simulated Storage
20110101,23.51603657
20110102,23.51603657
20110103,23.51603657
20110104,23.51603657
20110105,23.51603657
20110106,23.51603657
20110107,23.51603657
20110108,23.51603657
20110109,23.51603657
20110110,23.51603657
20110111,23.51603657
20110112,23.51603657
20110113,23.51603657
20110114,23.51603657
20110115,23.51603657
20110116,23.51603657
20110117,23.51603657
20110118,23.51603657
20110119,23.51603657
20110120,23.51603657
20110121,23.51603657
20110122,23.51603657
20110123,23.51603657
20110124,23.51603657
20110125,23.51603657
20110126,23.51603657
20110127,23.51603657
20110128,23.44540724
20110129,23.41009257
20110130,23.3959667
20110131,23.38184084
20110201,23.3641835
20110202,23.34652617
20110203,23.3218059
20110204,23.33946324
20110205,23.35712057
20110206,23.3747779
20110207,23.3853723
20110208,23.3853723
20110209,23.39243524
20110210,23.3959667
20110211,23.36771497
20110212,23.3112115
20110213,23.25117657
20110214,23.18761017
20110215,23.12404377
20110216,23.06400884
20110217,23.0039739
20110218,22.94393897
20110219,22.8874355
20110220,22.8344635
20110221,22.78502297
20110222,22.73205097
20110223,22.67907897
20110224,22.63670137
20110225,22.57313497
20110226,22.42834484
20110227,22.2835547
20110228,22.1776107
20110301,22.07519817
20110302,21.94100244
20110303,21.79268084
20110304,21.6478907
20110305,21.50310057
20110306,21.3406531
20110307,21.17467417
20110308,21.01928963
20110309,20.8639051
20110310,20.70852057
20110311,20.56019897
20110312,20.41187737
20110313,20.27415017
20110314,20.1328915
20110315,19.99163283
20110316,19.8468427
20110317,19.70558403
20110318,19.5607939
20110319,19.41600376
20110320,19.2853395
20110321,19.16526963
20110322,19.03813683
20110323,18.9145355
20110324,18.83684323
20110325,18.75915096
20110326,18.87568936
20110327,18.88981523
20110328,18.8933467
20110329,18.8933467
20110330,18.88628376
20110331,18.85450056
20110401,18.80506003
20110402,18.75208803
20110403,18.67792723
20110404,18.58257763
20110405,18.49429096
20110406,18.4060043
20110407,18.2788715
20110408,18.14820723
20110409,18.0034171
20110410,17.86215843
20110411,17.83743816
20110412,17.69971096
20110413,17.5584523
20110414,17.44191389
20110415,17.32184403
20110416,17.20177416
20110417,17.07817283
20110418,16.95104003
20110419,16.85215896
20110420,16.73562056
20110421,16.64027096
20110422,17.22649443
20110423,17.39247336
20110424,17.7597459
20110425,18.03166883
20110426,18.24002536
20110427,18.2788715
20110428,18.29652883
20110429,18.27534003
20110430,18.24002536
20110501,18.25061976
20110502,18.2258995
20110503,18.1941163
20110504,18.17645896
20110505,18.1517387
20110506,18.01754296
20110507,17.90453603
20110508,17.7809347
20110509,17.6538019
20110510,17.52313763
20110511,17.39247336
20110512,17.27240349
20110513,17.14173923
20110514,17.01813789
20110515,16.92278829
20110516,16.81684429
20110517,16.70383736
20110518,16.61201923
20110519,16.60495629
20110520,16.66499123
20110521,16.69677443
20110522,16.72855763
20110523,16.75680936
20110524,16.78152963
20110525,16.97222883
20110526,17.03226376
20110527,17.07464136
20110528,17.12408189
20110529,17.63614456
20110530,17.74208856
20110531,17.75268296
20110601,17.94338216
20110602,19.85390563
20110603,21.12170217
20110604,22.07872964
20110605,22.58372937
20110606,23.3429947
20110607,23.41362404
20110608,23.41362404
20110609,23.43128137
20110610,23.46306457
20110611,23.47719044
20110612,23.47719044
20110613,23.47719044
20110614,23.47719044
20110615,23.44187577
20110616,23.4171555
20110617,23.4171555
20110618,23.43481284
20110619,23.43481284
20110620,23.4171555
20110621,23.44540724
20110622,23.46306457
20110623,23.46306457
20110624,23.46306457
20110625,23.46306457
20110626,23.46306457
20110627,23.37830937
20110628,23.2688339
20110629,22.7391139
20110630,21.9657227
20110701,21.61257604
20110702,21.45366003
20110703,21.27355523
20110704,21.18526857
20110705,21.2770867
20110706,21.49603763
20110707,21.82446404
20110708,22.21292537
20110709,22.3683099
20110710,22.48837977
20110711,22.8450579
20110712,23.11344937
20110713,23.2794283
20110714,23.35005764
20110715,23.35005764
20110716,23.10638644
20110717,22.43893924
20110718,21.52782083
20110719,20.31652777
20110720,19.14408083
20110721,18.0140115
20110722,17.20177416
20110723,16.82743869
20110724,16.05757896
20110725,15.24534162
20110726,14.43663576
20110727,13.51139149
20110728,13.00992322
20110729,12.89338482
20110730,13.49020269
20110731,14.05523736
20110801,14.32009736
20110802,14.60614616
20110803,15.24887309
20110804,15.98694963
20110805,16.49901229
20110806,17.35009576
20110807,17.56198376
20110808,17.55138936
20110809,17.19824269
20110810,17.05698403
20110811,16.96516589
20110812,16.85215896
20110813,16.96869736
20110814,16.88394216
20110815,16.76387229
20110816,16.64027096
20110817,16.50960669
20110818,17.10289309
20110819,17.40659923
20110820,17.46663416
20110821,17.85156403
20110822,18.0352003
20110823,18.0669835
20110824,18.0775779
20110825,18.08464083
20110826,18.09523523
20110827,18.11642403
20110828,18.08110936
20110829,18.01754296
20110830,18.3212491
20110831,18.5967035
20110901,19.30299683
20110902,18.0140115
20110903,18.2047107
20110904,17.04638963
20110905,15.44663523
20110906,15.25946749
20110907,14.89572642
20110908,14.46488749
20110909,14.30244002
20110910,14.30244002
20110911,14.39072669
20110912,14.28478269
20110913,14.74740482
20110914,15.11467736
20110915,15.13586616
20110916,15.25946749
20110917,15.16411789
20110918,15.19236962
20110919,15.21708989
20110920,15.32656536
20110921,15.45722963
20110922,15.56317363
20110923,15.74327843
20110924,15.94457203
20110925,16.13880269
20110926,16.33303336
20110927,16.52373256
20110928,16.70383736
20110929,16.91219389
20110930,17.11348749
20111001,17.31478109
20111002,17.51960616
20111003,17.71030536
20111004,17.8868787
20111005,18.05992056
20111006,18.22943096
20111007,18.3742211
20111008,18.51547976
20111009,18.65673843
20111010,18.95338163
20111011,19.53607363
20111012,19.74796163
20111013,20.03401043
20111014,20.20352083
20111015,20.79680723
20111016,21.03694697
20111017,21.20645737
20111018,21.3618419
20111019,21.47131737
20111020,21.57726137
20111021,21.68673684
20111022,21.86331017
20111023,21.97278564
20111024,22.6649531
20111025,22.92275017
20111026,23.10285497
20111027,23.22998777
20111028,23.31474297
20111029,23.29708564
20111030,23.29708564
20111031,23.31474297
20111101,23.31474297
20111102,23.31474297
20111103,23.33593177
20111104,23.33593177
20111105,23.4065611
20111106,23.4277499
20111107,23.4595331
20111108,23.41362404
20111109,23.3324003
20111110,23.3324003
20111111,23.3324003
20111112,23.3324003
20111113,23.3324003
20111114,23.3324003
20111115,23.3324003
20111116,23.3324003
20111117,23.3324003
20111118,23.3324003
20111119,23.3535891
20111120,23.3535891
20111121,23.3535891
20111122,23.34652617
20111123,23.33593177
20111124,23.34652617
20111125,23.36065204
20111126,23.38890377
20111127,23.38890377
20111128,23.38890377
20111129,23.45247017
20111130,23.4065611
20111201,23.45247017
20111202,23.47365897
20111203,23.47365897
20111204,23.47365897
20111205,23.47365897
20111206,23.43128137
20111207,23.43128137
20111208,23.45600164
20111209,23.45600164
20111210,23.45600164
20111211,23.45600164
20111212,23.4171555
20111213,23.44540724
20111214,23.45600164
20111215,23.45600164
20111216,23.45600164
20111217,23.45600164
20111218,23.48425337
20111219,23.51603657
20111220,23.51603657
20111221,23.51603657
20111222,23.34652617
20111223,23.49837924
20111224,23.51603657
20111225,23.51603657
20111226,23.51603657
20111227,23.51603657
20111228,23.51603657
20111229,23.51603657
20111230,23.51603657
20111231,23.51603657
20120101,23.51603657
20120102,23.45247017
20120103,23.45247017
20120104,23.45247017
20120105,23.45247017
20120106,23.45247017
20120107,23.45247017
20120108,23.4489387
20120109,23.44187577
20120110,23.44187577
20120111,23.44187577
20120112,23.44187577
20120113,23.44187577
20120114,23.44187577
20120115,23.44187577
20120116,23.44187577
20120117,23.44187577
20120118,23.44187577
20120119,23.44540724
20120120,23.44540724
20120121,23.44540724
20120122,23.44187577
20120123,23.43481284
20120124,23.42068697
20120125,23.4065611
20120126,23.38890377
20120127,23.3641835
20120128,23.33946324
20120129,23.3112115
20120130,23.27589684
20120131,23.26177097
20120201,23.24058217
20120202,23.21233044
20120203,23.19820457
20120204,23.1840787
20120205,23.1628899
20120206,23.14523257
20120207,23.12404377
20120208,23.0993235
20120209,23.0781347
20120210,23.0569459
20120211,23.04282004
20120212,23.01809977
20120213,22.9933795
20120214,22.9721907
20120215,22.94393897
20120216,22.9192187
20120217,22.89449844
20120218,22.8662467
20120219,22.83799497
20120220,22.8132747
20120221,22.78502297
20120222,22.75323977
20120223,22.72145657
20120224,22.68967337
20120225,22.66142164
20120226,22.62610697
20120227,22.5801979
20120228,22.5378203
20120229,22.48837977
20120301,22.4424707
20120302,22.39656164
20120303,22.35418404
20120304,22.30827497
20120305,22.2623659
20120306,22.21645684
20120307,22.17054777
20120308,22.1246387
20120309,22.12110724
20120310,22.12110724
20120311,22.12110724
20120312,22.11757577
20120313,22.1140443
20120314,22.11757577
20120315,22.1140443
20120316,20.6308283
20120317,19.50075896
20120318,19.15467523
20120319,18.8615635
20120320,18.5649203
20120321,18.3000603
20120322,18.0352003
20120323,17.76680883
20120324,17.50194883
20120325,17.23708883
20120326,16.98988616
20120327,16.74268349
20120328,16.49194936
20120329,16.24827816
20120330,16.00107549
20120331,15.75387283
20120401,15.50313869
20120402,15.29478216
20120403,15.05111096
20120404,14.81097122
20120405,14.22474776
20120406,13.63146136
20120407,13.04170642
20120408,12.44842002
20120409,11.76684695
20120410,11.07821095
20120411,10.38251202
20120412,9.708001882
20120413,9.029960281
20120414,8.355450147
20120415,7.454926145
20120416,6.476709877
20120417,5.452584542
20120418,4.35076694
20120419,3.255305979
20120420,2.173617737
20120421,1.193635735
20120422,0.21142891
20120423,0
20120424,0
20120425,0
20120426,0
20120427,0
20120428,0
20120429,0
20120430,0
20120501,0
20120502,0
20120503,0
20120504,0
20120505,0
20120506,0
20120507,0
20120508,0
20120509,0
20120510,0
20120511,0
20120512,0.232264563
20120513,0.162129635
20120514,0.036303477
20120515,0
20120516,0
20120517,0
20120518,0
20120519,0
20120520,0
20120521,0
20120522,0
20120523,0
20120524,0
20120525,0
20120526,0
20120527,0
20120528,0
20120529,0
20120530,0
20120531,0
20120601,0
20120602,0
20120603,0
20120604,0
20120605,1.028363095
20120606,2.365023231
20120607,4.894612808
20120608,5.809262676
20120609,5.999961876
20120610,6.077654143
20120611,6.045870943
20120612,6.497898677
20120613,6.967583745
20120614,7.101779478
20120615,7.624436546
20120616,8.16121948
20120617,9.001708548
20120618,12.64618215
20120619,15.33362829
20120620,17.93631923
20120621,19.3383115
20120622,19.86096857
20120623,20.0481363
20120624,20.10463977
20120625,20.4931011
20120626,20.5778563
20120627,20.64848563
20120628,22.6437643
20120629,23.38184084
20120630,23.39949817
20120701,23.39949817
20120702,23.39949817
20120703,23.39949817
20120704,23.39949817
20120705,23.39949817
20120706,23.40302964
20120707,23.41362404
20120708,23.41362404
20120709,23.42421844
20120710,23.42421844
20120711,23.42421844
20120712,23.42421844
20120713,23.42421844
20120714,23.43481284
20120715,23.43481284
20120716,23.44187577
20120717,23.44540724
20120718,23.44540724
20120719,23.44187577
20120720,23.44187577
20120721,23.44187577
20120722,23.44187577
20120723,23.44187577
20120724,23.44540724
20120725,23.4701275
20120726,23.47365897
20120727,23.47365897
20120728,23.47365897
20120729,23.47365897
20120730,23.47365897
20120731,23.47365897
20120801,23.47365897
20120802,23.47365897
20120803,23.50897364
20120804,23.47719044
20120805,23.47719044
20120806,23.47719044
20120807,23.47719044
20120808,23.47719044
20120809,23.47719044
20120810,23.47719044
20120811,23.47719044
20120812,23.47719044
20120813,23.47719044
20120814,23.47719044
20120815,23.47719044
20120816,23.47719044
20120817,23.47719044
20120818,23.5125051
20120819,23.5125051
20120820,23.5125051
20120821,23.5125051
20120822,23.5125051
20120823,23.5125051
20120824,23.5125051
20120825,23.5125051
20120826,23.50544217
20120827,23.49484777
20120828,23.46306457
20120829,23.43481284
20120830,23.43481284
20120831,23.43481284
20120901,23.14876404
20120902,22.41775044
20120903,20.1328915
20120904,17.6538019
20120905,15.50667016
20120906,15.38660029
20120907,15.58436243
20120908,15.77506163
20120909,16.17764883
20120910,16.04345309
20120911,12.14471389
20120912,9.655029882
20120913,7.808072813
20120914,4.771011474
20120915,2.377030217
20120916,1.235660189
20120917,0.654733921
20120918,0
20120919,0
20120920,0
20120921,0
20120922,0
20120923,0
20120924,0
20120925,0
20120926,0
20120927,0
20120928,0
20120929,0
20120930,0
20121001,0
20121002,0
20121003,0
20121004,0
20121005,0
20121006,0
20121007,0
20121008,0
20121009,0
20121010,0
20121011,0
20121012,0
20121013,0
20121014,0
20121015,0
20121016,0
20121017,0
20121018,0
20121019,0
20121020,0
20121021,0
20121022,0
20121023,0
20121024,0
20121025,0
20121026,0
20121027,0.25168763
20121028,0.20772087
20121029,0.151641179
20121030,0.120705531
20121031,0.072077235
20121101,0.684398241
20121102,0.825303761
20121103,0.846139415
20121104,0.833779281
20121105,0.867328215
20121106,0.864503041
20121107,0.854261788
20121108,0.840489068
20121109,0.824597468
20121110,0.806586988
20121111,0.807646428
20121112,0.805174401
20121113,1.451079656
20121114,1.566205469
20121115,1.585275389
20121116,1.578565603
20121117,1.588453709
20121118,1.587394269
20121119,1.583509656
20121120,1.597635523
20121121,1.670383736
20121122,1.75902355
20121123,1.82576827
20121124,1.86284867
20121125,1.961729737
20121126,2.006226217
20121127,2.040128297
20121128,2.078621283
20121129,1.729712376
20121130,1.246607735
20121201,1.212705655
20121202,1.157261629
20121203,1.135719682
20121204,1.112412002
20121205,1.089810615
20121206,1.060852588
20121207,1.029422535
20121208,0.994461015
20121209,0.957027468
20121210,0.922772242
20121211,0.884985548
20121212,0.844726828
20121213,0.801642935
20121214,0.756087015
20121215,0.707352775
20121216,0.655793361
20121217,0.601761921
20121218,0.544552161
20121219,0.484517228
20121220,0.421303974
20121221,0.355618694
20121222,0.287214185
20121223,0.216267019
20121224,0.142635939
20121225,0.078822336
20121226,0.012324819
20121227,0
20121228,0
20121229,0
20121230,0
20121231,0
20130101,0
20130102,0
20130103,0
20130104,0
20130105,0
20130106,0
20130107,0
20130108,0
20130109,0
20130110,0
20130111,0
20130112,0
20130113,0
20130114,0
20130115,0
20130116,0
20130117,0
20130118,0
20130119,0
20130120,0
20130121,0
20130122,0
20130123,0
20130124,0
20130125,0
20130126,0
20130127,0
20130128,0
20130129,0
20130130,0
20130131,0
20130201,0
20130202,0
20130203,0
20130204,0
20130205,0
20130206,0
20130207,0
20130208,0
20130209,0
20130210,0
20130211,0
20130212,0
20130213,0
20130214,0
20130215,0
20130216,0
20130217,0
20130218,0
20130219,0
20130220,0
20130221,0
20130222,0
20130223,0.005212445
20130224,0.007861045
20130225,0.009817477
20130226,0.011187686
20130227,0.012667371
20130228,0.013850412
20130301,0.015227684
20130302,0.016460166
20130303,0.017268872
20130304,0.018028137
20130305,0.018769745
20130306,0.020549605
20130307,0.035420611
20130308,0.040717811
20130309,0.043648928
20130310,0.046721304
20130311,0.050711861
20130312,0.054949621
20130313,0.059681787
20130314,0.063637029
20130315,0.067133181
20130316,0.070947165
20130317,0.075679331
20130318,0.080340867
20130319,0.08528492
20130320,0.089204848
20130321,0.09217128
20130322,0.094219531
20130323,0.096055893
20130324,0.097539109
20130325,0.09905764
20130326,0.101423723
20130327,0.103754491
20130328,0.105908686
20130329,0.106826867
20130330,0.107391902
20130331,0.107745048
20130401,0.108981062
20130402,0.109934558
20130403,0.113289451
20130404,0.11554959
20130405,0.116220568
20130406,0.306213475
20130407,0.339373947
20130408,0.347955411
20130409,0.351098417
20130410,0.354559254
20130411,0.355265547
20130412,0.356324987
20130413,0.357384427
20130414,0.358090721
20130415,0.358797014
20130416,0.360209601
20130417,0.360209601
20130418,0.361269041
20130419,0.362328481
20130420,0.361975334
20130421,0.361269041
20130422,0.360209601
20130423,0.361622187
20130424,0.362328481
20130425,0.361975334
20130426,0.363034774
20130427,0.367625681
20130428,0.370097707
20130429,1.287925895
20130430,1.461320909
20130501,1.507936269
20130502,1.492397816
20130503,1.453904829
20130504,1.559142536
20130505,1.548194989
20130506,1.832831203
20130507,1.85013539
20130508,1.81411443
20130509,1.767145923
20130510,1.741013069
20130511,1.75160747
20130512,1.774562003
20130513,1.741013069
20130514,1.699341763
20130515,1.656257869
20130516,1.613527123
20130517,1.571149523
20130518,1.530537656
20130519,1.491691522
20130520,1.452492242
20130521,1.673562056
20130522,1.682743869
20130523,1.659436189
20130524,1.623415229
20130525,1.585628536
20130526,1.548548136
20130527,1.512527176
20130528,1.475446776
20130529,1.437660082
20130530,1.400932829
20130531,1.364205576
20130601,1.709583016
20130602,1.741013069
20130603,1.80881723
20130604,1.787981576
20130605,1.764673896
20130606,1.749135443
20130607,1.752313763
20130608,1.762908163
20130609,1.746663416
20130610,1.697222883
20130611,1.852960563
20130612,1.96985211
20130613,1.945838136
20130614,2.105813577
20130615,2.454369337
20130616,3.049774618
20130617,3.584438672
20130618,4.068249607
20130619,4.20244534
20130620,4.781605874
20130621,4.926396008
20130622,5.021745608
20130623,5.131221075
20130624,5.265416809
20130625,5.657409609
20130626,5.999961876
20130627,6.15534641
20130628,6.247164543
20130629,6.32485681
20130630,6.39901761
20130701,6.480241344
20130702,6.564996544
20130703,7.412548545
20130704,9.058212015
20130705,9.983456283
20130706,10.48139308
20130707,10.82394535
20130708,11.00051868
20130709,11.20534375
20130710,11.38544855
20130711,11.65030855
20130712,11.87279095
20130713,12.06702162
20130714,12.24006349
20130715,12.41310535
20130716,12.61439895
20130717,12.93223095
20130718,13.13352455
20130719,14.52845389
20130720,15.97988669
20130721,17.17352243
20130722,17.8868787
20130723,18.2576827
20130724,18.7026475
20130725,19.4548499
20130726,20.05166777
20130727,20.5354787
20130728,20.94159737
20130729,21.42893977
20130730,21.7114571
20130731,22.1987995
20130801,23.01809977
20130802,23.43481284
20130803,23.43481284
20130804,23.43481284
20130805,23.43481284
20130806,23.43481284
20130807,23.43481284
20130808,23.43481284
20130809,23.43481284
20130810,23.43481284
20130811,23.4595331
20130812,23.4489387
20130813,23.43481284
20130814,23.43481284
20130815,23.43481284
20130816,23.43481284
20130817,23.43481284
20130818,23.43481284
20130819,23.43481284
20130820,23.43481284
20130821,23.43481284
20130822,23.43481284
20130823,23.44187577
20130824,23.44187577
20130825,23.43481284
20130826,23.4171555
20130827,23.4171555
20130828,23.22998777
20130829,23.14876404
20130830,23.04988297
20130831,22.9510019
20130901,22.84152644
20130902,23.08166617
20130903,23.13816964
20130904,23.06047737
20130905,22.64023284
20130906,22.74264537
20130907,22.9827851
20130908,23.15935844
20130909,23.37124644
20130910,23.37124644
20130911,23.37124644
20130912,23.37124644
20130913,23.43481284
20130914,23.43481284
20130915,23.43481284
20130916,23.43481284
20130917,23.43481284
20130918,23.43481284
20130919,23.43481284
20130920,23.43481284
20130921,23.2052675
20130922,22.68261044
20130923,21.9763171
20130924,20.7367723
20130925,19.40540936
20130926,19.04873123
20130927,16.91572536
20130928,14.28478269
20130929,14.45076162
20130930,14.61674056
20131001,14.78271949
20131002,14.89572642
20131003,14.98401309
20131004,15.06170536
20131005,15.13939762
20131006,14.26712536
20131007,13.48667122
20131008,12.41663682
20131009,9.96579895
20131010,7.370170945
20131011,5.265416809
20131012,3.595033073
20131013,1.706404696
20131014,0
20131015,0
20131016,0
20131017,0.005343109
20131018,0
20131019,0
20131020,0
20131021,0
20131022,0
20131023,0
20131024,0
20131025,0
20131026,0
20131027,0
20131028,0
20131029,0
20131030,0
20131031,0
20131101,0
20131102,0
20131103,0
20131104,0
20131105,0
20131106,0
20131107,0
20131108,0
20131109,0
20131110,0
20131111,0
20131112,0
20131113,0
20131114,0
20131115,0
20131116,0
20131117,0
20131118,0
20131119,0
20131120,0
20131121,0
20131122,0
20131123,0
20131124,0
20131125,0
20131126,0
20131127,0
20131128,0
20131129,0
20131130,0
20131201,0
20131202,0
20131203,0
20131204,0
20131205,0
20131206,0
20131207,0
20131208,0
20131209,0
20131210,0
20131211,0
20131212,0
20131213,0
20131214,0
20131215,0
20131216,0
20131217,0
20131218,0
20131219,0
20131220,0
20131221,0
20131222,0
20131223,0
20131224,0
20131225,0
20131226,0
20131227,0
20131228,0
20131229,0
20131230,0
20131231,0
20140101,0
20140102,0
20140103,0
20140104,0
20140105,0
20140106,0
20140107,0
20140108,0
20140109,0
20140110,0
20140111,0
20140112,0
20140113,0
20140114,0
20140115,0
20140116,0
20140117,0
20140118,0
20140119,0
20140120,0
20140121,0
20140122,0
20140123,0
20140124,0
20140125,0
20140126,0
20140127,0
20140128,0
20140129,0
20140130,0
20140131,0
20140201,0
20140202,0
20140203,0
20140204,0
20140205,0
20140206,0
20140207,0
20140208,0
20140209,0
20140210,0
20140211,0
20140212,0
20140213,0
20140214,0
20140215,0
20140216,0
20140217,0
20140218,0
20140219,0
20140220,0
20140221,0
20140222,0
20140223,0
20140224,0
20140225,0
20140226,0.000267332
20140227,0.000579161
20140228,0.000734192
20140301,0.016414257
20140302,0.032259948
20140303,0.039375853
20140304,0.045732493
20140305,0.067874789
20140306,0.078080728
20140307,0.555146561
20140308,0.663915734
20140309,0.704880748
20140310,0.575629068
20140311,0.599643041
20140312,0.622597574
20140313,0.646258401
20140314,0.670625521
20140315,0.695345788
20140316,0.721125495
20140317,0.747611495
20140318,0.774097495
20140319,0.801642935
20140320,0.828835228
20140321,0.857440108
20140322,0.886044988
20140323,0.914649868
20140324,0.943961042
20140325,0.973272215
20140326,1.002936535
20140327,1.032247708
20140328,1.061558882
20140329,1.091223202
20140330,1.120534375
20140331,1.149139255
20140401,1.178097282
20140402,1.208114749
20140403,1.237779069
20140404,1.266383949
20140405,1.294282535
20140406,1.323240562
20140407,1.349726562
20140408,1.376918856
20140409,1.482509709
20140410,1.520649549
20140411,1.551373309
20140412,1.581390776
20140413,1.647429203
20140414,1.681684429
20140415,1.712761336
20140416,1.743838243
20140417,1.774562003
20140418,1.804226323
20140419,1.838128403
20140420,1.870617896
20140421,1.899575923
20140422,1.926061923
20140423,1.951488483
20140424,1.975502457
20140425,1.991747203
20140426,1.973383577
20140427,1.929240243
20140428,1.908757736
20140429,1.927121363
20140430,1.944072403
20140501,1.96137659
20140502,2.06096395
20140503,2.076149257
20140504,1.998103843
20140505,1.876974536
20140506,1.769264803
20140507,1.729712376
20140508,1.685215896
20140509,3.499330326
20140510,3.824578406
20140511,3.877550406
20140512,3.866956006
20140513,3.835172806
20140514,3.81045254
20140515,3.824578406
20140516,3.838704273
20140517,3.828109873
20140518,3.785732273
20140519,3.739823206
20140520,4.428459207
20140521,4.523808807
20140522,4.516745874
20140523,4.484962674
20140524,4.509682941
20140525,4.530871741
20140526,4.548529074
20140527,4.566186407
20140528,5.078249075
20140529,5.328983209
20140530,5.403144009
20140531,5.445521609
20140601,5.699787209
20140602,5.773948009
20140603,6.681534944
20140604,6.851045344
20140605,6.896954411
20140606,6.907548811
20140607,6.893422945
20140608,6.879297078
20140609,6.865171211
20140610,6.851045344
20140611,6.836919478
20140612,6.833388011
20140613,6.833388011
20140614,6.829856544
20140615,6.829856544
20140616,6.854576811
20140617,6.900485878
20140618,6.995835478
20140619,7.260695478
20140620,7.818667213
20140621,8.18240828
20140622,8.687408014
20140623,8.842792548
20140624,8.934610681
20140625,9.008771481
20140626,9.033491748
20140627,9.040554681
20140628,9.051149081
20140629,9.065274948
20140630,9.072337881
20140701,9.100589615
20140702,9.174750415
20140703,9.241848282
20140704,9.305414682
20140705,9.376044015
20140706,9.527897082
20140707,9.609120816
20140708,9.683281616
20140709,9.708001882
20140710,9.785694149
20140711,9.96579895
20140712,10.09293175
20140713,10.62265175
20140714,11.74918962
20140715,12.70974855
20140716,13.32775522
20140717,13.70209069
20140718,13.86100669
20140719,14.04817442
20140720,14.19649602
20140721,14.45429309
20140722,14.80390829
20140723,15.58083096
20140724,16.63320803
20140725,17.16645949
20140726,17.46663416
20140727,17.6749907
20140728,17.8127179
20140729,17.93278776
20140730,18.0457947
20140731,18.36009523
20140801,19.6349547
20140802,20.24589843
20140803,20.54960457
20140804,20.83918483
20140805,21.6902683
20140806,22.5801979
20140807,23.29355417
20140808,23.40302964
20140809,23.40302964
20140810,23.40302964
20140811,23.40302964
20140812,23.40302964
20140813,23.40302964
20140814,23.40302964
20140815,23.40302964
20140816,23.46306457
20140817,23.47365897
20140818,23.47365897
20140819,23.47365897
20140820,23.47365897
20140821,23.47365897
20140822,23.47365897
20140823,23.47365897
20140824,23.47365897
20140825,23.47365897
20140826,23.47365897
20140827,23.47365897
20140828,23.47719044
20140829,23.47719044
20140830,23.47719044
20140831,23.26177097
20140901,23.01103684
20140902,22.85918377
20140903,21.65142217
20140904,21.21705177
20140905,20.66614297
20140906,19.40540936
20140907,18.8297803
20140908,18.6708643
20140909,18.6284867
20140910,18.64614403
20140911,19.00282216
20140912,19.08051443
20140913,19.1899899
20140914,19.30299683
20140915,19.41600376
20140916,19.46897576
20140917,19.4442555
20140918,19.4548499
20140919,19.34184296
20140920,19.22530456
20140921,19.21824163
20140922,19.2641507
20140923,20.6096395
20140924,21.02635257
20140925,20.33065363
20140926,19.22883603
20140927,17.97516536
20140928,17.27240349
20140929,17.31124963
20140930,17.11701896
20141001,16.84862749
20141002,16.57670456
20141003,16.31537603
20141004,16.07523629
20141005,15.85628536
20141006,17.9610395
20141007,18.2788715
20141008,18.37775256
20141009,18.38834696
20141010,18.4483819
20141011,18.50841683
20141012,18.8615635
20141013,18.97457043
20141014,19.0628571
20141015,19.15114376
20141016,19.28887096
20141017,19.37715763
20141018,19.7832763
20141019,19.94925523
20141020,19.8892203
20141021,19.82918537
20141022,19.72324137
20141023,19.59964003
20141024,19.7620875
20141025,19.6879267
20141026,19.8362483
20141027,19.85390563
20141028,19.93866083
20141029,19.86096857
20141030,19.66320643
20141031,19.40540936
20141101,19.17233256
20141102,19.0416683
20141103,19.0204795
20141104,19.00635363
20141105,18.99575923
20141106,18.98163336
20141107,19.0416683
20141108,19.11936056
20141109,19.20411576
20141110,19.28180803
20141111,19.35596883
20141112,19.4336611
20141113,19.5078219
20141114,19.58904563
20141115,19.67026937
20141116,19.74443017
20141117,19.8150595
20141118,19.88215737
20141119,19.94925523
20141120,20.0057587
20141121,20.0693251
20141122,20.11876563
20141123,20.16114323
20141124,20.17880057
20141125,20.18233203
20141126,20.05166777
20141127,19.7620875
20141128,19.47250723
20141129,19.1793955
20141130,18.87922083
20141201,18.7238363
20141202,18.5331371
20141203,18.27180856
20141204,18.05285763
20141205,17.8339067
20141206,17.80918643
20141207,17.7809347
20141208,17.7703403
20141209,17.75621443
20141210,17.73502563
20141211,17.75268296
20141212,17.73149416
20141213,17.7067739
20141214,17.7279627
20141215,17.78446616
20141216,17.80918643
20141217,17.79506056
20141218,17.7703403
20141219,17.7491515
20141220,17.72443123
20141221,17.69264803
20141222,17.65733336
20141223,17.61848723
20141224,17.5796411
20141225,17.54079496
20141226,17.4948859
20141227,17.44897683
20141228,17.39953629
20141229,17.35715869
20141230,17.31478109
20141231,17.27240349
20150101,17.22296296
20150102,17.17352243
20150103,17.12055043
20150104,17.06404696
20150105,17.00401203
20150106,16.94397709
20150107,16.88041069
20150108,16.81684429
20150109,16.74974643
20150110,16.68264856
20150111,16.60848776
20150112,16.56257869
20150113,16.53079549
20150114,16.51313816
20150115,16.48841789
20150116,16.46369763
20150117,16.43191443
20150118,16.39306829
20150119,16.34715923
20150120,16.28006136
20150121,16.21649496
20150122,16.15292856
20150123,16.06464189
20150124,15.94104056
20150125,15.81390776
20150126,15.68324349
20150127,15.59142536
20150128,15.50313869
20150129,15.41132056
20150130,15.31950242
20150131,15.22415282
20150201,15.08995709
20150202,14.95576136
20150203,14.81803416
20150204,14.63792936
20150205,14.42957282
20150206,14.25299949
20150207,14.09055202
20150208,13.93163602
20150209,13.77272002
20150210,13.61027256
20150211,13.46901389
20150212,13.36306989
20150213,13.26418882
20150214,13.16177629
20150215,13.06289522
20150216,13.01698615
20150217,12.94635682
20150218,12.85100722
20150219,12.75565762
20150220,12.68149682
20150221,12.61086749
20150222,12.53670669
20150223,12.46254589
20150224,12.38838509
20150225,12.31422429
20150226,12.24359495
20150227,12.16943415
20150228,12.09527335
20150301,12.01758109
20150302,11.94342029
20150303,11.86925949
20150304,11.85513362
20150305,11.84807069
20150306,11.84100775
20150307,12.01404962
20150308,12.03876989
20150309,12.04230135
20150310,12.03876989
20150311,12.03170695
20150312,12.02464402
20150313,12.02111255
20150314,12.01404962
20150315,12.01051815
20150316,12.01051815
20150317,12.01051815
20150318,12.00698669
20150319,11.97873495
20150320,11.94695175
20150321,11.91516855
20150322,11.88338535
20150323,11.85513362
20150324,11.82335042
20150325,11.83041335
20150326,11.83747629
20150327,11.84807069
20150328,11.85513362
20150329,11.86572802
20150330,11.87279095
20150331,11.88338535
20150401,11.89751122
20150402,11.90810562
20150403,11.92223149
20150404,12.05642722
20150405,12.08467895
20150406,12.10233629
20150407,12.12705655
20150408,12.11646215
20150409,12.08821042
20150410,12.05995869
20150411,12.03523842
20150412,12.01404962
20150413,12.12705655
20150414,12.13058802
20150415,12.14824535
20150416,12.15883975
20150417,12.16943415
20150418,12.17649709
20150419,12.18356002
20150420,12.19062295
20150421,12.20121735
20150422,12.23300055
20150423,12.24006349
20150424,12.92869949
20150425,13.06995815
20150426,13.12646162
20150427,13.15471335
20150428,13.14765042
20150429,13.13352455
20150430,13.26065735
20150501,13.25006295
20150502,13.21474829
20150503,13.14058749
20150504,13.05230082
20150505,12.99226589
20150506,12.95341975
20150507,12.91810509
20150508,12.88632189
20150509,12.87219602
20150510,12.83688135
20150511,13.08408402
20150512,13.33834962
20150513,14.06583176
20150514,14.30597149
20150515,14.48254482
20150516,14.57083149
20150517,15.33009682
20150518,15.78212456
20150519,15.91632029
20150520,15.99048109
20150521,16.04345309
20150522,16.09995656
20150523,16.15292856
20150524,16.20943203
20150525,16.27652989
20150526,16.33303336
20150527,16.39306829
20150528,16.46722909
20150529,16.52726403
20150530,16.87687923
20150531,16.98282323
20150601,17.06757843
20150602,17.20177416
20150603,17.28299789
20150604,17.5054803
20150605,17.94691363
20150606,18.09523523
20150607,18.19058483
20150608,18.29299736
20150609,18.3848155
20150610,18.47310216
20150611,18.5543259
20150612,18.63554963
20150613,18.71677336
20150614,18.7979971
20150615,18.84390616
20150616,18.9251299
20150617,19.29946536
20150618,19.38775203
20150619,19.61023443
20150620,20.72264643
20150621,21.63023337
20150622,22.79561737
20150623,23.43481284
20150624,23.43481284
20150625,23.43481284
20150626,23.43481284
20150627,23.43481284
20150628,23.43481284
20150629,23.43481284
20150630,23.43481284
20150701,23.43481284
20150702,23.43481284
20150703,23.43481284
20150704,23.43481284
20150705,23.43481284
20150706,23.43481284
20150707,23.43481284
20150708,23.43481284
20150709,23.43481284
20150710,23.43481284
20150711,23.43481284
20150712,23.43481284
20150713,23.43481284
20150714,23.43481284
20150715,23.43481284
20150716,23.47719044
20150717,23.47719044
20150718,23.47719044
20150719,23.44187577
20150720,23.43481284
20150721,23.43481284
20150722,23.43481284
20150723,23.43481284
20150724,23.43481284
20150725,23.43481284
20150726,23.43481284
20150727,23.43481284
20150728,23.43481284
20150729,23.43481284
20150730,23.47365897
20150731,23.47719044
20150801,23.47719044
20150802,23.47719044
20150803,23.47719044
20150804,23.50544217
20150805,23.49837924
20150806,23.48778484
20150807,23.47719044
20150808,23.47719044
20150809,23.46306457
20150810,23.47719044
20150811,23.47719044
20150812,23.47719044
20150813,23.47719044
20150814,23.5019107
20150815,23.50544217
20150816,23.50544217
20150817,23.50544217
20150818,23.50544217
20150819,23.50544217
20150820,23.50544217
20150821,23.50544217
20150822,23.50544217
20150823,23.50544217
20150824,23.50544217
20150825,23.50544217
20150826,23.50544217
20150827,23.50544217
20150828,23.50544217
20150829,23.50544217
20150830,23.50544217
20150831,23.50544217
20150901,23.50544217
20150902,23.50544217
20150903,23.43481284
20150904,23.43481284
20150905,23.43481284
20150906,23.43481284
20150907,23.43481284
20150908,23.34652617
20150909,23.30768004
20150910,23.30768004
20150911,23.30768004
20150912,23.30768004
20150913,23.30768004
20150914,23.24411364
20150915,23.16642137
20150916,23.19820457
20150917,23.14523257
20150918,23.06400884
20150919,22.98984804
20150920,22.91568724
20150921,22.83093204
20150922,22.74264537
20150923,22.65082724
20150924,22.58726084
20150925,23.2158619
20150926,23.30768004
20150927,23.30768004
20150928,23.35005764
20150929,23.30768004
20150930,23.35005764
20151001,23.35005764
20151002,23.35005764
20151003,23.27236537
20151004,23.23351924
20151005,23.1734843
20151006,23.25117657
20151007,23.2582395
20151008,23.2582395
20151009,23.24411364
20151010,23.2158619
20151011,23.18054724
20151012,23.2582395
20151013,23.24058217
20151014,23.14876404
20151015,23.0463515
20151016,22.93687604
20151017,22.8238691
20151018,22.71086217
20151019,22.55547764
20151020,22.3789043
20151021,22.22351977
20151022,22.05754084
20151023,21.8915619
20151024,21.67614244
20151025,21.46425443
20151026,21.2453035
20151027,20.96278617
20151028,20.65908003
20151029,20.42600323
20151030,20.1646747
20151031,19.90687763
20151101,19.7303043
20151102,19.6561435
20151103,19.49016456
20151104,19.46191283
20151105,19.42659816
20151106,19.26768216
20151107,19.13348643
20151108,18.99222776
20151109,19.00635363
20151110,19.27827656
20151111,19.34184296
20151112,19.44778696
20151113,19.92453497
20151114,20.09404537
20151115,20.13995443
20151116,19.95631817
20151117,19.62789177
20151118,19.34184296
20151119,19.1370179
20151120,19.42659816
20151121,19.34537443
20151122,19.2111787
20151123,19.0628571
20151124,18.90747256
20151125,18.75208803
20151126,18.66380136
20151127,18.6284867
20151128,18.6072979
20151129,18.68499016
20151130,18.87922083
20151201,19.02401096
20151202,19.1582067
20151203,19.2959339
20151204,19.4230667
20151205,19.54666803
20151206,19.67380083
20151207,19.79740217
20151208,19.9210035
20151209,20.0375419
20151210,20.1540803
20151211,20.2706187
20151212,20.27415017
20151213,20.0799195
20151214,19.8892203
20151215,19.69145817
20151216,19.49369603
20151217,19.22883603
20151218,18.93219283
20151219,18.84390616
20151220,18.90747256
20151221,18.99575923
20151222,19.08051443
20151223,19.16526963
20151224,19.24649336
20151225,19.32418563
20151226,19.39834643
20151227,19.49016456
20151228,19.5819827
20151229,19.67026937
20151230,19.75502457
20151231,19.83271683
20160101,19.84331123
20160102,19.74443017
20160103,19.64201763
20160104,19.5396051
20160105,19.45131843
20160106,19.36303176
20160107,19.34537443
20160108,19.40894083
20160109,19.46897576
20160110,19.5290107
20160111,19.58904563
20160112,19.64201763
20160113,19.69498963
20160114,19.74443017
20160115,19.77621337
20160116,19.78680777
20160117,19.80093363
20160118,19.74796163
20160119,19.6137659
20160120,19.4760387
20160121,19.33478003
20160122,19.1899899
20160123,19.10876616
20160124,19.10876616
20160125,19.11229763
20160126,19.1264235
20160127,19.12995496
20160128,19.12995496
20160129,19.13348643
20160130,19.11936056
20160131,19.10170323
20160201,19.08051443
20160202,19.05579416
20160203,19.00635363
20160204,18.96044456
20160205,18.92866136
20160206,18.90040963
20160207,18.86862643
20160208,18.84390616
20160209,18.8297803
20160210,18.8191859
20160211,18.80506003
20160212,18.79446563
20160213,18.76974536
20160214,18.73796216
20160215,18.70617896
20160216,18.66380136
20160217,18.62142376
20160218,18.57904616
20160219,18.5331371
20160220,18.4907595
20160221,18.4483819
20160222,18.4060043
20160223,18.36009523
20160224,18.3212491
20160225,18.2788715
20160226,18.24002536
20160227,18.20117923
20160228,18.1623331
20160229,18.11642403
20160301,18.07404643
20160302,18.03166883
20160303,17.98575976
20160304,17.9398507
20160305,17.8974731
20160306,17.8550955
20160307,17.80918643
20160308,17.76680883
20160309,17.72443123
20160310,17.67852216
20160311,17.63614456
20160312,17.58670403
20160313,17.5690467
20160314,17.53020056
20160315,17.48782296
20160316,17.44191389
20160317,17.39953629
20160318,17.35362723
20160319,17.31124963
20160320,17.26534056
20160321,17.22296296
20160322,17.17705389
20160323,17.13114483
20160324,17.09229869
20160325,17.04638963
20160326,17.00048056
20160327,16.95457149
20160328,16.91219389
20160329,16.86628483
20160330,16.82743869
20160331,16.78859256
20160401,16.74268349
20160402,16.74268349
20160403,16.69677443
20160404,16.66145976
20160405,16.61555069
20160406,16.58023603
20160407,16.54492136
20160408,16.49901229
20160409,16.46016616
20160410,16.41778856
20160411,16.37187949
20160412,16.32597043
20160413,16.26946696
20160414,16.20943203
20160415,16.14939709
20160416,16.09289363
20160417,16.03992163
20160418,15.98341816
20160419,15.92338323
20160420,15.86334829
20160421,15.79978189
20160422,15.75387283
20160423,15.70796376
20160424,15.66205469
20160425,15.61614563
20160426,15.57729949
20160427,15.52432749
20160428,15.46076109
20160429,15.40072616
20160430,15.34069122
20160501,15.28418776
20160502,15.22768429
20160503,15.18177522
20160504,15.13939762
20160505,15.08995709
20160506,15.07583122
20160507,15.01579629
20160508,14.96635576
20160509,15.25593602
20160510,15.24534162
20160511,15.21002696
20160512,15.14999202
20160513,15.09702002
20160514,15.04051656
20160515,15.18177522
20160516,15.20296402
20160517,15.21355842
20160518,15.22062136
20160519,15.21708989
20160520,15.21708989
20160521,15.21708989
20160522,15.21355842
20160523,15.21002696
20160524,15.20296402
20160525,15.19943256
20160526,15.19943256
20160527,15.19236962
20160528,15.19943256
20160529,15.22415282
20160530,15.22768429
20160531,15.25240456
20160601,15.25593602
20160602,15.31950242
20160603,15.33362829
20160604,15.33362829
20160605,15.33715976
20160606,15.34422269
20160607,15.34775416
20160608,15.35481709
20160609,15.40778909
20160610,15.42897789
20160611,15.52079603
20160612,15.54198483
20160613,15.55964216
20160614,15.57023656
20160615,15.58083096
20160616,15.59495683
20160617,15.60908269
20160618,15.63027149
20160619,16.04698456
20160620,16.13880269
20160621,16.18118029
20160622,16.20943203
20160623,16.44250883
20160624,16.50960669
20160625,16.60848776
20160626,16.66499123
20160627,16.83803309
20160628,17.50901176
20160629,20.43306617
20160630,21.5101635
20160701,21.93040804
20160702,22.1034499
20160703,22.21645684
20160704,22.41421897
20160705,22.5907923
20160706,22.8026803
20160707,23.08166617
20160708,23.23351924
20160709,23.49484777
20160710,23.51603657
20160711,23.51603657
20160712,23.5125051
20160713,23.5125051
20160714,23.5125051
20160715,23.5125051
20160716,23.5125051
20160717,23.5125051
20160718,23.5125051
20160719,23.5125051
20160720,23.5125051
20160721,23.5125051
20160722,23.5125051
20160723,23.5125051
20160724,23.5125051
20160725,23.5125051
20160726,23.5125051
20160727,23.5125051
20160728,23.5125051
20160729,23.5125051
20160730,23.5125051
20160731,23.5125051
20160801,23.5125051
20160802,23.5125051
20160803,23.5125051
20160804,23.5125051
20160805,23.5125051
20160806,23.5125051
20160807,23.5125051
20160808,23.5125051
20160809,23.5125051
20160810,23.5125051
20160811,23.5125051
20160812,23.5125051
20160813,23.5125051
20160814,23.5125051
20160815,23.5125051
20160816,23.5125051
20160817,23.5125051
20160818,23.5125051
20160819,23.5125051
20160820,23.5125051
20160821,23.5125051
20160822,23.5125051
20160823,23.5125051
20160824,23.5125051
20160825,23.5125051
20160826,23.5125051
20160827,23.5125051
20160828,23.5125051
20160829,23.5125051
20160830,23.5125051
20160831,23.5125051
20160901,23.5125051
20160902,23.5125051
20160903,23.5125051
20160904,23.5125051
20160905,23.5125051
20160906,23.4277499
20160907,23.26177097
20160908,23.26530244
20160909,23.31827444
20160910,23.35005764
20160911,23.35005764
20160912,23.35005764
20160913,23.35005764
20160914,23.35005764
20160915,23.35005764
20160916,23.35005764
20160917,23.35005764
20160918,23.35005764
20160919,23.35005764
20160920,23.35005764
20160921,23.35005764
20160922,23.35005764
20160923,23.35005764
20160924,23.35005764
20160925,23.35005764
20160926,23.35005764
20160927,23.35005764
20160928,23.1946731
20160929,22.86271524
20160930,22.5166315
20161001,22.16348484
20161002,21.8068067
20161003,21.45366003
20161004,21.09345043
20161005,20.73324083
20161006,20.36949977
20161007,20.0057587
20161008,19.6349547
20161009,19.2641507
20161010,18.88981523
20161011,18.5119483
20161012,18.1411443
20161013,17.7703403
20161014,17.56198376
20161015,17.36775309
20161016,17.15939656
20161017,16.94397709
20161018,16.60495629
20161019,16.19530616
20161020,15.79978189
20161021,15.40072616
20161022,15.05464242
20161023,14.78625096
20161024,14.57083149
20161025,14.35541202
20161026,14.13292962
20161027,13.91397869
20161028,13.69149629
20161029,13.46548242
20161030,13.23946855
20161031,13.03464349
20161101,12.82275549
20161102,12.67443389
20161103,12.51551789
20161104,12.35660189
20161105,12.19415442
20161106,12.09880482
20161107,11.90457415
20161108,11.65384002
20161109,11.39604295
20161110,11.20534375
20161111,11.12412002
20161112,11.03936482
20161113,10.95107815
20161114,10.86632295
20161115,10.77450482
20161116,10.68621815
20161117,10.59440002
20161118,10.49905042
20161119,10.40370082
20161120,10.30835122
20161121,10.20947015
20161122,10.13177788
20161123,10.05408562
20161124,9.979924816
20161125,9.888106683
20161126,9.273631482
20161127,8.05527548
20161128,7.341919212
20161129,6.466115477
20161130,5.572654409
20161201,4.682724808
20161202,4.163599207
20161203,3.785732273
20161204,3.412456246
20161205,3.055778112
20161206,2.720995071
20161207,2.382680564
20161208,2.089215683
20161209,1.855785736
20161210,1.643544589
20161211,1.428125122
20161212,1.210586775
20161213,1.064737202
20161214,0.947492508
20161215,0.821772295
20161216,0.693580055
20161217,0.564328374
20161218,0.433310961
20161219,0.412122161
20161220,0.451321441
20161221,0.488048694
20161222,0.520891334
20161223,0.551261948
20161224,0.579866828
20161225,0.608118561
20161226,0.605999681
20161227,0.603880801
20161228,0.602115068
20161229,0.601055628
20161230,0.577394801
20161231,0.549143068
20170101,0.490873868
20170102,0.397996294
20170103,0.304624315
20170104,0.19341843
20170105,0.081400307
20170106,0
20170107,0
20170108,0
20170109,0
20170110,0
20170111,0
20170112,0
20170113,0
20170114,0
20170115,0
20170116,0
20170117,0
20170118,0
20170119,0
20170120,0
20170121,0
20170122,0
20170123,0
20170124,0
20170125,0
20170126,0
20170127,0
20170128,0.115514275
20170129,0
20170130,0
20170131,0
20170201,0
20170202,0
20170203,0
20170204,0
20170205,0
20170206,0
20170207,0
20170208,0
20170209,0
20170210,0
20170211,0
20170212,0
20170213,0
20170214,0
20170215,0
20170216,0
20170217,0
20170218,0
20170219,0
20170220,0
20170221,0
20170222,0
20170223,0
20170224,0
20170225,0
20170226,0
20170227,0
20170228,0
20170301,0
20170302,0
20170303,0
20170304,0
20170305,0
20170306,0
20170307,0.006586185
20170308,0.004230697
20170309,0
20170310,0
20170311,0
20170312,0
20170313,0
20170314,0
20170315,0.074302059
20170316,0.085744011
20170317,0.088145408
20170318,0.303105785
20170319,0.346648769
20170320,0.360209601
20170321,0.368331974
20170322,0.376454347
20170323,0.384576721
20170324,0.391286507
20170325,0.398349441
20170326,0.405765521
20170327,0.413534747
20170328,0.421657121
20170329,0.429426347
20170330,0.437548721
20170331,0.446024241
20170401,0.453440321
20170402,0.461915841
20170403,0.470038214
20170404,0.479220027
20170405,0.488048694
20170406,0.499349388
20170407,0.506059174
20170408,0.506412321
20170409,0.507118614
20170410,0.511709521
20170411,0.497230508
20170412,0.482751494
20170413,0.466506747
20170414,0.449908854
20170415,0.432604667
20170416,0.280186566
20170417,0.146238035
20170418,0
20170419,0
20170420,0
20170421,0.026065756
20170422,0
20170423,0
20170424,0
20170425,0
20170426,0
20170427,0
20170428,0
20170429,0
20170430,0
20170501,0
20170502,0
20170503,0
20170504,0
20170505,0
20170506,0
20170507,0.146379294
20170508,0.662503148
20170509,0.745845761
20170510,0.749730375
20170511,0.983160322
20170512,1.012471495
20170513,0.924537975
20170514,0.800936641
20170515,0.829188375
20170516,0.733485628
20170517,0.618006668
20170518,0.502527708
20170519,0.759265335
20170520,0.725010108
20170521,1.563380296
20170522,1.667911709
20170523,1.792572483
20170524,1.945131843
20170525,2.025649283
20170526,2.091334563
20170527,3.226701099
20170528,3.510984166
20170529,3.619753339
20170530,3.679788273
20170531,3.732760273
20170601,3.782200806
20170602,3.835172806
20170603,3.888144806
20170604,3.93758534
20170605,3.987025873
20170606,4.039997873
20170607,4.092969873
20170608,4.163599207
20170609,4.22363414
20170610,4.27660614
20170611,4.389613074
20170612,4.520277341
20170613,4.760417074
20170614,4.880486941
20170615,4.901675741
20170616,4.912270141
20170617,4.929927475
20170618,4.926396008
20170619,4.908738675
20170620,4.884018408
20170621,4.869892541
20170622,4.859298141
20170623,4.940521875
20170624,5.053528808
20170625,5.449053076
20170626,5.865766143
20170627,6.868702678
20170628,8.062338413
20170629,8.39429628
20170630,8.570869614
20170701,8.694470947
20170702,8.821603748
20170703,8.941673615
20170704,9.054680548
20170705,9.181813348
20170706,9.312477615
20170707,9.446673349
20170708,9.573806149
20170709,9.711533349
20170710,9.838666149
20170711,9.969330416
20170712,10.09999468
20170713,10.25537922
20170714,10.76744188
20170715,11.10646268
20170716,11.29363042
20170717,11.71387495
20170718,12.30362989
20170719,13.34541255
20170720,15.27006189
20170721,15.84922243
20170722,16.30831309
20170723,16.55551576
20170724,16.77093523
20170725,16.96163443
20170726,17.14880216
20170727,17.34303283
20170728,17.6326131
20170729,17.84096963
20170730,18.0352003
20170731,18.24002536
20170801,18.43425603
20170802,18.64261256
20170803,18.85803203
20170804,19.1264235
20170805,19.50429043
20170806,19.75855603
20170807,20.0163531
20170808,20.25296137
20170809,20.4825067
20170810,21.00516377
20170811,21.29474403
20170812,21.59138724
20170813,21.84565284
20170814,22.08932404
20170815,22.36124697
20170816,22.83799497
20170817,23.12404377
20170818,23.38184084
20170819,23.5125051
20170820,23.5125051
20170821,23.5125051
20170822,22.11757577
20170823,19.5184163
20170824,18.20824216
20170825,18.43425603
20170826,18.6602699
20170827,19.4018779
20170828,19.98103843
20170829,19.8150595
20170830,19.47957016
20170831,19.34537443
20170901,19.65261203
20170902,19.90334617
20170903,20.9274715
20170904,20.83565337
20170905,19.75855603
20170906,19.6243603
20170907,19.5396051
20170908,19.50075896
20170909,20.0057587
20170910,20.00222723
20170911,19.9527867
20170912,20.18939497
20170913,20.11876563
20170914,18.2576827
20170915,15.46782403
20170916,12.63558775
20170917,11.07114802
20170918,9.845729083
20170919,7.348982145
20170920,4.470836807
20170921,1.418943309
20170922,0
20170923,0
20170924,0
20170925,0
20170926,0
20170927,0
20170928,0
20170929,0
20170930,0
20171001,0
20171002,0
20171003,0
20171004,0
20171005,0
20171006,0
20171007,0
20171008,0
20171009,0
20171010,0
20171011,0
20171012,0
20171013,0
20171014,0
20171015,0
20171016,0
20171017,0
20171018,0
20171019,0
20171020,0
20171021,0
20171022,0
20171023,0
20171024,0
20171025,0
20171026,0
20171027,0
20171028,0
20171029,0
20171030,0
20171031,0
20171101,0
20171102,0
20171103,0
20171104,0
20171105,0
20171106,0
20171107,0
20171108,0
20171109,0
20171110,0.052371651
20171111,0.057880739
20171112,0
20171113,0
20171114,0.045379347
20171115,0.138433494
20171116,0.227426454
20171117,0.312181654
20171118,0.400468321
20171119,0.484164081
20171120,0.564681521
20171121,0.645198961
20171122,0.719006615
20171123,0.789989095
20171124,0.857086961
20171125,0.920300215
20171126,0.940076428
20171127,0.924184828
20171128,0.904761762
20171129,0.881100935
20171130,0.854968081
20171201,0.826716348
20171202,0.942901602
20171203,0.961618375
20171204,0.939016988
20171205,0.906880642
20171206,0.870506535
20171207,0.861677868
20171208,0.849670881
20171209,0.829188375
20171210,0.805880695
20171211,0.780100988
20171212,0.751849255
20171213,0.721478641
20171214,0.705587041
20171215,0.674156988
20171216,0.638489174
20171217,0.584457734
20171218,0.540667548
20171219,0.496877361
20171220,0.450968294
20171221,0.448143121
20171222,0.443552214
20171223,0.436489281
20171224,0.426954321
20171225,0.262529232
20171226,0.13832755
20171227,0.100470227
20171228,0.066285629
20171229,0.002477677
20171230,0
20171231,0
20180101,0
20180102,0
20180103,0
20180104,0
20180105,0
20180106,0
20180107,0
20180108,0
20180109,0
20180110,0
20180111,0
20180112,0
20180113,0
20180114,0
20180115,0
20180116,0
20180117,0
20180118,0
20180119,0
20180120,0
20180121,0
20180122,0
20180123,0
20180124,0
20180125,0
20180126,0
20180127,0
20180128,0
20180129,0
20180130,0
20180131,0
20180201,0
20180202,0
20180203,0
20180204,0
20180205,0
20180206,0
20180207,0
20180208,0
20180209,0
20180210,0.042801376
20180211,0.058375144
20180212,0.068439824
20180213,0.077127232
20180214,0.085849955
20180215,0.082601005
20180216,0.091782819
20180217,0.089204848
20180218,0.074725835
20180219,0.020708521
20180220,0
20180221,0
20180222,0
20180223,0.001578919
20180224,0
20180225,0
20180226,0
20180227,0
20180228,0.007412549
20180301,0.029802047
20180302,0.052159763
20180303,0.074584576
20180304,0.096303096
20180305,0.116326512
20180306,0.134336992
20180307,0.148568803
20180308,0.158704112
20180309,0.168380331
20180310,0.178409696
20180311,0.188439062
20180312,0.196490806
20180313,0.204083459
20180314,0.21135828
20180315,0.198680315
20180316,0.191334864
20180317,0.375394907
20180318,0.457678081
20180319,0.460150107
20180320,0.455912347
20180321,0.455559201
20180322,0.550202508
20180323,0.575629068
20180324,0.588342348
20180325,0.599996188
20180326,0.599643041
20180327,0.584457734
20180328,0.569978721
20180329,0.555499708
20180330,0.542080134
20180331,0.613768908
20180401,0.690754881
20180402,0.697464668
20180403,1.107114802
20180404,1.219062295
20180405,1.277331495
20180406,1.317237069
20180407,1.351845442
20180408,1.369149629
20180409,1.368090189
20180410,1.367737042
20180411,1.367030749
20180412,1.367383896
20180413,1.447548189
20180414,1.462027202
20180415,1.482509709
20180416,1.506876829
20180417,1.618824323
20180418,1.658376749
20180419,1.677446669
20180420,1.683097016
20180421,1.686981629
20180422,1.689100509
20180423,1.703226376
20180424,1.708523576
20180425,1.744191389
20180426,1.704638963
20180427,1.649901229
20180428,1.678859256
20180429,1.685922189
20180430,1.692278829
20180501,1.734303283
20180502,1.77173683
20180503,1.78127179
20180504,2.199044297
20180505,2.268967337
20180506,2.282740057
20180507,2.28026803
20180508,2.279914884
20180509,2.282033764
20180510,2.591743391
20180511,2.644715391
20180512,2.658488111
20180513,2.686033551
20180514,2.792330698
20180515,2.819522991
20180516,2.864372618
20180517,2.941005445
20180518,3.109809552
20180519,3.158190645
20180520,3.549124006
20180521,3.648005073
20180522,3.743354673
20180523,3.771606406
20180524,3.83164134
20180525,4.456710941
20180526,5.833982943
20180527,6.15534641
20180528,6.363702944
20180529,6.413143477
20180530,7.285415745
20180531,7.490240812
20180601,7.522024012
20180602,7.529086946
20180603,7.486709345
20180604,7.483177879
20180605,7.610310679
20180606,7.631499479
20180607,7.688002946
20180608,7.790415479
20180609,8.242443213
20180610,9.686813082
20180611,10.84160268
20180612,11.20181228
20180613,12.03170695
20180614,13.18649655
20180615,14.28831416
20180616,14.64499229
20180617,14.76859362
20180618,14.86041176
20180619,15.02285922
20180620,15.48548136
20180621,15.66558616
20180622,15.95869789
20180623,16.09995656
20180624,16.20590056
20180625,16.30831309
20180626,16.47782349
20180627,16.67205416
20180628,16.86628483
20180629,17.05698403
20180630,17.30771816
20180701,17.51254323
20180702,17.71030536
20180703,17.90453603
20180704,18.0987667
20180705,18.2788715
20180706,18.4589763
20180707,20.99456937
20180708,23.44187577
20180709,23.4701275
20180710,23.47719044
20180711,23.46306457
20180712,23.46306457
20180713,23.46306457
20180714,23.38184084
20180715,23.3747779
20180716,23.3747779
20180717,23.3747779
20180718,23.3747779
20180719,23.3747779
20180720,23.3747779
20180721,23.3747779
20180722,23.36771497
20180723,23.45247017
20180724,23.45247017
20180725,23.45247017
20180726,23.45247017
20180727,23.45247017
20180728,23.45247017
20180729,23.45247017
20180730,23.45247017
20180731,23.43481284
20180801,23.4277499
20180802,23.4171555
20180803,23.44187577
20180804,23.44187577
20180805,23.44187577
20180806,23.44540724
20180807,23.45247017
20180808,23.45247017
20180809,23.45247017
20180810,23.45247017
20180811,23.38184084
20180812,23.45247017
20180813,23.45600164
20180814,23.46306457
20180815,23.46306457
20180816,23.46306457
20180817,23.45600164
20180818,23.46306457
20180819,23.46306457
20180820,23.46306457
20180821,23.46306457
20180822,23.46306457
20180823,23.46306457
20180824,23.46306457
20180825,23.46306457
20180826,23.46306457
20180827,23.46659604
20180828,23.4701275
20180829,23.4701275
20180830,23.4701275
20180831,23.4701275
20180901,23.4701275
20180902,23.4701275
20180903,23.4701275
20180904,23.4701275
20180905,23.47719044
20180906,23.47719044
20180907,23.47719044
20180908,23.47719044
20180909,23.47719044
20180910,23.47719044
20180911,23.47719044
20180912,23.47719044
20180913,23.47719044
20180914,23.47719044
20180915,23.47719044
20180916,23.47719044
20180917,23.47719044
20180918,23.47719044
20180919,23.47719044
20180920,23.47719044
20180921,23.47719044
20180922,23.47719044
20180923,23.47719044
20180924,23.47719044
20180925,23.47719044
20180926,23.35005764
20180927,23.22292484
20180928,23.10285497
20180929,23.06047737
20180930,23.0357571
20181001,22.95806484
20181002,22.73558244
20181003,22.46012804
20181004,22.4954427
20181005,22.6437643
20181006,23.11344937
20181007,23.37830937
20181008,23.41362404
20181009,23.46306457
20181010,23.43481284
20181011,23.43128137
20181012,23.43128137
20181013,23.43481284
20181014,23.33593177
20181015,22.57313497
20181016,16.17058589
20181017,9.527897082
20181018,0
20181019,0
20181020,0
20181021,0
20181022,0
20181023,0
20181024,0
20181025,0
20181026,0
20181027,0
20181028,0
20181029,0
20181030,0
20181031,0
20181101,0
20181102,0
20181103,0
20181104,0
20181105,0
20181106,0
20181107,0
20181108,0
20181109,0
20181110,0
20181111,0
20181112,0
20181113,0
20181114,0
20181115,0
20181116,0
20181117,0
20181118,0
20181119,0
20181120,0
20181121,0
20181122,0
20181123,0
20181124,0
20181125,0
20181126,0.018730899
20181127,0
20181128,0.015499607
20181129,0.033178129
20181130,0.047286339
20181201,0.058692976
20181202,0
20181203,0
20181204,0
20181205,0
20181206,0
20181207,0
20181208,0
20181209,0.02109345
20181210,0.038704875
20181211,0.053183888
20181212,0.064378637
20181213,0.072677584
20181214,0.077939469
20181215,0.079952405
20181216,0.079034224
20181217,0.074761149
20181218,0.067874789
20181219,0.058233885
20181220,0.045873752
20181221,0.030660194
20181222,0.012607336
20181223,0
20181224,0.069075488
20181225,0.135749579
20181226,0.200198846
20181227,0.026090476
20181228,0
20181229,0
20181230,0
20181231,0
20190101,0
20190102,0
20190103,0
20190104,0
20190105,0
20190106,0
20190107,0
20190108,0
20190109,0
20190110,0
20190111,0
20190112,0
20190113,0
20190114,0
20190115,0
20190116,0
20190117,0
20190118,0
20190119,0
20190120,0
20190121,0
20190122,0
20190123,0
20190124,0
20190125,0
20190126,0
20190127,0
20190128,0
20190129,0
20190130,0
20190131,0
20190201,0
20190202,0
20190203,0
20190204,0
20190205,0
20190206,0
20190207,0
20190208,0
20190209,0
20190210,0
20190211,0.082883523
20190212,0
20190213,0
20190214,0
20190215,0
20190216,0
20190217,0
20190218,0
20190219,0
20190220,0
20190221,0
20190222,0
20190223,0
20190224,0
20190225,0
20190226,0
20190227,0
20190228,0
20190301,0
20190302,0
20190303,0.024617854
20190304,0.048169205
20190305,0.07204192
20190306,0.095243656
20190307,0.11812756
20190308,0.140870206
20190309,0.16315376
20190310,0.185402
20190311,0.208356534
20190312,0.230286942
20190313,0.251405112
20190314,0.272770486
20190315,0.293818027
20190316,0.313770814
20190317,0.332664161
20190318,0.35127499
20190319,0.367978827
20190320,0.384929867
20190321,0.400468321
20190322,0.413887894
20190323,0.423776001
20190324,0.429426347
20190325,0.435429841
20190326,0.441786481
20190327,0.448496267
20190328,0.455559201
20190329,0.461562694
20190330,0.468272481
20190331,0.476394854
20190401,0.483104641
20190402,0.487695548
20190403,0.496524214
20190404,0.502174561
20190405,0.506765468
20190406,0.510296934
20190407,0.514181548
20190408,0.518066161
20190409,0.523010214
20190410,0.527954268
20190411,0.531485734
20190412,0.538901814
20190413,0.543845868
20190414,0.548789921
20190415,0.553027681
20190416,0.556912294
20190417,0.560796908
20190418,0.569272428
20190419,0.554440268
20190420,0.767034561
20190421,1.106408508
20190422,1.162558829
20190423,1.281922402
20190424,1.321474829
20190425,1.340897896
20190426,1.355730056
20190427,1.369855922
20190428,1.385041229
20190429,1.426359389
20190430,1.454611122
20190501,1.473681042
20190502,1.489219496
20190503,1.482862856
20190504,1.477212509
20190505,1.427771976
20190506,1.252611229
20190507,1.036485468
20190508,0.907586935
20190509,0.779041548
20190510,0.649083574
20190511,0.518772454
20190512,0.497583654
20190513,0.388108187
20190514,0.264436224
20190515,0.141117408
20190516,0.322211019
20190517,0.255430984
20190518,0.14839223
20190519,0.062542275
20190520,0.026835615
20190521,0
20190522,0
20190523,0
20190524,0.128863219
20190525,0.271004752
20190526,0.287072926
20190527,0.361622187
20190528,0.368331974
20190529,0.455912347
20190530,0.479220027
20190531,0.486636108
20190601,0.491933308
20190602,0.497230508
20190603,0.503940294
20190604,0.510296934
20190605,0.518772454
20190606,0.897345682
20190607,0.950317682
20190608,0.950670828
20190609,0.929128882
20190610,0.900524002
20190611,1.195401469
20190612,1.275565762
20190613,1.341251042
20190614,1.369149629
20190615,1.471915309
20190616,1.479331389
20190617,1.499813896
20190618,1.544663523
20190619,1.589866296
20190620,1.636481656
20190621,1.683803309
20190622,2.022470963
20190623,2.12982755
20190624,2.22517715
20190625,2.290156137
20190626,2.367495257
20190627,2.429295924
20190628,2.491096591
20190629,2.553250404
20190630,2.591390244
20190701,2.627058058
20190702,2.661666431
20190703,2.736533524
20190704,2.834355151
20190705,3.054718672
20190706,4.714508008
20190707,5.438458675
20190708,5.671535476
20190709,5.85870321
20190710,6.533213344
20190711,6.854576811
20190712,7.006429878
20190713,7.122968278
20190714,7.228912278
20190715,7.401954145
20190716,7.451394679
20190717,7.500835212
20190718,7.617373612
20190719,7.804541346
20190720,8.563806681
20190721,9.287757348
20190722,10.00817655
20190723,11.06761655
20190724,11.35013389
20190725,11.51258135
20190726,12.18002855
20190727,12.39544802
20190728,12.56495842
20190729,12.76272055
20190730,12.97814002
20190731,13.17237069
20190801,13.36660136
20190802,13.56083202
20190803,13.75859416
20190804,13.95635629
20190805,14.50020216
20190806,15.24887309
20190807,19.4760387
20190808,23.45247017
20190809,23.45247017
20190810,23.45247017
20190811,23.45247017
20190812,23.45247017
20190813,23.45247017
20190814,23.45247017
20190815,23.45247017
20190816,23.45247017
20190817,23.4065611
20190818,23.39243524
20190819,23.39243524
20190820,23.39243524
20190821,23.39243524
20190822,23.39243524
20190823,23.39243524
20190824,23.39243524
20190825,23.39243524
20190826,23.39243524
20190827,23.3429947
20190828,23.30768004
20190829,23.30768004
20190830,23.37830937
20190831,23.39243524
20190901,23.39243524
20190902,23.39243524
20190903,23.39243524
20190904,23.39243524
20190905,23.39243524
20190906,23.39243524
20190907,23.39243524
20190908,23.39243524
20190909,23.39243524
20190910,23.39243524
20190911,23.39243524
20190912,23.39243524
20190913,23.39243524
20190914,23.39243524
20190915,23.39243524
20190916,23.39243524
20190917,23.35712057
20190918,23.32533737
20190919,23.30768004
20190920,23.30768004
20190921,23.37830937
20190922,23.41009257
20190923,23.3747779
20190924,23.30768004
20190925,23.30768004
20190926,23.30768004
20190927,23.30768004
20190928,23.2158619
20190929,21.6161075
20190930,19.9421923
20191001,18.9886963
20191002,18.04226323
20191003,17.6749907
20191004,17.94338216
20191005,18.3848155
20191006,18.63201816
20191007,18.7344307
20191008,18.91806696
20191009,19.0734515
20191010,19.25002483
20191011,19.4760387
20191012,19.67380083
20191013,19.88215737
20191014,20.44366057
20191015,20.64848563
20191016,21.33712163
20191017,21.6902683
20191018,22.5907923
20191019,22.9827851
20191020,23.3112115
20191021,23.33593177
20191022,23.33593177
20191023,23.33593177
20191024,23.33593177
20191025,23.33593177
20191026,23.33593177
20191027,23.33593177
20191028,23.33593177
20191029,23.33593177
20191030,23.3006171
20191031,23.1946731
20191101,23.08166617
20191102,22.9721907
20191103,23.15582697
20191104,23.1205123
20191105,23.21233044
20191106,23.1946731
20191107,22.5272259
20191108,19.8256539
20191109,17.65027043
20191110,17.6538019
20191111,16.48135496
20191112,16.60142483
20191113,16.67911709
20191114,16.71090029
20191115,16.77446669
20191116,16.96869736
20191117,17.09583016
20191118,17.26887203
20191119,17.42778803
20191120,17.57610963
20191121,17.75268296
20191122,17.91159896
20191123,18.04932616
20191124,18.1835219
20191125,18.31418616
20191126,18.4377875
20191127,18.5861091
20191128,18.73796216
20191129,18.90040963
20191130,19.03813683
20191201,18.9463187
20191202,19.24649336
20191203,19.37715763
20191204,19.49369603
20191205,19.59964003
20191206,19.70205257
20191207,19.79740217
20191208,19.8892203
20191209,19.9739755
20191210,20.05519923
20191211,20.12936003
20191212,20.1858635
20191213,20.23530403
20191214,20.2812131
20191215,20.3235907
20191216,20.35890537
20191217,20.3871571
20191218,20.39068857
20191219,20.3977515
20191220,20.41187737
20191221,20.42247177
20191222,20.44719203
20191223,20.46838083
20191224,20.48956963
20191225,20.5036955
20191226,20.5142899
20191227,20.52135283
20191228,20.5142899
20191229,20.50016403
20191230,20.4613179
20191231,20.40481443
20200101,20.34831097
20200102,20.32005923
20200103,20.26355577
20200104,20.21411523
20200105,20.1858635
20200106,20.12936003
20200107,20.07638803
20200108,19.99869577
20200109,19.9104091
20200110,19.82212243
20200111,19.71264697
20200112,19.6031715
20200113,19.49369603
20200114,19.45838136
20200115,19.4336611
20200116,19.38775203
20200117,19.3171227
20200118,19.25002483
20200119,19.17233256
20200120,19.0946403
20200121,19.01694803
20200122,18.9357243
20200123,18.8509691
20200124,18.7662139
20200125,18.6814587
20200126,18.6708643
20200127,18.68499016
20200128,18.69558456
20200129,18.7450251
20200130,18.79446563
20200131,18.83684323
20200201,18.86509496
20200202,18.8615635
20200203,18.91100403
20200204,18.95338163
20200205,18.9886963
20200206,19.01694803
20200207,19.03460536
20200208,19.04873123
20200209,19.06638856
20200210,19.08051443
20200211,19.09110883
20200212,19.1052347
20200213,19.1158291
20200214,19.12289203
20200215,19.13348643
20200216,19.14408083
20200217,19.15114376
20200218,19.16173816
20200219,19.17233256
20200220,19.18292696
20200221,19.1899899
20200222,19.19705283
20200223,19.20411576
20200224,19.2111787
20200225,19.21471016
20200226,19.21824163
20200227,19.22530456
20200228,19.22883603
20200229,19.2429619
20200301,19.25708776
20200302,19.26061923
20200303,19.26768216
20200304,19.2747451
20200305,19.2853395
20200306,19.29240243
20200307,19.29946536
20200308,19.3065283
20200309,19.3171227
20200310,19.33124856
20200311,19.3383115
20200312,19.3383115
20200313,19.34184296
20200314,19.34537443
20200315,19.34184296
20200316,19.3383115
20200317,19.3489059
20200318,19.3489059
20200319,19.3489059
20200320,19.35596883
20200321,19.36656323
20200322,19.36656323
20200323,19.36656323
20200324,19.38775203
20200325,19.38775203
20200326,19.39481496
20200327,19.39481496
20200328,19.39481496
20200329,19.39481496
20200330,19.3912835
20200331,19.3912835
20200401,19.3912835
20200402,19.38775203
20200403,19.38422056
20200404,19.38422056
20200405,19.3806891
20200406,19.47957016
20200407,20.13995443
20200408,20.25649283
20200409,20.3659683
20200410,20.64848563
20200411,20.71205203
20200412,20.74030377
20200413,20.75442963
20200414,20.76502403
20200415,20.77561843
20200416,20.79327577
20200417,20.8109331
20200418,20.8215275
20200419,20.8850939
20200420,20.93453443
20200421,20.95219177
20200422,20.9698491
20200423,21.0016323
20200424,21.03694697
20200425,21.0546043
20200426,21.07226163
20200427,21.19586297
20200428,21.2347091
20200429,21.2982755
20200430,21.33359017
20200501,21.36537337
20200502,21.39715657
20200503,21.49603763
20200504,21.5419467
20200505,21.57726137
20200506,21.6161075
20200507,21.69733124
20200508,21.86684164
20200509,21.91981364
20200510,21.9763171
20200511,22.02222617
20200512,22.0610723
20200513,22.1034499
20200514,22.1458275
20200515,22.19173657
20200516,22.23764564
20200517,22.28002324
20200518,23.21939337
20200519,23.42068697
20200520,23.51956804
20200521,23.51956804
20200522,23.51956804
20200523,23.51956804
20200524,23.51956804
20200525,23.51956804
20200526,23.51956804
20200527,23.51956804
20200528,23.51956804
20200529,23.51956804
20200530,23.51956804
20200531,23.51956804
20200601,23.51956804
20200602,23.51956804
20200603,23.51956804
20200604,23.51956804
20200605,23.51956804
20200606,23.51956804
20200607,23.51956804
20200608,23.51956804
20200609,23.51956804
20200610,23.51956804
20200611,23.51956804
20200612,23.51956804
20200613,23.51956804
20200614,23.51956804
20200615,23.51956804
20200616,23.51956804
20200617,23.51956804
20200618,23.51956804
20200619,23.51956804
20200620,23.51956804
20200621,23.51956804
20200622,23.51956804
20200623,23.51956804
20200624,23.51956804
20200625,23.51956804
20200626,23.51956804
20200627,23.51956804
20200628,23.51956804
20200629,23.51956804
20200630,23.51956804
20200701,23.51956804
20200702,23.51956804
20200703,23.51956804
20200704,23.51956804
20200705,23.51956804
20200706,23.51956804
20200707,23.51956804
20200708,23.51956804
20200709,23.51956804
20200710,23.51956804
20200711,23.51956804
20200712,23.51956804
20200713,23.51956804
20200714,23.51956804
20200715,23.51956804
20200716,23.51956804
20200717,23.51956804
20200718,23.51956804
20200719,23.51956804
20200720,23.51956804
20200721,23.51956804
20200722,23.51956804
20200723,23.51956804
20200724,23.51956804
20200725,23.51956804
20200726,23.51956804
20200727,23.51956804
20200728,23.51956804
20200729,23.51956804
20200730,23.51956804
20200731,23.51956804
20200801,23.51956804
20200802,23.51956804
20200803,23.51956804
20200804,23.51956804
20200805,23.51956804
20200806,23.51956804
20200807,23.51956804
20200808,23.51956804
20200809,23.51956804
20200810,23.51956804
20200811,23.51956804
20200812,23.51956804
20200813,23.51956804
20200814,23.51956804
20200815,23.51956804
20200816,23.51956804
20200817,23.51956804
20200818,23.51956804
20200819,23.51956804
20200820,23.51956804
20200821,23.51956804
20200822,23.51956804
20200823,23.51956804
20200824,23.51956804
20200825,23.51956804
20200826,23.51956804
20200827,23.51956804
20200828,23.51956804
20200829,23.51956804
20200830,23.51956804
20200831,23.51956804
20200901,23.51956804
20200902,23.51956804
20200903,23.51956804
20200904,23.51956804
20200905,23.51956804
20200906,23.51956804
20200907,23.51956804
20200908,23.51956804
20200909,23.51956804
20200910,23.51956804
20200911,23.51956804
20200912,23.51956804
20200913,23.51956804
20200914,23.51956804
20200915,23.51956804
20200916,23.51956804
20200917,23.51956804
20200918,23.51956804
20200919,23.51956804
20200920,23.51956804
20200921,23.51956804
20200922,23.51956804
20200923,23.51956804
20200924,23.51956804
20200925,23.51956804
20200926,23.51956804
20200927,23.51956804
20200928,23.51956804
20200929,23.51956804
20200930,23.51956804
20201001,23.51956804
20201002,23.51956804
20201003,23.51956804
20201004,23.51956804
20201005,23.51956804
20201006,23.51956804
20201007,23.51956804
20201008,23.51956804
20201009,23.51956804
20201010,23.51956804
20201011,23.51956804
20201012,23.51956804
20201013,23.51956804
20201014,23.51956804
20201015,23.51956804
20201016,23.51956804
20201017,23.51956804
20201018,23.51956804
20201019,23.51956804
20201020,23.51956804
20201021,23.51956804
20201022,23.51956804
20201023,23.51956804
20201024,23.51956804
20201025,23.51956804
20201026,23.51956804
20201027,23.51956804
20201028,23.51956804
20201029,23.51956804
20201030,23.51956804
20201031,23.51956804
20201101,23.51956804
20201102,23.51956804
20201103,23.51956804
20201104,23.51956804
20201105,23.51956804
20201106,23.51956804
20201107,23.51956804
20201108,23.51956804
20201109,23.51956804
20201110,23.51956804
20201111,23.51956804
20201112,23.51956804
20201113,23.51956804
20201114,23.51956804
20201115,23.51956804
20201116,23.51956804
20201117,23.51956804
20201118,23.51956804
20201119,23.51956804
20201120,23.51956804
20201121,23.51956804
20201122,23.51956804
20201123,23.51956804
20201124,23.51956804
20201125,23.51956804
20201126,23.51956804
20201127,23.51956804
20201128,23.51956804
20201129,23.51956804
20201130,23.51956804
20201201,23.51956804
20201202,23.51956804
20201203,23.51956804
20201204,23.51956804
20201205,23.51956804
20201206,23.51956804
20201207,23.51956804
20201208,23.51956804
20201209,23.51956804
20201210,23.51956804
20201211,23.51956804
20201212,23.51956804
20201213,23.51956804
20201214,23.51956804
20201215,23.51956804
20201216,23.51956804
20201217,23.51956804
20201218,23.51956804
20201219,23.51956804
20201220,23.51956804
20201221,23.51956804
20201222,23.51956804
20201223,23.51956804
20201224,23.51956804
20201225,23.51956804
20201226,23.51956804
20201227,23.51956804
20201228,23.51956804
20201229,23.51956804
20201230,23.51956804
20201231,23.51956804
